{
  "iteration": 413,
  "label": "pre_pick",
  "planning_time_ms": 66.82677,
  "scene": {
    "block_x": 0.12000502,
    "block_y": 0.51593138,
    "bin_x": 0.44119456,
    "bin_y": 0.26354284
  },
  "joint_names": ["shoulder_pan_joint", "shoulder_lift_joint", "elbow_joint", "wrist_1_joint", "wrist_2_joint", "wrist_3_joint"],
  "start_joints": [-0.45138769, -1.7008758, -0.9206008, 0.86881871, -2.2499371e-05, -0.00046192928],
  "goal_joints": [4.7345701, -2.90369, 0.16135928, -1.9703329, -4.7123854, 0.021757572],
  "num_waypoints": 90,
  "trajectory": [
    [-0.45138769, -1.7008758, -0.9206008, 0.86881871, -2.2499371e-05, -0.00046192928],
    [-0.44638769, -1.7020354, -0.91955764, 0.86608137, -0.0045658866, -0.00044050652],
    [-0.43138769, -1.7055145, -0.91642815, 0.85786933, -0.018196048, -0.00037623825],
    [-0.40638769, -1.7113129, -0.91121234, 0.8441826, -0.040912985, -0.00026912448],
    [-0.37138769, -1.7194307, -0.90391019, 0.82502119, -0.072716695, -0.00011916519],
    [-0.32638769, -1.7298679, -0.89452172, 0.80038508, -0.11360718, 7.3639604e-05],
    [-0.27138769, -1.7426244, -0.88304693, 0.77027428, -0.16358444, 0.00030928991],
    [-0.20895692, -1.7571044, -0.87002183, 0.73609536, -0.22031388, 0.00057677775],
    [-0.14612506, -1.7716774, -0.85691306, 0.70169686, -0.27740777, 0.00084598403],
    [-0.083293211, -1.7862504, -0.84380428, 0.66729836, -0.33450165, 0.0011151903],
    [-0.020461358, -1.8008234, -0.8306955, 0.63289986, -0.39159554, 0.0013843966],
    [0.042370495, -1.8153964, -0.81758673, 0.59850136, -0.44868943, 0.0016536029],
    [0.10520235, -1.8299695, -0.80447795, 0.56410287, -0.50578332, 0.0019228092],
    [0.1680342, -1.8445425, -0.79136918, 0.52970437, -0.5628772, 0.0021920154],
    [0.23086605, -1.8591155, -0.7782604, 0.49530587, -0.61997109, 0.0024612217],
    [0.29369791, -1.8736885, -0.76515163, 0.46090737, -0.67706498, 0.002730428],
    [0.35652976, -1.8882615, -0.75204285, 0.42650887, -0.73415887, 0.0029996343],
    [0.41936161, -1.9028345, -0.73893408, 0.39211038, -0.79125276, 0.0032688406],
    [0.48219347, -1.9174076, -0.7258253, 0.35771188, -0.84834664, 0.0035380468],
    [0.54502532, -1.9319806, -0.71271653, 0.32331338, -0.90544053, 0.0038072531],
    [0.60785717, -1.9465536, -0.69960775, 0.28891488, -0.96253442, 0.0040764594],
    [0.67068903, -1.9611266, -0.68649897, 0.25451639, -1.0196283, 0.0043456657],
    [0.73352088, -1.9756996, -0.6733902, 0.22011789, -1.0767222, 0.004614872],
    [0.79635273, -1.9902726, -0.66028142, 0.18571939, -1.1338161, 0.0048840782],
    [0.85918459, -2.0048456, -0.64717265, 0.15132089, -1.19091, 0.0051532845],
    [0.92201644, -2.0194187, -0.63406387, 0.11692239, -1.2480039, 0.0054224908],
    [0.98484829, -2.0339917, -0.6209551, 0.082523896, -1.3050977, 0.0056916971],
    [1.0476801, -2.0485647, -0.60784632, 0.048125398, -1.3621916, 0.0059609034],
    [1.110512, -2.0631377, -0.59473755, 0.0137269, -1.4192855, 0.0062301097],
    [1.1733439, -2.0777107, -0.58162877, -0.020671598, -1.4763794, 0.0064993159],
    [1.2361757, -2.0922837, -0.56852, -0.055070095, -1.5334733, 0.0067685222],
    [1.2990076, -2.1068568, -0.55541122, -0.089468593, -1.5905672, 0.0070377285],
    [1.3618394, -2.1214298, -0.54230244, -0.12386709, -1.6476611, 0.0073069348],
    [1.4246713, -2.1360028, -0.52919367, -0.15826559, -1.704755, 0.0075761411],
    [1.4875031, -2.1505758, -0.51608489, -0.19266409, -1.7618488, 0.0078453473],
    [1.550335, -2.1651488, -0.50297612, -0.22706258, -1.8189427, 0.0081145536],
    [1.6131668, -2.1797218, -0.48986734, -0.26146108, -1.8760366, 0.0083837599],
    [1.6759987, -2.1942949, -0.47675857, -0.29585958, -1.9331305, 0.0086529662],
    [1.7388305, -2.2088679, -0.46364979, -0.33025808, -1.9902244, 0.0089221725],
    [1.8016624, -2.2234409, -0.45054102, -0.36465658, -2.0473183, 0.0091913787],
    [1.8644942, -2.2380139, -0.43743224, -0.39905507, -2.1044122, 0.009460585],
    [1.9273261, -2.2525869, -0.42432347, -0.43345357, -2.1615061, 0.0097297913],
    [1.9901579, -2.2671599, -0.41121469, -0.46785207, -2.2186, 0.0099989976],
    [2.0529898, -2.281733, -0.39810591, -0.50225057, -2.2756938, 0.010268204],
    [2.1158216, -2.296306, -0.38499714, -0.53664907, -2.3327877, 0.01053741],
    [2.1786535, -2.310879, -0.37188836, -0.57104756, -2.3898816, 0.010806616],
    [2.2414854, -2.325452, -0.35877959, -0.60544606, -2.4469755, 0.011075823],
    [2.3043172, -2.340025, -0.34567081, -0.63984456, -2.5040694, 0.011345029],
    [2.3671491, -2.354598, -0.33256204, -0.67424306, -2.5611633, 0.011614235],
    [2.4299809, -2.3691711, -0.31945326, -0.70864156, -2.6182572, 0.011883442],
    [2.4928128, -2.3837441, -0.30634449, -0.74304005, -2.6753511, 0.012152648],
    [2.5556446, -2.3983171, -0.29323571, -0.77743855, -2.7324449, 0.012421854],
    [2.6184765, -2.4128901, -0.28012694, -0.81183705, -2.7895388, 0.01269106],
    [2.6813083, -2.4274631, -0.26701816, -0.84623555, -2.8466327, 0.012960267],
    [2.7441402, -2.4420361, -0.25390938, -0.88063404, -2.9037266, 0.013229473],
    [2.806972, -2.4566092, -0.24080061, -0.91503254, -2.9608205, 0.013498679],
    [2.8698039, -2.4711822, -0.22769183, -0.94943104, -3.0179144, 0.013767886],
    [2.9326357, -2.4857552, -0.21458306, -0.98382954, -3.0750083, 0.014037092],
    [2.9954676, -2.5003282, -0.20147428, -1.018228, -3.1321022, 0.014306298],
    [3.0582994, -2.5149012, -0.18836551, -1.0526265, -3.189196, 0.014575504],
    [3.1211313, -2.5294742, -0.17525673, -1.087025, -3.2462899, 0.014844711],
    [3.1839631, -2.5440473, -0.16214796, -1.1214235, -3.3033838, 0.015113917],
    [3.246795, -2.5586203, -0.14903918, -1.155822, -3.3604777, 0.015383123],
    [3.3096269, -2.5731933, -0.13593041, -1.1902205, -3.4175716, 0.015652329],
    [3.3724587, -2.5877663, -0.12282163, -1.224619, -3.4746655, 0.015921536],
    [3.4352906, -2.6023393, -0.10971285, -1.2590175, -3.5317594, 0.016190742],
    [3.4981224, -2.6169123, -0.096604079, -1.293416, -3.5888533, 0.016459948],
    [3.5609543, -2.6314854, -0.083495304, -1.3278145, -3.6459472, 0.016729155],
    [3.6237861, -2.6460584, -0.070386528, -1.362213, -3.703041, 0.016998361],
    [3.686618, -2.6606314, -0.057277753, -1.3966115, -3.7601349, 0.017267567],
    [3.7494498, -2.6752044, -0.044168977, -1.43101, -3.8172288, 0.017536773],
    [3.8122817, -2.6897774, -0.031060202, -1.4654085, -3.8743227, 0.01780598],
    [3.8751135, -2.7043504, -0.017951427, -1.499807, -3.9314166, 0.018075186],
    [3.9379454, -2.7189235, -0.0048426511, -1.5342055, -3.9885105, 0.018344392],
    [4.0007772, -2.7334965, 0.0082661244, -1.568604, -4.0456044, 0.018613599],
    [4.0636091, -2.7480695, 0.0213749, -1.6030025, -4.1026983, 0.018882805],
    [4.1264409, -2.7626425, 0.034483675, -1.637401, -4.1597921, 0.019152011],
    [4.1892728, -2.7772155, 0.047592451, -1.6717995, -4.216886, 0.019421217],
    [4.2521047, -2.7917885, 0.060701226, -1.706198, -4.2739799, 0.019690424],
    [4.3149365, -2.8063616, 0.073810002, -1.7405965, -4.3310738, 0.01995963],
    [4.3777684, -2.8209346, 0.086918777, -1.774995, -4.3881677, 0.020228836],
    [4.4406002, -2.8355076, 0.10002755, -1.8093935, -4.4452616, 0.020498043],
    [4.5034321, -2.8500806, 0.11313633, -1.843792, -4.5023555, 0.020767249],
    [4.5651925, -2.8644051, 0.12602156, -1.8776039, -4.5584757, 0.021031864],
    [4.6183952, -2.8767448, 0.13712138, -1.9067307, -4.6068198, 0.021259814],
    [4.6615978, -2.8867651, 0.14613487, -1.9303829, -4.6460772, 0.021444918],
    [4.6948005, -2.894466, 0.15306204, -1.9485603, -4.6762477, 0.021587177],
    [4.7180032, -2.8998475, 0.15790288, -1.9612631, -4.6973315, 0.02168659],
    [4.7312059, -2.9029097, 0.16065739, -1.9684911, -4.7093284, 0.021743158],
    [4.7345701, -2.90369, 0.16135928, -1.9703329, -4.7123854, 0.021757572]
  ]
}
