{
  "iteration": 195,
  "label": "pre_pick",
  "planning_time_ms": 373.84834,
  "scene": {
    "block_x": 0.21882624,
    "block_y": 0.40424337,
    "bin_x": 0.34704116,
    "bin_y": 0.36041415
  },
  "joint_names": ["shoulder_pan_joint", "shoulder_lift_joint", "elbow_joint", "wrist_1_joint", "wrist_2_joint", "wrist_3_joint"],
  "start_joints": [-0.45138934, -1.7008641, -0.92006811, 0.86793157, -7.9860835e-05, -3.7025099e-05],
  "goal_joints": [4.5063675, -3.2919034, 1.1286212, 3.7330516, -4.7120969, -0.20697288],
  "num_waypoints": 87,
  "trajectory": [
    [-0.45138934, -1.7008641, -0.92006811, 0.86793157, -7.9860835e-05, -3.7025099e-05],
    [-0.44638934, -1.7024687, -0.91800196, 0.8708211, -0.0048320273, -0.00024572418],
    [-0.43138934, -1.7072825, -0.91180353, 0.8794897, -0.019088527, -0.00087182142],
    [-0.40638934, -1.7153055, -0.9014728, 0.89393736, -0.042849359, -0.0019153168],
    [-0.37138934, -1.7265377, -0.88700978, 0.91416409, -0.076114524, -0.0033762104],
    [-0.32638934, -1.740979, -0.86841448, 0.94016989, -0.11888402, -0.0052545021],
    [-0.27138934, -1.7586296, -0.84568688, 0.97195475, -0.17115785, -0.007550192],
    [-0.20895857, -1.7786648, -0.81988866, 1.0080339, -0.23049414, -0.010156041],
    [-0.14612671, -1.7988288, -0.79392472, 1.0443448, -0.29021162, -0.012778631],
    [-0.083294861, -1.8189927, -0.76796077, 1.0806558, -0.34992911, -0.015401221],
    [-0.020463008, -1.8391566, -0.74199682, 1.1169667, -0.40964659, -0.018023811],
    [0.042368845, -1.8593206, -0.71603287, 1.1532777, -0.46936408, -0.020646401],
    [0.1052007, -1.8794845, -0.69006892, 1.1895886, -0.52908156, -0.023268991],
    [0.16803255, -1.8996485, -0.66410497, 1.2258995, -0.58879905, -0.025891581],
    [0.2308644, -1.9198124, -0.63814102, 1.2622105, -0.64851653, -0.028514171],
    [0.29369626, -1.9399764, -0.61217708, 1.2985214, -0.70823401, -0.031136761],
    [0.35652811, -1.9601403, -0.58621313, 1.3348323, -0.7679515, -0.033759351],
    [0.41935996, -1.9803043, -0.56024918, 1.3711433, -0.82766898, -0.036381941],
    [0.48219182, -2.0004682, -0.53428523, 1.4074542, -0.88738647, -0.039004531],
    [0.54502367, -2.0206322, -0.50832128, 1.4437652, -0.94710395, -0.041627121],
    [0.60785552, -2.0407961, -0.48235733, 1.4800761, -1.0068214, -0.044249711],
    [0.67068738, -2.0609601, -0.45639338, 1.516387, -1.0665389, -0.046872301],
    [0.73351923, -2.081124, -0.43042944, 1.552698, -1.1262564, -0.049494891],
    [0.79635108, -2.101288, -0.40446549, 1.5890089, -1.1859739, -0.052117481],
    [0.85918294, -2.1214519, -0.37850154, 1.6253198, -1.2456914, -0.054740071],
    [0.92201479, -2.1416158, -0.35253759, 1.6616308, -1.3054089, -0.057362661],
    [0.98484664, -2.1617798, -0.32657364, 1.6979417, -1.3651263, -0.059985251],
    [1.0476785, -2.1819437, -0.30060969, 1.7342527, -1.4248438, -0.062607841],
    [1.1105103, -2.2021077, -0.27464574, 1.7705636, -1.4845613, -0.065230431],
    [1.1733422, -2.2222716, -0.2486818, 1.8068745, -1.5442788, -0.067853021],
    [1.2361741, -2.2424356, -0.22271785, 1.8431855, -1.6039963, -0.070475611],
    [1.2990059, -2.2625995, -0.1967539, 1.8794964, -1.6637138, -0.073098201],
    [1.3618378, -2.2827635, -0.17078995, 1.9158074, -1.7234313, -0.075720791],
    [1.4246696, -2.3029274, -0.144826, 1.9521183, -1.7831487, -0.078343381],
    [1.4875015, -2.3230914, -0.11886205, 1.9884292, -1.8428662, -0.080965971],
    [1.5503333, -2.3432553, -0.092898104, 2.0247402, -1.9025837, -0.083588561],
    [1.6131652, -2.3634193, -0.066934155, 2.0610511, -1.9623012, -0.086211151],
    [1.675997, -2.3835832, -0.040970207, 2.097362, -2.0220187, -0.088833741],
    [1.7388289, -2.4037472, -0.015006258, 2.133673, -2.0817362, -0.091456331],
    [1.8016607, -2.4239111, 0.01095769, 2.1699839, -2.1414536, -0.094078921],
    [1.8644926, -2.444075, 0.036921639, 2.2062949, -2.2011711, -0.096701511],
    [1.9273244, -2.464239, 0.062885588, 2.2426058, -2.2608886, -0.099324101],
    [1.9901563, -2.4844029, 0.088849536, 2.2789167, -2.3206061, -0.10194669],
    [2.0529881, -2.5045669, 0.11481348, 2.3152277, -2.3803236, -0.10456928],
    [2.11582, -2.5247308, 0.14077743, 2.3515386, -2.4400411, -0.10719187],
    [2.1786518, -2.5448948, 0.16674138, 2.3878496, -2.4997585, -0.10981446],
    [2.2414837, -2.5650587, 0.19270533, 2.4241605, -2.559476, -0.11243705],
    [2.3043156, -2.5852227, 0.21866928, 2.4604714, -2.6191935, -0.11505964],
    [2.3671474, -2.6053866, 0.24463323, 2.4967824, -2.678911, -0.11768223],
    [2.4299793, -2.6255506, 0.27059718, 2.5330933, -2.7386285, -0.12030482],
    [2.4928111, -2.6457145, 0.29656112, 2.5694042, -2.798346, -0.12292741],
    [2.555643, -2.6658785, 0.32252507, 2.6057152, -2.8580635, -0.12555],
    [2.6184748, -2.6860424, 0.34848902, 2.6420261, -2.9177809, -0.12817259],
    [2.6813067, -2.7062064, 0.37445297, 2.6783371, -2.9774984, -0.13079518],
    [2.7441385, -2.7263703, 0.40041692, 2.714648, -3.0372159, -0.13341777],
    [2.8069704, -2.7465342, 0.42638087, 2.7509589, -3.0969334, -0.13604036],
    [2.8698022, -2.7666982, 0.45234482, 2.7872699, -3.1566509, -0.13866295],
    [2.9326341, -2.7868621, 0.47830876, 2.8235808, -3.2163684, -0.14128554],
    [2.9954659, -2.8070261, 0.50427271, 2.8598918, -3.2760858, -0.14390813],
    [3.0582978, -2.82719, 0.53023666, 2.8962027, -3.3358033, -0.14653072],
    [3.1211296, -2.847354, 0.55620061, 2.9325136, -3.3955208, -0.14915331],
    [3.1839615, -2.8675179, 0.58216456, 2.9688246, -3.4552383, -0.1517759],
    [3.2467934, -2.8876819, 0.60812851, 3.0051355, -3.5149558, -0.15439849],
    [3.3096252, -2.9078458, 0.63409246, 3.0414464, -3.5746733, -0.15702108],
    [3.3724571, -2.9280098, 0.6600564, 3.0777574, -3.6343908, -0.15964367],
    [3.4352889, -2.9481737, 0.68602035, 3.1140683, -3.6941082, -0.16226626],
    [3.4981208, -2.9683377, 0.7119843, 3.1503793, -3.7538257, -0.16488885],
    [3.5609526, -2.9885016, 0.73794825, 3.1866902, -3.8135432, -0.16751144],
    [3.6237845, -3.0086656, 0.7639122, 3.2230011, -3.8732607, -0.17013403],
    [3.6866163, -3.0288295, 0.78987615, 3.2593121, -3.9329782, -0.17275662],
    [3.7494482, -3.0489934, 0.8158401, 3.295623, -3.9926957, -0.17537921],
    [3.81228, -3.0691574, 0.84180404, 3.3319339, -4.0524131, -0.1780018],
    [3.8751119, -3.0893213, 0.86776799, 3.3682449, -4.1121306, -0.18062439],
    [3.9379437, -3.1094853, 0.89373194, 3.4045558, -4.1718481, -0.18324698],
    [4.0007756, -3.1296492, 0.91969589, 3.4408668, -4.2315656, -0.18586957],
    [4.0636074, -3.1498132, 0.94565984, 3.4771777, -4.2912831, -0.18849216],
    [4.1264393, -3.1699771, 0.97162379, 3.5134886, -4.3510006, -0.19111475],
    [4.1892711, -3.1901411, 0.99758774, 3.5497996, -4.4107181, -0.19373734],
    [4.252103, -3.210305, 1.0235517, 3.5861105, -4.4704355, -0.19635993],
    [4.3148899, -3.2304545, 1.049497, 3.6223955, -4.5301103, -0.19898064],
    [4.3717732, -3.2487095, 1.0730029, 3.6552687, -4.5841741, -0.20135494],
    [4.4186566, -3.2637553, 1.0923765, 3.6823629, -4.6287336, -0.20331185],
    [4.45554, -3.2755919, 1.1076178, 3.7036781, -4.6637888, -0.20485135],
    [4.4824234, -3.2842192, 1.1187268, 3.7192142, -4.6893397, -0.20597346],
    [4.4993067, -3.2896374, 1.1257035, 3.7289712, -4.7053862, -0.20667817],
    [4.5061901, -3.2918464, 1.1285479, 3.7329491, -4.7119284, -0.20696548],
    [4.5063675, -3.2919034, 1.1286212, 3.7330516, -4.7120969, -0.20697288]
  ]
}
