{
  "iteration": 519,
  "label": "pre_pick",
  "planning_time_ms": 137.12796,
  "scene": {
    "block_x": 0.16304229,
    "block_y": 0.37867612,
    "bin_x": 0.44866618,
    "bin_y": 0.34711916
  },
  "joint_names": ["shoulder_pan_joint", "shoulder_lift_joint", "elbow_joint", "wrist_1_joint", "wrist_2_joint", "wrist_3_joint"],
  "start_joints": [-0.45131156, -1.7007613, -0.92068807, 0.86884727, -8.9906131e-05, -0.00038879079],
  "goal_joints": [0.84446221, 0.2497739, -1.4727849, -0.34773742, 4.7132438, -0.72718297],
  "num_waypoints": 52,
  "trajectory": [
    [-0.45131156, -1.7007613, -0.92068807, 0.86884727, -8.9906131e-05, -0.00038879079],
    [-0.44993698, -1.6986922, -0.92127375, 0.86755669, 0.0049100939, -0.0011597888],
    [-0.44581323, -1.6924847, -0.92303077, 0.86368496, 0.019910094, -0.0034727828],
    [-0.43894031, -1.6821388, -0.92595915, 0.85723207, 0.044910094, -0.0073277728],
    [-0.42931823, -1.6676547, -0.93005888, 0.84819802, 0.079910094, -0.012724759],
    [-0.41694698, -1.6490322, -0.93532996, 0.83658283, 0.12491009, -0.019663741],
    [-0.40182657, -1.6262713, -0.94177239, 0.82238647, 0.17991009, -0.028144719],
    [-0.38395699, -1.5993721, -0.94938617, 0.80560896, 0.24491009, -0.038167693],
    [-0.36333825, -1.5683346, -0.9581713, 0.7862503, 0.31991009, -0.049732662],
    [-0.33997034, -1.5331588, -0.96812778, 0.76431048, 0.40491007, -0.062839626],
    [-0.31385326, -1.4938446, -0.97925561, 0.73978951, 0.49991006, -0.077488585],
    [-0.28498702, -1.4503921, -0.9915548, 0.71268738, 0.60491003, -0.09367954],
    [-0.25337162, -1.4028013, -1.0050253, 0.6830041, 0.71991001, -0.11141249],
    [-0.21926555, -1.3514612, -1.0195571, 0.65098237, 0.8439697, -0.13054244],
    [-0.18471851, -1.2994574, -1.0342767, 0.61854661, 0.9696334, -0.14991974],
    [-0.15017147, -1.2474535, -1.0489963, 0.58611085, 1.0952971, -0.16929703],
    [-0.11562442, -1.1954497, -1.063716, 0.5536751, 1.2209608, -0.18867432],
    [-0.081077383, -1.1434458, -1.0784356, 0.52123934, 1.3466245, -0.20805162],
    [-0.046530342, -1.091442, -1.0931552, 0.48880359, 1.4722882, -0.22742891],
    [-0.011983301, -1.0394381, -1.1078749, 0.45636783, 1.5979519, -0.2468062],
    [0.022563741, -0.98743429, -1.1225945, 0.42393208, 1.7236156, -0.2661835],
    [0.057110782, -0.93543045, -1.1373141, 0.39149632, 1.8492793, -0.28556079],
    [0.091657824, -0.8834266, -1.1520337, 0.35906056, 1.9749431, -0.30493809],
    [0.12620486, -0.83142275, -1.1667534, 0.32662481, 2.1006068, -0.32431538],
    [0.16075191, -0.7794189, -1.181473, 0.29418905, 2.2262705, -0.34369267],
    [0.19529895, -0.72741505, -1.1961926, 0.2617533, 2.3519342, -0.36306997],
    [0.22984599, -0.67541121, -1.2109123, 0.22931754, 2.4775979, -0.38244726],
    [0.26439303, -0.62340736, -1.2256319, 0.19688179, 2.6032616, -0.40182455],
    [0.29894007, -0.57140351, -1.2403515, 0.16444603, 2.7289253, -0.42120185],
    [0.33348711, -0.51939966, -1.2550712, 0.13201028, 2.854589, -0.44057914],
    [0.36803415, -0.46739582, -1.2697908, 0.099574519, 2.9802527, -0.45995643],
    [0.4025812, -0.41539197, -1.2845104, 0.067138764, 3.1059164, -0.47933373],
    [0.43712824, -0.36338812, -1.29923, 0.034703008, 3.2315801, -0.49871102],
    [0.47167528, -0.31138427, -1.3139497, 0.0022672523, 3.3572438, -0.51808831],
    [0.50622232, -0.25938043, -1.3286693, -0.030168503, 3.4829075, -0.53746561],
    [0.54076936, -0.20737658, -1.3433889, -0.062604259, 3.6085712, -0.5568429],
    [0.5753164, -0.15537273, -1.3581086, -0.095040015, 3.7342349, -0.57622019],
    [0.60986344, -0.10336888, -1.3728282, -0.12747577, 3.8598986, -0.59559749],
    [0.6440771, -0.051866886, -1.3874058, -0.15959851, 3.9843497, -0.61478778],
    [0.67589565, -0.0039702546, -1.4009629, -0.18947252, 4.1000886, -0.63263468],
    [0.70496503, 0.039788042, -1.4133486, -0.21676538, 4.2058275, -0.64893957],
    [0.73128524, 0.079408004, -1.424563, -0.24147708, 4.3015664, -0.66370247],
    [0.75485629, 0.11488963, -1.434606, -0.26360762, 4.3873053, -0.67692338],
    [0.77567818, 0.14623292, -1.4434777, -0.28315701, 4.4630442, -0.68860229],
    [0.79375089, 0.17343788, -1.451178, -0.30012524, 4.5287831, -0.6987392],
    [0.80907444, 0.19650451, -1.457707, -0.31451232, 4.584522, -0.70733412],
    [0.82164883, 0.21543279, -1.4630647, -0.32631824, 4.6302609, -0.71438704],
    [0.83147405, 0.23022275, -1.4672509, -0.335543, 4.6659998, -0.71989796],
    [0.8385501, 0.24087437, -1.4702659, -0.34218661, 4.6917387, -0.72386689],
    [0.84287698, 0.24738765, -1.4721094, -0.34624907, 4.7074776, -0.72629382],
    [0.8444547, 0.2497626, -1.4727817, -0.34773037, 4.7132165, -0.72717876],
    [0.84446221, 0.2497739, -1.4727849, -0.34773742, 4.7132438, -0.72718297]
  ]
}
