{
  "iteration": 769,
  "label": "pre_pick",
  "planning_time_ms": 39.406006,
  "scene": {
    "block_x": 0.24564058,
    "block_y": 0.44491692,
    "bin_x": 0.20466832,
    "bin_y": 0.31598551
  },
  "joint_names": ["shoulder_pan_joint", "shoulder_lift_joint", "elbow_joint", "wrist_1_joint", "wrist_2_joint", "wrist_3_joint"],
  "start_joints": [-0.45140658, -1.7008308, -0.92024252, 0.86823522, 4.9399905e-05, -0.00011332025],
  "goal_joints": [0.80951503, -0.63371503, 0.65212477, -1.5893463, 4.712195, -0.7604939],
  "num_waypoints": 52,
  "trajectory": [
    [-0.45140658, -1.7008308, -0.92024252, 0.86823522, 4.9399905e-05, -0.00011332025],
    [-0.45006863, -1.6996985, -0.9185741, 0.86562751, 0.0050493999, -0.00092015076],
    [-0.44605478, -1.6963016, -0.91356884, 0.85780438, 0.0200494, -0.0033406423],
    [-0.43936504, -1.69064, -0.90522675, 0.84476584, 0.0450494, -0.0073747949],
    [-0.4299994, -1.6827139, -0.89354781, 0.82651187, 0.0800494, -0.013022608],
    [-0.41795786, -1.6725232, -0.87853203, 0.80304248, 0.1250494, -0.020284083],
    [-0.40324043, -1.6600679, -0.86017941, 0.77435767, 0.1800494, -0.029159219],
    [-0.3858471, -1.6453479, -0.83848996, 0.74045745, 0.2450494, -0.039648015],
    [-0.36577788, -1.6283634, -0.81346367, 0.70134181, 0.32004939, -0.051750471],
    [-0.34303276, -1.6091142, -0.78510054, 0.65701075, 0.40504937, -0.065466587],
    [-0.31761174, -1.5876004, -0.75340057, 0.60746428, 0.50004936, -0.080796365],
    [-0.28951483, -1.5638221, -0.71836377, 0.55270239, 0.60504933, -0.097739802],
    [-0.25874202, -1.5377791, -0.67999012, 0.49272508, 0.72004931, -0.1162969],
    [-0.22554492, -1.5096845, -0.63859338, 0.42802273, 0.84410903, -0.13631593],
    [-0.1919186, -1.4812266, -0.59666142, 0.36248383, 0.96977274, -0.1565938],
    [-0.15829229, -1.4527687, -0.55472946, 0.29694494, 1.0954364, -0.17687166],
    [-0.12466598, -1.4243108, -0.5127975, 0.23140605, 1.2211002, -0.19714952],
    [-0.091039664, -1.3958529, -0.47086554, 0.16586716, 1.3467639, -0.21742738],
    [-0.057413352, -1.367395, -0.42893358, 0.10032826, 1.4724276, -0.23770525],
    [-0.023787039, -1.3389371, -0.38700162, 0.034789371, 1.5980913, -0.25798311],
    [0.009839274, -1.3104792, -0.34506966, -0.030749521, 1.723755, -0.27826097],
    [0.043465587, -1.2820213, -0.3031377, -0.096288414, 1.8494187, -0.29853883],
    [0.0770919, -1.2535634, -0.26120574, -0.16182731, 1.9750824, -0.3188167],
    [0.11071821, -1.2251056, -0.21927378, -0.2273662, 2.1007461, -0.33909456],
    [0.14434453, -1.1966477, -0.17734182, -0.29290509, 2.2264098, -0.35937242],
    [0.17797084, -1.1681898, -0.13540986, -0.35844398, 2.3520735, -0.37965028],
    [0.21159715, -1.1397319, -0.093477904, -0.42398288, 2.4777372, -0.39992815],
    [0.24522346, -1.111274, -0.051545944, -0.48952177, 2.6034009, -0.42020601],
    [0.27884978, -1.0828161, -0.009613984, -0.55506066, 2.7290646, -0.44048387],
    [0.31247609, -1.0543582, 0.032317976, -0.62059956, 2.8547283, -0.46076173],
    [0.3461024, -1.0259003, 0.074249936, -0.68613845, 2.980392, -0.4810396],
    [0.37972871, -0.99744244, 0.1161819, -0.75167734, 3.1060557, -0.50131746],
    [0.41335503, -0.96898455, 0.15811386, -0.81721623, 3.2317195, -0.52159532],
    [0.44698134, -0.94052666, 0.20004582, -0.88275513, 3.3573832, -0.54187318],
    [0.48060765, -0.91206877, 0.24197778, -0.94829402, 3.4830469, -0.56215105],
    [0.51423397, -0.88361088, 0.28390974, -1.0138329, 3.6087106, -0.58242891],
    [0.54786028, -0.85515299, 0.3258417, -1.0793718, 3.7343743, -0.60270677],
    [0.58148659, -0.82669511, 0.36777366, -1.1449107, 3.860038, -0.62298463],
    [0.61477582, -0.79852249, 0.40928528, -1.2097926, 3.984442, -0.64305923],
    [0.64572106, -0.77233359, 0.44787394, -1.270106, 4.1000863, -0.6617203],
    [0.6739904, -0.74840929, 0.48312576, -1.3252039, 4.2057307, -0.67876772],
    [0.69958385, -0.72674961, 0.51504075, -1.3750865, 4.3013751, -0.69420148],
    [0.72250139, -0.70735453, 0.54361889, -1.4197536, 4.3870194, -0.70802158],
    [0.74274304, -0.69022405, 0.5688602, -1.4592053, 4.4626638, -0.72022801],
    [0.7603088, -0.67535819, 0.59076467, -1.4934416, 4.5283081, -0.73082078],
    [0.77519865, -0.66275693, 0.60933229, -1.5224625, 4.5839525, -0.7397999],
    [0.78741261, -0.65242028, 0.62456308, -1.5462679, 4.6295968, -0.74716535],
    [0.79695067, -0.64434823, 0.63645703, -1.5648579, 4.6652412, -0.75291714],
    [0.80381284, -0.63854079, 0.64501414, -1.5782325, 4.6908856, -0.75705527],
    [0.80799911, -0.63499796, 0.65023441, -1.5863917, 4.7065299, -0.75957974],
    [0.80950948, -0.63371974, 0.65211784, -1.5893355, 4.7121743, -0.76049055],
    [0.80951503, -0.63371503, 0.65212477, -1.5893463, 4.712195, -0.7604939]
  ]
}
