{
  "iteration": 74,
  "label": "pre_pick",
  "planning_time_ms": 59.370554,
  "scene": {
    "block_x": 0.12877761,
    "block_y": 0.41284166,
    "bin_x": 0.14156964,
    "bin_y": 0.29252326
  },
  "joint_names": ["shoulder_pan_joint", "shoulder_lift_joint", "elbow_joint", "wrist_1_joint", "wrist_2_joint", "wrist_3_joint"],
  "start_joints": [-0.45129073, -1.7008709, -0.92029601, 0.86825458, -1.4915387e-05, -0.00027770351],
  "goal_joints": [0.96494193, 0.21653376, -1.3434025, -0.44474234, -1.5711664, -0.60538782],
  "num_waypoints": 38,
  "trajectory": [
    [-0.45129073, -1.7008709, -0.92029601, 0.86825458, -1.4915387e-05, -0.00027770351],
    [-0.44759763, -1.6958709, -0.92139935, 0.86483069, -0.004111994, -0.0018556441],
    [-0.43651834, -1.6808709, -0.92470934, 0.85455902, -0.01640323, -0.0065894657],
    [-0.41805285, -1.6558709, -0.930226, 0.83743956, -0.036888623, -0.014479168],
    [-0.39220116, -1.6208709, -0.93794932, 0.81347233, -0.065568173, -0.025524752],
    [-0.35896328, -1.5758709, -0.9478793, 0.78265731, -0.10244188, -0.039726217],
    [-0.31833921, -1.5208709, -0.96001594, 0.74499451, -0.14750974, -0.057083561],
    [-0.27222654, -1.45844, -0.97379233, 0.70224321, -0.19866658, -0.076786001],
    [-0.22581771, -1.3956082, -0.9876572, 0.65921733, -0.25015198, -0.096614987],
    [-0.17940887, -1.3327763, -1.0015221, 0.61619145, -0.30163739, -0.11644397],
    [-0.13300003, -1.2699445, -1.0153869, 0.57316556, -0.3531228, -0.13627296],
    [-0.086591193, -1.2071126, -1.0292518, 0.53013968, -0.40460821, -0.15610194],
    [-0.040182356, -1.1442808, -1.0431167, 0.4871138, -0.45609362, -0.17593093],
    [0.006226482, -1.0814489, -1.0569815, 0.44408791, -0.50757903, -0.19575992],
    [0.05263532, -1.0186171, -1.0708464, 0.40106203, -0.55906443, -0.2155889],
    [0.099044157, -0.95578522, -1.0847113, 0.35803615, -0.61054984, -0.23541789],
    [0.145453, -0.89295337, -1.0985762, 0.31501026, -0.66203525, -0.25524687],
    [0.19186183, -0.83012152, -1.112441, 0.27198438, -0.71352066, -0.27507586],
    [0.23827067, -0.76728966, -1.1263059, 0.2289585, -0.76500607, -0.29490484],
    [0.28467951, -0.70445781, -1.1401708, 0.18593261, -0.81649147, -0.31473383],
    [0.33108835, -0.64162596, -1.1540356, 0.14290673, -0.86797688, -0.33456282],
    [0.37749718, -0.5787941, -1.1679005, 0.099880847, -0.91946229, -0.3543918],
    [0.42390602, -0.51596225, -1.1817654, 0.056854963, -0.9709477, -0.37422079],
    [0.47031486, -0.4531304, -1.1956302, 0.01382908, -1.0224331, -0.39404977],
    [0.5167237, -0.39029854, -1.2094951, -0.029196803, -1.0739185, -0.41387876],
    [0.56313253, -0.32746669, -1.22336, -0.072222687, -1.1254039, -0.43370774],
    [0.60954137, -0.26463484, -1.2372249, -0.11524857, -1.1768893, -0.45353673],
    [0.65595021, -0.20180299, -1.2510897, -0.15827445, -1.2283747, -0.47336572],
    [0.70235905, -0.13897113, -1.2649546, -0.20130034, -1.2798601, -0.4931947],
    [0.74876789, -0.076139279, -1.2788195, -0.24432622, -1.3313456, -0.51302369],
    [0.79517672, -0.013307426, -1.2926843, -0.2873521, -1.382831, -0.53285267],
    [0.84072201, 0.048355292, -1.3062912, -0.32957739, -1.4333584, -0.55231269],
    [0.87986611, 0.10135158, -1.3179857, -0.36586809, -1.4767844, -0.56903769],
    [0.91162401, 0.14434787, -1.3274735, -0.39531101, -1.5120162, -0.58260681],
    [0.93599572, 0.17734416, -1.3347547, -0.41790615, -1.5390539, -0.59302004],
    [0.95298123, 0.20034044, -1.3398292, -0.43365351, -1.5578974, -0.6002774],
    [0.96258054, 0.21333673, -1.3426971, -0.44255308, -1.5685468, -0.60437887],
    [0.96494193, 0.21653376, -1.3434025, -0.44474234, -1.5711664, -0.60538782]
  ]
}
