{
  "iteration": 713,
  "label": "pre_pick",
  "planning_time_ms": 5010.1872,
  "scene": {
    "block_x": 0.20776306,
    "block_y": 0.37992024,
    "bin_x": 0.36259238,
    "bin_y": 0.26329002
  },
  "joint_names": ["shoulder_pan_joint", "shoulder_lift_joint", "elbow_joint", "wrist_1_joint", "wrist_2_joint", "wrist_3_joint"],
  "start_joints": [-0.45133282, -1.7007788, -0.92007889, 0.86807515, 6.6094766e-05, -7.441421e-05],
  "goal_joints": [-1.763168, -3.3563801, 1.3380953, -2.6950001, 1.5712806, -0.19172408],
  "num_waypoints": 47,
  "trajectory": [
    [-0.45133282, -1.7007788, -0.92007889, 0.86807515, 6.6094766e-05, -7.441421e-05],
    [-0.4531737, -1.703102, -0.91691003, 0.86307515, 0.0022709521, -0.00034335277],
    [-0.45869632, -1.7100719, -0.90740347, 0.84807515, 0.008885524, -0.0011501685],
    [-0.4679007, -1.7216883, -0.89155919, 0.82307515, 0.01990981, -0.0024948613],
    [-0.48078682, -1.7379512, -0.8693772, 0.78807515, 0.035343812, -0.0043774312],
    [-0.49735469, -1.7588607, -0.8408575, 0.74307515, 0.055187527, -0.0067978782],
    [-0.51760432, -1.7844167, -0.80600009, 0.68807515, 0.079440958, -0.0097562024],
    [-0.54153569, -1.8146193, -0.76480497, 0.62307516, 0.1081041, -0.013252403],
    [-0.5691488, -1.8494684, -0.71727215, 0.54807518, 0.14117695, -0.017286481],
    [-0.60044367, -1.8889641, -0.66340162, 0.4630752, 0.17865951, -0.021858435],
    [-0.63540662, -1.9330891, -0.60321689, 0.36811232, 0.22053543, -0.026966271],
    [-0.67190736, -1.9791548, -0.54038504, 0.26897266, 0.2642532, -0.032298767],
    [-0.70840811, -2.0252206, -0.47755318, 0.169833, 0.30797096, -0.037631262],
    [-0.74490885, -2.0712864, -0.41472133, 0.07069334, 0.35168872, -0.042963758],
    [-0.78140959, -2.1173521, -0.35188948, -0.028446321, 0.39540648, -0.048296253],
    [-0.81791033, -2.1634179, -0.28905763, -0.12758598, 0.43912424, -0.053628749],
    [-0.85441107, -2.2094836, -0.22622577, -0.22672564, 0.482842, -0.058961244],
    [-0.89091181, -2.2555494, -0.16339392, -0.3258653, 0.52655976, -0.06429374],
    [-0.92741255, -2.3016151, -0.10056207, -0.42500496, 0.57027752, -0.069626235],
    [-0.9639133, -2.3476809, -0.037730213, -0.52414462, 0.61399528, -0.074958731],
    [-1.000414, -2.3937466, 0.02510164, -0.62328429, 0.65771304, -0.080291226],
    [-1.0369148, -2.4398124, 0.087933493, -0.72242395, 0.70143081, -0.085623722],
    [-1.0734155, -2.4858782, 0.15076535, -0.82156361, 0.74514857, -0.090956218],
    [-1.1099163, -2.5319439, 0.2135972, -0.92070327, 0.78886633, -0.096288713],
    [-1.146417, -2.5780097, 0.27642905, -1.0198429, 0.83258409, -0.10162121],
    [-1.1829177, -2.6240754, 0.33926091, -1.1189826, 0.87630185, -0.1069537],
    [-1.2194185, -2.6701412, 0.40209276, -1.2181223, 0.92001961, -0.1122862],
    [-1.2559192, -2.7162069, 0.46492461, -1.3172619, 0.96373737, -0.1176187],
    [-1.29242, -2.7622727, 0.52775646, -1.4164016, 1.0074551, -0.12295119],
    [-1.3289207, -2.8083385, 0.59058832, -1.5155412, 1.0511729, -0.12828369],
    [-1.3654215, -2.8544042, 0.65342017, -1.6146809, 1.0948907, -0.13361618],
    [-1.4019222, -2.90047, 0.71625202, -1.7138206, 1.1386084, -0.13894868],
    [-1.4384229, -2.9465357, 0.77908388, -1.8129602, 1.1823262, -0.14428117],
    [-1.4749237, -2.9926015, 0.84191573, -1.9120999, 1.2260439, -0.14961367],
    [-1.5114244, -3.0386672, 0.90474758, -2.0112395, 1.2697617, -0.15494616],
    [-1.5479252, -3.084733, 0.96757944, -2.1103792, 1.3134795, -0.16027866],
    [-1.5844193, -3.1307904, 1.0303999, -2.2095008, 1.3571893, -0.16561019],
    [-1.6188581, -3.1742539, 1.0896823, -2.3030401, 1.3984374, -0.17064145],
    [-1.6496151, -3.2130708, 1.1426271, -2.3865794, 1.4352758, -0.17513483],
    [-1.6766905, -3.2472412, 1.1892342, -2.4601186, 1.4677046, -0.17909034],
    [-1.700084, -3.2767651, 1.2295035, -2.5236579, 1.4957236, -0.18250797],
    [-1.7197958, -3.3016424, 1.2634352, -2.5771971, 1.5193328, -0.18538773],
    [-1.7358259, -3.3218731, 1.2910291, -2.6207364, 1.5385324, -0.18772961],
    [-1.7481742, -3.3374573, 1.3122853, -2.6542757, 1.5533223, -0.18953361],
    [-1.7568408, -3.3483949, 1.3272038, -2.6778149, 1.5637024, -0.19079973],
    [-1.7618256, -3.354686, 1.3357846, -2.6913542, 1.5696728, -0.19152797],
    [-1.763168, -3.3563801, 1.3380953, -2.6950001, 1.5712806, -0.19172408]
  ]
}
