{
  "iteration": 1,
  "label": "place_retreat",
  "planning_time_ms": 432.70288,
  "scene": {
    "block_x": 0.32312866,
    "block_y": 0.41805429,
    "bin_x": 0.12672333,
    "bin_y": 0.3772549
  },
  "joint_names": ["shoulder_pan_joint", "shoulder_lift_joint", "elbow_joint", "wrist_1_joint", "wrist_2_joint", "wrist_3_joint"],
  "start_joints": [4.6697135, -3.4149046, 1.3338236, -2.6314338, 1.5706707, -0.042376072],
  "goal_joints": [0.92866664, -0.9847602, 1.2830924, -1.8695506, 4.7120164, -0.64139614],
  "num_waypoints": 67,
  "trajectory": [
    [4.6697135, -3.4149046, 1.3338236, -2.6314338, 1.5706707, -0.042376072],
    [4.6647135, -3.4116566, 1.3337558, -2.6304155, 1.5748692, -0.043176677],
    [4.6497135, -3.4019128, 1.3335524, -2.6273607, 1.5874647, -0.045578492],
    [4.6247135, -3.3856731, 1.3332134, -2.6222693, 1.6084571, -0.049581516],
    [4.5897135, -3.3629374, 1.3327388, -2.6151414, 1.6378465, -0.05518575],
    [4.5447135, -3.3337059, 1.3321285, -2.6059769, 1.6756328, -0.062391194],
    [4.4897135, -3.2979785, 1.3313827, -2.5947759, 1.7218162, -0.071197847],
    [4.4272828, -3.2574241, 1.3305361, -2.5820615, 1.7742391, -0.081194324],
    [4.3644509, -3.2166092, 1.329684, -2.5692655, 1.8269988, -0.091255021],
    [4.3016191, -3.1757943, 1.328832, -2.5564695, 1.8797585, -0.10131572],
    [4.2387872, -3.1349794, 1.32798, -2.5436734, 1.9325182, -0.11137642],
    [4.1759554, -3.0941645, 1.3271279, -2.5308774, 1.985278, -0.12143711],
    [4.1131235, -3.0533496, 1.3262759, -2.5180814, 2.0380377, -0.13149781],
    [4.0502917, -3.0125347, 1.3254238, -2.5052854, 2.0907974, -0.14155851],
    [3.9874598, -2.9717198, 1.3245718, -2.4924893, 2.1435571, -0.15161921],
    [3.9246279, -2.9309049, 1.3237197, -2.4796933, 2.1963168, -0.1616799],
    [3.8617961, -2.89009, 1.3228677, -2.4668973, 2.2490765, -0.1717406],
    [3.7989642, -2.8492751, 1.3220157, -2.4541012, 2.3018363, -0.1818013],
    [3.7361324, -2.8084602, 1.3211636, -2.4413052, 2.354596, -0.191862],
    [3.6733005, -2.7676453, 1.3203116, -2.4285092, 2.4073557, -0.20192269],
    [3.6104687, -2.7268304, 1.3194595, -2.4157132, 2.4601154, -0.21198339],
    [3.5476368, -2.6860154, 1.3186075, -2.4029171, 2.5128751, -0.22204409],
    [3.484805, -2.6452005, 1.3177554, -2.3901211, 2.5656348, -0.23210478],
    [3.4219731, -2.6043856, 1.3169034, -2.3773251, 2.6183945, -0.24216548],
    [3.3591413, -2.5635707, 1.3160514, -2.3645291, 2.6711543, -0.25222618],
    [3.2963094, -2.5227558, 1.3151993, -2.351733, 2.723914, -0.26228688],
    [3.2334776, -2.4819409, 1.3143473, -2.338937, 2.7766737, -0.27234757],
    [3.1706457, -2.441126, 1.3134952, -2.326141, 2.8294334, -0.28240827],
    [3.1078139, -2.4003111, 1.3126432, -2.313345, 2.8821931, -0.29246897],
    [3.044982, -2.3594962, 1.3117911, -2.3005489, 2.9349528, -0.30252967],
    [2.9821501, -2.3186813, 1.3109391, -2.2877529, 2.9877125, -0.31259036],
    [2.9193183, -2.2778664, 1.3100871, -2.2749569, 3.0404723, -0.32265106],
    [2.8564864, -2.2370515, 1.309235, -2.2621609, 3.093232, -0.33271176],
    [2.7936546, -2.1962366, 1.308383, -2.2493648, 3.1459917, -0.34277246],
    [2.7308227, -2.1554217, 1.3075309, -2.2365688, 3.1987514, -0.35283315],
    [2.6679909, -2.1146068, 1.3066789, -2.2237728, 3.2515111, -0.36289385],
    [2.605159, -2.0737919, 1.3058268, -2.2109768, 3.3042708, -0.37295455],
    [2.5423272, -2.032977, 1.3049748, -2.1981807, 3.3570306, -0.38301525],
    [2.4794953, -1.9921621, 1.3041227, -2.1853847, 3.4097903, -0.39307594],
    [2.4166635, -1.9513472, 1.3032707, -2.1725887, 3.46255, -0.40313664],
    [2.3538316, -1.9105323, 1.3024187, -2.1597926, 3.5153097, -0.41319734],
    [2.2909998, -1.8697173, 1.3015666, -2.1469966, 3.5680694, -0.42325804],
    [2.2281679, -1.8289024, 1.3007146, -2.1342006, 3.6208291, -0.43331873],
    [2.1653361, -1.7880875, 1.2998625, -2.1214046, 3.6735888, -0.44337943],
    [2.1025042, -1.7472726, 1.2990105, -2.1086085, 3.7263486, -0.45344013],
    [2.0396724, -1.7064577, 1.2981584, -2.0958125, 3.7791083, -0.46350082],
    [1.9768405, -1.6656428, 1.2973064, -2.0830165, 3.831868, -0.47356152],
    [1.9140086, -1.6248279, 1.2964544, -2.0702205, 3.8846277, -0.48362222],
    [1.8511768, -1.584013, 1.2956023, -2.0574244, 3.9373874, -0.49368292],
    [1.7883449, -1.5431981, 1.2947503, -2.0446284, 3.9901471, -0.50374361],
    [1.7255131, -1.5023832, 1.2938982, -2.0318324, 4.0429068, -0.51380431],
    [1.6626812, -1.4615683, 1.2930462, -2.0190364, 4.0956666, -0.52386501],
    [1.5998494, -1.4207534, 1.2921941, -2.0062403, 4.1484263, -0.53392571],
    [1.5370175, -1.3799385, 1.2913421, -1.9934443, 4.201186, -0.5439864],
    [1.4741857, -1.3391236, 1.2904901, -1.9806483, 4.2539457, -0.5540471],
    [1.4113538, -1.2983087, 1.289638, -1.9678523, 4.3067054, -0.5641078],
    [1.348522, -1.2574938, 1.288786, -1.9550562, 4.3594651, -0.5741685],
    [1.2856901, -1.2166789, 1.2879339, -1.9422602, 4.4122249, -0.58422919],
    [1.2228583, -1.175864, 1.2870819, -1.9294642, 4.4649846, -0.59428989],
    [1.1600264, -1.1350491, 1.2862298, -1.9166682, 4.5177443, -0.60435059],
    [1.0982497, -1.0949196, 1.2853921, -1.904087, 4.569618, -0.61424233],
    [1.0450118, -1.0603368, 1.2846702, -1.8932448, 4.6143217, -0.62276685],
    [1.0017738, -1.0322498, 1.2840838, -1.8844392, 4.6506285, -0.62969015],
    [0.96853581, -1.0106588, 1.2836331, -1.8776701, 4.6785384, -0.63501225],
    [0.94529783, -0.99556364, 1.283318, -1.8729376, 4.6980512, -0.63873314],
    [0.93205985, -0.98696439, 1.2831385, -1.8702416, 4.7091671, -0.64085282],
    [0.92866664, -0.9847602, 1.2830924, -1.8695506, 4.7120164, -0.64139614]
  ]
}
