{
  "iteration": 194,
  "label": "pre_pick",
  "planning_time_ms": 51.12249,
  "scene": {
    "block_x": 0.15506417,
    "block_y": 0.36374894,
    "bin_x": 0.44687676,
    "bin_y": 0.39404236
  },
  "joint_names": ["shoulder_pan_joint", "shoulder_lift_joint", "elbow_joint", "wrist_1_joint", "wrist_2_joint", "wrist_3_joint"],
  "start_joints": [-0.45138394, -1.7008804, -0.91996846, 0.86778886, -7.8423621e-05, 2.2323408e-05],
  "goal_joints": [0.83660246, -1.1715729, 1.5774317, -1.9767628, 4.7125602, -0.73373504],
  "num_waypoints": 53,
  "trajectory": [
    [-0.45138394, -1.7008804, -0.91996846, 0.86778886, -7.8423621e-05, 2.2323408e-05],
    [-0.45001741, -1.7003188, -0.91731878, 0.86477086, 0.0049215764, -0.00075617609],
    [-0.44591784, -1.6986341, -0.90936973, 0.85571685, 0.019921576, -0.0030916746],
    [-0.43908522, -1.6958261, -0.89612131, 0.84062683, 0.044921576, -0.0069841721],
    [-0.42951956, -1.6918951, -0.87757353, 0.81950081, 0.079921576, -0.012433669],
    [-0.41722085, -1.6868408, -0.85372637, 0.79233878, 0.12492158, -0.019440164],
    [-0.40218909, -1.6806634, -0.82457986, 0.75914075, 0.17992158, -0.028003659],
    [-0.38442428, -1.6733628, -0.79013397, 0.71990671, 0.24492158, -0.038124152],
    [-0.36392643, -1.6649391, -0.75038872, 0.67463666, 0.31992157, -0.049801644],
    [-0.34069553, -1.6553922, -0.7053441, 0.62333061, 0.40492157, -0.063036135],
    [-0.31473158, -1.6447221, -0.65500012, 0.56598856, 0.49992156, -0.077827623],
    [-0.28603459, -1.6329289, -0.59935678, 0.50261051, 0.60492154, -0.09417611],
    [-0.25463272, -1.620024, -0.53846869, 0.43325867, 0.71981844, -0.11206555],
    [-0.2222284, -1.6067072, -0.47563684, 0.36169286, 0.83838326, -0.13052608],
    [-0.18982407, -1.5933904, -0.41280499, 0.29012706, 0.95694809, -0.14898661],
    [-0.15741974, -1.5800736, -0.34997313, 0.21856126, 1.0755129, -0.16744714],
    [-0.12501542, -1.5667568, -0.28714128, 0.14699546, 1.1940777, -0.18590767],
    [-0.09261109, -1.55344, -0.22430943, 0.075429656, 1.3126426, -0.2043682],
    [-0.060206764, -1.5401232, -0.16147757, 0.0038638536, 1.4312074, -0.22282873],
    [-0.027802437, -1.5268064, -0.09864572, -0.067701949, 1.5497722, -0.24128927],
    [0.00460189, -1.5134897, -0.035813867, -0.13926775, 1.668337, -0.2597498],
    [0.037006217, -1.5001729, 0.027017986, -0.21083355, 1.7869019, -0.27821033],
    [0.069410544, -1.4868561, 0.089849839, -0.28239936, 1.9054667, -0.29667086],
    [0.10181487, -1.4735393, 0.15268169, -0.35396516, 2.0240315, -0.31513139],
    [0.1342192, -1.4602225, 0.21551355, -0.42553096, 2.1425963, -0.33359192],
    [0.16662352, -1.4469057, 0.2783454, -0.49709676, 2.2611612, -0.35205245],
    [0.19902785, -1.4335889, 0.34117725, -0.56866256, 2.379726, -0.37051299],
    [0.23143218, -1.4202721, 0.4040091, -0.64022837, 2.4982908, -0.38897352],
    [0.2638365, -1.4069553, 0.46684096, -0.71179417, 2.6168556, -0.40743405],
    [0.29624083, -1.3936385, 0.52967281, -0.78335997, 2.7354205, -0.42589458],
    [0.32864516, -1.3803217, 0.59250466, -0.85492577, 2.8539853, -0.44435511],
    [0.36104948, -1.3670049, 0.65533652, -0.92649158, 2.9725501, -0.46281564],
    [0.39345381, -1.3536881, 0.71816837, -0.99805738, 3.0911149, -0.48127618],
    [0.42585814, -1.3403713, 0.78100022, -1.0696232, 3.2096798, -0.49973671],
    [0.45826247, -1.3270545, 0.84383208, -1.141189, 3.3282446, -0.51819724],
    [0.49066679, -1.3137377, 0.90666393, -1.2127548, 3.4468094, -0.53665777],
    [0.52307112, -1.3004209, 0.96949578, -1.2843206, 3.5653742, -0.5551183],
    [0.55547545, -1.2871041, 1.0323276, -1.3558864, 3.6839391, -0.57357883],
    [0.58787977, -1.2737873, 1.0951595, -1.4274522, 3.8025039, -0.59203936],
    [0.6202841, -1.2604705, 1.1579913, -1.499018, 3.9210687, -0.6104999],
    [0.6526012, -1.2471896, 1.2206541, -1.5703912, 4.0393144, -0.62891074],
    [0.68294853, -1.2347181, 1.2794974, -1.637414, 4.1503528, -0.64619941],
    [0.71056281, -1.2233698, 1.3330414, -1.6984009, 4.2513913, -0.66193108],
    [0.73544404, -1.2131447, 1.381286, -1.7533517, 4.3424297, -0.67610576],
    [0.75759223, -1.2040427, 1.4242312, -1.8022666, 4.4234681, -0.68872343],
    [0.77700736, -1.1960639, 1.4618771, -1.8451454, 4.4945065, -0.69978411],
    [0.79368945, -1.1892083, 1.4942236, -1.8819882, 4.555545, -0.70928778],
    [0.8076385, -1.1834758, 1.5212707, -1.9127951, 4.6065834, -0.71723446],
    [0.81885449, -1.1788665, 1.5430185, -1.9375659, 4.6476218, -0.72362414],
    [0.82733744, -1.1753804, 1.5594669, -1.9563007, 4.6786602, -0.72845682],
    [0.83308734, -1.1730174, 1.5706159, -1.9689995, 4.6996987, -0.7317325],
    [0.83610419, -1.1717777, 1.5764656, -1.9756623, 4.7107371, -0.73345118],
    [0.83660246, -1.1715729, 1.5774317, -1.9767628, 4.7125602, -0.73373504]
  ]
}
