{
  "iteration": 212,
  "label": "pre_pick",
  "planning_time_ms": 67.79715,
  "scene": {
    "block_x": 0.28197968,
    "block_y": 0.40569035,
    "bin_x": 0.33326633,
    "bin_y": 0.27947054
  },
  "joint_names": ["shoulder_pan_joint", "shoulder_lift_joint", "elbow_joint", "wrist_1_joint", "wrist_2_joint", "wrist_3_joint"],
  "start_joints": [-0.45139627, -1.7009547, -0.91992802, 0.86784426, -1.2194301e-05, 1.182221e-05],
  "goal_joints": [4.3761796, -3.1860445, 0.832777, 3.9235777, -4.7116898, -0.33641061],
  "num_waypoints": 85,
  "trajectory": [
    [-0.45139627, -1.7009547, -0.91992802, 0.86784426, -1.2194301e-05, 1.182221e-05],
    [-0.44639627, -1.7024928, -0.91811272, 0.87100913, -0.0048921565, -0.00033661606],
    [-0.43139627, -1.7071072, -0.9126668, 0.88050375, -0.019532043, -0.0013819309],
    [-0.40639627, -1.7147979, -0.90359028, 0.89632812, -0.043931854, -0.0031241222],
    [-0.37139627, -1.7255648, -0.89088314, 0.91848223, -0.07809159, -0.0055631901],
    [-0.32639627, -1.739408, -0.87454539, 0.9469661, -0.12201125, -0.0086991345],
    [-0.27139627, -1.7563274, -0.85457703, 0.98177971, -0.17569084, -0.012531955],
    [-0.20896543, -1.7755328, -0.83191081, 1.0212969, -0.23662287, -0.016882615],
    [-0.14613357, -1.7948615, -0.80909901, 1.0610678, -0.29794629, -0.021261219],
    [-0.083301719, -1.8141903, -0.78628721, 1.1008388, -0.3592697, -0.025639824],
    [-0.020469866, -1.833519, -0.76347541, 1.1406098, -0.42059311, -0.030018428],
    [0.042361987, -1.8528478, -0.74066361, 1.1803808, -0.48191653, -0.034397032],
    [0.10519384, -1.8721765, -0.71785181, 1.2201517, -0.54323994, -0.038775637],
    [0.16802569, -1.8915052, -0.69504, 1.2599227, -0.60456336, -0.043154241],
    [0.23085755, -1.910834, -0.6722282, 1.2996937, -0.66588677, -0.047532846],
    [0.2936894, -1.9301627, -0.6494164, 1.3394646, -0.72721018, -0.05191145],
    [0.35652125, -1.9494914, -0.6266046, 1.3792356, -0.7885336, -0.056290054],
    [0.41935311, -1.9688202, -0.6037928, 1.4190066, -0.84985701, -0.060668659],
    [0.48218496, -1.9881489, -0.58098099, 1.4587776, -0.91118043, -0.065047263],
    [0.54501681, -2.0074777, -0.55816919, 1.4985485, -0.97250384, -0.069425868],
    [0.60784866, -2.0268064, -0.53535739, 1.5383195, -1.0338273, -0.073804472],
    [0.67068052, -2.0461351, -0.51254559, 1.5780905, -1.0951507, -0.078183076],
    [0.73351237, -2.0654639, -0.48973379, 1.6178615, -1.1564741, -0.082561681],
    [0.79634422, -2.0847926, -0.46692199, 1.6576324, -1.2177975, -0.086940285],
    [0.85917608, -2.1041213, -0.44411018, 1.6974034, -1.2791209, -0.09131889],
    [0.92200793, -2.1234501, -0.42129838, 1.7371744, -1.3404443, -0.095697494],
    [0.98483978, -2.1427788, -0.39848658, 1.7769454, -1.4017677, -0.1000761],
    [1.0476716, -2.1621076, -0.37567478, 1.8167163, -1.4630912, -0.1044547],
    [1.1105035, -2.1814363, -0.35286298, 1.8564873, -1.5244146, -0.10883331],
    [1.1733353, -2.200765, -0.33005117, 1.8962583, -1.585738, -0.11321191],
    [1.2361672, -2.2200938, -0.30723937, 1.9360293, -1.6470614, -0.11759052],
    [1.298999, -2.2394225, -0.28442757, 1.9758002, -1.7083848, -0.12196912],
    [1.3618309, -2.2587512, -0.26161577, 2.0155712, -1.7697082, -0.12634772],
    [1.4246628, -2.27808, -0.23880397, 2.0553422, -1.8310316, -0.13072633],
    [1.4874946, -2.2974087, -0.21599217, 2.0951132, -1.8923551, -0.13510493],
    [1.5503265, -2.3167374, -0.19318036, 2.1348841, -1.9536785, -0.13948354],
    [1.6131583, -2.3360662, -0.17036856, 2.1746551, -2.0150019, -0.14386214],
    [1.6759902, -2.3553949, -0.14755676, 2.2144261, -2.0763253, -0.14824075],
    [1.738822, -2.3747237, -0.12474496, 2.2541971, -2.1376487, -0.15261935],
    [1.8016539, -2.3940524, -0.10193316, 2.293968, -2.1989721, -0.15699796],
    [1.8644857, -2.4133811, -0.079121355, 2.333739, -2.2602955, -0.16137656],
    [1.9273176, -2.4327099, -0.056309553, 2.37351, -2.321619, -0.16575516],
    [1.9901494, -2.4520386, -0.033497751, 2.413281, -2.3829424, -0.17013377],
    [2.0529813, -2.4713673, -0.010685949, 2.4530519, -2.4442658, -0.17451237],
    [2.1158131, -2.4906961, 0.012125853, 2.4928229, -2.5055892, -0.17889098],
    [2.178645, -2.5100248, 0.034937654, 2.5325939, -2.5669126, -0.18326958],
    [2.2414768, -2.5293536, 0.057749456, 2.5723648, -2.628236, -0.18764819],
    [2.3043087, -2.5486823, 0.080561258, 2.6121358, -2.6895594, -0.19202679],
    [2.3671406, -2.568011, 0.10337306, 2.6519068, -2.7508829, -0.1964054],
    [2.4299724, -2.5873398, 0.12618486, 2.6916778, -2.8122063, -0.200784],
    [2.4928043, -2.6066685, 0.14899666, 2.7314487, -2.8735297, -0.2051626],
    [2.5556361, -2.6259972, 0.17180847, 2.7712197, -2.9348531, -0.20954121],
    [2.618468, -2.645326, 0.19462027, 2.8109907, -2.9961765, -0.21391981],
    [2.6812998, -2.6646547, 0.21743207, 2.8507617, -3.0574999, -0.21829842],
    [2.7441317, -2.6839835, 0.24024387, 2.8905326, -3.1188233, -0.22267702],
    [2.8069635, -2.7033122, 0.26305567, 2.9303036, -3.1801467, -0.22705563],
    [2.8697954, -2.7226409, 0.28586747, 2.9700746, -3.2414702, -0.23143423],
    [2.9326272, -2.7419697, 0.30867928, 3.0098456, -3.3027936, -0.23581283],
    [2.9954591, -2.7612984, 0.33149108, 3.0496165, -3.364117, -0.24019144],
    [3.0582909, -2.7806271, 0.35430288, 3.0893875, -3.4254404, -0.24457004],
    [3.1211228, -2.7999559, 0.37711468, 3.1291585, -3.4867638, -0.24894865],
    [3.1839546, -2.8192846, 0.39992648, 3.1689295, -3.5480872, -0.25332725],
    [3.2467865, -2.8386134, 0.42273828, 3.2087004, -3.6094106, -0.25770586],
    [3.3096183, -2.8579421, 0.44555009, 3.2484714, -3.6707341, -0.26208446],
    [3.3724502, -2.8772708, 0.46836189, 3.2882424, -3.7320575, -0.26646307],
    [3.4352821, -2.8965996, 0.49117369, 3.3280134, -3.7933809, -0.27084167],
    [3.4981139, -2.9159283, 0.51398549, 3.3677843, -3.8547043, -0.27522027],
    [3.5609458, -2.935257, 0.53679729, 3.4075553, -3.9160277, -0.27959888],
    [3.6237776, -2.9545858, 0.5596091, 3.4473263, -3.9773511, -0.28397748],
    [3.6866095, -2.9739145, 0.5824209, 3.4870973, -4.0386745, -0.28835609],
    [3.7494413, -2.9932432, 0.6052327, 3.5268682, -4.099998, -0.29273469],
    [3.8122732, -3.012572, 0.6280445, 3.5666392, -4.1613214, -0.2971133],
    [3.875105, -3.0319007, 0.6508563, 3.6064102, -4.2226448, -0.3014919],
    [3.9379369, -3.0512295, 0.6736681, 3.6461812, -4.2839682, -0.30587051],
    [4.0007687, -3.0705582, 0.69647991, 3.6859521, -4.3452916, -0.31024911],
    [4.0636006, -3.0898869, 0.71929171, 3.7257231, -4.406615, -0.31462771],
    [4.1264324, -3.1092157, 0.74210351, 3.7654941, -4.4679384, -0.31900632],
    [4.1891253, -3.1285016, 0.76486484, 3.8051771, -4.5291262, -0.32337524],
    [4.2452897, -3.1457793, 0.78525596, 3.8407277, -4.5839422, -0.3272892],
    [4.2914541, -3.1599807, 0.80201647, 3.8699486, -4.6289984, -0.33050629],
    [4.3276186, -3.1711058, 0.81514636, 3.8928398, -4.6642946, -0.33302651],
    [4.353783, -3.1791547, 0.82464565, 3.9094012, -4.6898309, -0.33484984],
    [4.3699474, -3.1841273, 0.83051433, 3.9196329, -4.7056072, -0.33597631],
    [4.3761118, -3.1860236, 0.83275239, 3.9235348, -4.7116237, -0.33640589],
    [4.3761796, -3.1860445, 0.832777, 3.9235777, -4.7116898, -0.33641061]
  ]
}
