{
  "iteration": 655,
  "label": "pre_pick",
  "planning_time_ms": 49.861475,
  "scene": {
    "block_x": 0.27345985,
    "block_y": 0.43468091,
    "bin_x": 0.39234032,
    "bin_y": 0.31936544
  },
  "joint_names": ["shoulder_pan_joint", "shoulder_lift_joint", "elbow_joint", "wrist_1_joint", "wrist_2_joint", "wrist_3_joint"],
  "start_joints": [-0.45124167, -1.7008115, -0.92061689, 0.86878265, -2.7108307e-05, -0.00036036999],
  "goal_joints": [-5.5268559, -0.065830194, -0.55636556, -0.94826437, -1.5709164, -0.81545745],
  "num_waypoints": 89,
  "trajectory": [
    [-0.45124167, -1.7008115, -0.92061689, 0.86878265, -2.7108307e-05, -0.00036036999],
    [-0.45624167, -1.6992009, -0.92025806, 0.86699267, -0.0015745952, -0.0011633241],
    [-0.47124167, -1.6943691, -0.91918159, 0.86162274, -0.0062170557, -0.0035721865],
    [-0.49624167, -1.6863159, -0.91738747, 0.85267285, -0.01395449, -0.0075869572],
    [-0.53124167, -1.6750416, -0.91487569, 0.84014301, -0.024786898, -0.013207636],
    [-0.57624167, -1.6605459, -0.91164627, 0.82403321, -0.03871428, -0.020434223],
    [-0.63124167, -1.6428291, -0.90769919, 0.80434346, -0.055736635, -0.029266719],
    [-0.69367244, -1.6227186, -0.90321885, 0.78199353, -0.075058796, -0.039292528],
    [-0.7565043, -1.6024789, -0.89870972, 0.75950001, -0.094505089, -0.049382748],
    [-0.81933615, -1.5822392, -0.8942006, 0.73700648, -0.11395138, -0.059472967],
    [-0.882168, -1.5619995, -0.88969147, 0.71451296, -0.13339768, -0.069563186],
    [-0.94499986, -1.5417598, -0.88518235, 0.69201944, -0.15284397, -0.079653405],
    [-1.0078317, -1.5215201, -0.88067322, 0.66952592, -0.17229026, -0.089743624],
    [-1.0706636, -1.5012804, -0.87616409, 0.6470324, -0.19173656, -0.099833844],
    [-1.1334954, -1.4810407, -0.87165497, 0.62453888, -0.21118285, -0.10992406],
    [-1.1963273, -1.460801, -0.86714584, 0.60204536, -0.23062914, -0.12001428],
    [-1.2591591, -1.4405613, -0.86263671, 0.57955184, -0.25007544, -0.1301045],
    [-1.321991, -1.4203216, -0.85812759, 0.55705832, -0.26952173, -0.14019472],
    [-1.3848228, -1.4000819, -0.85361846, 0.5345648, -0.28896802, -0.15028494],
    [-1.4476547, -1.3798422, -0.84910933, 0.51207128, -0.30841432, -0.16037516],
    [-1.5104865, -1.3596025, -0.84460021, 0.48957776, -0.32786061, -0.17046538],
    [-1.5733184, -1.3393628, -0.84009108, 0.46708424, -0.3473069, -0.1805556],
    [-1.6361502, -1.3191231, -0.83558196, 0.44459072, -0.3667532, -0.19064582],
    [-1.6989821, -1.2988834, -0.83107283, 0.4220972, -0.38619949, -0.20073604],
    [-1.7618139, -1.2786437, -0.8265637, 0.39960368, -0.40564578, -0.21082625],
    [-1.8246458, -1.258404, -0.82205458, 0.37711016, -0.42509208, -0.22091647],
    [-1.8874777, -1.2381643, -0.81754545, 0.35461664, -0.44453837, -0.23100669],
    [-1.9503095, -1.2179246, -0.81303632, 0.33212312, -0.46398466, -0.24109691],
    [-2.0131414, -1.1976849, -0.8085272, 0.3096296, -0.48343096, -0.25118713],
    [-2.0759732, -1.1774452, -0.80401807, 0.28713608, -0.50287725, -0.26127735],
    [-2.1388051, -1.1572055, -0.79950894, 0.26464256, -0.52232354, -0.27136757],
    [-2.2016369, -1.1369658, -0.79499982, 0.24214904, -0.54176984, -0.28145779],
    [-2.2644688, -1.1167261, -0.79049069, 0.21965552, -0.56121613, -0.29154801],
    [-2.3273006, -1.0964864, -0.78598156, 0.197162, -0.58066242, -0.30163823],
    [-2.3901325, -1.0762467, -0.78147244, 0.17466848, -0.60010872, -0.31172845],
    [-2.4529643, -1.056007, -0.77696331, 0.15217496, -0.61955501, -0.32181867],
    [-2.5157962, -1.0357673, -0.77245419, 0.12968144, -0.6390013, -0.33190889],
    [-2.578628, -1.0155276, -0.76794506, 0.10718792, -0.6584476, -0.3419991],
    [-2.6414599, -0.99528788, -0.76343593, 0.084694398, -0.67789389, -0.35208932],
    [-2.7042917, -0.97504818, -0.75892681, 0.062200877, -0.69734018, -0.36217954],
    [-2.7671236, -0.95480848, -0.75441768, 0.039707357, -0.71678648, -0.37226976],
    [-2.8299554, -0.93456878, -0.74990855, 0.017213837, -0.73623277, -0.38235998],
    [-2.8927873, -0.91432909, -0.74539943, -0.0052796834, -0.75567906, -0.3924502],
    [-2.9556192, -0.89408939, -0.7408903, -0.027773204, -0.77512536, -0.40254042],
    [-3.018451, -0.87384969, -0.73638117, -0.050266724, -0.79457165, -0.41263064],
    [-3.0812829, -0.85360999, -0.73187205, -0.072760244, -0.81401794, -0.42272086],
    [-3.1441147, -0.83337029, -0.72736292, -0.095253764, -0.83346424, -0.43281108],
    [-3.2069466, -0.81313059, -0.72285379, -0.11774728, -0.85291053, -0.4429013],
    [-3.2697784, -0.79289089, -0.71834467, -0.1402408, -0.87235682, -0.45299152],
    [-3.3326103, -0.77265119, -0.71383554, -0.16273433, -0.89180312, -0.46308173],
    [-3.3954421, -0.75241149, -0.70932642, -0.18522785, -0.91124941, -0.47317195],
    [-3.458274, -0.73217179, -0.70481729, -0.20772137, -0.9306957, -0.48326217],
    [-3.5211058, -0.71193209, -0.70030816, -0.23021489, -0.950142, -0.49335239],
    [-3.5839377, -0.69169239, -0.69579904, -0.25270841, -0.96958829, -0.50344261],
    [-3.6467695, -0.67145269, -0.69128991, -0.27520193, -0.98903458, -0.51353283],
    [-3.7096014, -0.65121299, -0.68678078, -0.29769545, -1.0084809, -0.52362305],
    [-3.7724332, -0.63097329, -0.68227166, -0.32018897, -1.0279272, -0.53371327],
    [-3.8352651, -0.61073359, -0.67776253, -0.34268249, -1.0473735, -0.54380349],
    [-3.898097, -0.59049389, -0.6732534, -0.36517601, -1.0668198, -0.55389371],
    [-3.9609288, -0.57025419, -0.66874428, -0.38766953, -1.0862661, -0.56398393],
    [-4.0237607, -0.55001449, -0.66423515, -0.41016305, -1.1057123, -0.57407415],
    [-4.0865925, -0.52977479, -0.65972603, -0.43265657, -1.1251586, -0.58416437],
    [-4.1494244, -0.50953509, -0.6552169, -0.45515009, -1.1446049, -0.59425458],
    [-4.2122562, -0.48929539, -0.65070777, -0.47764361, -1.1640512, -0.6043448],
    [-4.2750881, -0.46905569, -0.64619865, -0.50013713, -1.1834975, -0.61443502],
    [-4.3379199, -0.44881599, -0.64168952, -0.52263065, -1.2029438, -0.62452524],
    [-4.4007518, -0.42857629, -0.63718039, -0.54512417, -1.2223901, -0.63461546],
    [-4.4635836, -0.40833659, -0.63267127, -0.56761769, -1.2418364, -0.64470568],
    [-4.5264155, -0.38809689, -0.62816214, -0.59011121, -1.2612827, -0.6547959],
    [-4.5892473, -0.36785719, -0.62365301, -0.61260473, -1.280729, -0.66488612],
    [-4.6520792, -0.34761749, -0.61914389, -0.63509825, -1.3001753, -0.67497634],
    [-4.714911, -0.32737779, -0.61463476, -0.65759177, -1.3196216, -0.68506656],
    [-4.7777429, -0.30713809, -0.61012563, -0.68008529, -1.3390679, -0.69515678],
    [-4.8405747, -0.28689839, -0.60561651, -0.70257881, -1.3585142, -0.705247],
    [-4.9034066, -0.26665869, -0.60110738, -0.72507233, -1.3779605, -0.71533722],
    [-4.9662385, -0.24641899, -0.59659826, -0.74756585, -1.3974067, -0.72542743],
    [-5.0290703, -0.22617929, -0.59208913, -0.77005937, -1.416853, -0.73551765],
    [-5.0919022, -0.20593959, -0.58758, -0.79255289, -1.4362993, -0.74560787],
    [-5.154734, -0.18569989, -0.58307088, -0.81504641, -1.4557456, -0.75569809],
    [-5.2175659, -0.16546019, -0.57856175, -0.83753993, -1.4751919, -0.76578831],
    [-5.2803977, -0.14522049, -0.57405262, -0.86003345, -1.4946382, -0.77587853],
    [-5.3429896, -0.1250581, -0.56956072, -0.88244105, -1.5140102, -0.78593021],
    [-5.3986305, -0.10713477, -0.56556765, -0.90236027, -1.531231, -0.79486564],
    [-5.4442715, -0.092432679, -0.56229223, -0.91869953, -1.5453567, -0.80219516],
    [-5.4799125, -0.08095184, -0.55973445, -0.93145883, -1.5563875, -0.80791877],
    [-5.5055534, -0.072692249, -0.55789433, -0.94063818, -1.5643233, -0.81203647],
    [-5.5211944, -0.067653906, -0.55677186, -0.94623758, -1.5691641, -0.81454827],
    [-5.5268354, -0.065836811, -0.55636703, -0.94825702, -1.57091, -0.81545415],
    [-5.5268559, -0.065830194, -0.55636556, -0.94826437, -1.5709164, -0.81545745]
  ]
}
