{
  "iteration": 16,
  "label": "pre_pick",
  "planning_time_ms": 82.683735,
  "scene": {
    "block_x": 0.17622169,
    "block_y": 0.45213644,
    "bin_x": 0.30569233,
    "bin_y": 0.38997555
  },
  "joint_names": ["shoulder_pan_joint", "shoulder_lift_joint", "elbow_joint", "wrist_1_joint", "wrist_2_joint", "wrist_3_joint"],
  "start_joints": [-0.45121964, -1.7008982, -0.9200156, 0.86801763, -9.7579942e-05, -0.00018854599],
  "goal_joints": [0.9329056, -0.76381334, 0.89697841, -1.7044816, -1.5703581, -0.63791286],
  "num_waypoints": 39,
  "trajectory": [
    [-0.45121964, -1.7008982, -0.9200156, 0.86801763, -9.7579942e-05, -0.00018854599],
    [-0.44852941, -1.6990769, -0.91648403, 0.86301763, -0.0031495934, -0.0014280494],
    [-0.4404587, -1.6936128, -0.90588931, 0.84801763, -0.012305634, -0.0051465596],
    [-0.42700753, -1.6845061, -0.88823144, 0.82301763, -0.027565701, -0.011344077],
    [-0.40817589, -1.6717566, -0.86351042, 0.78801763, -0.048929796, -0.020020601],
    [-0.38396378, -1.6553645, -0.83172626, 0.74301763, -0.076397917, -0.031176131],
    [-0.3543712, -1.6353296, -0.79287896, 0.68801763, -0.10997006, -0.044810668],
    [-0.31939816, -1.611652, -0.74696851, 0.62301765, -0.14964623, -0.060924208],
    [-0.27904465, -1.5843318, -0.69399493, 0.54801767, -0.19542642, -0.079516754],
    [-0.23333999, -1.5533887, -0.63399667, 0.46307217, -0.24727738, -0.1005748],
    [-0.18547679, -1.5209842, -0.57116481, 0.37411486, -0.30157716, -0.12262738],
    [-0.13761358, -1.4885797, -0.50833296, 0.28515755, -0.35587694, -0.14467996],
    [-0.089750378, -1.4561752, -0.44550111, 0.19620024, -0.41017672, -0.16673253],
    [-0.041887175, -1.4237707, -0.38266926, 0.10724294, -0.4644765, -0.18878511],
    [0.0059760282, -1.3913662, -0.3198374, 0.018285631, -0.51877628, -0.21083769],
    [0.053839232, -1.3589617, -0.25700555, -0.070671676, -0.57307607, -0.23289026],
    [0.10170243, -1.3265572, -0.1941737, -0.15962898, -0.62737585, -0.25494284],
    [0.14956564, -1.2941527, -0.13134184, -0.24858629, -0.68167563, -0.27699542],
    [0.19742884, -1.2617482, -0.06850999, -0.3375436, -0.73597541, -0.299048],
    [0.24529204, -1.2293437, -0.0056781371, -0.4265009, -0.79027519, -0.32110057],
    [0.29315525, -1.1969392, 0.057153716, -0.51545821, -0.84457497, -0.34315315],
    [0.34101845, -1.1645347, 0.11998557, -0.60441552, -0.89887475, -0.36520573],
    [0.38888165, -1.1321302, 0.18281742, -0.69337282, -0.95317453, -0.3872583],
    [0.43674486, -1.0997257, 0.24564928, -0.78233013, -1.0074743, -0.40931088],
    [0.48460806, -1.0673212, 0.30848113, -0.87128744, -1.0617741, -0.43136346],
    [0.53247126, -1.0349167, 0.37131298, -0.96024474, -1.1160739, -0.45341603],
    [0.58033447, -1.0025122, 0.43414483, -1.0492021, -1.1703736, -0.47546861],
    [0.62819767, -0.97010768, 0.49697669, -1.1381594, -1.2246734, -0.49752119],
    [0.67606088, -0.93770318, 0.55980854, -1.2271167, -1.2789732, -0.51957376],
    [0.72390615, -0.90531082, 0.62261686, -1.3160406, -1.3332526, -0.54161808],
    [0.76863985, -0.87502506, 0.6813405, -1.3991816, -1.3840021, -0.56222877],
    [0.80799309, -0.84838201, 0.73300099, -1.4723225, -1.4286475, -0.58036045],
    [0.84196586, -0.82538165, 0.77759834, -1.5354634, -1.4671889, -0.59601312],
    [0.87055816, -0.806024, 0.81513255, -1.5886043, -1.4996262, -0.60918679],
    [0.89376999, -0.79030906, 0.8456036, -1.6317452, -1.5259595, -0.61988145],
    [0.91160135, -0.77823681, 0.86901151, -1.6648861, -1.5461888, -0.6280971],
    [0.92405224, -0.76980727, 0.88535627, -1.688027, -1.5603141, -0.63383375],
    [0.93112267, -0.76502043, 0.89463789, -1.7011679, -1.5683354, -0.63709139],
    [0.9329056, -0.76381334, 0.89697841, -1.7044816, -1.5703581, -0.63791286]
  ]
}
