{
  "iteration": 283,
  "label": "pre_pick",
  "planning_time_ms": 57.350234,
  "scene": {
    "block_x": 0.13195925,
    "block_y": 0.42359323,
    "bin_x": 0.28410279,
    "bin_y": 0.33840677
  },
  "joint_names": ["shoulder_pan_joint", "shoulder_lift_joint", "elbow_joint", "wrist_1_joint", "wrist_2_joint", "wrist_3_joint"],
  "start_joints": [-0.45131989, -1.7007542, -0.92047769, 0.86864633, 3.9724548e-05, -0.0004794141],
  "goal_joints": [4.7103357, -3.3337304, 1.2596393, 3.6451942, 1.5713512, -0.0025415778],
  "num_waypoints": 90,
  "trajectory": [
    [-0.45131989, -1.7007542, -0.92047769, 0.86864633, 3.9724548e-05, -0.0004794141],
    [-0.44631989, -1.702336, -0.91836585, 0.87133592, 0.0015618248, -0.00048141168],
    [-0.43131989, -1.7070815, -0.91203034, 0.87940469, 0.0061281256, -0.00048740442],
    [-0.40631989, -1.7149907, -0.90147114, 0.89285264, 0.013738627, -0.00049739232],
    [-0.37131989, -1.7260635, -0.88668827, 0.91167977, 0.024393329, -0.00051137538],
    [-0.32631989, -1.7403, -0.86768172, 0.93588609, 0.038092231, -0.00052935359],
    [-0.27131989, -1.7577002, -0.84445149, 0.96547158, 0.054835334, -0.00055132697],
    [-0.20888912, -1.7774512, -0.81808274, 0.99905422, 0.073840514, -0.00057626906],
    [-0.14605726, -1.7973291, -0.79154459, 1.0328526, 0.09296779, -0.00060137139],
    [-0.083225412, -1.8172071, -0.76500644, 1.066651, 0.11209507, -0.00062647371],
    [-0.020393559, -1.837085, -0.73846829, 1.1004494, 0.13122234, -0.00065157604],
    [0.042438294, -1.8569629, -0.71193014, 1.1342478, 0.15034962, -0.00067667837],
    [0.10527015, -1.8768408, -0.68539199, 1.1680462, 0.16947689, -0.0007017807],
    [0.168102, -1.8967187, -0.65885384, 1.2018446, 0.18860417, -0.00072688302],
    [0.23093385, -1.9165966, -0.63231569, 1.2356429, 0.20773145, -0.00075198535],
    [0.29376571, -1.9364745, -0.60577754, 1.2694413, 0.22685872, -0.00077708768],
    [0.35659756, -1.9563524, -0.57923939, 1.3032397, 0.245986, -0.00080219],
    [0.41942941, -1.9762303, -0.55270124, 1.3370381, 0.26511327, -0.00082729233],
    [0.48226127, -1.9961082, -0.52616309, 1.3708365, 0.28424055, -0.00085239466],
    [0.54509312, -2.0159861, -0.49962494, 1.4046349, 0.30336783, -0.00087749699],
    [0.60792497, -2.035864, -0.47308679, 1.4384333, 0.3224951, -0.00090259931],
    [0.67075682, -2.055742, -0.44654864, 1.4722317, 0.34162238, -0.00092770164],
    [0.73358868, -2.0756199, -0.42001049, 1.5060301, 0.36074966, -0.00095280397],
    [0.79642053, -2.0954978, -0.39347234, 1.5398285, 0.37987693, -0.00097790629],
    [0.85925238, -2.1153757, -0.36693419, 1.5736268, 0.39900421, -0.0010030086],
    [0.92208424, -2.1352536, -0.34039604, 1.6074252, 0.41813148, -0.0010281109],
    [0.98491609, -2.1551315, -0.31385788, 1.6412236, 0.43725876, -0.0010532133],
    [1.0477479, -2.1750094, -0.28731973, 1.675022, 0.45638604, -0.0010783156],
    [1.1105798, -2.1948873, -0.26078158, 1.7088204, 0.47551331, -0.0011034179],
    [1.1734116, -2.2147652, -0.23424343, 1.7426188, 0.49464059, -0.0011285203],
    [1.2362435, -2.2346431, -0.20770528, 1.7764172, 0.51376786, -0.0011536226],
    [1.2990754, -2.254521, -0.18116713, 1.8102156, 0.53289514, -0.0011787249],
    [1.3619072, -2.274399, -0.15462898, 1.844014, 0.55202242, -0.0012038272],
    [1.4247391, -2.2942769, -0.12809083, 1.8778123, 0.57114969, -0.0012289296],
    [1.4875709, -2.3141548, -0.10155268, 1.9116107, 0.59027697, -0.0012540319],
    [1.5504028, -2.3340327, -0.075014531, 1.9454091, 0.60940424, -0.0012791342],
    [1.6132346, -2.3539106, -0.048476381, 1.9792075, 0.62853152, -0.0013042365],
    [1.6760665, -2.3737885, -0.02193823, 2.0130059, 0.6476588, -0.0013293389],
    [1.7388983, -2.3936664, 0.0045999201, 2.0468043, 0.66678607, -0.0013544412],
    [1.8017302, -2.4135443, 0.031138071, 2.0806027, 0.68591335, -0.0013795435],
    [1.864562, -2.4334222, 0.057676221, 2.1144011, 0.70504063, -0.0014046459],
    [1.9273939, -2.4533001, 0.084214371, 2.1481995, 0.7241679, -0.0014297482],
    [1.9902257, -2.473178, 0.11075252, 2.1819979, 0.74329518, -0.0014548505],
    [2.0530576, -2.493056, 0.13729067, 2.2157962, 0.76242245, -0.0014799528],
    [2.1158894, -2.5129339, 0.16382882, 2.2495946, 0.78154973, -0.0015050552],
    [2.1787213, -2.5328118, 0.19036697, 2.283393, 0.80067701, -0.0015301575],
    [2.2415532, -2.5526897, 0.21690512, 2.3171914, 0.81980428, -0.0015552598],
    [2.304385, -2.5725676, 0.24344327, 2.3509898, 0.83893156, -0.0015803621],
    [2.3672169, -2.5924455, 0.26998142, 2.3847882, 0.85805883, -0.0016054645],
    [2.4300487, -2.6123234, 0.29651957, 2.4185866, 0.87718611, -0.0016305668],
    [2.4928806, -2.6322013, 0.32305773, 2.452385, 0.89631339, -0.0016556691],
    [2.5557124, -2.6520792, 0.34959588, 2.4861834, 0.91544066, -0.0016807715],
    [2.6185443, -2.6719571, 0.37613403, 2.5199818, 0.93456794, -0.0017058738],
    [2.6813761, -2.691835, 0.40267218, 2.5537801, 0.95369521, -0.0017309761],
    [2.744208, -2.711713, 0.42921033, 2.5875785, 0.97282249, -0.0017560784],
    [2.8070398, -2.7315909, 0.45574848, 2.6213769, 0.99194977, -0.0017811808],
    [2.8698717, -2.7514688, 0.48228663, 2.6551753, 1.011077, -0.0018062831],
    [2.9327035, -2.7713467, 0.50882478, 2.6889737, 1.0302043, -0.0018313854],
    [2.9955354, -2.7912246, 0.53536293, 2.7227721, 1.0493316, -0.0018564877],
    [3.0583672, -2.8111025, 0.56190108, 2.7565705, 1.0684589, -0.0018815901],
    [3.1211991, -2.8309804, 0.58843923, 2.7903689, 1.0875861, -0.0019066924],
    [3.1840309, -2.8508583, 0.61497738, 2.8241673, 1.1067134, -0.0019317947],
    [3.2468628, -2.8707362, 0.64151553, 2.8579656, 1.1258407, -0.0019568971],
    [3.3096947, -2.8906141, 0.66805368, 2.891764, 1.144968, -0.0019819994],
    [3.3725265, -2.910492, 0.69459183, 2.9255624, 1.1640953, -0.0020071017],
    [3.4353584, -2.9303699, 0.72112998, 2.9593608, 1.1832225, -0.002032204],
    [3.4981902, -2.9502479, 0.74766813, 2.9931592, 1.2023498, -0.0020573064],
    [3.5610221, -2.9701258, 0.77420628, 3.0269576, 1.2214771, -0.0020824087],
    [3.6238539, -2.9900037, 0.80074443, 3.060756, 1.2406044, -0.002107511],
    [3.6866858, -3.0098816, 0.82728258, 3.0945544, 1.2597316, -0.0021326133],
    [3.7495176, -3.0297595, 0.85382073, 3.1283528, 1.2788589, -0.0021577157],
    [3.8123495, -3.0496374, 0.88035888, 3.1621512, 1.2979862, -0.002182818],
    [3.8751813, -3.0695153, 0.90689703, 3.1959495, 1.3171135, -0.0022079203],
    [3.9380132, -3.0893932, 0.93343518, 3.2297479, 1.3362407, -0.0022330226],
    [4.000845, -3.1092711, 0.95997334, 3.2635463, 1.355368, -0.002258125],
    [4.0636769, -3.129149, 0.98651149, 3.2973447, 1.3744953, -0.0022832273],
    [4.1265087, -3.1490269, 1.0130496, 3.3311431, 1.3936226, -0.0023083296],
    [4.1893406, -3.1689049, 1.0395878, 3.3649415, 1.4127498, -0.002333432],
    [4.2521725, -3.1887828, 1.0661259, 3.3987399, 1.4318771, -0.0023585343],
    [4.3150043, -3.2086607, 1.0926641, 3.4325383, 1.4510044, -0.0023836366],
    [4.3778362, -3.2285386, 1.1192022, 3.4663367, 1.4701317, -0.0024087389],
    [4.440668, -3.2484165, 1.1457404, 3.500135, 1.4892589, -0.0024338413],
    [4.5034999, -3.2682944, 1.1722785, 3.5339334, 1.5083862, -0.0024589436],
    [4.5627218, -3.2870302, 1.197292, 3.56579, 1.5264146, -0.0024826037],
    [4.6120567, -3.3026382, 1.2181294, 3.5923281, 1.5414331, -0.0025023138],
    [4.6513915, -3.3150824, 1.2347432, 3.613487, 1.5534074, -0.0025180287],
    [4.6807264, -3.324363, 1.2471333, 3.6292668, 1.5623375, -0.0025297484],
    [4.7000613, -3.3304799, 1.2552997, 3.6396674, 1.5682235, -0.002537473],
    [4.7093961, -3.3334331, 1.2592425, 3.6446888, 1.5710652, -0.0025412024],
    [4.7103357, -3.3337304, 1.2596393, 3.6451942, 1.5713512, -0.0025415778]
  ]
}
