{
  "iteration": 955,
  "label": "pre_pick",
  "planning_time_ms": 54.171452,
  "scene": {
    "block_x": 0.39227852,
    "block_y": 0.35796538,
    "bin_x": 0.25504841,
    "bin_y": 0.31931919
  },
  "joint_names": ["shoulder_pan_joint", "shoulder_lift_joint", "elbow_joint", "wrist_1_joint", "wrist_2_joint", "wrist_3_joint"],
  "start_joints": [-0.45133492, -1.7007285, -0.92068199, 0.86879541, 4.9329092e-05, -0.00049733639],
  "goal_joints": [-2.1549513, -2.7537808, -0.15959408, 4.4833717, 1.57071, -0.5847947],
  "num_waypoints": 43,
  "trajectory": [
    [-0.45133492, -1.7007285, -0.92068199, 0.86879541, 4.9329092e-05, -0.00049733639],
    [-0.45369152, -1.7021852, -0.91962918, 0.87379541, 0.0022220052, -0.0013055879],
    [-0.46076129, -1.7065552, -0.91647077, 0.88879541, 0.0087400333, -0.0037303425],
    [-0.47254425, -1.7138386, -0.91120675, 0.91379541, 0.019603414, -0.0077716002],
    [-0.4890404, -1.7240353, -0.90383713, 0.94879541, 0.034812146, -0.013429361],
    [-0.51024973, -1.7371454, -0.89436189, 0.99379541, 0.054366231, -0.020703625],
    [-0.53617224, -1.7531688, -0.88278105, 1.0487954, 0.078265667, -0.029594392],
    [-0.56680794, -1.7721056, -0.8690946, 1.1137954, 0.10651046, -0.040101662],
    [-0.60215682, -1.7939557, -0.85330255, 1.1887954, 0.13910059, -0.052225433],
    [-0.64221888, -1.8187191, -0.83540489, 1.2737954, 0.17603608, -0.065965707],
    [-0.68699412, -1.846396, -0.81540162, 1.3687954, 0.21731692, -0.081322484],
    [-0.73648254, -1.8769861, -0.79329274, 1.4737953, 0.2629431, -0.098295762],
    [-0.79068415, -1.9104896, -0.76907826, 1.5887953, 0.31291464, -0.11688554],
    [-0.84915579, -1.9466326, -0.74295615, 1.712855, 0.36682296, -0.13693984],
    [-0.90838341, -1.9832428, -0.71649631, 1.8385188, 0.42142827, -0.15725341],
    [-0.96761103, -2.019853, -0.69003646, 1.9641825, 0.47603357, -0.17756699],
    [-1.0268386, -2.0564632, -0.66357662, 2.0898462, 0.53063888, -0.19788057],
    [-1.0860663, -2.0930735, -0.63711677, 2.2155099, 0.58524418, -0.21819414],
    [-1.1452939, -2.1296837, -0.61065693, 2.3411736, 0.63984949, -0.23850772],
    [-1.2045215, -2.1662939, -0.58419709, 2.4668373, 0.69445479, -0.2588213],
    [-1.2637491, -2.2029041, -0.55773724, 2.592501, 0.7490601, -0.27913487],
    [-1.3229768, -2.2395144, -0.5312774, 2.7181647, 0.8036654, -0.29944845],
    [-1.3822044, -2.2761246, -0.50481755, 2.8438284, 0.85827071, -0.31976203],
    [-1.441432, -2.3127348, -0.47835771, 2.9694921, 0.91287601, -0.3400756],
    [-1.5006596, -2.349345, -0.45189786, 3.0951558, 0.96748132, -0.36038918],
    [-1.5598872, -2.3859552, -0.42543802, 3.2208195, 1.0220866, -0.38070276],
    [-1.6191149, -2.4225655, -0.39897817, 3.3464832, 1.0766919, -0.40101633],
    [-1.6783425, -2.4591757, -0.37251833, 3.4721469, 1.1312972, -0.42132991],
    [-1.7375701, -2.4957859, -0.34605848, 3.5978106, 1.1859025, -0.44164349],
    [-1.7966663, -2.5323149, -0.31965733, 3.7231956, 1.2403867, -0.461912],
    [-1.8524245, -2.5667806, -0.29474746, 3.8414982, 1.2917933, -0.48103565],
    [-1.9034695, -2.5983329, -0.27194319, 3.9498007, 1.3388546, -0.49854279],
    [-1.9498013, -2.6269719, -0.25124453, 4.0481033, 1.3815705, -0.51443343],
    [-1.9914199, -2.6526975, -0.23265147, 4.1364058, 1.4199411, -0.52870757],
    [-2.0283254, -2.6755098, -0.21616403, 4.2147084, 1.4539663, -0.5413652],
    [-2.0605176, -2.6954087, -0.20178219, 4.283011, 1.4836462, -0.55240633],
    [-2.0879967, -2.7123943, -0.18950596, 4.3413135, 1.5089807, -0.56183096],
    [-2.1107626, -2.7264665, -0.17933533, 4.3896161, 1.5299699, -0.56963908],
    [-2.1288153, -2.7376254, -0.17127032, 4.4279186, 1.5466137, -0.5758307],
    [-2.1421548, -2.7458709, -0.16531091, 4.4562212, 1.5589122, -0.58040582],
    [-2.1507812, -2.7512031, -0.16145711, 4.4745238, 1.5668653, -0.58336443],
    [-2.1546943, -2.7536219, -0.15970891, 4.4828263, 1.570473, -0.58470655],
    [-2.1549513, -2.7537808, -0.15959408, 4.4833717, 1.57071, -0.5847947]
  ]
}
