{
  "iteration": 568,
  "label": "pre_pick",
  "planning_time_ms": 53.987904,
  "scene": {
    "block_x": 0.12715129,
    "block_y": 0.49263106,
    "bin_x": 0.17501119,
    "bin_y": 0.32709169
  },
  "joint_names": ["shoulder_pan_joint", "shoulder_lift_joint", "elbow_joint", "wrist_1_joint", "wrist_2_joint", "wrist_3_joint"],
  "start_joints": [-0.45137896, -1.7008943, -0.91992883, 0.86780819, -9.5366541e-05, 4.0672595e-05],
  "goal_joints": [1.0650082, -0.61589027, 0.61822832, -1.573124, -1.5697011, -0.50646411],
  "num_waypoints": 36,
  "trajectory": [
    [-0.45137896, -1.7008943, -0.91992883, 0.86780819, -9.5366541e-05, 4.0672595e-05],
    [-0.44827279, -1.6986718, -0.91677808, 0.86280819, -0.0033105433, -0.00099685066],
    [-0.4389543, -1.6920042, -0.9073258, 0.84780819, -0.012956074, -0.0041094204],
    [-0.42342348, -1.6808916, -0.89157202, 0.82280819, -0.029031958, -0.0092970367],
    [-0.40168033, -1.665334, -0.86951671, 0.78780819, -0.051538195, -0.016559699],
    [-0.37372486, -1.6453313, -0.84115989, 0.74280819, -0.080474786, -0.025897409],
    [-0.33955706, -1.6208836, -0.80650156, 0.6878082, -0.11584173, -0.037310164],
    [-0.29917694, -1.5919909, -0.76554173, 0.62280822, -0.15763901, -0.050797962],
    [-0.25258449, -1.5586531, -0.71828037, 0.54780824, -0.20586665, -0.066360807],
    [-0.19977972, -1.5208702, -0.66471751, 0.46280827, -0.26052464, -0.083998696],
    [-0.14076526, -1.4786443, -0.60485581, 0.36781254, -0.32161025, -0.10371075],
    [-0.078822688, -1.4343232, -0.54202396, 0.26810342, -0.38572674, -0.12440086],
    [-0.016880114, -1.3900021, -0.47919211, 0.16839431, -0.44984322, -0.14509096],
    [0.04506246, -1.345681, -0.41636025, 0.068685188, -0.51395971, -0.16578107],
    [0.10700503, -1.3013599, -0.3535284, -0.031023931, -0.5780762, -0.18647117],
    [0.16894761, -1.2570388, -0.29069655, -0.13073305, -0.64219269, -0.20716128],
    [0.23089018, -1.2127177, -0.22786469, -0.23044217, -0.70630918, -0.22785139],
    [0.29283276, -1.1683966, -0.16503284, -0.33015129, -0.77042567, -0.24854149],
    [0.35477533, -1.1240755, -0.10220099, -0.4298604, -0.83454215, -0.2692316],
    [0.41671791, -1.0797544, -0.039369135, -0.52956952, -0.89865864, -0.2899217],
    [0.47866048, -1.0354333, 0.023462718, -0.62927864, -0.96277513, -0.31061181],
    [0.54060305, -0.99111218, 0.086294571, -0.72898776, -1.0268916, -0.33130191],
    [0.60254563, -0.94679108, 0.14912642, -0.82869688, -1.0910081, -0.35199202],
    [0.6644882, -0.90246998, 0.21195828, -0.928406, -1.1551246, -0.37268213],
    [0.72643078, -0.85814888, 0.27479013, -1.0281151, -1.2192411, -0.39337223],
    [0.78753516, -0.81442752, 0.33677176, -1.126475, -1.28249, -0.41378237],
    [0.84314447, -0.774638, 0.39317943, -1.2159894, -1.3400509, -0.43235703],
    [0.89254145, -0.73929351, 0.44328557, -1.2955039, -1.3911815, -0.44885665],
    [0.93572611, -0.70839407, 0.48709021, -1.3650183, -1.4358818, -0.46328122],
    [0.97269843, -0.68193966, 0.52459333, -1.4245328, -1.4741517, -0.47563074],
    [1.0034584, -0.65993029, 0.55579493, -1.4740472, -1.5059912, -0.48590522],
    [1.0280061, -0.64236597, 0.58069502, -1.5135617, -1.5314004, -0.49410465],
    [1.0463414, -0.62924668, 0.59929359, -1.5430761, -1.5503792, -0.50022903],
    [1.0584644, -0.62057243, 0.61159064, -1.5625906, -1.5629277, -0.50427837],
    [1.0643751, -0.61634322, 0.61758619, -1.572105, -1.5690458, -0.50625266],
    [1.0650082, -0.61589027, 0.61822832, -1.573124, -1.5697011, -0.50646411]
  ]
}
