{
  "iteration": 792,
  "label": "pre_pick",
  "planning_time_ms": 76.573124,
  "scene": {
    "block_x": 0.15939713,
    "block_y": 0.45819389,
    "bin_x": 0.37921073,
    "bin_y": 0.38827101
  },
  "joint_names": ["shoulder_pan_joint", "shoulder_lift_joint", "elbow_joint", "wrist_1_joint", "wrist_2_joint", "wrist_3_joint"],
  "start_joints": [-0.45142169, -1.700741, -0.92040299, 0.86842914, 2.7423148e-05, -0.00020139586],
  "goal_joints": [0.96811944, -0.7716353, 0.91119217, -1.710315, -1.5718054, -0.60192312],
  "num_waypoints": 39,
  "trajectory": [
    [-0.45142169, -1.700741, -0.92040299, 0.86842914, 2.7423148e-05, -0.00020139586],
    [-0.4486693, -1.6989395, -0.91685166, 0.86342914, -0.003020248, -0.0013680911],
    [-0.44041214, -1.6935351, -0.90619767, 0.84842914, -0.012163262, -0.004868177],
    [-0.4266502, -1.6845278, -0.88844101, 0.82342914, -0.027401617, -0.010701653],
    [-0.40738348, -1.6719175, -0.86358169, 0.78842914, -0.048735316, -0.01886852],
    [-0.38261198, -1.6557043, -0.8316197, 0.74342914, -0.076164356, -0.029368778],
    [-0.35233571, -1.6358881, -0.79255505, 0.68842915, -0.10968874, -0.042202425],
    [-0.31655467, -1.612469, -0.74638776, 0.62342917, -0.14930845, -0.057369459],
    [-0.27526885, -1.585447, -0.69311779, 0.54842919, -0.19502351, -0.074869884],
    [-0.2285434, -1.5548646, -0.63282922, 0.46354754, -0.24676178, -0.094676088],
    [-0.17984683, -1.5229922, -0.56999736, 0.37508515, -0.30068263, -0.11531782],
    [-0.13115026, -1.4911197, -0.50716551, 0.28662277, -0.35460348, -0.13595955],
    [-0.082453693, -1.4592473, -0.44433366, 0.19816039, -0.40852433, -0.15660127],
    [-0.033757124, -1.4273748, -0.3815018, 0.109698, -0.46244518, -0.177243],
    [0.014939445, -1.3955024, -0.31866995, 0.021235622, -0.51636603, -0.19788473],
    [0.063636013, -1.3636299, -0.2558381, -0.067226762, -0.57028688, -0.21852646],
    [0.11233258, -1.3317575, -0.19300624, -0.15568914, -0.62420773, -0.23916819],
    [0.16102915, -1.299885, -0.13017439, -0.24415153, -0.67812858, -0.25980992],
    [0.20972572, -1.2680126, -0.067342538, -0.33261391, -0.73204944, -0.28045165],
    [0.25842229, -1.2361401, -0.0045106849, -0.42107629, -0.78597029, -0.30109338],
    [0.30711886, -1.2042676, 0.058321168, -0.50953868, -0.83989114, -0.32173511],
    [0.35581543, -1.1723952, 0.12115302, -0.59800106, -0.89381199, -0.34237683],
    [0.40451199, -1.1405227, 0.18398487, -0.68646344, -0.94773284, -0.36301856],
    [0.45320856, -1.1086503, 0.24681673, -0.77492583, -1.0016537, -0.38366029],
    [0.50190513, -1.0767778, 0.30964858, -0.86338821, -1.0555745, -0.40430202],
    [0.5506017, -1.0449054, 0.37248043, -0.95185059, -1.1094954, -0.42494375],
    [0.59929827, -1.0130329, 0.43531229, -1.040313, -1.1634162, -0.44558548],
    [0.64799484, -0.98116047, 0.49814414, -1.1287754, -1.2173371, -0.46622721],
    [0.69669141, -0.94928801, 0.56097599, -1.2172377, -1.2712579, -0.48686894],
    [0.74538797, -0.91741556, 0.62380785, -1.3057001, -1.3251788, -0.50751067],
    [0.79209942, -0.88684239, 0.68407835, -1.3905563, -1.3769016, -0.52731093],
    [0.83336864, -0.85983122, 0.7373269, -1.4655262, -1.4225982, -0.54480432],
    [0.86913308, -0.83642299, 0.78347278, -1.530496, -1.4621996, -0.55996432],
    [0.89939275, -0.8166177, 0.822516, -1.5854658, -1.4957056, -0.57279093],
    [0.92414763, -0.80041535, 0.85445655, -1.6304356, -1.5231162, -0.58328414],
    [0.94339774, -0.78781593, 0.87929445, -1.6654055, -1.5444315, -0.59144397],
    [0.95714308, -0.77881946, 0.89702967, -1.6903753, -1.5596515, -0.59727041],
    [0.96538363, -0.77342592, 0.90766224, -1.7053451, -1.5687761, -0.60076345],
    [0.96811944, -0.7716353, 0.91119217, -1.710315, -1.5718054, -0.60192312]
  ]
}
