{
  "iteration": 402,
  "label": "pre_pick",
  "planning_time_ms": 38.261007,
  "scene": {
    "block_x": 0.1691998,
    "block_y": 0.49142916,
    "bin_x": 0.21467522,
    "bin_y": 0.3020902
  },
  "joint_names": ["shoulder_pan_joint", "shoulder_lift_joint", "elbow_joint", "wrist_1_joint", "wrist_2_joint", "wrist_3_joint"],
  "start_joints": [-0.45134985, -1.7009896, -0.91990329, 0.86782002, -1.2467813e-05, -4.682815e-05],
  "goal_joints": [-1.6449908, -3.0349051, 0.45971246, 4.1454488, 1.5709286, -0.074581179],
  "num_waypoints": 40,
  "trajectory": [
    [-0.45134985, -1.7009896, -0.91990329, 0.86782002, -1.2467813e-05, -4.682815e-05],
    [-0.45317074, -1.7030244, -0.9177987, 0.87282002, 0.0023839919, -0.00016052979],
    [-0.45863342, -1.7091291, -0.91148492, 0.88782002, 0.0095733712, -0.00050163469],
    [-0.46773787, -1.7193035, -0.90096195, 0.91282002, 0.02155567, -0.0010701429],
    [-0.48048411, -1.7335476, -0.88622979, 0.94782002, 0.038330888, -0.0018660543],
    [-0.49687213, -1.7518615, -0.86728844, 0.99282002, 0.059899026, -0.002889369],
    [-0.51690193, -1.7742452, -0.8441379, 1.04782, 0.086260083, -0.004140087],
    [-0.54057351, -1.8006986, -0.81677818, 1.11282, 0.11741406, -0.0056182082],
    [-0.56788687, -1.8312218, -0.78520926, 1.18782, 0.15336095, -0.0073237327],
    [-0.59884202, -1.8658147, -0.74943116, 1.27282, 0.19410077, -0.0092566604],
    [-0.63343894, -1.9044774, -0.70944388, 1.36782, 0.2396335, -0.011416991],
    [-0.67167765, -1.9472099, -0.6652474, 1.47282, 0.28995915, -0.013804725],
    [-0.71355814, -1.9940121, -0.61684174, 1.58782, 0.34507771, -0.016419863],
    [-0.75873798, -2.0445014, -0.56462267, 1.7118797, 0.40453853, -0.019241021],
    [-0.80450196, -2.0956435, -0.51172845, 1.8375434, 0.46476813, -0.022098654],
    [-0.85026594, -2.1467856, -0.45883422, 1.9632071, 0.52499773, -0.024956288],
    [-0.89602992, -2.1979277, -0.40594, 2.0888708, 0.58522734, -0.027813922],
    [-0.9417939, -2.2490697, -0.35304578, 2.2145345, 0.64545694, -0.030671556],
    [-0.98755789, -2.3002118, -0.30015155, 2.3401982, 0.70568654, -0.03352919],
    [-1.0333219, -2.3513539, -0.24725733, 2.4658619, 0.76591615, -0.036386823],
    [-1.0790859, -2.402496, -0.19436311, 2.5915256, 0.82614575, -0.039244457],
    [-1.1248498, -2.4536381, -0.14146888, 2.7171893, 0.88637535, -0.042102091],
    [-1.1706138, -2.5047802, -0.088574661, 2.842853, 0.94660495, -0.044959725],
    [-1.2163778, -2.5559222, -0.035680438, 2.9685167, 1.0068346, -0.047817359],
    [-1.2621418, -2.6070643, 0.017213786, 3.0941804, 1.0670642, -0.050674992],
    [-1.3079058, -2.6582064, 0.070108009, 3.2198441, 1.1272938, -0.053532626],
    [-1.3536697, -2.7093485, 0.12300223, 3.3455079, 1.1875234, -0.05639026],
    [-1.397901, -2.7587778, 0.17412496, 3.4669629, 1.2457358, -0.059152188],
    [-1.4385029, -2.8041511, 0.22105284, 3.5784521, 1.2991716, -0.061687487],
    [-1.4754631, -2.8454548, 0.26377153, 3.6799412, 1.3478146, -0.063995383],
    [-1.5087814, -2.8826886, 0.30228103, 3.7714303, 1.3916646, -0.066075876],
    [-1.538458, -2.9158527, 0.33658134, 3.8529194, 1.4307217, -0.067928965],
    [-1.5644928, -2.9449471, 0.36667246, 3.9244086, 1.4649858, -0.069554652],
    [-1.5868858, -2.9699717, 0.3925544, 3.9858977, 1.4944571, -0.070952935],
    [-1.605637, -2.9909265, 0.41422714, 4.0373868, 1.5191354, -0.072123814],
    [-1.6207464, -3.0078116, 0.4316907, 4.078876, 1.5390208, -0.073067291],
    [-1.6322141, -3.0206269, 0.44494507, 4.1103651, 1.5541133, -0.073783364],
    [-1.64004, -3.0293724, 0.45399025, 4.1318542, 1.5644129, -0.074272034],
    [-1.644224, -3.0340482, 0.45882624, 4.1433434, 1.5699195, -0.0745333],
    [-1.6449908, -3.0349051, 0.45971246, 4.1454488, 1.5709286, -0.074581179]
  ]
}
