{
  "iteration": 743,
  "label": "pre_pick",
  "planning_time_ms": 52.383951,
  "scene": {
    "block_x": 0.23415228,
    "block_y": 0.39294741,
    "bin_x": 0.34946438,
    "bin_y": 0.3047922
  },
  "joint_names": ["shoulder_pan_joint", "shoulder_lift_joint", "elbow_joint", "wrist_1_joint", "wrist_2_joint", "wrist_3_joint"],
  "start_joints": [-0.45131922, -1.700903, -0.92010949, 0.86798669, -5.9848393e-05, -0.00017160602],
  "goal_joints": [-1.8184529, -3.3036694, 1.1627501, -2.5712902, 1.5698392, -0.24743482],
  "num_waypoints": 45,
  "trajectory": [
    [-0.45131922, -1.700903, -0.92010949, 0.86798669, -5.9848393e-05, -0.00017160602],
    [-0.45330675, -1.7032331, -0.91708144, 0.86298669, 0.0022224614, -0.00053107579],
    [-0.45926934, -1.7102234, -0.9079973, 0.84798669, 0.0090693907, -0.0016094851],
    [-0.469207, -1.7218739, -0.89285705, 0.82298669, 0.020480939, -0.003406834],
    [-0.48311971, -1.7381845, -0.87166071, 0.78798669, 0.036457108, -0.0059231224],
    [-0.50100749, -1.7591553, -0.84440827, 0.74298669, 0.056997896, -0.0091583503],
    [-0.52287032, -1.7847864, -0.81109974, 0.68798669, 0.082103303, -0.013112518],
    [-0.54870822, -1.8150776, -0.77173511, 0.62298669, 0.11177333, -0.017785624],
    [-0.57852118, -1.8500289, -0.72631438, 0.5479867, 0.14600797, -0.023177671],
    [-0.6123092, -1.8896405, -0.67483755, 0.46298671, 0.18480723, -0.029288656],
    [-0.65007227, -1.9339122, -0.61730464, 0.36798673, 0.22817111, -0.03611858],
    [-0.69103395, -1.9819339, -0.55489857, 0.26494006, 0.27520799, -0.043527012],
    [-0.73227511, -2.0302832, -0.49206672, 0.16119033, 0.3225658, -0.050985991],
    [-0.77351627, -2.0786324, -0.42923487, 0.057440589, 0.36992361, -0.05844497],
    [-0.81475742, -2.1269817, -0.36640301, -0.046309148, 0.41728141, -0.065903949],
    [-0.85599858, -2.175331, -0.30357116, -0.15005889, 0.46463922, -0.073362928],
    [-0.89723973, -2.2236803, -0.24073931, -0.25380862, 0.51199703, -0.080821907],
    [-0.93848089, -2.2720296, -0.17790745, -0.35755836, 0.55935484, -0.088280885],
    [-0.97972205, -2.3203789, -0.1150756, -0.4613081, 0.60671264, -0.095739864],
    [-1.0209632, -2.3687282, -0.052243748, -0.56505783, 0.65407045, -0.10319884],
    [-1.0622044, -2.4170775, 0.010588106, -0.66880757, 0.70142826, -0.11065782],
    [-1.1034455, -2.4654268, 0.073419959, -0.77255731, 0.74878607, -0.1181168],
    [-1.1446867, -2.513776, 0.13625181, -0.87630704, 0.79614387, -0.12557578],
    [-1.1859278, -2.5621253, 0.19908366, -0.98005678, 0.84350168, -0.13303476],
    [-1.227169, -2.6104746, 0.26191552, -1.0838065, 0.89085949, -0.14049374],
    [-1.2684101, -2.6588239, 0.32474737, -1.1875563, 0.9382173, -0.14795272],
    [-1.3096513, -2.7071732, 0.38757922, -1.291306, 0.9855751, -0.15541169],
    [-1.3508925, -2.7555225, 0.45041108, -1.3950557, 1.0329329, -0.16287067],
    [-1.3921336, -2.8038718, 0.51324293, -1.4988055, 1.0802907, -0.17032965],
    [-1.4333748, -2.8522211, 0.57607478, -1.6025552, 1.1276485, -0.17778863],
    [-1.4746159, -2.9005703, 0.63890664, -1.7063049, 1.1750063, -0.18524761],
    [-1.5158571, -2.9489196, 0.70173849, -1.8100547, 1.2223641, -0.19270659],
    [-1.5570982, -2.9972689, 0.76457034, -1.9138044, 1.2697219, -0.20016557],
    [-1.5983394, -3.0456182, 0.8274022, -2.0175541, 1.3170798, -0.20762455],
    [-1.6381437, -3.092283, 0.88804495, -2.1176892, 1.3627876, -0.21482365],
    [-1.6740175, -3.1343398, 0.9426995, -2.2079363, 1.403982, -0.22131187],
    [-1.7059162, -3.1717365, 0.99129796, -2.2881835, 1.4406118, -0.22708116],
    [-1.7338399, -3.2044729, 1.0338403, -2.3584306, 1.4726769, -0.2321315],
    [-1.7577885, -3.2325492, 1.0703266, -2.4186778, 1.5001774, -0.23646291],
    [-1.777762, -3.2559653, 1.1007567, -2.4689249, 1.5231133, -0.24007538],
    [-1.7937605, -3.2747212, 1.1251308, -2.5091721, 1.5414846, -0.2429689],
    [-1.805784, -3.2888169, 1.1434488, -2.5394192, 1.5552913, -0.24514349],
    [-1.8138323, -3.2982525, 1.1557107, -2.5596664, 1.5645334, -0.24659914],
    [-1.8179056, -3.3030279, 1.1619164, -2.5699135, 1.5692108, -0.24733585],
    [-1.8184529, -3.3036694, 1.1627501, -2.5712902, 1.5698392, -0.24743482]
  ]
}
