{
  "iteration": 650,
  "label": "pre_pick",
  "planning_time_ms": 55.240287,
  "scene": {
    "block_x": 0.37428563,
    "block_y": 0.36971824,
    "bin_x": 0.19848954,
    "bin_y": 0.26577938
  },
  "joint_names": ["shoulder_pan_joint", "shoulder_lift_joint", "elbow_joint", "wrist_1_joint", "wrist_2_joint", "wrist_3_joint"],
  "start_joints": [-0.45122546, -1.7008603, -0.92031792, 0.86835473, -2.2809599e-05, -0.00018258631],
  "goal_joints": [-2.1110475, -2.6828003, -0.30648468, 4.5598545, 1.5696694, -0.54013872],
  "num_waypoints": 43,
  "trajectory": [
    [-0.45122546, -1.7008603, -0.92031792, 0.86835473, -2.2809599e-05, -0.00018258631],
    [-0.45347363, -1.7021903, -0.91948651, 0.87335473, 0.0021032804, -0.00091393693],
    [-0.46021813, -1.7061803, -0.91699226, 0.88835473, 0.0084815506, -0.0031079888],
    [-0.47145897, -1.7128303, -0.91283519, 0.91335473, 0.019112001, -0.0067647419],
    [-0.48719614, -1.7221404, -0.90701529, 0.94835473, 0.033994631, -0.011884196],
    [-0.50742965, -1.7341104, -0.89953256, 0.99335473, 0.053129441, -0.018466352],
    [-0.53215949, -1.7487404, -0.890387, 1.0483547, 0.076516432, -0.026511209],
    [-0.56138567, -1.7660304, -0.87957861, 1.1133547, 0.1041556, -0.036018767],
    [-0.59510818, -1.7859804, -0.8671074, 1.1883547, 0.13604695, -0.046989024],
    [-0.63332702, -1.8085904, -0.85297336, 1.2733547, 0.17219047, -0.059421982],
    [-0.6760422, -1.8338605, -0.83717649, 1.3683547, 0.21258617, -0.073317641],
    [-0.72325371, -1.8617905, -0.81971679, 1.4733547, 0.25723405, -0.088676],
    [-0.77496155, -1.8923805, -0.80059426, 1.5883546, 0.30613411, -0.10549706],
    [-0.83074294, -1.9253804, -0.77996526, 1.7124143, 0.35888652, -0.12364329],
    [-0.88724556, -1.958807, -0.75906953, 1.838078, 0.41232099, -0.14202413],
    [-0.94374817, -1.9922336, -0.73817381, 1.9637417, 0.46575546, -0.16040498],
    [-1.0002508, -2.0256601, -0.71727809, 2.0894054, 0.51918993, -0.17878582],
    [-1.0567534, -2.0590867, -0.69638236, 2.2150691, 0.5726244, -0.19716667],
    [-1.113256, -2.0925133, -0.67548664, 2.3407328, 0.62605888, -0.21554751],
    [-1.1697586, -2.1259399, -0.65459092, 2.4663965, 0.67949335, -0.23392836],
    [-1.2262612, -2.1593665, -0.63369519, 2.5920603, 0.73292782, -0.25230921],
    [-1.2827639, -2.192793, -0.61279947, 2.717724, 0.78636229, -0.27069005],
    [-1.3392665, -2.2262196, -0.59190374, 2.8433877, 0.83979676, -0.2890709],
    [-1.3957691, -2.2596462, -0.57100802, 2.9690514, 0.89323123, -0.30745174],
    [-1.4522717, -2.2930728, -0.5501123, 3.0947151, 0.9466657, -0.32583259],
    [-1.5087743, -2.3264994, -0.52921657, 3.2203788, 1.0001002, -0.34421344],
    [-1.5652769, -2.3599259, -0.50832085, 3.3460425, 1.0535346, -0.36259428],
    [-1.6217796, -2.3933525, -0.48742512, 3.4717062, 1.1069691, -0.38097513],
    [-1.6782822, -2.4267791, -0.4665294, 3.5973699, 1.1604036, -0.39935597],
    [-1.7347848, -2.4602057, -0.44563368, 3.7230336, 1.2138381, -0.41773682],
    [-1.7904121, -2.4931144, -0.42506166, 3.8467506, 1.2664447, -0.43583292],
    [-1.8418609, -2.5235512, -0.40603492, 3.9611745, 1.3150999, -0.45256972],
    [-1.8888134, -2.551328, -0.388671, 4.0655985, 1.3595028, -0.46784383],
    [-1.9312696, -2.5764448, -0.37296992, 4.1600224, 1.3996536, -0.48165523],
    [-1.9692294, -2.5989016, -0.35893166, 4.2444464, 1.4355521, -0.49400393],
    [-2.0026929, -2.6186984, -0.34655623, 4.3188703, 1.4671985, -0.50488993],
    [-2.0316601, -2.6358352, -0.33584363, 4.3832942, 1.4945928, -0.51431323],
    [-2.0561309, -2.650312, -0.32679386, 4.4377182, 1.5177348, -0.52227382],
    [-2.0761054, -2.6621288, -0.31940692, 4.4821421, 1.5366247, -0.52877172],
    [-2.0915836, -2.6712855, -0.31368281, 4.5165661, 1.5512623, -0.53380691],
    [-2.1025654, -2.6777823, -0.30962152, 4.54099, 1.5616478, -0.53737941],
    [-2.1090509, -2.6816191, -0.30722307, 4.555414, 1.5677812, -0.5394892],
    [-2.1110475, -2.6828003, -0.30648468, 4.5598545, 1.5696694, -0.54013872]
  ]
}
