{
  "iteration": 526,
  "label": "pre_pick",
  "planning_time_ms": 40.311953,
  "scene": {
    "block_x": 0.15407715,
    "block_y": 0.48537027,
    "bin_x": 0.29370532,
    "bin_y": 0.31435625
  },
  "joint_names": ["shoulder_pan_joint", "shoulder_lift_joint", "elbow_joint", "wrist_1_joint", "wrist_2_joint", "wrist_3_joint"],
  "start_joints": [-0.45128748, -1.7008322, -0.91995301, 0.86789738, 2.7858673e-05, 8.1966965e-07],
  "goal_joints": [1.0078636, -0.040673602, -0.61701161, -0.91281707, -1.5709735, -0.56322207],
  "num_waypoints": 35,
  "trajectory": [
    [-0.45128748, -1.7008322, -0.91995301, 0.86789738, 2.7858673e-05, 8.1966965e-07],
    [-0.44719039, -1.6961707, -0.91910239, 0.86289738, -0.0043832959, -0.0015806323],
    [-0.43489911, -1.6821862, -0.91655053, 0.84789738, -0.017616759, -0.0063249883],
    [-0.41441363, -1.6588787, -0.91229745, 0.82289738, -0.039672532, -0.014232248],
    [-0.38573397, -1.6262482, -0.90634312, 0.78789738, -0.070550614, -0.025302412],
    [-0.34886012, -1.5842948, -0.89868757, 0.74289738, -0.110251, -0.03953548],
    [-0.30379209, -1.5330183, -0.88933077, 0.68789739, -0.1587737, -0.05693145],
    [-0.25080806, -1.4727354, -0.8783305, 0.6232369, -0.21581918, -0.077382943],
    [-0.19558371, -1.4099036, -0.86686511, 0.55584238, -0.27527671, -0.098699183],
    [-0.14035937, -1.3470717, -0.85539972, 0.48844786, -0.33473424, -0.12001542],
    [-0.085135027, -1.2842399, -0.84393433, 0.42105334, -0.39419177, -0.14133166],
    [-0.029910683, -1.221408, -0.83246894, 0.35365882, -0.45364929, -0.1626479],
    [0.02531366, -1.1585761, -0.82100354, 0.2862643, -0.51310682, -0.18396414],
    [0.080538004, -1.0957443, -0.80953815, 0.21886978, -0.57256435, -0.20528038],
    [0.13576235, -1.0329124, -0.79807276, 0.15147526, -0.63202188, -0.22659662],
    [0.19098669, -0.97008059, -0.78660737, 0.084080744, -0.69147941, -0.24791286],
    [0.24621104, -0.90724873, -0.77514197, 0.016686224, -0.75093693, -0.2692291],
    [0.30143538, -0.84441688, -0.76367658, -0.050708295, -0.81039446, -0.29054534],
    [0.35665972, -0.78158503, -0.75221119, -0.11810281, -0.86985199, -0.31186158],
    [0.41188407, -0.71875317, -0.7407458, -0.18549733, -0.92930952, -0.33317782],
    [0.46710841, -0.65592132, -0.7292804, -0.25289185, -0.98876705, -0.35449406],
    [0.52233275, -0.59308947, -0.71781501, -0.32028637, -1.0482246, -0.3758103],
    [0.5775571, -0.53025761, -0.70634962, -0.38768089, -1.1076821, -0.39712654],
    [0.63278144, -0.46742576, -0.69488423, -0.45507541, -1.1671396, -0.41844278],
    [0.68800578, -0.40459391, -0.68341883, -0.52246993, -1.2265972, -0.43975902],
    [0.74323013, -0.34176205, -0.67195344, -0.58986445, -1.2860547, -0.46107526],
    [0.79845447, -0.2789302, -0.66048805, -0.65725897, -1.3455122, -0.4823915],
    [0.8523112, -0.21765436, -0.64930659, -0.72298449, -1.4034973, -0.50317985],
    [0.89870422, -0.1648704, -0.63967472, -0.77960147, -1.4534465, -0.52108725],
    [0.93690306, -0.12140943, -0.63174407, -0.82621844, -1.4945735, -0.53583175],
    [0.9669077, -0.087271458, -0.62551466, -0.86283542, -1.5268781, -0.54741335],
    [0.98871815, -0.062456475, -0.62098649, -0.88945239, -1.5503604, -0.55583205],
    [1.0023344, -0.046964483, -0.61815955, -0.90606937, -1.5650204, -0.56108783],
    [1.0077565, -0.040795482, -0.61703385, -0.91268634, -1.5708581, -0.56318072],
    [1.0078636, -0.040673602, -0.61701161, -0.91281707, -1.5709735, -0.56322207]
  ]
}
