{
  "iteration": 318,
  "label": "pre_pick",
  "planning_time_ms": 59.264354,
  "scene": {
    "block_x": 0.36050363,
    "block_y": 0.38766018,
    "bin_x": 0.26449392,
    "bin_y": 0.30990686
  },
  "joint_names": ["shoulder_pan_joint", "shoulder_lift_joint", "elbow_joint", "wrist_1_joint", "wrist_2_joint", "wrist_3_joint"],
  "start_joints": [-0.4514334, -1.7006851, -0.92064582, 0.86881089, 1.2507289e-05, -0.00043522539],
  "goal_joints": [4.2114253, -2.9246505, 0.20813724, 4.2860526, 1.5712174, -0.50181669],
  "num_waypoints": 82,
  "trajectory": [
    [-0.4514334, -1.7006851, -0.92064582, 0.86881089, 1.2507289e-05, -0.00043522539],
    [-0.4464334, -1.7019976, -0.91943543, 0.87247521, 0.0016973158, -0.00097285852],
    [-0.4314334, -1.705935, -0.91580423, 0.88346818, 0.0067517415, -0.0025857579],
    [-0.4064334, -1.7124973, -0.90975224, 0.90178978, 0.015175784, -0.0052739236],
    [-0.3714334, -1.7216845, -0.90127945, 0.92744002, 0.026969444, -0.0090373555],
    [-0.3264334, -1.7334967, -0.89038587, 0.9604189, 0.042132721, -0.013876054],
    [-0.2714334, -1.7479338, -0.87707149, 1.0007264, 0.060665615, -0.019790018],
    [-0.20900262, -1.7643214, -0.86195827, 1.0464797, 0.081702396, -0.026502989],
    [-0.14617077, -1.7808143, -0.84674796, 1.0925269, 0.10287433, -0.033259086],
    [-0.083338915, -1.7973072, -0.83153765, 1.1385741, 0.12404625, -0.040015183],
    [-0.020507062, -1.8138001, -0.81632734, 1.1846213, 0.14521818, -0.04677128],
    [0.042324791, -1.8302929, -0.80111703, 1.2306685, 0.16639011, -0.053527377],
    [0.10515664, -1.8467858, -0.78590672, 1.2767157, 0.18756204, -0.060283475],
    [0.1679885, -1.8632787, -0.77069641, 1.322763, 0.20873397, -0.067039572],
    [0.23082035, -1.8797716, -0.7554861, 1.3688102, 0.2299059, -0.073795669],
    [0.2936522, -1.8962645, -0.74027579, 1.4148574, 0.25107783, -0.080551766],
    [0.35648406, -1.9127574, -0.72506547, 1.4609046, 0.27224976, -0.087307863],
    [0.41931591, -1.9292503, -0.70985516, 1.5069518, 0.29342168, -0.094063961],
    [0.48214776, -1.9457432, -0.69464485, 1.552999, 0.31459361, -0.10082006],
    [0.54497962, -1.9622361, -0.67943454, 1.5990462, 0.33576554, -0.10757615],
    [0.60781147, -1.9787289, -0.66422423, 1.6450934, 0.35693747, -0.11433225],
    [0.67064332, -1.9952218, -0.64901392, 1.6911406, 0.3781094, -0.12108835],
    [0.73347517, -2.0117147, -0.63380361, 1.7371878, 0.39928133, -0.12784445],
    [0.79630703, -2.0282076, -0.6185933, 1.783235, 0.42045326, -0.13460054],
    [0.85913888, -2.0447005, -0.60338299, 1.8292822, 0.44162519, -0.14135664],
    [0.92197073, -2.0611934, -0.58817268, 1.8753295, 0.46279711, -0.14811274],
    [0.98480259, -2.0776863, -0.57296236, 1.9213767, 0.48396904, -0.15486884],
    [1.0476344, -2.0941792, -0.55775205, 1.9674239, 0.50514097, -0.16162493],
    [1.1104663, -2.1106721, -0.54254174, 2.0134711, 0.5263129, -0.16838103],
    [1.1732981, -2.127165, -0.52733143, 2.0595183, 0.54748483, -0.17513713],
    [1.23613, -2.1436578, -0.51212112, 2.1055655, 0.56865676, -0.18189322],
    [1.2989619, -2.1601507, -0.49691081, 2.1516127, 0.58982869, -0.18864932],
    [1.3617937, -2.1766436, -0.4817005, 2.1976599, 0.61100062, -0.19540542],
    [1.4246256, -2.1931365, -0.46649019, 2.2437071, 0.63217254, -0.20216152],
    [1.4874574, -2.2096294, -0.45127988, 2.2897543, 0.65334447, -0.20891761],
    [1.5502893, -2.2261223, -0.43606957, 2.3358015, 0.6745164, -0.21567371],
    [1.6131211, -2.2426152, -0.42085925, 2.3818487, 0.69568833, -0.22242981],
    [1.675953, -2.2591081, -0.40564894, 2.4278959, 0.71686026, -0.2291859],
    [1.7387848, -2.275601, -0.39043863, 2.4739432, 0.73803219, -0.235942],
    [1.8016167, -2.2920938, -0.37522832, 2.5199904, 0.75920412, -0.2426981],
    [1.8644485, -2.3085867, -0.36001801, 2.5660376, 0.78037605, -0.2494542],
    [1.9272804, -2.3250796, -0.3448077, 2.6120848, 0.80154797, -0.25621029],
    [1.9901122, -2.3415725, -0.32959739, 2.658132, 0.8227199, -0.26296639],
    [2.0529441, -2.3580654, -0.31438708, 2.7041792, 0.84389183, -0.26972249],
    [2.1157759, -2.3745583, -0.29917677, 2.7502264, 0.86506376, -0.27647858],
    [2.1786078, -2.3910512, -0.28396646, 2.7962736, 0.88623569, -0.28323468],
    [2.2414396, -2.4075441, -0.26875614, 2.8423208, 0.90740762, -0.28999078],
    [2.3042715, -2.424037, -0.25354583, 2.888368, 0.92857955, -0.29674688],
    [2.3671034, -2.4405298, -0.23833552, 2.9344152, 0.94975148, -0.30350297],
    [2.4299352, -2.4570227, -0.22312521, 2.9804624, 0.9709234, -0.31025907],
    [2.4927671, -2.4735156, -0.2079149, 3.0265097, 0.99209533, -0.31701517],
    [2.5555989, -2.4900085, -0.19270459, 3.0725569, 1.0132673, -0.32377126],
    [2.6184308, -2.5065014, -0.17749428, 3.1186041, 1.0344392, -0.33052736],
    [2.6812626, -2.5229943, -0.16228397, 3.1646513, 1.0556111, -0.33728346],
    [2.7440945, -2.5394872, -0.14707366, 3.2106985, 1.076783, -0.34403956],
    [2.8069263, -2.5559801, -0.13186335, 3.2567457, 1.097955, -0.35079565],
    [2.8697582, -2.572473, -0.11665303, 3.3027929, 1.1191269, -0.35755175],
    [2.93259, -2.5889658, -0.10144272, 3.3488401, 1.1402988, -0.36430785],
    [2.9954219, -2.6054587, -0.086232412, 3.3948873, 1.1614708, -0.37106395],
    [3.0582537, -2.6219516, -0.071022101, 3.4409345, 1.1826427, -0.37782004],
    [3.1210856, -2.6384445, -0.05581179, 3.4869817, 1.2038146, -0.38457614],
    [3.1839174, -2.6549374, -0.040601479, 3.5330289, 1.2249866, -0.39133224],
    [3.2467493, -2.6714303, -0.025391168, 3.5790762, 1.2461585, -0.39808833],
    [3.3095812, -2.6879232, -0.010180857, 3.6251234, 1.2673304, -0.40484443],
    [3.372413, -2.7044161, 0.005029454, 3.6711706, 1.2885023, -0.41160053],
    [3.4352449, -2.720909, 0.020239765, 3.7172178, 1.3096743, -0.41835663],
    [3.4980767, -2.7374019, 0.035450076, 3.763265, 1.3308462, -0.42511272],
    [3.5609086, -2.7538947, 0.050660387, 3.8093122, 1.3520181, -0.43186882],
    [3.6237404, -2.7703876, 0.065870698, 3.8553594, 1.3731901, -0.43862492],
    [3.6865723, -2.7868805, 0.081081009, 3.9014066, 1.394362, -0.44538101],
    [3.7494041, -2.8033734, 0.09629132, 3.9474538, 1.4155339, -0.45213711],
    [3.812236, -2.8198663, 0.11150163, 3.993501, 1.4367058, -0.45889321],
    [3.8750678, -2.8363592, 0.12671194, 4.0395482, 1.4578778, -0.46564931],
    [3.9378997, -2.8528521, 0.14192225, 4.0855954, 1.4790497, -0.4724054],
    [4.0007315, -2.869345, 0.15713256, 4.1316427, 1.5002216, -0.4791615],
    [4.0604563, -2.8850223, 0.17159072, 4.1754128, 1.5203466, -0.48558351],
    [4.1104052, -2.8981335, 0.18368233, 4.2120186, 1.5371775, -0.49095434],
    [4.1503541, -2.9086198, 0.19335314, 4.2412957, 1.5506387, -0.49524991],
    [4.180303, -2.9164811, 0.20060315, 4.2632441, 1.5607303, -0.49847021],
    [4.2002519, -2.9217176, 0.20543237, 4.2778639, 1.5674523, -0.50061525],
    [4.2102008, -2.9243291, 0.20784079, 4.2851551, 1.5708047, -0.50168502],
    [4.2114253, -2.9246505, 0.20813724, 4.2860526, 1.5712174, -0.50181669]
  ]
}
