{
  "iteration": 431,
  "label": "pre_pick",
  "planning_time_ms": 58.211889,
  "scene": {
    "block_x": 0.19589142,
    "block_y": 0.38723186,
    "bin_x": 0.31996392,
    "bin_y": 0.38938427
  },
  "joint_names": ["shoulder_pan_joint", "shoulder_lift_joint", "elbow_joint", "wrist_1_joint", "wrist_2_joint", "wrist_3_joint"],
  "start_joints": [-0.45125351, -1.7008043, -0.92015246, 0.86820028, 6.9817602e-05, -0.00012867034],
  "goal_joints": [0.79841721, 0.2133761, -1.3328701, 5.8320119, -1.5706572, -0.77327199],
  "num_waypoints": 54,
  "trajectory": [
    [-0.45125351, -1.7008043, -0.92015246, 0.86820028, 6.9817602e-05, -0.00012867034],
    [-0.44999473, -1.6988762, -0.92056819, 0.87320028, -0.0015123607, -0.00090745022],
    [-0.44621839, -1.6930918, -0.92181537, 0.88820028, -0.0062588955, -0.0032437898],
    [-0.43992448, -1.6834511, -0.923894, 0.91320028, -0.014169787, -0.0071376892],
    [-0.43111301, -1.6699542, -0.92680408, 0.94820028, -0.025245035, -0.012589148],
    [-0.41978398, -1.652601, -0.93054562, 0.99320028, -0.03948464, -0.019598167],
    [-0.40593738, -1.6313915, -0.93511862, 1.0482003, -0.056888601, -0.028164746],
    [-0.38957322, -1.6063257, -0.94052306, 1.1132003, -0.077456918, -0.038288884],
    [-0.3706915, -1.5774037, -0.94675896, 1.1882003, -0.10118959, -0.049970581],
    [-0.34929223, -1.5446254, -0.95382631, 1.2732003, -0.12808662, -0.063209837],
    [-0.32537538, -1.5079908, -0.96172511, 1.3682002, -0.158148, -0.078006652],
    [-0.29894098, -1.4675, -0.97045537, 1.4732002, -0.19137374, -0.094361026],
    [-0.26998901, -1.4231528, -0.98001708, 1.5882002, -0.22776383, -0.11227296],
    [-0.23875621, -1.3753121, -0.99033206, 1.7122599, -0.26702074, -0.131596],
    [-0.20711958, -1.3268527, -1.0007804, 1.8379236, -0.30678522, -0.15116887],
    [-0.17548295, -1.2783934, -1.0112288, 1.9635873, -0.3465497, -0.17074174],
    [-0.14384633, -1.2299341, -1.0216771, 2.089251, -0.38631417, -0.19031462],
    [-0.1122097, -1.1814747, -1.0321254, 2.2149147, -0.42607865, -0.20988749],
    [-0.080573074, -1.1330154, -1.0425738, 2.3405784, -0.46584313, -0.22946036],
    [-0.048936447, -1.084556, -1.0530221, 2.4662421, -0.5056076, -0.24903324],
    [-0.01729982, -1.0360967, -1.0634705, 2.5919058, -0.54537208, -0.26860611],
    [0.014336806, -0.98763738, -1.0739188, 2.7175695, -0.58513656, -0.28817898],
    [0.045973433, -0.93917804, -1.0843672, 2.8432332, -0.62490104, -0.30775186],
    [0.07761006, -0.89071871, -1.0948155, 2.968897, -0.66466551, -0.32732473],
    [0.10924669, -0.84225937, -1.1052639, 3.0945607, -0.70442999, -0.3468976],
    [0.14088331, -0.79380004, -1.1157122, 3.2202244, -0.74419447, -0.36647048],
    [0.17251994, -0.7453407, -1.1261606, 3.3458881, -0.78395895, -0.38604335],
    [0.20415657, -0.69688137, -1.1366089, 3.4715518, -0.82372342, -0.40561622],
    [0.23579319, -0.64842203, -1.1470573, 3.5972155, -0.8634879, -0.4251891],
    [0.26742982, -0.5999627, -1.1575056, 3.7228792, -0.90325238, -0.44476197],
    [0.29906645, -0.55150336, -1.167954, 3.8485429, -0.94301686, -0.46433484],
    [0.33070307, -0.50304403, -1.1784023, 3.9742066, -0.98278133, -0.48390771],
    [0.3623397, -0.45458469, -1.1888507, 4.0998703, -1.0225458, -0.50348059],
    [0.39397633, -0.40612536, -1.199299, 4.225534, -1.0623103, -0.52305346],
    [0.42561295, -0.35766602, -1.2097474, 4.3511977, -1.1020748, -0.54262633],
    [0.45724958, -0.30920669, -1.2201957, 4.4768614, -1.1418392, -0.56219921],
    [0.48888621, -0.26074735, -1.2306441, 4.6025251, -1.1816037, -0.58177208],
    [0.52052283, -0.21228802, -1.2410924, 4.7281888, -1.2213682, -0.60134495],
    [0.55215946, -0.16382868, -1.2515407, 4.8538525, -1.2611327, -0.62091783],
    [0.58379609, -0.11536935, -1.2619891, 4.9795163, -1.3008972, -0.6404907],
    [0.61511897, -0.067390582, -1.2723338, 5.1039338, -1.3402673, -0.65986947],
    [0.64423995, -0.02278459, -1.2819514, 5.2196051, -1.3768698, -0.67788596],
    [0.67084336, 0.01796513, -1.2907374, 5.3252763, -1.410308, -0.6943449],
    [0.69492921, 0.054858579, -1.298692, 5.4209476, -1.4405818, -0.70924628],
    [0.7164975, 0.087895756, -1.3058152, 5.5066189, -1.4676912, -0.72259009],
    [0.73554822, 0.11707666, -1.3121069, 5.5822902, -1.4916363, -0.73437635],
    [0.75208138, 0.1424013, -1.3175672, 5.6479615, -1.5124171, -0.74460505],
    [0.76609698, 0.16386966, -1.322196, 5.7036328, -1.5300335, -0.75327619],
    [0.77759502, 0.18148175, -1.3259933, 5.7493041, -1.5444855, -0.76038976],
    [0.78657549, 0.19523757, -1.3289592, 5.7849754, -1.5557732, -0.76594578],
    [0.7930384, 0.20513712, -1.3310937, 5.8106467, -1.5638965, -0.76994424],
    [0.79698375, 0.2111804, -1.3323967, 5.826318, -1.5688554, -0.77238514],
    [0.79841153, 0.21336741, -1.3328682, 5.8319893, -1.57065, -0.77326848],
    [0.79841721, 0.2133761, -1.3328701, 5.8320119, -1.5706572, -0.77327199]
  ]
}
