{
  "iteration": 78,
  "label": "pre_pick",
  "planning_time_ms": 34.023454,
  "scene": {
    "block_x": 0.14080595,
    "block_y": 0.50888458,
    "bin_x": 0.17121278,
    "bin_y": 0.25680625
  },
  "joint_names": ["shoulder_pan_joint", "shoulder_lift_joint", "elbow_joint", "wrist_1_joint", "wrist_2_joint", "wrist_3_joint"],
  "start_joints": [-0.45126484, -1.7008962, -0.91995276, 0.86787897, 1.1479476e-05, -4.3882283e-05],
  "goal_joints": [1.0552408, -0.41766223, 0.22196375, 4.9087695, -1.571215, -0.51464496],
  "num_waypoints": 46,
  "trajectory": [
    [-0.45126484, -1.7008962, -0.91995276, 0.86787897, 1.1479476e-05, -4.3882283e-05],
    [-0.44940076, -1.6993084, -0.9185398, 0.87287897, -0.0019326792, -0.00068062445],
    [-0.44380854, -1.694545, -0.91430095, 0.88787897, -0.0077651551, -0.002590851],
    [-0.43448815, -1.6866059, -0.90723619, 0.91287897, -0.017485948, -0.0057745618],
    [-0.42143962, -1.6754912, -0.89734553, 0.94787897, -0.031095059, -0.010231757],
    [-0.40466293, -1.6612009, -0.88462897, 0.99287897, -0.048592487, -0.015962436],
    [-0.38415809, -1.643735, -0.8690865, 1.047879, -0.069978232, -0.0229666],
    [-0.3599251, -1.6230935, -0.85071813, 1.112879, -0.095252293, -0.031244248],
    [-0.33196396, -1.5992763, -0.82952386, 1.1878789, -0.12441467, -0.040795378],
    [-0.30027467, -1.5722835, -0.80550369, 1.2728789, -0.15746536, -0.051619993],
    [-0.26485723, -1.5421151, -0.77865762, 1.3678789, -0.19440436, -0.063718091],
    [-0.22571164, -1.5087711, -0.74898564, 1.4728789, -0.23523168, -0.077089673],
    [-0.1828379, -1.4722515, -0.71648777, 1.5878788, -0.27994732, -0.091734739],
    [-0.13658655, -1.4328548, -0.6814297, 1.7119385, -0.32818566, -0.10753355],
    [-0.089737207, -1.3929488, -0.64591835, 1.8376022, -0.3770477, -0.12353662],
    [-0.042887859, -1.3530427, -0.61040701, 1.9632659, -0.42590973, -0.1395397],
    [0.0039614878, -1.3131367, -0.57489566, 2.0889297, -0.47477177, -0.15554277],
    [0.050810835, -1.2732307, -0.53938432, 2.2145934, -0.52363381, -0.17154585],
    [0.097660182, -1.2333246, -0.50387297, 2.3402571, -0.57249584, -0.18754893],
    [0.14450953, -1.1934186, -0.46836163, 2.4659208, -0.62135788, -0.203552],
    [0.19135888, -1.1535125, -0.43285028, 2.5915845, -0.67021991, -0.21955508],
    [0.23820822, -1.1136065, -0.39733893, 2.7172482, -0.71908195, -0.23555815],
    [0.28505757, -1.0737005, -0.36182759, 2.8429119, -0.76794399, -0.25156123],
    [0.33190692, -1.0337944, -0.32631624, 2.9685756, -0.81680602, -0.26756431],
    [0.37875627, -0.99388837, -0.2908049, 3.0942393, -0.86566806, -0.28356738],
    [0.42560561, -0.95398233, -0.25529355, 3.219903, -0.91453009, -0.29957046],
    [0.47245496, -0.91407629, -0.2197822, 3.3455667, -0.96339213, -0.31557354],
    [0.51930431, -0.87417025, -0.18427086, 3.4712304, -1.0122542, -0.33157661],
    [0.56615365, -0.83426421, -0.14875951, 3.5968941, -1.0611162, -0.34757969],
    [0.613003, -0.79435817, -0.11324817, 3.7225578, -1.1099782, -0.36358276],
    [0.65985235, -0.75445213, -0.077736821, 3.8482215, -1.1588403, -0.37958584],
    [0.7067017, -0.7145461, -0.042225475, 3.9738852, -1.2077023, -0.39558892],
    [0.75355104, -0.67464006, -0.006714129, 4.099549, -1.2565643, -0.41159199],
    [0.79907376, -0.63586403, 0.027791643, 4.2216542, -1.3040428, -0.42714191],
    [0.84091391, -0.6002248, 0.059506069, 4.3338818, -1.3476804, -0.44143392],
    [0.87902591, -0.56776119, 0.088394591, 4.4361094, -1.3874297, -0.45445244],
    [0.91340976, -0.5384732, 0.11445721, 4.528337, -1.4232907, -0.46619747],
    [0.94406545, -0.51236083, 0.13769393, 4.6105645, -1.4552634, -0.47666903],
    [0.970993, -0.48942409, 0.15810474, 4.6827921, -1.4833478, -0.4858671],
    [0.99419239, -0.46966296, 0.17568965, 4.7450197, -1.5075439, -0.49379168],
    [1.0136636, -0.45307746, 0.19044866, 4.7972473, -1.5278516, -0.50044278],
    [1.0294067, -0.43966758, 0.20238176, 4.8394748, -1.544271, -0.5058204],
    [1.0414216, -0.42943332, 0.21148896, 4.8717024, -1.5568021, -0.50992453],
    [1.0497084, -0.42237469, 0.21777026, 4.89393, -1.5654449, -0.51275517],
    [1.054267, -0.41849167, 0.22122565, 4.9061576, -1.5701994, -0.51431234],
    [1.0552408, -0.41766223, 0.22196375, 4.9087695, -1.571215, -0.51464496]
  ]
}
