{
  "iteration": 24,
  "label": "place_retreat",
  "planning_time_ms": 177.191,
  "scene": {
    "block_x": 0.28618193,
    "block_y": 0.42423155,
    "bin_x": 0.17126408,
    "bin_y": 0.34080701
  },
  "joint_names": ["shoulder_pan_joint", "shoulder_lift_joint", "elbow_joint", "wrist_1_joint", "wrist_2_joint", "wrist_3_joint"],
  "start_joints": [-1.6106126, -1.7628028, -1.96976, 5.3033753, 1.5698205, -0.038897335],
  "goal_joints": [-1.6107693, -1.7175638, -1.9155689, 5.2036997, 1.5702635, -0.039035165],
  "num_waypoints": 8,
  "trajectory": [
    [-1.6106126, -1.7628028, -1.96976, 5.3033753, 1.5698205, -0.038897335],
    [-1.6106205, -1.7605335, -1.9670416, 5.2983753, 1.5698428, -0.038904249],
    [-1.610644, -1.7537255, -1.9588865, 5.2833753, 1.5699094, -0.038924991],
    [-1.6106833, -1.742379, -1.9452946, 5.2583753, 1.5700205, -0.038959561],
    [-1.6107272, -1.7297181, -1.9301284, 5.2304794, 1.5701445, -0.038998135],
    [-1.6107557, -1.7214837, -1.9202645, 5.2123365, 1.5702251, -0.039023223],
    [-1.6107685, -1.717788, -1.9158375, 5.2041936, 1.5702613, -0.039034482],
    [-1.6107693, -1.7175638, -1.9155689, 5.2036997, 1.5702635, -0.039035165]
  ]
}
