{
  "iteration": 625,
  "label": "pre_pick",
  "planning_time_ms": 5008.8531,
  "scene": {
    "block_x": 0.30225006,
    "block_y": 0.35303823,
    "bin_x": 0.17369731,
    "bin_y": 0.27035889
  },
  "joint_names": ["shoulder_pan_joint", "shoulder_lift_joint", "elbow_joint", "wrist_1_joint", "wrist_2_joint", "wrist_3_joint"],
  "start_joints": [-0.45123062, -1.7007709, -0.9201685, 0.86830679, 5.9022966e-05, -0.0001477222],
  "goal_joints": [-1.9939628, -2.2697153, -1.090497, -1.3516298, -4.713083, -0.42242839],
  "num_waypoints": 55,
  "trajectory": [
    [-0.45123062, -1.7007709, -0.9201685, 0.86830679, 5.9022966e-05, -0.0001477222],
    [-0.45263668, -1.7012622, -0.92067368, 0.86487209, -0.004940977, -0.00015947754],
    [-0.45685484, -1.7027361, -0.92218924, 0.85456799, -0.019940977, -0.00019474357],
    [-0.46388512, -1.7051926, -0.92471517, 0.83739448, -0.044940977, -0.00025352028],
    [-0.4737275, -1.7086317, -0.92825148, 0.81335157, -0.079940977, -0.00033580768],
    [-0.486382, -1.7130534, -0.93279816, 0.78243926, -0.12494098, -0.00044160576],
    [-0.50184861, -1.7184577, -0.93835521, 0.74465754, -0.17994098, -0.00057091453],
    [-0.52012732, -1.7248446, -0.94492263, 0.70000642, -0.24494098, -0.00072373398],
    [-0.54121815, -1.7322141, -0.95250042, 0.6484859, -0.31994097, -0.00090006411],
    [-0.56512109, -1.7405662, -0.96108859, 0.59009598, -0.40494097, -0.0010999049],
    [-0.59183613, -1.7499009, -0.97068713, 0.52483665, -0.49994096, -0.0013232564],
    [-0.62136329, -1.7602182, -0.98129604, 0.45270792, -0.60494096, -0.0015701186],
    [-0.65370256, -1.7715181, -0.99291533, 0.3737098, -0.71994095, -0.0018404914],
    [-0.68858952, -1.7837082, -1.00545, 0.28848816, -0.84400069, -0.0021321644],
    [-0.72392754, -1.796056, -1.0181467, 0.2021647, -0.96966439, -0.0024276084],
    [-0.75926556, -1.8084037, -1.0308434, 0.11584124, -1.0953281, -0.0027230523],
    [-0.79460358, -1.8207514, -1.0435401, 0.029517772, -1.2209918, -0.0030184963],
    [-0.8299416, -1.8330991, -1.0562369, -0.056805692, -1.3466555, -0.0033139403],
    [-0.86527962, -1.8454469, -1.0689336, -0.14312916, -1.4723192, -0.0036093843],
    [-0.90061764, -1.8577946, -1.0816303, -0.22945262, -1.5979829, -0.0039048282],
    [-0.93595566, -1.8701423, -1.094327, -0.31577608, -1.7236466, -0.0042002722],
    [-0.97129368, -1.88249, -1.1070237, -0.40209955, -1.8493103, -0.0044957162],
    [-1.0066317, -1.8948378, -1.1197204, -0.48842301, -1.974974, -0.0047911602],
    [-1.0419697, -1.9071855, -1.1324172, -0.57474648, -2.1006377, -0.0050866042],
    [-1.0773077, -1.9195332, -1.1451139, -0.66106994, -2.2263015, -0.0053820481],
    [-1.1115134, -1.9314853, -1.1574037, -0.74462727, -2.3479384, -0.005668025],
    [-1.1429217, -1.9424599, -1.1686885, -0.82135134, -2.459628, -0.0059306148],
    [-1.171518, -1.9524519, -1.178963, -0.89120601, -2.5613176, -0.006169694],
    [-1.1973021, -1.9614614, -1.1882271, -0.95419128, -2.6530072, -0.0063852625],
    [-1.2202741, -1.9694882, -1.1964807, -1.0103071, -2.7346967, -0.0065773203],
    [-1.2406348, -1.9766137, -1.2036527, -1.0594651, -2.8068113, -0.0069005756],
    [-1.2626244, -1.9845607, -1.2081693, -1.0995323, -2.8781956, -0.010692524],
    [-1.287592, -1.9938816, -1.2094733, -1.1296008, -2.9515492, -0.019075535],
    [-1.3152116, -2.0044471, -1.2076449, -1.1496712, -3.0261104, -0.031836288],
    [-1.3460919, -2.0164799, -1.2027742, -1.1607106, -3.1037843, -0.049117212],
    [-1.3810915, -2.0301603, -1.1967087, -1.1710245, -3.1907226, -0.069284415],
    [-1.4201169, -2.0454143, -1.1899455, -1.1825248, -3.287661, -0.091771329],
    [-1.4631681, -2.0622419, -1.1824847, -1.1952115, -3.3945993, -0.11657796],
    [-1.5102451, -2.080643, -1.1743261, -1.2090844, -3.5115376, -0.1437043],
    [-1.5605554, -2.100308, -1.1656073, -1.2239102, -3.6365074, -0.1726937],
    [-1.611145, -2.1200821, -1.15684, -1.2388183, -3.7621711, -0.20184408],
    [-1.6617347, -2.1398562, -1.1480727, -1.2537265, -3.8878348, -0.23099445],
    [-1.7112922, -2.1592269, -1.1394843, -1.2683304, -4.0109347, -0.25955011],
    [-1.7569862, -2.1770875, -1.1315655, -1.2817959, -4.1244378, -0.28587956],
    [-1.7986544, -2.1933745, -1.1243443, -1.2940749, -4.2279408, -0.30988929],
    [-1.8362968, -2.2080879, -1.1178208, -1.3051677, -4.3214438, -0.33157931],
    [-1.8699134, -2.2212277, -1.111995, -1.3150741, -4.4049468, -0.35094962],
    [-1.8995042, -2.232794, -1.1068669, -1.3237941, -4.4784498, -0.36800021],
    [-1.9250692, -2.2427867, -1.1024364, -1.3313278, -4.5419529, -0.38273109],
    [-1.9466085, -2.2512058, -1.0987036, -1.3376751, -4.5954559, -0.39514226],
    [-1.9641219, -2.2580513, -1.0956685, -1.3428361, -4.6389589, -0.40523371],
    [-1.9776095, -2.2633233, -1.0933311, -1.3468107, -4.6724619, -0.41300545],
    [-1.9870714, -2.2670216, -1.0916913, -1.349599, -4.6959649, -0.41845748],
    [-1.9925074, -2.2691465, -1.0907492, -1.3512009, -4.709468, -0.42158979],
    [-1.9939628, -2.2697153, -1.090497, -1.3516298, -4.713083, -0.42242839]
  ]
}
