{
  "iteration": 602,
  "label": "pre_pick",
  "planning_time_ms": 38.433794,
  "scene": {
    "block_x": 0.30828219,
    "block_y": 0.42398518,
    "bin_x": 0.13109657,
    "bin_y": 0.31688046
  },
  "joint_names": ["shoulder_pan_joint", "shoulder_lift_joint", "elbow_joint", "wrist_1_joint", "wrist_2_joint", "wrist_3_joint"],
  "start_joints": [-0.45128025, -1.7009272, -0.92018335, 0.86805649, -5.6438325e-05, -8.0135592e-05],
  "goal_joints": [-1.9470357, -2.6553048, -0.36158107, 4.5873259, 1.5708112, -0.37672369],
  "num_waypoints": 44,
  "trajectory": [
    [-0.45128025, -1.7009272, -0.92018335, 0.86805649, -5.6438325e-05, -8.0135592e-05],
    [-0.45329106, -1.7022102, -0.91943239, 0.87305649, 0.0020553576, -0.00058647638],
    [-0.45932352, -1.7060592, -0.91717952, 0.88805649, 0.0083907455, -0.0021054987],
    [-0.46937762, -1.7124743, -0.91342473, 0.91305649, 0.018949725, -0.0046372026],
    [-0.48345335, -1.7214555, -0.90816803, 0.94805649, 0.033732297, -0.0081815881],
    [-0.50155072, -1.7330026, -0.90140942, 0.99305649, 0.05273846, -0.012738655],
    [-0.52366973, -1.7471158, -0.89314889, 1.0480565, 0.075968216, -0.018308404],
    [-0.54981037, -1.763795, -0.88338645, 1.1130565, 0.10342156, -0.024890834],
    [-0.57997266, -1.7830403, -0.8721221, 1.1880565, 0.1350985, -0.032485945],
    [-0.61415658, -1.8048516, -0.85935583, 1.2730565, 0.17099903, -0.041093738],
    [-0.65236213, -1.8292289, -0.84508765, 1.3680565, 0.21112315, -0.050714213],
    [-0.69458933, -1.8561723, -0.82931755, 1.4730565, 0.25547086, -0.061347368],
    [-0.74083816, -1.8856817, -0.81204554, 1.5880565, 0.30404217, -0.072993205],
    [-0.79073049, -1.9175159, -0.79341284, 1.7121162, 0.35643994, -0.085556507],
    [-0.84126789, -1.9497616, -0.77453923, 1.8377799, 0.40951516, -0.098282239],
    [-0.89180528, -1.9820074, -0.75566562, 1.9634436, 0.46259038, -0.11100797],
    [-0.94234267, -2.0142531, -0.73679201, 2.0891073, 0.5156656, -0.1237337],
    [-0.99288006, -2.0464988, -0.7179184, 2.214771, 0.56874082, -0.13645943],
    [-1.0434175, -2.0787446, -0.6990448, 2.3404347, 0.62181604, -0.14918517],
    [-1.0939548, -2.1109903, -0.68017119, 2.4660984, 0.67489126, -0.1619109],
    [-1.1444922, -2.1432361, -0.66129758, 2.5917621, 0.72796649, -0.17463663],
    [-1.1950296, -2.1754818, -0.64242397, 2.7174258, 0.78104171, -0.18736236],
    [-1.245567, -2.2077276, -0.62355036, 2.8430896, 0.83411693, -0.20008809],
    [-1.2961044, -2.2399733, -0.60467676, 2.9687533, 0.88719215, -0.21281383],
    [-1.3466418, -2.2722191, -0.58580315, 3.094417, 0.94026737, -0.22553956],
    [-1.3971792, -2.3044648, -0.56692954, 3.2200807, 0.99334259, -0.23826529],
    [-1.4477166, -2.3367106, -0.54805593, 3.3457444, 1.0464178, -0.25099102],
    [-1.498254, -2.3689563, -0.52918232, 3.4714081, 1.099493, -0.26371675],
    [-1.5487914, -2.4012021, -0.51030872, 3.5970718, 1.1525683, -0.27644248],
    [-1.5993288, -2.4334478, -0.49143511, 3.7227355, 1.2056435, -0.28916822],
    [-1.6495396, -2.4654852, -0.47268346, 3.8475872, 1.2583757, -0.30181172],
    [-1.6964455, -2.4954138, -0.45516607, 3.964221, 1.3076371, -0.313623],
    [-1.7393297, -2.5227764, -0.43915059, 4.0708547, 1.3526748, -0.32442161],
    [-1.7781923, -2.547573, -0.42463703, 4.1674885, 1.393489, -0.33420753],
    [-1.8130333, -2.5698035, -0.41162539, 4.2541223, 1.4300796, -0.34298078],
    [-1.8438526, -2.589468, -0.40011565, 4.330756, 1.4624465, -0.35074134],
    [-1.8706503, -2.6065665, -0.39010783, 4.3973898, 1.4905899, -0.35748922],
    [-1.8934264, -2.6210989, -0.38160193, 4.4540236, 1.5145097, -0.36322441],
    [-1.9121808, -2.6330653, -0.37459794, 4.5006574, 1.5342059, -0.36794693],
    [-1.9269135, -2.6424657, -0.36909586, 4.5372911, 1.5496785, -0.37165676],
    [-1.9376247, -2.6493, -0.3650957, 4.5639249, 1.5609275, -0.37435392],
    [-1.9443142, -2.6535683, -0.36259745, 4.5805587, 1.567953, -0.37603839],
    [-1.946982, -2.6552705, -0.36160111, 4.5871924, 1.5707548, -0.37671018],
    [-1.9470357, -2.6553048, -0.36158107, 4.5873259, 1.5708112, -0.37672369]
  ]
}
