{
  "iteration": 606,
  "label": "pre_pick",
  "planning_time_ms": 64.493863,
  "scene": {
    "block_x": 0.30950309,
    "block_y": 0.36740986,
    "bin_x": 0.14402135,
    "bin_y": 0.27248236
  },
  "joint_names": ["shoulder_pan_joint", "shoulder_lift_joint", "elbow_joint", "wrist_1_joint", "wrist_2_joint", "wrist_3_joint"],
  "start_joints": [-0.45129646, -1.7008784, -0.92048228, 0.86848447, -6.0741388e-05, -0.00025800525],
  "goal_joints": [4.2876997, -2.3422774, -0.96090466, 4.8740702, 1.5714853, -0.42452735],
  "num_waypoints": 83,
  "trajectory": [
    [-0.45129646, -1.7008784, -0.92048228, 0.86848447, -6.0741388e-05, -0.00025800525],
    [-0.44629646, -1.7015551, -0.92052493, 0.87271067, 0.0015973587, -0.00070564155],
    [-0.43129646, -1.7035853, -0.92065288, 0.88538926, 0.0065716591, -0.0020485505],
    [-0.40629646, -1.7069689, -0.92086612, 0.90652024, 0.01486216, -0.004286732],
    [-0.37129646, -1.711706, -0.92116466, 0.93610361, 0.026468861, -0.0074201862],
    [-0.32629646, -1.7177965, -0.9215485, 0.97413938, 0.041391762, -0.011448913],
    [-0.27129646, -1.7252405, -0.92201764, 1.0206275, 0.059630863, -0.016372912],
    [-0.20886568, -1.7336902, -0.92255015, 1.0733965, 0.080334158, -0.021962169],
    [-0.14603383, -1.7421941, -0.92308609, 1.1265044, 0.10117046, -0.027587332],
    [-0.083201977, -1.7506981, -0.92362203, 1.1796124, 0.12200676, -0.033212496],
    [-0.020370124, -1.7592021, -0.92415797, 1.2327203, 0.14284306, -0.03883766],
    [0.042461729, -1.7677061, -0.92469391, 1.2858283, 0.16367936, -0.044462823],
    [0.10529358, -1.77621, -0.92522985, 1.3389362, 0.18451566, -0.050087987],
    [0.16812544, -1.784714, -0.92576579, 1.3920442, 0.20535196, -0.055713151],
    [0.23095729, -1.793218, -0.92630173, 1.4451521, 0.22618826, -0.061338315],
    [0.29378914, -1.8017219, -0.92683767, 1.4982601, 0.24702456, -0.066963478],
    [0.35662099, -1.8102259, -0.92737361, 1.551368, 0.26786086, -0.072588642],
    [0.41945285, -1.8187299, -0.92790954, 1.604476, 0.28869716, -0.078213806],
    [0.4822847, -1.8272338, -0.92844548, 1.6575839, 0.30953347, -0.08383897],
    [0.54511655, -1.8357378, -0.92898142, 1.7106919, 0.33036977, -0.089464133],
    [0.60794841, -1.8442418, -0.92951736, 1.7637998, 0.35120607, -0.095089297],
    [0.67078026, -1.8527458, -0.9300533, 1.8169078, 0.37204237, -0.10071446],
    [0.73361211, -1.8612497, -0.93058924, 1.8700157, 0.39287867, -0.10633962],
    [0.79644397, -1.8697537, -0.93112518, 1.9231237, 0.41371497, -0.11196479],
    [0.85927582, -1.8782577, -0.93166112, 1.9762316, 0.43455127, -0.11758995],
    [0.92210767, -1.8867616, -0.93219706, 2.0293396, 0.45538757, -0.12321512],
    [0.98493953, -1.8952656, -0.932733, 2.0824475, 0.47622387, -0.12884028],
    [1.0477714, -1.9037696, -0.93326893, 2.1355555, 0.49706017, -0.13446544],
    [1.1106032, -1.9122736, -0.93380487, 2.1886634, 0.51789647, -0.14009061],
    [1.1734351, -1.9207775, -0.93434081, 2.2417714, 0.53873277, -0.14571577],
    [1.2362669, -1.9292815, -0.93487675, 2.2948793, 0.55956907, -0.15134093],
    [1.2990988, -1.9377855, -0.93541269, 2.3479873, 0.58040537, -0.1569661],
    [1.3619306, -1.9462894, -0.93594863, 2.4010952, 0.60124167, -0.16259126],
    [1.4247625, -1.9547934, -0.93648457, 2.4542032, 0.62207797, -0.16821643],
    [1.4875943, -1.9632974, -0.93702051, 2.5073111, 0.64291428, -0.17384159],
    [1.5504262, -1.9718014, -0.93755645, 2.5604191, 0.66375058, -0.17946675],
    [1.6132581, -1.9803053, -0.93809238, 2.613527, 0.68458688, -0.18509192],
    [1.6760899, -1.9888093, -0.93862832, 2.666635, 0.70542318, -0.19071708],
    [1.7389218, -1.9973133, -0.93916426, 2.7197429, 0.72625948, -0.19634224],
    [1.8017536, -2.0058172, -0.9397002, 2.7728509, 0.74709578, -0.20196741],
    [1.8645855, -2.0143212, -0.94023614, 2.8259588, 0.76793208, -0.20759257],
    [1.9274173, -2.0228252, -0.94077208, 2.8790668, 0.78876838, -0.21321774],
    [1.9902492, -2.0313291, -0.94130802, 2.9321747, 0.80960468, -0.2188429],
    [2.053081, -2.0398331, -0.94184396, 2.9852827, 0.83044098, -0.22446806],
    [2.1159129, -2.0483371, -0.9423799, 3.0383906, 0.85127728, -0.23009323],
    [2.1787447, -2.0568411, -0.94291584, 3.0914986, 0.87211358, -0.23571839],
    [2.2415766, -2.065345, -0.94345177, 3.1446065, 0.89294988, -0.24134355],
    [2.3044084, -2.073849, -0.94398771, 3.1977145, 0.91378618, -0.24696872],
    [2.3672403, -2.082353, -0.94452365, 3.2508224, 0.93462248, -0.25259388],
    [2.4300721, -2.0908569, -0.94505959, 3.3039304, 0.95545879, -0.25821905],
    [2.492904, -2.0993609, -0.94559553, 3.3570383, 0.97629509, -0.26384421],
    [2.5557359, -2.1078649, -0.94613147, 3.4101463, 0.99713139, -0.26946937],
    [2.6185677, -2.1163689, -0.94666741, 3.4632542, 1.0179677, -0.27509454],
    [2.6813996, -2.1248728, -0.94720335, 3.5163622, 1.038804, -0.2807197],
    [2.7442314, -2.1333768, -0.94773929, 3.5694701, 1.0596403, -0.28634486],
    [2.8070633, -2.1418808, -0.94827523, 3.6225781, 1.0804766, -0.29197003],
    [2.8698951, -2.1503847, -0.94881116, 3.675686, 1.1013129, -0.29759519],
    [2.932727, -2.1588887, -0.9493471, 3.728794, 1.1221492, -0.30322035],
    [2.9955588, -2.1673927, -0.94988304, 3.7819019, 1.1429855, -0.30884552],
    [3.0583907, -2.1758967, -0.95041898, 3.8350099, 1.1638218, -0.31447068],
    [3.1212225, -2.1844006, -0.95095492, 3.8881178, 1.1846581, -0.32009585],
    [3.1840544, -2.1929046, -0.95149086, 3.9412258, 1.2054944, -0.32572101],
    [3.2468862, -2.2014086, -0.9520268, 3.9943337, 1.2263307, -0.33134617],
    [3.3097181, -2.2099125, -0.95256274, 4.0474417, 1.247167, -0.33697134],
    [3.3725499, -2.2184165, -0.95309868, 4.1005496, 1.2680033, -0.3425965],
    [3.4353818, -2.2269205, -0.95363462, 4.1536576, 1.2888396, -0.34822166],
    [3.4982136, -2.2354244, -0.95417055, 4.2067655, 1.3096759, -0.35384683],
    [3.5610455, -2.2439284, -0.95470649, 4.2598735, 1.3305122, -0.35947199],
    [3.6238774, -2.2524324, -0.95524243, 4.3129814, 1.3513485, -0.36509716],
    [3.6867092, -2.2609364, -0.95577837, 4.3660894, 1.3721848, -0.37072232],
    [3.7495411, -2.2694403, -0.95631431, 4.4191973, 1.3930211, -0.37634748],
    [3.8123729, -2.2779443, -0.95685025, 4.4723053, 1.4138574, -0.38197265],
    [3.8752048, -2.2864483, -0.95738619, 4.5254132, 1.4346937, -0.38759781],
    [3.9380366, -2.2949522, -0.95792213, 4.5785212, 1.45553, -0.39322297],
    [4.0008685, -2.3034562, -0.95845807, 4.6316291, 1.4763663, -0.39884814],
    [4.0637003, -2.3119602, -0.958994, 4.6847371, 1.4972026, -0.4044733],
    [4.1248702, -2.3202392, -0.95951577, 4.7364403, 1.5174878, -0.40994968],
    [4.1769368, -2.3272862, -0.95995988, 4.780449, 1.5347541, -0.41461105],
    [4.2190033, -2.3329797, -0.9603187, 4.8160053, 1.5487042, -0.41837715],
    [4.2510698, -2.3373197, -0.96059222, 4.8431092, 1.5593381, -0.42124798],
    [4.2731364, -2.3403063, -0.96078044, 4.8617607, 1.5666558, -0.42322354],
    [4.2852029, -2.3419394, -0.96088336, 4.8719598, 1.5706573, -0.42430382],
    [4.2876997, -2.3422774, -0.96090466, 4.8740702, 1.5714853, -0.42452735]
  ]
}
