{
  "iteration": 927,
  "label": "pre_pick",
  "planning_time_ms": 86.903376,
  "scene": {
    "block_x": 0.25343297,
    "block_y": 0.42728656,
    "bin_x": 0.18897052,
    "bin_y": 0.27140445
  },
  "joint_names": ["shoulder_pan_joint", "shoulder_lift_joint", "elbow_joint", "wrist_1_joint", "wrist_2_joint", "wrist_3_joint"],
  "start_joints": [-0.45141177, -1.70081, -0.92068549, 0.8687783, 1.5822918e-05, -0.00045789408],
  "goal_joints": [4.4437497, -2.432475, -0.79529734, 4.7978345, -4.7128402, -0.26852643],
  "num_waypoints": 86,
  "trajectory": [
    [-0.45141177, -1.70081, -0.92068549, 0.8687783, 1.5822918e-05, -0.00045789408],
    [-0.44641177, -1.7015573, -0.92055742, 0.8727915, -0.0047979673, -0.00073170378],
    [-0.43141177, -1.7037993, -0.92017319, 0.88483111, -0.019239338, -0.0015531329],
    [-0.40641177, -1.707536, -0.91953283, 0.90489713, -0.043308289, -0.0029221814],
    [-0.37141177, -1.7127673, -0.91863631, 0.93298956, -0.07700482, -0.0048388493],
    [-0.32641177, -1.7194934, -0.91748365, 0.96910839, -0.12032893, -0.0073031366],
    [-0.27141177, -1.727714, -0.91607484, 1.0132536, -0.17328062, -0.010315043],
    [-0.20898099, -1.7370454, -0.91447569, 1.0633631, -0.23338635, -0.013733874],
    [-0.14614914, -1.7464367, -0.91286627, 1.1137945, -0.29387822, -0.017174668],
    [-0.083317289, -1.755828, -0.91125685, 1.1642259, -0.3543701, -0.020615462],
    [-0.020485436, -1.7652192, -0.90964744, 1.2146573, -0.41486197, -0.024056256],
    [0.042346417, -1.7746105, -0.90803802, 1.2650887, -0.47535384, -0.02749705],
    [0.10517827, -1.7840018, -0.9064286, 1.3155202, -0.53584571, -0.030937845],
    [0.16801012, -1.7933931, -0.90481918, 1.3659516, -0.59633758, -0.034378639],
    [0.23084198, -1.8027844, -0.90320976, 1.416383, -0.65682945, -0.037819433],
    [0.29367383, -1.8121757, -0.90160034, 1.4668144, -0.71732132, -0.041260227],
    [0.35650568, -1.821567, -0.89999092, 1.5172458, -0.7778132, -0.044701021],
    [0.41933754, -1.8309582, -0.8983815, 1.5676772, -0.83830507, -0.048141815],
    [0.48216939, -1.8403495, -0.89677208, 1.6181086, -0.89879694, -0.05158261],
    [0.54500124, -1.8497408, -0.89516266, 1.66854, -0.95928881, -0.055023404],
    [0.6078331, -1.8591321, -0.89355324, 1.7189714, -1.0197807, -0.058464198],
    [0.67066495, -1.8685234, -0.89194382, 1.7694028, -1.0802726, -0.061904992],
    [0.7334968, -1.8779147, -0.8903344, 1.8198342, -1.1407644, -0.065345786],
    [0.79632865, -1.887306, -0.88872498, 1.8702656, -1.2012563, -0.06878658],
    [0.85916051, -1.8966973, -0.88711556, 1.920697, -1.2617482, -0.072227375],
    [0.92199236, -1.9060885, -0.88550614, 1.9711284, -1.32224, -0.075668169],
    [0.98482421, -1.9154798, -0.88389672, 2.0215599, -1.3827319, -0.079108963],
    [1.0476561, -1.9248711, -0.8822873, 2.0719913, -1.4432238, -0.082549757],
    [1.1104879, -1.9342624, -0.88067788, 2.1224227, -1.5037157, -0.085990551],
    [1.1733198, -1.9436537, -0.87906846, 2.1728541, -1.5642075, -0.089431345],
    [1.2361516, -1.953045, -0.87745904, 2.2232855, -1.6246994, -0.09287214],
    [1.2989835, -1.9624363, -0.87584962, 2.2737169, -1.6851913, -0.096312934],
    [1.3618153, -1.9718276, -0.8742402, 2.3241483, -1.7456831, -0.099753728],
    [1.4246472, -1.9812188, -0.87263078, 2.3745797, -1.806175, -0.10319452],
    [1.487479, -1.9906101, -0.87102136, 2.4250111, -1.8666669, -0.10663532],
    [1.5503109, -2.0000014, -0.86941194, 2.4754425, -1.9271588, -0.11007611],
    [1.6131427, -2.0093927, -0.86780252, 2.5258739, -1.9876506, -0.1135169],
    [1.6759746, -2.018784, -0.8661931, 2.5763053, -2.0481425, -0.1169577],
    [1.7388065, -2.0281753, -0.86458368, 2.6267367, -2.1086344, -0.12039849],
    [1.8016383, -2.0375666, -0.86297426, 2.6771681, -2.1691262, -0.12383929],
    [1.8644702, -2.0469579, -0.86136484, 2.7275996, -2.2296181, -0.12728008],
    [1.927302, -2.0563491, -0.85975542, 2.778031, -2.29011, -0.13072088],
    [1.9901339, -2.0657404, -0.858146, 2.8284624, -2.3506019, -0.13416167],
    [2.0529657, -2.0751317, -0.85653658, 2.8788938, -2.4110937, -0.13760246],
    [2.1157976, -2.084523, -0.85492716, 2.9293252, -2.4715856, -0.14104326],
    [2.1786294, -2.0939143, -0.85331774, 2.9797566, -2.5320775, -0.14448405],
    [2.2414613, -2.1033056, -0.85170832, 3.030188, -2.5925693, -0.14792485],
    [2.3042931, -2.1126969, -0.8500989, 3.0806194, -2.6530612, -0.15136564],
    [2.367125, -2.1220882, -0.84848948, 3.1310508, -2.7135531, -0.15480643],
    [2.4299568, -2.1314794, -0.84688006, 3.1814822, -2.774045, -0.15824723],
    [2.4927887, -2.1408707, -0.84527064, 3.2319136, -2.8345368, -0.16168802],
    [2.5556205, -2.150262, -0.84366122, 3.282345, -2.8950287, -0.16512882],
    [2.6184524, -2.1596533, -0.8420518, 3.3327764, -2.9555206, -0.16856961],
    [2.6812842, -2.1690446, -0.84044238, 3.3832078, -3.0160124, -0.17201041],
    [2.7441161, -2.1784359, -0.83883296, 3.4336392, -3.0765043, -0.1754512],
    [2.806948, -2.1878272, -0.83722354, 3.4840707, -3.1369962, -0.17889199],
    [2.8697798, -2.1972185, -0.83561412, 3.5345021, -3.1974881, -0.18233279],
    [2.9326117, -2.2066097, -0.8340047, 3.5849335, -3.2579799, -0.18577358],
    [2.9954435, -2.216001, -0.83239529, 3.6353649, -3.3184718, -0.18921438],
    [3.0582754, -2.2253923, -0.83078587, 3.6857963, -3.3789637, -0.19265517],
    [3.1211072, -2.2347836, -0.82917645, 3.7362277, -3.4394555, -0.19609596],
    [3.1839391, -2.2441749, -0.82756703, 3.7866591, -3.4999474, -0.19953676],
    [3.2467709, -2.2535662, -0.82595761, 3.8370905, -3.5604393, -0.20297755],
    [3.3096028, -2.2629575, -0.82434819, 3.8875219, -3.6209312, -0.20641835],
    [3.3724346, -2.2723488, -0.82273877, 3.9379533, -3.681423, -0.20985914],
    [3.4352665, -2.28174, -0.82112935, 3.9883847, -3.7419149, -0.21329994],
    [3.4980983, -2.2911313, -0.81951993, 4.0388161, -3.8024068, -0.21674073],
    [3.5609302, -2.3005226, -0.81791051, 4.0892475, -3.8628986, -0.22018152],
    [3.623762, -2.3099139, -0.81630109, 4.1396789, -3.9233905, -0.22362232],
    [3.6865939, -2.3193052, -0.81469167, 4.1901104, -3.9838824, -0.22706311],
    [3.7494257, -2.3286965, -0.81308225, 4.2405418, -4.0443743, -0.23050391],
    [3.8122576, -2.3380878, -0.81147283, 4.2909732, -4.1048661, -0.2339447],
    [3.8750895, -2.3474791, -0.80986341, 4.3414046, -4.165358, -0.23738549],
    [3.9379213, -2.3568703, -0.80825399, 4.391836, -4.2258499, -0.24082629],
    [4.0007532, -2.3662616, -0.80664457, 4.4422674, -4.2863417, -0.24426708],
    [4.063585, -2.3756529, -0.80503515, 4.4926988, -4.3468336, -0.24770788],
    [4.1264169, -2.3850442, -0.80342573, 4.5431302, -4.4073255, -0.25114867],
    [4.1892487, -2.3944355, -0.80181631, 4.5935616, -4.4678174, -0.25458947],
    [4.2520391, -2.4038206, -0.80020795, 4.6439597, -4.5282693, -0.25802799],
    [4.3089601, -2.4123284, -0.79874994, 4.6896468, -4.5830704, -0.26114509],
    [4.3558811, -2.4193415, -0.79754807, 4.7273076, -4.628244, -0.26371458],
    [4.3928021, -2.42486, -0.79660235, 4.7569419, -4.66379, -0.26573645],
    [4.4197231, -2.4288838, -0.79591277, 4.7785498, -4.6897085, -0.26721069],
    [4.4366442, -2.4314129, -0.79547935, 4.7921313, -4.7059993, -0.26813732],
    [4.4435652, -2.4324474, -0.79530207, 4.7976864, -4.7126626, -0.26851633],
    [4.4437497, -2.432475, -0.79529734, 4.7978345, -4.7128402, -0.26852643]
  ]
}
