{
  "iteration": 243,
  "label": "pre_pick",
  "planning_time_ms": 268.34273,
  "scene": {
    "block_x": 0.14853091,
    "block_y": 0.47366301,
    "bin_x": 0.34044104,
    "bin_y": 0.36595459
  },
  "joint_names": ["shoulder_pan_joint", "shoulder_lift_joint", "elbow_joint", "wrist_1_joint", "wrist_2_joint", "wrist_3_joint"],
  "start_joints": [-0.45122575, -1.7008962, -0.92013342, 0.86794407, 7.8434737e-05, -3.6200146e-05],
  "goal_joints": [-5.2783209, -0.71323822, 0.80269519, 4.6238197, -1.5708691, -0.56526151],
  "num_waypoints": 85,
  "trajectory": [
    [-0.45122575, -1.7008962, -0.92013342, 0.86794407, 7.8434737e-05, -3.6200146e-05],
    [-0.45622575, -1.6998731, -0.91834888, 0.87183448, -0.0015487835, -0.00062167162],
    [-0.47122575, -1.696804, -0.91299526, 0.8835057, -0.0064304383, -0.0023780861],
    [-0.49622575, -1.6916889, -0.90407256, 0.90295775, -0.01456653, -0.0053054435],
    [-0.53122575, -1.6845276, -0.89158079, 0.93019062, -0.025957058, -0.0094037438],
    [-0.57622575, -1.6753203, -0.87551993, 0.96520431, -0.040602022, -0.014672987],
    [-0.63122575, -1.6640669, -0.85588999, 1.0079988, -0.058501423, -0.021113173],
    [-0.69365653, -1.6512931, -0.83360795, 1.0565751, -0.078819123, -0.028423461],
    [-0.75648838, -1.6384373, -0.81118276, 1.1054634, -0.09926735, -0.035780713],
    [-0.81932024, -1.6255814, -0.78875758, 1.1543517, -0.11971558, -0.043137964],
    [-0.88215209, -1.6127256, -0.76633239, 1.2032401, -0.14016381, -0.050495216],
    [-0.94498394, -1.5998698, -0.7439072, 1.2521284, -0.16061203, -0.057852467],
    [-1.0078158, -1.5870139, -0.72148201, 1.3010167, -0.18106026, -0.065209719],
    [-1.0706476, -1.5741581, -0.69905683, 1.3499051, -0.20150849, -0.072566971],
    [-1.1334795, -1.5613022, -0.67663164, 1.3987934, -0.22195672, -0.079924222],
    [-1.1963114, -1.5484464, -0.65420645, 1.4476817, -0.24240495, -0.087281474],
    [-1.2591432, -1.5355905, -0.63178126, 1.49657, -0.26285317, -0.094638725],
    [-1.3219751, -1.5227347, -0.60935608, 1.5454584, -0.2833014, -0.10199598],
    [-1.3848069, -1.5098788, -0.58693089, 1.5943467, -0.30374963, -0.10935323],
    [-1.4476388, -1.497023, -0.5645057, 1.643235, -0.32419786, -0.11671048],
    [-1.5104706, -1.4841672, -0.54208051, 1.6921234, -0.34464608, -0.12406773],
    [-1.5733025, -1.4713113, -0.51965533, 1.7410117, -0.36509431, -0.13142498],
    [-1.6361343, -1.4584555, -0.49723014, 1.7899, -0.38554254, -0.13878223],
    [-1.6989662, -1.4455996, -0.47480495, 1.8387884, -0.40599077, -0.14613949],
    [-1.761798, -1.4327438, -0.45237976, 1.8876767, -0.426439, -0.15349674],
    [-1.8246299, -1.4198879, -0.42995458, 1.936565, -0.44688722, -0.16085399],
    [-1.8874617, -1.4070321, -0.40752939, 1.9854533, -0.46733545, -0.16821124],
    [-1.9502936, -1.3941763, -0.3851042, 2.0343417, -0.48778368, -0.17556849],
    [-2.0131254, -1.3813204, -0.36267901, 2.08323, -0.50823191, -0.18292574],
    [-2.0759573, -1.3684646, -0.34025383, 2.1321183, -0.52868014, -0.190283],
    [-2.1387892, -1.3556087, -0.31782864, 2.1810067, -0.54912836, -0.19764025],
    [-2.201621, -1.3427529, -0.29540345, 2.229895, -0.56957659, -0.2049975],
    [-2.2644529, -1.329897, -0.27297826, 2.2787833, -0.59002482, -0.21235475],
    [-2.3272847, -1.3170412, -0.25055308, 2.3276717, -0.61047305, -0.219712],
    [-2.3901166, -1.3041854, -0.22812789, 2.37656, -0.63092127, -0.22706925],
    [-2.4529484, -1.2913295, -0.2057027, 2.4254483, -0.6513695, -0.23442651],
    [-2.5157803, -1.2784737, -0.18327751, 2.4743367, -0.67181773, -0.24178376],
    [-2.5786121, -1.2656178, -0.16085233, 2.523225, -0.69226596, -0.24914101],
    [-2.641444, -1.252762, -0.13842714, 2.5721133, -0.71271419, -0.25649826],
    [-2.7042758, -1.2399061, -0.11600195, 2.6210016, -0.73316241, -0.26385551],
    [-2.7671077, -1.2270503, -0.093576764, 2.66989, -0.75361064, -0.27121276],
    [-2.8299395, -1.2141944, -0.071151577, 2.7187783, -0.77405887, -0.27857002],
    [-2.8927714, -1.2013386, -0.048726389, 2.7676666, -0.7945071, -0.28592727],
    [-2.9556032, -1.1884828, -0.026301202, 2.816555, -0.81495533, -0.29328452],
    [-3.0184351, -1.1756269, -0.0038760144, 2.8654433, -0.83540355, -0.30064177],
    [-3.0812669, -1.1627711, 0.018549173, 2.9143316, -0.85585178, -0.30799902],
    [-3.1440988, -1.1499152, 0.040974361, 2.96322, -0.87630001, -0.31535627],
    [-3.2069307, -1.1370594, 0.063399548, 3.0121083, -0.89674824, -0.32271352],
    [-3.2697625, -1.1242035, 0.085824735, 3.0609966, -0.91719646, -0.33007078],
    [-3.3325944, -1.1113477, 0.10824992, 3.1098849, -0.93764469, -0.33742803],
    [-3.3954262, -1.0984919, 0.13067511, 3.1587733, -0.95809292, -0.34478528],
    [-3.4582581, -1.085636, 0.1531003, 3.2076616, -0.97854115, -0.35214253],
    [-3.5210899, -1.0727802, 0.17552549, 3.2565499, -0.99898938, -0.35949978],
    [-3.5839218, -1.0599243, 0.19795067, 3.3054383, -1.0194376, -0.36685703],
    [-3.6467536, -1.0470685, 0.22037586, 3.3543266, -1.0398858, -0.37421429],
    [-3.7095855, -1.0342126, 0.24280105, 3.4032149, -1.0603341, -0.38157154],
    [-3.7724173, -1.0213568, 0.26522624, 3.4521033, -1.0807823, -0.38892879],
    [-3.8352492, -1.008501, 0.28765142, 3.5009916, -1.1012305, -0.39628604],
    [-3.898081, -0.99564511, 0.31007661, 3.5498799, -1.1216787, -0.40364329],
    [-3.9609129, -0.98278927, 0.3325018, 3.5987682, -1.142127, -0.41100054],
    [-4.0237447, -0.96993342, 0.35492699, 3.6476566, -1.1625752, -0.4183578],
    [-4.0865766, -0.95707758, 0.37735217, 3.6965449, -1.1830234, -0.42571505],
    [-4.1494084, -0.94422173, 0.39977736, 3.7454332, -1.2034717, -0.4330723],
    [-4.2122403, -0.93136589, 0.42220255, 3.7943216, -1.2239199, -0.44042955],
    [-4.2750722, -0.91851005, 0.44462774, 3.8432099, -1.2443681, -0.4477868],
    [-4.337904, -0.9056542, 0.46705292, 3.8920982, -1.2648163, -0.45514405],
    [-4.4007359, -0.89279836, 0.48947811, 3.9409866, -1.2852646, -0.4625013],
    [-4.4635677, -0.87994252, 0.5119033, 3.9898749, -1.3057128, -0.46985856],
    [-4.5263996, -0.86708667, 0.53432849, 4.0387632, -1.326161, -0.47721581],
    [-4.5892314, -0.85423083, 0.55675367, 4.0876515, -1.3466093, -0.48457306],
    [-4.6520633, -0.84137499, 0.57917886, 4.1365399, -1.3670575, -0.49193031],
    [-4.7148951, -0.82851914, 0.60160405, 4.1854282, -1.3875057, -0.49928756],
    [-4.777727, -0.8156633, 0.62402924, 4.2343165, -1.4079539, -0.50664481],
    [-4.8405588, -0.80280746, 0.64645442, 4.2832049, -1.4284022, -0.51400207],
    [-4.9033907, -0.78995161, 0.66887961, 4.3320932, -1.4488504, -0.52135932],
    [-4.9662225, -0.77709577, 0.6913048, 4.3809815, -1.4692986, -0.52871657],
    [-5.0290544, -0.76423993, 0.71372998, 4.4298699, -1.4897468, -0.53607382],
    [-5.0917342, -0.7514152, 0.7361009, 4.4786399, -1.5101456, -0.54341327],
    [-5.1478221, -0.73993921, 0.75611913, 4.5222809, -1.528399, -0.54998084],
    [-5.19391, -0.73050929, 0.77256828, 4.5581411, -1.5433981, -0.55537748],
    [-5.229998, -0.72312544, 0.78544834, 4.5862204, -1.5551427, -0.55960317],
    [-5.2560859, -0.71778767, 0.79475933, 4.606519, -1.5636328, -0.56265792],
    [-5.2721738, -0.71449596, 0.80050124, 4.6190367, -1.5688685, -0.56454172],
    [-5.2782618, -0.71325033, 0.80267407, 4.6237736, -1.5708498, -0.56525458],
    [-5.2783209, -0.71323822, 0.80269519, 4.6238197, -1.5708691, -0.56526151]
  ]
}
