{
  "iteration": 338,
  "label": "pre_pick",
  "planning_time_ms": 22.459911,
  "scene": {
    "block_x": 0.20215962,
    "block_y": 0.45049969,
    "bin_x": 0.24098069,
    "bin_y": 0.30051033
  },
  "joint_names": ["shoulder_pan_joint", "shoulder_lift_joint", "elbow_joint", "wrist_1_joint", "wrist_2_joint", "wrist_3_joint"],
  "start_joints": [-0.45137599, -1.700823, -0.92022295, 0.86821999, -8.1446599e-05, -0.00024328807],
  "goal_joints": [0.88676191, -0.71989283, 0.81609487, -1.6679895, 4.7120805, -0.68443362],
  "num_waypoints": 52,
  "trajectory": [
    [-0.45137599, -1.700823, -0.92022295, 0.86821999, -8.1446599e-05, -0.00024328807],
    [-0.44995612, -1.6997821, -0.91838057, 0.86552886, 0.0049185534, -0.00096927154],
    [-0.44569649, -1.6966596, -0.91285344, 0.85745547, 0.019918553, -0.0031472219],
    [-0.4385971, -1.6914553, -0.90364154, 0.84399981, 0.044918553, -0.0067771393],
    [-0.42865796, -1.6841694, -0.89074489, 0.82516189, 0.079918553, -0.011859024],
    [-0.41587907, -1.6748017, -0.87416347, 0.80094171, 0.12491855, -0.018392875],
    [-0.40026043, -1.6633524, -0.8538973, 0.77133926, 0.17991855, -0.026378693],
    [-0.38180203, -1.6498214, -0.82994637, 0.73635455, 0.24491855, -0.035816478],
    [-0.36050388, -1.6342086, -0.80231069, 0.69598759, 0.31991853, -0.046706227],
    [-0.33636598, -1.6165142, -0.77099025, 0.65023836, 0.40491851, -0.059047943],
    [-0.30938833, -1.5967381, -0.73598506, 0.59910688, 0.49991849, -0.072841626],
    [-0.27957092, -1.5748802, -0.6972951, 0.54259313, 0.60491846, -0.088087275],
    [-0.24691376, -1.5509407, -0.65492039, 0.48069712, 0.71991843, -0.10478489],
    [-0.21168387, -1.5251152, -0.60920739, 0.41392493, 0.84397813, -0.12279795],
    [-0.17599847, -1.4989558, -0.56290335, 0.34628942, 0.96964184, -0.1410439],
    [-0.14031307, -1.4727964, -0.51659931, 0.27865391, 1.0953055, -0.15928986],
    [-0.10462768, -1.446637, -0.47029527, 0.2110184, 1.2209692, -0.17753581],
    [-0.068942279, -1.4204776, -0.42399123, 0.14338289, 1.346633, -0.19578177],
    [-0.033256883, -1.3943182, -0.37768719, 0.075747373, 1.4722967, -0.21402772],
    [0.0024285141, -1.3681588, -0.33138315, 0.0081118618, 1.5979604, -0.23227368],
    [0.038113911, -1.3419994, -0.28507911, -0.05952365, 1.7236241, -0.25051963],
    [0.073799308, -1.31584, -0.23877507, -0.12715916, 1.8492878, -0.26876558],
    [0.1094847, -1.2896806, -0.19247103, -0.19479467, 1.9749515, -0.28701154],
    [0.1451701, -1.2635212, -0.146167, -0.26243018, 2.1006152, -0.30525749],
    [0.1808555, -1.2373618, -0.099862956, -0.3300657, 2.2262789, -0.32350345],
    [0.21654089, -1.2112024, -0.053558916, -0.39770121, 2.3519426, -0.3417494],
    [0.25222629, -1.185043, -0.0072548762, -0.46533672, 2.4776063, -0.35999536],
    [0.28791169, -1.1588836, 0.039049163, -0.53297223, 2.60327, -0.37824131],
    [0.32359708, -1.1327242, 0.085353203, -0.60060774, 2.7289337, -0.39648727],
    [0.35928248, -1.1065648, 0.13165724, -0.66824325, 2.8545974, -0.41473322],
    [0.39496788, -1.0804054, 0.17796128, -0.73587877, 2.9802611, -0.43297918],
    [0.43065328, -1.054246, 0.22426532, -0.80351428, 3.1059248, -0.45122513],
    [0.46633867, -1.0280866, 0.27056936, -0.87114979, 3.2315885, -0.46947109],
    [0.50202407, -1.0019272, 0.3168734, -0.9387853, 3.3572523, -0.48771704],
    [0.53770947, -0.97576785, 0.36317744, -1.0064208, 3.482916, -0.505963],
    [0.57339486, -0.94960845, 0.40948148, -1.0740563, 3.6085797, -0.52420895],
    [0.60908026, -0.92344906, 0.45578552, -1.1416918, 3.7342434, -0.5424549],
    [0.64476566, -0.89728966, 0.50208956, -1.2093273, 3.8599071, -0.56070086],
    [0.68009352, -0.87139236, 0.54792967, -1.2762852, 3.9843117, -0.57876401],
    [0.71293403, -0.84731841, 0.5905423, -1.3385287, 4.0999574, -0.59555537],
    [0.7429348, -0.82532617, 0.62947018, -1.39539, 4.2056031, -0.61089477],
    [0.77009581, -0.80541563, 0.66471329, -1.446869, 4.3012487, -0.62478221],
    [0.79441707, -0.78758678, 0.69627165, -1.4929658, 4.3868944, -0.63721767],
    [0.81589857, -0.77183964, 0.72414524, -1.5336803, 4.46254, -0.64820117],
    [0.83454032, -0.75817419, 0.74833408, -1.5690125, 4.5281857, -0.6577327],
    [0.85034231, -0.74659044, 0.76883816, -1.5989624, 4.5838313, -0.66581227],
    [0.86330456, -0.73708839, 0.78565749, -1.6235301, 4.629477, -0.67243987],
    [0.87342705, -0.72966803, 0.79879205, -1.6427156, 4.6651227, -0.6776155],
    [0.88070978, -0.72432938, 0.80824186, -1.6565187, 4.6907683, -0.68133916],
    [0.88515276, -0.72107243, 0.8140069, -1.6649396, 4.706414, -0.68361086],
    [0.88675599, -0.71989717, 0.81608719, -1.6679783, 4.7120596, -0.68443059],
    [0.88676191, -0.71989283, 0.81609487, -1.6679895, 4.7120805, -0.68443362]
  ]
}
