{
  "iteration": 945,
  "label": "pre_pick",
  "planning_time_ms": 60.353868,
  "scene": {
    "block_x": 0.2543191,
    "block_y": 0.46697494,
    "bin_x": 0.33253564,
    "bin_y": 0.29162149
  },
  "joint_names": ["shoulder_pan_joint", "shoulder_lift_joint", "elbow_joint", "wrist_1_joint", "wrist_2_joint", "wrist_3_joint"],
  "start_joints": [-0.45129711, -1.7008424, -0.91998438, 0.86779672, 5.9342812e-05, -8.2256394e-05],
  "goal_joints": [-1.8208542, -2.8139489, -0.032774451, 4.4164448, -4.7117711, -0.24959661],
  "num_waypoints": 52,
  "trajectory": [
    [-0.45129711, -1.7008424, -0.91998438, 0.86779672, 5.9342812e-05, -8.2256394e-05],
    [-0.45275042, -1.7020236, -0.91904291, 0.8715624, -0.0049406572, -0.00034703073],
    [-0.45711038, -1.7055671, -0.9162185, 0.88285944, -0.019940657, -0.0011413538],
    [-0.46437696, -1.711473, -0.91151114, 0.90168783, -0.044940657, -0.0024652255],
    [-0.47455019, -1.7197413, -0.90492085, 0.92804758, -0.079940657, -0.0043186458],
    [-0.48763004, -1.730372, -0.89644762, 0.96193869, -0.12494066, -0.0067016149],
    [-0.50361653, -1.743365, -0.88609144, 1.0033612, -0.17994066, -0.0096141326],
    [-0.52250966, -1.7587203, -0.87385232, 1.052315, -0.24494066, -0.013056199],
    [-0.54430942, -1.7764381, -0.85973027, 1.1088002, -0.31994064, -0.017027813],
    [-0.56901581, -1.7965182, -0.84372527, 1.1728167, -0.40494063, -0.021528977],
    [-0.59662884, -1.8189607, -0.82583733, 1.2443646, -0.49994062, -0.026559688],
    [-0.6271485, -1.8437655, -0.80606645, 1.3234438, -0.60494059, -0.032119948],
    [-0.66057479, -1.8709327, -0.78441263, 1.4100544, -0.71994057, -0.038209757],
    [-0.69663443, -1.9002401, -0.76105292, 1.5034882, -0.84400031, -0.044779324],
    [-0.73316028, -1.9299265, -0.73739118, 1.5981301, -0.96966401, -0.051433829],
    [-0.76968613, -1.9596129, -0.71372944, 1.6927719, -1.0953277, -0.058088334],
    [-0.80621198, -1.9892992, -0.69006771, 1.7874137, -1.2209914, -0.064742839],
    [-0.84273783, -2.0189856, -0.66640597, 1.8820556, -1.3466551, -0.071397344],
    [-0.87926368, -2.0486719, -0.64274424, 1.9766974, -1.4723188, -0.078051849],
    [-0.91578953, -2.0783583, -0.6190825, 2.0713392, -1.5979825, -0.084706354],
    [-0.95231539, -2.1080447, -0.59542076, 2.1659811, -1.7236463, -0.091360859],
    [-0.98884124, -2.137731, -0.57175903, 2.2606229, -1.84931, -0.098015363],
    [-1.0253671, -2.1674174, -0.54809729, 2.3552647, -1.9749737, -0.10466987],
    [-1.0618929, -2.1971037, -0.52443556, 2.4499066, -2.1006374, -0.11132437],
    [-1.0984188, -2.2267901, -0.50077382, 2.5445484, -2.2263011, -0.11797888],
    [-1.1349446, -2.2564765, -0.47711208, 2.6391902, -2.3519648, -0.12463338],
    [-1.1714705, -2.2861628, -0.45345035, 2.7338321, -2.4776285, -0.13128789],
    [-1.2079963, -2.3158492, -0.42978861, 2.8284739, -2.6032922, -0.13794239],
    [-1.2445222, -2.3455355, -0.40612688, 2.9231157, -2.7289559, -0.1445969],
    [-1.281048, -2.3752219, -0.38246514, 3.0177576, -2.8546196, -0.1512514],
    [-1.3175739, -2.4049083, -0.3588034, 3.1123994, -2.9802833, -0.15790591],
    [-1.3540997, -2.4345946, -0.33514167, 3.2070412, -3.105947, -0.16456041],
    [-1.3906256, -2.464281, -0.31147993, 3.3016831, -3.2316107, -0.17121492],
    [-1.4271514, -2.4939673, -0.2878182, 3.3963249, -3.3572744, -0.17786942],
    [-1.4636773, -2.5236537, -0.26415646, 3.4909667, -3.4829381, -0.18452393],
    [-1.5002032, -2.5533401, -0.24049472, 3.5856086, -3.6086018, -0.19117843],
    [-1.536729, -2.5830264, -0.21683299, 3.6802504, -3.7342655, -0.19783294],
    [-1.5732549, -2.6127128, -0.19317125, 3.7748922, -3.8599293, -0.20448744],
    [-1.6094109, -2.6420986, -0.16974908, 3.8685758, -3.9843206, -0.21107457],
    [-1.6430172, -2.6694121, -0.14797866, 3.9556528, -4.0999399, -0.21719718],
    [-1.6737169, -2.6943632, -0.12809117, 4.0351985, -4.2055592, -0.22279023],
    [-1.7015099, -2.716952, -0.11008662, 4.1072128, -4.3011785, -0.22785374],
    [-1.7263963, -2.7371784, -0.093965019, 4.1716957, -4.3867977, -0.23238769],
    [-1.748376, -2.7550424, -0.079726356, 4.2286473, -4.462417, -0.2363921],
    [-1.7674492, -2.7705441, -0.067370633, 4.2780675, -4.5280363, -0.23986696],
    [-1.7836157, -2.7836834, -0.056897852, 4.3199564, -4.5836555, -0.24281227],
    [-1.7968755, -2.7944603, -0.048308012, 4.3543139, -4.6292748, -0.24522804],
    [-1.8072287, -2.8028749, -0.041601112, 4.38114, -4.6648941, -0.24711425],
    [-1.8146753, -2.8089271, -0.036777154, 4.4004348, -4.6905134, -0.24847091],
    [-1.8192153, -2.8126169, -0.033836138, 4.4121983, -4.7061326, -0.24929803],
    [-1.8208486, -2.8139444, -0.032778062, 4.4164303, -4.7117519, -0.2495956],
    [-1.8208542, -2.8139489, -0.032774451, 4.4164448, -4.7117711, -0.24959661]
  ]
}
