{
  "iteration": 51,
  "label": "pre_pick",
  "planning_time_ms": 5011.2651,
  "scene": {
    "block_x": 0.13130975,
    "block_y": 0.43642112,
    "bin_x": 0.40079196,
    "bin_y": 0.34978034
  },
  "joint_names": ["shoulder_pan_joint", "shoulder_lift_joint", "elbow_joint", "wrist_1_joint", "wrist_2_joint", "wrist_3_joint"],
  "start_joints": [-0.45141191, -1.7008195, -0.92029698, 0.86822298, 8.9285065e-05, -0.00018949565],
  "goal_joints": [-5.290036, 0.16194197, -1.163059, -0.56862248, -1.5706802, -0.5781236],
  "num_waypoints": 85,
  "trajectory": [
    [-0.45141191, -1.7008195, -0.92029698, 0.86822298, 8.9285065e-05, -0.00018949565],
    [-0.45641191, -1.6988946, -0.92054784, 0.86673821, -0.0015338721, -0.00078670479],
    [-0.47141191, -1.6931199, -0.92130042, 0.86228391, -0.0064033435, -0.0025783322],
    [-0.49641191, -1.6834955, -0.92255471, 0.85486008, -0.014519129, -0.0055643779],
    [-0.53141191, -1.6700213, -0.92431072, 0.84446671, -0.025881229, -0.0097448419],
    [-0.57641191, -1.6526973, -0.92656845, 0.83110381, -0.040489643, -0.015119724],
    [-0.63141191, -1.6315235, -0.92932789, 0.81477138, -0.058344372, -0.021689025],
    [-0.69384269, -1.6074891, -0.93246015, 0.79623236, -0.078611363, -0.029145871],
    [-0.75667454, -1.5833002, -0.93561253, 0.77757423, -0.099008558, -0.036650622],
    [-0.81950639, -1.5591114, -0.93876491, 0.7589161, -0.11940575, -0.044155373],
    [-0.88233824, -1.5349225, -0.9419173, 0.74025798, -0.13980295, -0.051660125],
    [-0.9451701, -1.5107337, -0.94506968, 0.72159985, -0.16020014, -0.059164876],
    [-1.008002, -1.4865448, -0.94822206, 0.70294172, -0.18059733, -0.066669628],
    [-1.0708338, -1.462356, -0.95137444, 0.6842836, -0.20099453, -0.074174379],
    [-1.1336657, -1.4381671, -0.95452682, 0.66562547, -0.22139172, -0.08167913],
    [-1.1964975, -1.4139783, -0.9576792, 0.64696734, -0.24178892, -0.089183882],
    [-1.2593294, -1.3897894, -0.96083158, 0.62830922, -0.26218611, -0.096688633],
    [-1.3221612, -1.3656006, -0.96398397, 0.60965109, -0.28258331, -0.10419338],
    [-1.3849931, -1.3414117, -0.96713635, 0.59099296, -0.3029805, -0.11169814],
    [-1.4478249, -1.3172229, -0.97028873, 0.57233483, -0.32337769, -0.11920289],
    [-1.5106568, -1.293034, -0.97344111, 0.55367671, -0.34377489, -0.12670764],
    [-1.5734886, -1.2688452, -0.97659349, 0.53501858, -0.36417208, -0.13421239],
    [-1.6363205, -1.2446563, -0.97974587, 0.51636045, -0.38456928, -0.14171714],
    [-1.6991523, -1.2204675, -0.98289826, 0.49770233, -0.40496647, -0.14922189],
    [-1.7619842, -1.1962786, -0.98605064, 0.4790442, -0.42536366, -0.15672664],
    [-1.824816, -1.1720898, -0.98920302, 0.46038607, -0.44576086, -0.1642314],
    [-1.8876479, -1.1479009, -0.9923554, 0.44172795, -0.46615805, -0.17173615],
    [-1.9504797, -1.1237121, -0.99550778, 0.42306982, -0.48655525, -0.1792409],
    [-2.0133116, -1.0995232, -0.99866016, 0.40441169, -0.50695244, -0.18674565],
    [-2.0761435, -1.0753344, -1.0018125, 0.38575357, -0.52734964, -0.1942504],
    [-2.1389753, -1.0511455, -1.0049649, 0.36709544, -0.54774683, -0.20175515],
    [-2.2018072, -1.0269567, -1.0081173, 0.34843731, -0.56814402, -0.2092599],
    [-2.264639, -1.0027678, -1.0112697, 0.32977918, -0.58854122, -0.21676466],
    [-2.3274709, -0.97857898, -1.0144221, 0.31112106, -0.60893841, -0.22426941],
    [-2.3903027, -0.95439013, -1.0175745, 0.29246293, -0.62933561, -0.23177416],
    [-2.4531346, -0.93020128, -1.0207268, 0.2738048, -0.6497328, -0.23927891],
    [-2.5159664, -0.90601243, -1.0238792, 0.25514668, -0.67012999, -0.24678366],
    [-2.5787983, -0.88182358, -1.0270316, 0.23648855, -0.69052719, -0.25428841],
    [-2.6416301, -0.85763473, -1.030184, 0.21783042, -0.71092438, -0.26179316],
    [-2.704462, -0.83344587, -1.0333364, 0.1991723, -0.73132158, -0.26929792],
    [-2.7672938, -0.80925702, -1.0364887, 0.18051417, -0.75171877, -0.27680267],
    [-2.8301257, -0.78506817, -1.0396411, 0.16185604, -0.77211597, -0.28430742],
    [-2.8929575, -0.76087932, -1.0427935, 0.14319792, -0.79251316, -0.29181217],
    [-2.9557894, -0.73669047, -1.0459459, 0.12453979, -0.81291035, -0.29931692],
    [-3.0186212, -0.71250162, -1.0490983, 0.10588166, -0.83330755, -0.30682167],
    [-3.0814531, -0.68831277, -1.0522506, 0.087223535, -0.85370474, -0.31432642],
    [-3.144285, -0.66412392, -1.055403, 0.068565408, -0.87410194, -0.32183118],
    [-3.2071168, -0.63993507, -1.0585554, 0.049907281, -0.89449913, -0.32933593],
    [-3.2699487, -0.61574622, -1.0617078, 0.031249154, -0.91489632, -0.33684068],
    [-3.3327805, -0.59155737, -1.0648602, 0.012591027, -0.93529352, -0.34434543],
    [-3.3956124, -0.56736852, -1.0680126, -0.0060670994, -0.95569071, -0.35185018],
    [-3.4584442, -0.54317967, -1.0711649, -0.024725226, -0.97608791, -0.35935493],
    [-3.5212761, -0.51899082, -1.0743173, -0.043383353, -0.9964851, -0.36685968],
    [-3.5841079, -0.49480197, -1.0774697, -0.06204148, -1.0168823, -0.37436444],
    [-3.6469398, -0.47061312, -1.0806221, -0.080699607, -1.0372795, -0.38186919],
    [-3.7097716, -0.44642427, -1.0837745, -0.099357734, -1.0576767, -0.38937394],
    [-3.7726035, -0.42223542, -1.0869268, -0.11801586, -1.0780739, -0.39687869],
    [-3.8354353, -0.39804657, -1.0900792, -0.13667399, -1.0984711, -0.40438344],
    [-3.8982672, -0.37385772, -1.0932316, -0.15533211, -1.1188683, -0.41188819],
    [-3.961099, -0.34966887, -1.096384, -0.17399024, -1.1392655, -0.41939294],
    [-4.0239309, -0.32548002, -1.0995364, -0.19264837, -1.1596627, -0.4268977],
    [-4.0867628, -0.30129117, -1.1026888, -0.2113065, -1.1800598, -0.43440245],
    [-4.1495946, -0.27710232, -1.1058411, -0.22996462, -1.200457, -0.4419072],
    [-4.2124265, -0.25291347, -1.1089935, -0.24862275, -1.2208542, -0.44941195],
    [-4.2752583, -0.22872462, -1.1121459, -0.26728088, -1.2412514, -0.4569167],
    [-4.3380902, -0.20453577, -1.1152983, -0.285939, -1.2616486, -0.46442145],
    [-4.400922, -0.18034692, -1.1184507, -0.30459713, -1.2820458, -0.4719262],
    [-4.4637539, -0.15615807, -1.121603, -0.32325526, -1.302443, -0.47943095],
    [-4.5265857, -0.13196922, -1.1247554, -0.34191338, -1.3228402, -0.48693571],
    [-4.5894176, -0.10778037, -1.1279078, -0.36057151, -1.3432374, -0.49444046],
    [-4.6522494, -0.083591516, -1.1310602, -0.37922964, -1.3636346, -0.50194521],
    [-4.7150813, -0.059402666, -1.1342126, -0.39788776, -1.3840318, -0.50944996],
    [-4.7779131, -0.035213816, -1.137365, -0.41654589, -1.404429, -0.51695471],
    [-4.840745, -0.011024966, -1.1405173, -0.43520402, -1.4248262, -0.52445946],
    [-4.9035768, 0.013163885, -1.1436697, -0.45386215, -1.4452234, -0.53196421],
    [-4.9664087, 0.037352735, -1.1468221, -0.47252027, -1.4656206, -0.53946897],
    [-5.0292405, 0.061541585, -1.1499745, -0.4911784, -1.4860178, -0.54697372],
    [-5.0920724, 0.085730436, -1.1531269, -0.50983653, -1.506415, -0.55447847],
    [-5.1499948, 0.10802926, -1.1560329, -0.52703677, -1.5252184, -0.56139683],
    [-5.1979176, 0.12647846, -1.1584373, -0.54126761, -1.5407756, -0.56712081],
    [-5.2358404, 0.14107789, -1.1603399, -0.55252892, -1.5530866, -0.57165038],
    [-5.2637632, 0.15182755, -1.1617409, -0.56082069, -1.5621512, -0.57498554],
    [-5.2816861, 0.15872743, -1.1626401, -0.56614293, -1.5679695, -0.57712627],
    [-5.2896089, 0.16177753, -1.1630376, -0.56849563, -1.5705415, -0.57807259],
    [-5.290036, 0.16194197, -1.163059, -0.56862248, -1.5706802, -0.5781236]
  ]
}
