{
  "iteration": 764,
  "label": "pre_pick",
  "planning_time_ms": 62.531393,
  "scene": {
    "block_x": 0.18225589,
    "block_y": 0.44121007,
    "bin_x": 0.37496438,
    "bin_y": 0.36063528
  },
  "joint_names": ["shoulder_pan_joint", "shoulder_lift_joint", "elbow_joint", "wrist_1_joint", "wrist_2_joint", "wrist_3_joint"],
  "start_joints": [-0.45139036, -1.7008796, -0.91994358, 0.86780711, 5.369472e-05, 6.4699373e-05],
  "goal_joints": [-1.6823974, -3.2433148, 0.98683519, 3.8272634, -4.7127866, -0.11135934],
  "num_waypoints": 52,
  "trajectory": [
    [-0.45139036, -1.7008796, -0.91994358, 0.86780711, 5.369472e-05, 6.4699373e-05],
    [-0.45269638, -1.702516, -0.91792061, 0.87094689, -0.0049463053, -5.3513884e-05],
    [-0.45661442, -1.7074253, -0.91185173, 0.88036623, -0.019946305, -0.00040815366],
    [-0.46314449, -1.7156073, -0.90173692, 0.89606513, -0.044946305, -0.00099921994],
    [-0.47228658, -1.7270623, -0.88757619, 0.91804359, -0.079946305, -0.0018267127],
    [-0.48404071, -1.74179, -0.86936954, 0.94630161, -0.12494631, -0.0028906321],
    [-0.49840686, -1.7597906, -0.84711697, 0.98083919, -0.17994631, -0.0041909779],
    [-0.51538504, -1.7810641, -0.82081847, 1.0216563, -0.2449463, -0.0057277502],
    [-0.53497525, -1.8056103, -0.79047406, 1.068753, -0.31994628, -0.0075009486],
    [-0.55717748, -1.8334294, -0.75608372, 1.1221293, -0.40494627, -0.0095105735],
    [-0.58199174, -1.8645213, -0.71764746, 1.1817851, -0.49994624, -0.011756625],
    [-0.60941803, -1.8988861, -0.67516529, 1.2477204, -0.60494621, -0.014239103],
    [-0.63945634, -1.9365237, -0.62863719, 1.3199354, -0.71994618, -0.016958007],
    [-0.67186108, -1.9771264, -0.5784436, 1.3978394, -0.84400587, -0.019891107],
    [-0.70468479, -2.0182541, -0.52760103, 1.4767507, -0.96966958, -0.02286213],
    [-0.7375085, -2.0593817, -0.47675847, 1.5556619, -1.0953333, -0.025833153],
    [-0.77033221, -2.1005094, -0.4259159, 1.6345732, -1.220997, -0.028804176],
    [-0.80315592, -2.1416371, -0.37507334, 1.7134845, -1.3466607, -0.0317752],
    [-0.83597963, -2.1827647, -0.32423077, 1.7923958, -1.4723244, -0.034746223],
    [-0.86880334, -2.2238924, -0.27338821, 1.871307, -1.5979881, -0.037717246],
    [-0.90162705, -2.2650201, -0.22254564, 1.9502183, -1.7236518, -0.040688269],
    [-0.93445076, -2.3061477, -0.17170308, 2.0291296, -1.8493155, -0.043659292],
    [-0.96727447, -2.3472754, -0.12086051, 2.1080409, -1.9749792, -0.046630316],
    [-1.0000982, -2.3884031, -0.07001795, 2.1869522, -2.1006429, -0.049601339],
    [-1.0329219, -2.4295307, -0.019175386, 2.2658634, -2.2263066, -0.052572362],
    [-1.0657456, -2.4706584, 0.031667179, 2.3447747, -2.3519703, -0.055543385],
    [-1.0985693, -2.5117861, 0.082509744, 2.423686, -2.477634, -0.058514408],
    [-1.131393, -2.5529137, 0.13335231, 2.5025973, -2.6032978, -0.061485432],
    [-1.1642167, -2.5940414, 0.18419487, 2.5815085, -2.7289615, -0.064456455],
    [-1.1970404, -2.6351691, 0.23503744, 2.6604198, -2.8546252, -0.067427478],
    [-1.2298642, -2.6762967, 0.28588, 2.7393311, -2.9802889, -0.070398501],
    [-1.2626879, -2.7174244, 0.33672257, 2.8182424, -3.1059526, -0.073369524],
    [-1.2955116, -2.7585521, 0.38756513, 2.8971537, -3.2316163, -0.076340548],
    [-1.3283353, -2.7996797, 0.4384077, 2.9760649, -3.35728, -0.079311571],
    [-1.361159, -2.8408074, 0.48925026, 3.0549762, -3.4829437, -0.082282594],
    [-1.3939827, -2.8819351, 0.54009283, 3.1338875, -3.6086074, -0.085253617],
    [-1.4268064, -2.9230627, 0.59093539, 3.2127988, -3.7342711, -0.08822464],
    [-1.4596301, -2.9641904, 0.64177796, 3.29171, -3.8599348, -0.091195664],
    [-1.492132, -3.0049148, 0.69212202, 3.3698476, -3.9843664, -0.094137557],
    [-1.5223531, -3.0427814, 0.7389332, 3.4425019, -4.1000661, -0.096873003],
    [-1.5499621, -3.0773752, 0.78169846, 3.5088766, -4.2057657, -0.099372023],
    [-1.5749591, -3.1086961, 0.8204178, 3.5689718, -4.3014653, -0.10163462],
    [-1.5973441, -3.1367442, 0.85509121, 3.6227874, -4.387165, -0.10366078],
    [-1.6171171, -3.1615194, 0.8857187, 3.6703234, -4.4628646, -0.10545052],
    [-1.634278, -3.1830218, 0.91230026, 3.7115799, -4.5285643, -0.10700384],
    [-1.6488269, -3.2012514, 0.93483591, 3.7465568, -4.5842639, -0.10832072],
    [-1.6607638, -3.2162081, 0.95332563, 3.7752542, -4.6299635, -0.10940118],
    [-1.6700886, -3.227892, 0.96776943, 3.797672, -4.6656632, -0.11024522],
    [-1.6768014, -3.2363031, 0.9781673, 3.8138103, -4.6913628, -0.11085283],
    [-1.6809022, -3.2414413, 0.98451926, 3.8236689, -4.7070625, -0.11122401],
    [-1.682391, -3.2433067, 0.98682529, 3.8272481, -4.7127621, -0.11135876],
    [-1.6823974, -3.2433148, 0.98683519, 3.8272634, -4.7127866, -0.11135934]
  ]
}
