{
  "iteration": 573,
  "label": "pre_pick",
  "planning_time_ms": 48.956198,
  "scene": {
    "block_x": 0.12277738,
    "block_y": 0.46593477,
    "bin_x": 0.29314616,
    "bin_y": 0.30798032
  },
  "joint_names": ["shoulder_pan_joint", "shoulder_lift_joint", "elbow_joint", "wrist_1_joint", "wrist_2_joint", "wrist_3_joint"],
  "start_joints": [-0.45139788, -1.7008374, -0.92027761, 0.86830762, -0.00010039875, -0.00016697133],
  "goal_joints": [1.0453846, -0.78313747, 0.93177105, -1.7189026, -1.5703803, -0.52611104],
  "num_waypoints": 40,
  "trajectory": [
    [-0.45139788, -1.7008374, -0.92027761, 0.86830762, -0.00010039875, -0.00016697133],
    [-0.44850522, -1.6990639, -0.91669837, 0.86330762, -0.0031350959, -0.0011834022],
    [-0.43982725, -1.6937433, -0.90596065, 0.84830762, -0.012239187, -0.0042326948],
    [-0.42536396, -1.6848756, -0.88806446, 0.82330762, -0.027412673, -0.0093148492],
    [-0.40511536, -1.6724609, -0.86300979, 0.78830762, -0.048655554, -0.016429865],
    [-0.37908145, -1.6564991, -0.83079664, 0.74330762, -0.075967828, -0.025577743],
    [-0.34726222, -1.6369902, -0.79142501, 0.68830762, -0.1093495, -0.036758482],
    [-0.30965769, -1.6139343, -0.74489492, 0.62330764, -0.14880055, -0.04997208],
    [-0.26626785, -1.5873314, -0.69120635, 0.54830766, -0.19432099, -0.065218539],
    [-0.21723622, -1.5572693, -0.63053691, 0.46355578, -0.24576025, -0.082447423],
    [-0.16645699, -1.5261358, -0.56770506, 0.37578313, -0.29903293, -0.10029039],
    [-0.11567775, -1.4950023, -0.50487321, 0.28801049, -0.35230561, -0.11813335],
    [-0.064898518, -1.4638688, -0.44204135, 0.20023784, -0.40557829, -0.13597632],
    [-0.014119283, -1.4327353, -0.3792095, 0.11246519, -0.45885097, -0.15381929],
    [0.036659952, -1.4016018, -0.31637765, 0.024692546, -0.51212365, -0.17166225],
    [0.087439187, -1.3704682, -0.25354579, -0.063080101, -0.56539633, -0.18950522],
    [0.13821842, -1.3393347, -0.19071394, -0.15085275, -0.61866901, -0.20734818],
    [0.18899766, -1.3082012, -0.12788209, -0.2386254, -0.6719417, -0.22519115],
    [0.23977689, -1.2770677, -0.065050236, -0.32639804, -0.72521438, -0.24303411],
    [0.29055613, -1.2459342, -0.0022183825, -0.41417069, -0.77848706, -0.26087708],
    [0.34133536, -1.2148007, 0.060613471, -0.50194334, -0.83175974, -0.27872004],
    [0.3921146, -1.1836671, 0.12344532, -0.58971598, -0.88503242, -0.29656301],
    [0.44289383, -1.1525336, 0.18627718, -0.67748863, -0.9383051, -0.31440598],
    [0.49367307, -1.1214001, 0.24910903, -0.76526128, -0.99157778, -0.33224894],
    [0.5444523, -1.0902666, 0.31194088, -0.85303393, -1.0448505, -0.35009191],
    [0.59523153, -1.0591331, 0.37477274, -0.94080657, -1.0981231, -0.36793487],
    [0.64601077, -1.0279996, 0.43760459, -1.0285792, -1.1513958, -0.38577784],
    [0.69679, -0.99686605, 0.50043644, -1.1163519, -1.2046685, -0.4036208],
    [0.74756924, -0.96573253, 0.5632683, -1.2041245, -1.2579412, -0.42146377],
    [0.79834847, -0.93459902, 0.62610015, -1.2918972, -1.3112139, -0.43930674],
    [0.84833428, -0.90395197, 0.68795024, -1.3782983, -1.3636542, -0.4568709],
    [0.89319092, -0.87644968, 0.74345376, -1.4558337, -1.4107134, -0.47263277],
    [0.93226225, -0.85249446, 0.79179879, -1.5233691, -1.4517033, -0.48636177],
    [0.96554826, -0.83208631, 0.83298535, -1.5809044, -1.4866238, -0.49805792],
    [0.99304896, -0.81522521, 0.86701343, -1.6284398, -1.5154749, -0.5077212],
    [1.0147643, -0.80191118, 0.89388303, -1.6659751, -1.5382565, -0.51535162],
    [1.0306944, -0.79214421, 0.91359416, -1.6935105, -1.5549688, -0.52094917],
    [1.0408392, -0.78592431, 0.9261468, -1.7110459, -1.5656117, -0.52451387],
    [1.0451986, -0.78325147, 0.93154097, -1.7185812, -1.5701852, -0.5260457],
    [1.0453846, -0.78313747, 0.93177105, -1.7189026, -1.5703803, -0.52611104]
  ]
}
