{
  "iteration": 901,
  "label": "pre_pick",
  "planning_time_ms": 5011.5292,
  "scene": {
    "block_x": 0.27356576,
    "block_y": 0.41278042,
    "bin_x": 0.15547246,
    "bin_y": 0.38816276
  },
  "joint_names": ["shoulder_pan_joint", "shoulder_lift_joint", "elbow_joint", "wrist_1_joint", "wrist_2_joint", "wrist_3_joint"],
  "start_joints": [-0.4513841, -1.7008012, -0.92019277, 0.86815839, -1.1981106e-05, -0.00011098433],
  "goal_joints": [4.3946678, -3.1753854, 0.80387954, -2.340409, 1.5717453, -0.31778415],
  "num_waypoints": 85,
  "trajectory": [
    [-0.4513841, -1.7008012, -0.92019277, 0.86815839, -1.1981106e-05, -0.00011098433],
    [-0.4463841, -1.7023226, -0.91841393, 0.8648479, 0.0016097073, -0.00043874925],
    [-0.4313841, -1.7068869, -0.91307741, 0.85491641, 0.0064747726, -0.001422044],
    [-0.4063841, -1.714494, -0.90418319, 0.83836392, 0.014583215, -0.0030608687],
    [-0.3713841, -1.725144, -0.8917313, 0.81519045, 0.025935034, -0.0053552232],
    [-0.3263841, -1.7388369, -0.87572172, 0.78539598, 0.04053023, -0.0083051076],
    [-0.2713841, -1.7555726, -0.85615446, 0.74898052, 0.058368802, -0.011910522],
    [-0.20895333, -1.7745694, -0.83394356, 0.70764515, 0.078617455, -0.016003045],
    [-0.14612147, -1.7936882, -0.81158997, 0.66604423, 0.098996193, -0.020121861],
    [-0.083289621, -1.8128071, -0.78923638, 0.6244433, 0.11937493, -0.024240677],
    [-0.020457768, -1.8319259, -0.76688279, 0.58284238, 0.13975367, -0.028359492],
    [0.042374085, -1.8510447, -0.7445292, 0.54124146, 0.16013241, -0.032478308],
    [0.10520594, -1.8701636, -0.7221756, 0.49964053, 0.18051114, -0.036597123],
    [0.16803779, -1.8892824, -0.69982201, 0.45803961, 0.20088988, -0.040715939],
    [0.23086964, -1.9084012, -0.67746842, 0.41643868, 0.22126862, -0.044834754],
    [0.2937015, -1.9275201, -0.65511483, 0.37483776, 0.24164736, -0.04895357],
    [0.35653335, -1.9466389, -0.63276124, 0.33323684, 0.2620261, -0.053072386],
    [0.4193652, -1.9657577, -0.61040765, 0.29163591, 0.28240483, -0.057191201],
    [0.48219706, -1.9848766, -0.58805406, 0.25003499, 0.30278357, -0.061310017],
    [0.54502891, -2.0039954, -0.56570047, 0.20843406, 0.32316231, -0.065428832],
    [0.60786076, -2.0231142, -0.54334688, 0.16683314, 0.34354105, -0.069547648],
    [0.67069262, -2.0422331, -0.52099329, 0.12523222, 0.36391978, -0.073666464],
    [0.73352447, -2.0613519, -0.4986397, 0.083631292, 0.38429852, -0.077785279],
    [0.79635632, -2.0804707, -0.47628611, 0.042030368, 0.40467726, -0.081904095],
    [0.85918817, -2.0995896, -0.45393252, 0.00042944349, 0.425056, -0.08602291],
    [0.92202003, -2.1187084, -0.43157893, -0.041171481, 0.44543473, -0.090141726],
    [0.98485188, -2.1378272, -0.40922534, -0.082772405, 0.46581347, -0.094260541],
    [1.0476837, -2.1569461, -0.38687175, -0.12437333, 0.48619221, -0.098379357],
    [1.1105156, -2.1760649, -0.36451816, -0.16597425, 0.50657095, -0.10249817],
    [1.1733474, -2.1951837, -0.34216457, -0.20757518, 0.52694969, -0.10661699],
    [1.2361793, -2.2143026, -0.31981098, -0.2491761, 0.54732842, -0.1107358],
    [1.2990111, -2.2334214, -0.29745739, -0.29077702, 0.56770716, -0.11485462],
    [1.361843, -2.2525402, -0.2751038, -0.33237795, 0.5880859, -0.11897343],
    [1.4246749, -2.2716591, -0.25275021, -0.37397887, 0.60846464, -0.12309225],
    [1.4875067, -2.2907779, -0.23039662, -0.4155798, 0.62884337, -0.12721107],
    [1.5503386, -2.3098967, -0.20804303, -0.45718072, 0.64922211, -0.13132988],
    [1.6131704, -2.3290156, -0.18568944, -0.49878165, 0.66960085, -0.1354487],
    [1.6760023, -2.3481344, -0.16333585, -0.54038257, 0.68997959, -0.13956751],
    [1.7388341, -2.3672532, -0.14098226, -0.58198349, 0.71035833, -0.14368633],
    [1.801666, -2.3863721, -0.11862867, -0.62358442, 0.73073706, -0.14780514],
    [1.8644978, -2.4054909, -0.096275077, -0.66518534, 0.7511158, -0.15192396],
    [1.9273297, -2.4246097, -0.073921487, -0.70678627, 0.77149454, -0.15604277],
    [1.9901615, -2.4437286, -0.051567896, -0.74838719, 0.79187328, -0.16016159],
    [2.0529934, -2.4628474, -0.029214306, -0.78998811, 0.81225201, -0.16428041],
    [2.1158252, -2.4819662, -0.0068607159, -0.83158904, 0.83263075, -0.16839922],
    [2.1786571, -2.5010851, 0.015492874, -0.87318996, 0.85300949, -0.17251804],
    [2.2414889, -2.5202039, 0.037846465, -0.91479089, 0.87338823, -0.17663685],
    [2.3043208, -2.5393227, 0.060200055, -0.95639181, 0.89376697, -0.18075567],
    [2.3671526, -2.5584416, 0.082553645, -0.99799273, 0.9141457, -0.18487448],
    [2.4299845, -2.5775604, 0.10490724, -1.0395937, 0.93452444, -0.1889933],
    [2.4928164, -2.5966792, 0.12726083, -1.0811946, 0.95490318, -0.19311212],
    [2.5556482, -2.6157981, 0.14961442, -1.1227955, 0.97528192, -0.19723093],
    [2.6184801, -2.6349169, 0.17196801, -1.1643964, 0.99566065, -0.20134975],
    [2.6813119, -2.6540357, 0.1943216, -1.2059974, 1.0160394, -0.20546856],
    [2.7441438, -2.6731546, 0.21667519, -1.2475983, 1.0364181, -0.20958738],
    [2.8069756, -2.6922734, 0.23902878, -1.2891992, 1.0567969, -0.21370619],
    [2.8698075, -2.7113922, 0.26138237, -1.3308001, 1.0771756, -0.21782501],
    [2.9326393, -2.7305111, 0.28373596, -1.3724011, 1.0975543, -0.22194382],
    [2.9954712, -2.7496299, 0.30608955, -1.414002, 1.1179331, -0.22606264],
    [3.058303, -2.7687487, 0.32844314, -1.4556029, 1.1383118, -0.23018146],
    [3.1211349, -2.7878676, 0.35079673, -1.4972038, 1.1586906, -0.23430027],
    [3.1839667, -2.8069864, 0.37315032, -1.5388047, 1.1790693, -0.23841909],
    [3.2467986, -2.8261052, 0.39550391, -1.5804057, 1.199448, -0.2425379],
    [3.3096304, -2.8452241, 0.4178575, -1.6220066, 1.2198268, -0.24665672],
    [3.3724623, -2.8643429, 0.44021109, -1.6636075, 1.2402055, -0.25077553],
    [3.4352942, -2.8834617, 0.46256468, -1.7052084, 1.2605842, -0.25489435],
    [3.498126, -2.9025806, 0.48491827, -1.7468094, 1.280963, -0.25901316],
    [3.5609579, -2.9216994, 0.50727186, -1.7884103, 1.3013417, -0.26313198],
    [3.6237897, -2.9408182, 0.52962545, -1.8300112, 1.3217205, -0.2672508],
    [3.6866216, -2.9599371, 0.55197904, -1.8716121, 1.3420992, -0.27136961],
    [3.7494534, -2.9790559, 0.57433263, -1.9132131, 1.3624779, -0.27548843],
    [3.8122853, -2.9981747, 0.59668622, -1.954814, 1.3828567, -0.27960724],
    [3.8751171, -3.0172936, 0.61903981, -1.9964149, 1.4032354, -0.28372606],
    [3.937949, -3.0364124, 0.6413934, -2.0380158, 1.4236141, -0.28784487],
    [4.0007808, -3.0555312, 0.66374699, -2.0796168, 1.4439929, -0.29196369],
    [4.0636127, -3.0746501, 0.68610058, -2.1212177, 1.4643716, -0.2960825],
    [4.1264445, -3.0937689, 0.70845417, -2.1628186, 1.4847504, -0.30020132],
    [4.1892764, -3.1128877, 0.73080776, -2.2044195, 1.5051291, -0.30432014],
    [4.2483003, -3.1308479, 0.75180662, -2.2434992, 1.5242728, -0.30818933],
    [4.2974053, -3.1457898, 0.76927662, -2.2760116, 1.5401994, -0.31140831],
    [4.3365103, -3.1576889, 0.78318894, -2.301903, 1.5528826, -0.31397176],
    [4.3656153, -3.1665451, 0.79354357, -2.3211734, 1.5623224, -0.31587968],
    [4.3847203, -3.1723585, 0.80034052, -2.3338228, 1.5685189, -0.31713206],
    [4.3938252, -3.175129, 0.80357979, -2.3398512, 1.571472, -0.31772892],
    [4.3946678, -3.1753854, 0.80387954, -2.340409, 1.5717453, -0.31778415]
  ]
}
