{
  "iteration": 214,
  "label": "pre_pick",
  "planning_time_ms": 5009.9619,
  "scene": {
    "block_x": 0.15228639,
    "block_y": 0.49807959,
    "bin_x": 0.23547451,
    "bin_y": 0.38990706
  },
  "joint_names": ["shoulder_pan_joint", "shoulder_lift_joint", "elbow_joint", "wrist_1_joint", "wrist_2_joint", "wrist_3_joint"],
  "start_joints": [-0.45140709, -1.7009222, -0.92012731, 0.86812967, -1.5062332e-05, -0.00010686782],
  "goal_joints": [-1.6130665, -2.6216718, -0.42963858, 4.6225455, -4.7117407, -0.043088448],
  "num_waypoints": 52,
  "trajectory": [
    [-0.45140709, -1.7009222, -0.92012731, 0.86812967, -1.5062332e-05, -0.00010686782],
    [-0.45263982, -1.7018992, -0.91960681, 0.87211379, -0.0050150623, -0.00015247912],
    [-0.45633802, -1.7048305, -0.91804531, 0.88406615, -0.020015062, -0.000289313],
    [-0.46250168, -1.7097159, -0.91544283, 0.90398675, -0.045015062, -0.00051736947],
    [-0.47113081, -1.7165555, -0.91179934, 0.93187559, -0.080015062, -0.00083664852],
    [-0.4822254, -1.7253492, -0.90711486, 0.96773267, -0.12501506, -0.0012471502],
    [-0.49578546, -1.7360972, -0.90138938, 1.011558, -0.18001506, -0.0017488744],
    [-0.51181098, -1.7487992, -0.89462291, 1.0633515, -0.24501506, -0.0023418212],
    [-0.53030196, -1.7634555, -0.88681544, 1.1231133, -0.32001505, -0.0030259905],
    [-0.55125841, -1.7800659, -0.87796697, 1.1908434, -0.40501503, -0.0038013823],
    [-0.57468032, -1.7986305, -0.86807751, 1.2665416, -0.50001501, -0.0046679967],
    [-0.6005677, -1.8191492, -0.85714706, 1.3502081, -0.60501499, -0.0056258337],
    [-0.62892054, -1.8416221, -0.84517561, 1.4418428, -0.72001496, -0.0066748932],
    [-0.65950702, -1.8658655, -0.83226104, 1.5406966, -0.84407465, -0.0078065978],
    [-0.69048897, -1.8904222, -0.8191795, 1.6408284, -0.96973836, -0.0089529346],
    [-0.72147092, -1.914979, -0.80609796, 1.7409603, -1.0954021, -0.010099271],
    [-0.75245286, -1.9395358, -0.79301642, 1.8410921, -1.2210658, -0.011245608],
    [-0.78343481, -1.9640926, -0.77993488, 1.941224, -1.3467295, -0.012391945],
    [-0.81441676, -1.9886494, -0.76685334, 2.0413558, -1.4723932, -0.013538282],
    [-0.84539871, -2.0132062, -0.7537718, 2.1414877, -1.5980569, -0.014684619],
    [-0.87638065, -2.0377629, -0.74069026, 2.2416195, -1.7237206, -0.015830956],
    [-0.9073626, -2.0623197, -0.72760872, 2.3417514, -1.8493843, -0.016977292],
    [-0.93834455, -2.0868765, -0.71452718, 2.4418833, -1.975048, -0.018123629],
    [-0.96932649, -2.1114333, -0.70144564, 2.5420151, -2.1007117, -0.019269966],
    [-1.0003084, -2.1359901, -0.68836409, 2.642147, -2.2263754, -0.020416303],
    [-1.0312904, -2.1605468, -0.67528255, 2.7422788, -2.3520391, -0.02156264],
    [-1.0622723, -2.1851036, -0.66220101, 2.8424107, -2.4777028, -0.022708977],
    [-1.0932543, -2.2096604, -0.64911947, 2.9425425, -2.6033665, -0.023855313],
    [-1.1242362, -2.2342172, -0.63603793, 3.0426744, -2.7290302, -0.02500165],
    [-1.1552182, -2.258774, -0.62295639, 3.1428062, -2.854694, -0.026147987],
    [-1.1862001, -2.2833308, -0.60987485, 3.2429381, -2.9803577, -0.027294324],
    [-1.2171821, -2.3078875, -0.59679331, 3.3430699, -3.1060214, -0.028440661],
    [-1.248164, -2.3324443, -0.58371177, 3.4432018, -3.2316851, -0.029586998],
    [-1.279146, -2.3570011, -0.57063023, 3.5433336, -3.3573488, -0.030733334],
    [-1.3101279, -2.3815579, -0.55754868, 3.6434655, -3.4830125, -0.031879671],
    [-1.3411099, -2.4061147, -0.54446714, 3.7435973, -3.6086762, -0.033026008],
    [-1.3720918, -2.4306714, -0.5313856, 3.8437292, -3.7343399, -0.034172345],
    [-1.4030737, -2.4552282, -0.51830406, 3.943861, -3.8600036, -0.035318682],
    [-1.433741, -2.4795356, -0.50535541, 4.0429757, -3.9843908, -0.036453374],
    [-1.4622444, -2.5021279, -0.49332035, 4.1350973, -4.1000017, -0.037508007],
    [-1.4882825, -2.522766, -0.4823263, 4.2192506, -4.2056127, -0.038471417],
    [-1.511855, -2.54145, -0.47237324, 4.2954357, -4.3012236, -0.039343605],
    [-1.5329621, -2.5581798, -0.46346118, 4.3636525, -4.3868345, -0.04012457],
    [-1.5516037, -2.5729554, -0.45559011, 4.4239011, -4.4624455, -0.040814312],
    [-1.5677798, -2.5857769, -0.44876004, 4.4761815, -4.5280564, -0.041412832],
    [-1.5814905, -2.5966442, -0.44297096, 4.5204936, -4.5836673, -0.04192013],
    [-1.5927357, -2.6055573, -0.43822288, 4.5568375, -4.6292783, -0.042336204],
    [-1.6015155, -2.6125163, -0.4345158, 4.5852132, -4.6648892, -0.042661057],
    [-1.6078298, -2.6175211, -0.43184971, 4.6056206, -4.6905001, -0.042894686],
    [-1.6116786, -2.6205717, -0.43022462, 4.6180597, -4.7061111, -0.043037093],
    [-1.6130619, -2.6216682, -0.42964052, 4.6225307, -4.711722, -0.043088278],
    [-1.6130665, -2.6216718, -0.42963858, 4.6225455, -4.7117407, -0.043088448]
  ]
}
