{
  "iteration": 848,
  "label": "pre_pick",
  "planning_time_ms": 32.82837,
  "scene": {
    "block_x": 0.21357965,
    "block_y": 0.42976761,
    "bin_x": 0.13241724,
    "bin_y": 0.32477865
  },
  "joint_names": ["shoulder_pan_joint", "shoulder_lift_joint", "elbow_joint", "wrist_1_joint", "wrist_2_joint", "wrist_3_joint"],
  "start_joints": [-0.45126296, -1.7007895, -0.92006651, 0.86800391, -8.7200247e-05, -0.00013141361],
  "goal_joints": [-1.7559381, -2.3505366, -0.94592325, -1.4168296, 1.57129, -0.18494554],
  "num_waypoints": 33,
  "trajectory": [
    [-0.45126296, -1.7007895, -0.92006651, 0.86800391, -8.7200247e-05, -0.00013141361],
    [-0.45411804, -1.7022114, -0.9201231, 0.86300391, 0.0033515124, -0.00053585035],
    [-0.46268327, -1.706477, -0.92029285, 0.84800391, 0.013667651, -0.0017491606],
    [-0.47695865, -1.7135863, -0.92057576, 0.82300391, 0.030861214, -0.0037713443],
    [-0.49694419, -1.7235394, -0.92097185, 0.78800391, 0.054932203, -0.0066024014],
    [-0.52263989, -1.7363362, -0.9214811, 0.74300391, 0.085880617, -0.010242332],
    [-0.55404573, -1.7519768, -0.92210352, 0.68800391, 0.12370646, -0.014691136],
    [-0.59116173, -1.7704611, -0.9228391, 0.62300391, 0.16840972, -0.019948814],
    [-0.63398789, -1.7917892, -0.92368785, 0.54800391, 0.21999041, -0.026015365],
    [-0.6825242, -1.8159609, -0.92464977, 0.46300391, 0.27844853, -0.032890789],
    [-0.73677066, -1.8429765, -0.92572486, 0.36800392, 0.34378407, -0.040575087],
    [-0.79672728, -1.8728357, -0.92691311, 0.26300392, 0.41599703, -0.049068259],
    [-0.85955903, -1.9041269, -0.92815834, 0.15296879, 0.49167287, -0.057968709],
    [-0.92239088, -1.935418, -0.92940358, 0.042933485, 0.56734883, -0.066869172],
    [-0.98522273, -1.9667092, -0.93064881, -0.06710182, 0.64302479, -0.075769636],
    [-1.0480546, -1.9980004, -0.93189405, -0.17713712, 0.71870075, -0.0846701],
    [-1.1108864, -2.0292916, -0.93313928, -0.28717243, 0.79437671, -0.093570564],
    [-1.1737183, -2.0605827, -0.93438452, -0.39720773, 0.87005267, -0.10247103],
    [-1.2365501, -2.0918739, -0.93562975, -0.50724304, 0.94572863, -0.11137149],
    [-1.299382, -2.1231651, -0.93687498, -0.61727834, 1.0214046, -0.12027196],
    [-1.3622139, -2.1544563, -0.93812022, -0.72731364, 1.0970805, -0.12917242],
    [-1.4248874, -2.1856686, -0.93936232, -0.83707177, 1.1725659, -0.13805046],
    [-1.4835198, -2.2148684, -0.94052432, -0.93975258, 1.2431838, -0.14635604],
    [-1.5364419, -2.2412244, -0.94157316, -1.0324334, 1.3069244, -0.15385275],
    [-1.5836539, -2.2647366, -0.94250884, -1.1151142, 1.3637875, -0.16054058],
    [-1.6251558, -2.2854052, -0.94333134, -1.187795, 1.4137732, -0.16641954],
    [-1.6609475, -2.3032299, -0.94404068, -1.2504758, 1.4568814, -0.17148962],
    [-1.6910291, -2.318211, -0.94463685, -1.3031566, 1.4931123, -0.17575083],
    [-1.7154005, -2.3303483, -0.94511986, -1.3458374, 1.5224657, -0.17920317],
    [-1.7340617, -2.3396419, -0.9454897, -1.3785183, 1.5449417, -0.18184663],
    [-1.7470128, -2.3460917, -0.94574637, -1.4011991, 1.5605402, -0.18368122],
    [-1.7542537, -2.3496978, -0.94588987, -1.4138799, 1.5692613, -0.18470694],
    [-1.7559381, -2.3505366, -0.94592325, -1.4168296, 1.57129, -0.18494554]
  ]
}
