{
  "iteration": 18,
  "label": "pre_pick",
  "planning_time_ms": 5018.9727,
  "scene": {
    "block_x": 0.21619366,
    "block_y": 0.38865245,
    "bin_x": 0.41009547,
    "bin_y": 0.39381044
  },
  "joint_names": ["shoulder_pan_joint", "shoulder_lift_joint", "elbow_joint", "wrist_1_joint", "wrist_2_joint", "wrist_3_joint"],
  "start_joints": [-0.45123045, -1.7008657, -0.9202149, 0.868303, -0.00010046021, -0.00030720832],
  "goal_joints": [4.5036466, -2.1753658, -1.2518205, -1.2857307, -4.7126278, -0.20874212],
  "num_waypoints": 88,
  "trajectory": [
    [-0.45123045, -1.7008657, -0.9202149, 0.868303, -0.00010046021, -0.00030720832],
    [-0.44626413, -1.6992008, -0.91757224, 0.86491096, -0.0051004602, 0.0016709474],
    [-0.43136516, -1.694206, -0.90964425, 0.85473485, -0.02010046, 0.0076054145],
    [-0.40653354, -1.6858814, -0.89643094, 0.83777467, -0.04510046, 0.017496193],
    [-0.37176927, -1.6742269, -0.8779323, 0.81403041, -0.08010046, 0.031343283],
    [-0.32707235, -1.6592425, -0.85414834, 0.78350209, -0.12510046, 0.049146684],
    [-0.27244279, -1.6409283, -0.82507906, 0.74618969, -0.18010046, 0.070906395],
    [-0.21013819, -1.6200411, -0.79192577, 0.70363517, -0.24282754, 0.095723182],
    [-0.14730634, -1.5989771, -0.75849191, 0.66072055, -0.30608545, 0.12074998],
    [-0.084474485, -1.5779132, -0.72505806, 0.61780592, -0.36934335, 0.14577678],
    [-0.021642632, -1.5568492, -0.6916242, 0.57489129, -0.43260126, 0.17080358],
    [0.041189221, -1.5357852, -0.65819034, 0.53197667, -0.49585917, 0.19583038],
    [0.10402107, -1.5147212, -0.62475649, 0.48906204, -0.55911708, 0.22085717],
    [0.16685293, -1.4936573, -0.59132263, 0.44614741, -0.62237499, 0.24588397],
    [0.22968478, -1.4725933, -0.55788878, 0.40323279, -0.68563289, 0.27091077],
    [0.29251663, -1.4515293, -0.52445492, 0.36031816, -0.7488908, 0.29593757],
    [0.35534849, -1.4304654, -0.49102107, 0.31740353, -0.81214871, 0.32096437],
    [0.41487137, -1.4105107, -0.45934797, 0.27674896, -0.87207521, 0.34467316],
    [0.46462927, -1.3938297, -0.43287098, 0.24276394, -0.92217051, 0.36449242],
    [0.50831856, -1.3815438, -0.41290418, 0.21428365, -0.96585102, 0.37948248],
    [0.55511985, -1.3764685, -0.40275324, 0.18843244, -1.0115981, 0.38727869],
    [0.60392599, -1.3786835, -0.40260199, 0.16579849, -1.0583348, 0.387738],
    [0.65404335, -1.3876818, -0.41179192, 0.14642967, -1.1054583, 0.38133957],
    [0.71237069, -1.3996164, -0.42451963, 0.12473027, -1.1601124, 0.37239894],
    [0.77520254, -1.4124727, -0.43823028, 0.10135506, -1.2189874, 0.36276783],
    [0.83803439, -1.425329, -0.45194093, 0.077979845, -1.2778623, 0.35313673],
    [0.90086625, -1.4381853, -0.46565157, 0.054604634, -1.3367372, 0.34350563],
    [0.9636981, -1.4510416, -0.47936222, 0.031229422, -1.3956122, 0.33387452],
    [1.02653, -1.4638979, -0.49307287, 0.0078542108, -1.4544871, 0.32424342],
    [1.0893618, -1.4767542, -0.50678351, -0.015521001, -1.513362, 0.31461232],
    [1.1521937, -1.4896105, -0.52049416, -0.038896212, -1.572237, 0.30498121],
    [1.2150255, -1.5024668, -0.53420481, -0.062271424, -1.6311119, 0.29535011],
    [1.2778574, -1.5153231, -0.54791545, -0.085646635, -1.6899868, 0.28571901],
    [1.3406892, -1.5281794, -0.5616261, -0.10902185, -1.7488618, 0.2760879],
    [1.4035211, -1.5410357, -0.57533675, -0.13239706, -1.8077367, 0.2664568],
    [1.4663529, -1.553892, -0.58904739, -0.15577227, -1.8666117, 0.2568257],
    [1.5291848, -1.5667483, -0.60275804, -0.17914748, -1.9254866, 0.24719459],
    [1.5920166, -1.5796046, -0.61646869, -0.20252269, -1.9843615, 0.23756349],
    [1.6548485, -1.5924609, -0.63017933, -0.2258979, -2.0432365, 0.22793239],
    [1.7176803, -1.6053172, -0.64388998, -0.24927312, -2.1021114, 0.21830128],
    [1.7805122, -1.6181735, -0.65760063, -0.27264833, -2.1609863, 0.20867018],
    [1.843344, -1.6310298, -0.67131127, -0.29602354, -2.2198613, 0.19903908],
    [1.9061759, -1.6438861, -0.68502192, -0.31939875, -2.2787362, 0.18940798],
    [1.9690077, -1.6567424, -0.69873257, -0.34277396, -2.3376111, 0.17977687],
    [2.0318396, -1.6695987, -0.71244321, -0.36614917, -2.3964861, 0.17014577],
    [2.0946715, -1.682455, -0.72615386, -0.38952439, -2.455361, 0.16051467],
    [2.1575033, -1.6953113, -0.73986451, -0.4128996, -2.514236, 0.15088356],
    [2.2203352, -1.7081676, -0.75357515, -0.43627481, -2.5731109, 0.14125246],
    [2.283167, -1.7210239, -0.7672858, -0.45965002, -2.6319858, 0.13162136],
    [2.3459989, -1.7338802, -0.78099644, -0.48302523, -2.6908608, 0.12199025],
    [2.4088307, -1.7467365, -0.79470709, -0.50640044, -2.7497357, 0.11235915],
    [2.4716626, -1.7595928, -0.80841774, -0.52977565, -2.8086106, 0.10272805],
    [2.5344944, -1.7724491, -0.82212838, -0.55315087, -2.8674856, 0.093096943],
    [2.5973263, -1.7853054, -0.83583903, -0.57652608, -2.9263605, 0.08346584],
    [2.6601581, -1.7981617, -0.84954968, -0.59990129, -2.9852354, 0.073834737],
    [2.72299, -1.811018, -0.86326032, -0.6232765, -3.0441104, 0.064203634],
    [2.7858218, -1.8238743, -0.87697097, -0.64665171, -3.1029853, 0.054572531],
    [2.8486537, -1.8367305, -0.89068162, -0.67002692, -3.1618603, 0.044941427],
    [2.9114855, -1.8495868, -0.90439226, -0.69340214, -3.2207352, 0.035310324],
    [2.9743174, -1.8624431, -0.91810291, -0.71677735, -3.2796101, 0.025679221],
    [3.0371493, -1.8752994, -0.93181356, -0.74015256, -3.3384851, 0.016048118],
    [3.0999811, -1.8881557, -0.9455242, -0.76352777, -3.39736, 0.0064170146],
    [3.162813, -1.901012, -0.95923485, -0.78690298, -3.4562349, -0.0032140886],
    [3.2256448, -1.9138683, -0.9729455, -0.81027819, -3.5151099, -0.012845192],
    [3.2884767, -1.9267246, -0.98665614, -0.8336534, -3.5739848, -0.022476295],
    [3.3513085, -1.9395809, -1.0003668, -0.85702862, -3.6328597, -0.032107398],
    [3.4141404, -1.9524372, -1.0140774, -0.88040383, -3.6917347, -0.041738501],
    [3.4769722, -1.9652935, -1.0277881, -0.90377904, -3.7506096, -0.051369605],
    [3.5398041, -1.9781498, -1.0414987, -0.92715425, -3.8094846, -0.061000708],
    [3.6026359, -1.9910061, -1.0552094, -0.95052946, -3.8683595, -0.070631811],
    [3.6654678, -2.0038624, -1.06892, -0.97390467, -3.9272344, -0.080262914],
    [3.7282996, -2.0167187, -1.0826307, -0.99727988, -3.9861094, -0.089894017],
    [3.7911315, -2.029575, -1.0963413, -1.0206551, -4.0449843, -0.099525121],
    [3.8539633, -2.0424313, -1.110052, -1.0440303, -4.1038592, -0.10915622],
    [3.9167952, -2.0552876, -1.1237626, -1.0674055, -4.1627342, -0.11878733],
    [3.979627, -2.0681439, -1.1374733, -1.0907807, -4.2216091, -0.12841843],
    [4.0424589, -2.0810002, -1.1511839, -1.1141559, -4.280484, -0.13804953],
    [4.1052908, -2.0938565, -1.1648945, -1.1375312, -4.339359, -0.14768064],
    [4.1681226, -2.1067128, -1.1786052, -1.1609064, -4.3982339, -0.15731174],
    [4.2309545, -2.1195691, -1.1923158, -1.1842816, -4.4571089, -0.16694284],
    [4.2937863, -2.1324254, -1.2060265, -1.2076568, -4.5159838, -0.17657395],
    [4.3534057, -2.1446244, -1.2190361, -1.2298369, -4.5718485, -0.18571262],
    [4.4032219, -2.1548175, -1.2299066, -1.2483699, -4.6185275, -0.19334864],
    [4.4430381, -2.1629645, -1.238595, -1.2631826, -4.6558363, -0.19945182],
    [4.4728543, -2.1690653, -1.2451012, -1.2742751, -4.6837748, -0.20402217],
    [4.4926706, -2.17312, -1.2494254, -1.2816473, -4.702343, -0.20705967],
    [4.5024868, -2.1751285, -1.2515674, -1.2852992, -4.7115411, -0.20856434],
    [4.5036466, -2.1753658, -1.2518205, -1.2857307, -4.7126278, -0.20874212]
  ]
}
