{
  "iteration": 1,
  "label": "place_above_bin",
  "planning_time_ms": 621.29353,
  "scene": {
    "block_x": 0.32312866,
    "block_y": 0.41805429,
    "bin_x": 0.12672333,
    "bin_y": 0.3772549
  },
  "joint_names": ["shoulder_pan_joint", "shoulder_lift_joint", "elbow_joint", "wrist_1_joint", "wrist_2_joint", "wrist_3_joint"],
  "start_joints": [4.3054879, -2.6853326, -0.53662564, -1.4892877, 1.5700716, -0.40573652],
  "goal_joints": [4.6697126, -3.4148662, 1.3337969, -2.6314484, 1.5706737, -0.04237701],
  "num_waypoints": 38,
  "trajectory": [
    [4.3054879, -2.6853326, -0.53662564, -1.4892877, 1.5700716, -0.40573652],
    [4.3064616, -2.6872828, -0.53162564, -1.4923409, 1.5700732, -0.40476519],
    [4.3093825, -2.6931333, -0.51662564, -1.5015005, 1.570078, -0.4018512],
    [4.3142507, -2.7028843, -0.49162564, -1.5167666, 1.570086, -0.39699455],
    [4.3210662, -2.7165355, -0.45662564, -1.5381391, 1.5700973, -0.39019524],
    [4.329829, -2.7340872, -0.41162564, -1.5656181, 1.5701118, -0.38145327],
    [4.3405391, -2.7555392, -0.35662564, -1.5992034, 1.5701295, -0.37076864],
    [4.3526961, -2.7798895, -0.29419487, -1.6373264, 1.5701496, -0.35864046],
    [4.3649313, -2.8043963, -0.23136302, -1.6756942, 1.5701698, -0.34643437],
    [4.3771664, -2.828903, -0.16853116, -1.714062, 1.5701901, -0.33422828],
    [4.3894016, -2.8534097, -0.10569931, -1.7524299, 1.5702103, -0.32202218],
    [4.4016367, -2.8779165, -0.042867456, -1.7907977, 1.5702305, -0.30981609],
    [4.4138719, -2.9024232, 0.019964397, -1.8291656, 1.5702507, -0.29761],
    [4.426107, -2.9269299, 0.08279625, -1.8675334, 1.570271, -0.28540391],
    [4.4383422, -2.9514367, 0.1456281, -1.9059012, 1.5702912, -0.27319781],
    [4.4505774, -2.9759434, 0.20845996, -1.9442691, 1.5703114, -0.26099172],
    [4.4628125, -3.0004501, 0.27129181, -1.9826369, 1.5703316, -0.24878563],
    [4.4750477, -3.0249569, 0.33412366, -2.0210048, 1.5703519, -0.23657954],
    [4.4872828, -3.0494636, 0.39695552, -2.0593726, 1.5703721, -0.22437344],
    [4.499518, -3.0739703, 0.45978737, -2.0977404, 1.5703923, -0.21216735],
    [4.5117531, -3.0984771, 0.52261922, -2.1361083, 1.5704126, -0.19996126],
    [4.5239883, -3.1229838, 0.58545107, -2.1744761, 1.5704328, -0.18775516],
    [4.5362235, -3.1474906, 0.64828293, -2.212844, 1.570453, -0.17554907],
    [4.5484586, -3.1719973, 0.71111478, -2.2512118, 1.5704732, -0.16334298],
    [4.5606938, -3.196504, 0.77394663, -2.2895796, 1.5704935, -0.15113689],
    [4.5729289, -3.2210108, 0.83677849, -2.3279475, 1.5705137, -0.13893079],
    [4.5851641, -3.2455175, 0.89961034, -2.3663153, 1.5705339, -0.1267247],
    [4.5973992, -3.2700242, 0.96244219, -2.4046832, 1.5705542, -0.11451861],
    [4.6096344, -3.294531, 1.025274, -2.443051, 1.5705744, -0.10231252],
    [4.6218695, -3.3190377, 1.0881059, -2.4814188, 1.5705946, -0.090106424],
    [4.6340526, -3.3434401, 1.1506703, -2.5196233, 1.5706147, -0.077952296],
    [4.6448637, -3.3650945, 1.2061891, -2.5535256, 1.5706326, -0.067166868],
    [4.6537275, -3.3828485, 1.251708, -2.5813213, 1.5706473, -0.058324099],
    [4.6606441, -3.3967022, 1.2872269, -2.6030107, 1.5706587, -0.051423991],
    [4.6656133, -3.4066555, 1.3127457, -2.6185936, 1.5706669, -0.046466542],
    [4.6686353, -3.4127084, 1.3282646, -2.6280701, 1.5706719, -0.043451753],
    [4.66971, -3.414861, 1.3337835, -2.6314402, 1.5706737, -0.042379625],
    [4.6697126, -3.4148662, 1.3337969, -2.6314484, 1.5706737, -0.04237701]
  ]
}
