{
  "iteration": 689,
  "label": "pre_pick",
  "planning_time_ms": 5010.5535,
  "scene": {
    "block_x": 0.21842297,
    "block_y": 0.37196426,
    "bin_x": 0.40176096,
    "bin_y": 0.27164068
  },
  "joint_names": ["shoulder_pan_joint", "shoulder_lift_joint", "elbow_joint", "wrist_1_joint", "wrist_2_joint", "wrist_3_joint"],
  "start_joints": [-0.45125194, -1.7009851, -0.919921, 0.86779293, -1.8788358e-05, -0.00012364232],
  "goal_joints": [0.73511167, -1.0239426, 1.3474221, 4.3890398, -1.571293, -0.83549813],
  "num_waypoints": 47,
  "trajectory": [
    [-0.45125194, -1.7009851, -0.919921, 0.86779293, -1.8788358e-05, -0.00012364232],
    [-0.44956736, -1.7000237, -0.91670149, 0.87279293, -0.0022499216, -0.0013098336],
    [-0.44451363, -1.6971396, -0.90704293, 0.88779293, -0.0089433213, -0.0048684075],
    [-0.43609073, -1.6923327, -0.89094535, 0.91279293, -0.020098988, -0.010799364],
    [-0.42429868, -1.6856032, -0.86840873, 0.94779293, -0.03571692, -0.019102703],
    [-0.40913747, -1.6769509, -0.83943307, 0.99279293, -0.05579712, -0.029778425],
    [-0.3906071, -1.6663758, -0.80401838, 1.0477929, -0.080339585, -0.042826529],
    [-0.36870758, -1.6538781, -0.76216466, 1.1127929, -0.10934431, -0.058247014],
    [-0.34343891, -1.6394575, -0.71387191, 1.1877929, -0.1428113, -0.076039879],
    [-0.31480107, -1.6231143, -0.65914013, 1.2727929, -0.18074056, -0.096205127],
    [-0.28289281, -1.6049047, -0.598158, 1.3674998, -0.22300132, -0.11867324],
    [-0.2500167, -1.5861427, -0.53532615, 1.4650794, -0.26654395, -0.14182286],
    [-0.21714059, -1.5673807, -0.4724943, 1.5626591, -0.31008657, -0.16497247],
    [-0.18426447, -1.5486187, -0.40966245, 1.6602387, -0.3536292, -0.18812209],
    [-0.15138836, -1.5298568, -0.34683059, 1.7578183, -0.39717182, -0.21127171],
    [-0.11851225, -1.5110948, -0.28399874, 1.8553979, -0.44071445, -0.23442133],
    [-0.08563614, -1.4923328, -0.22116689, 1.9529775, -0.48425708, -0.25757095],
    [-0.052760028, -1.4735708, -0.15833503, 2.0505571, -0.5277997, -0.28072057],
    [-0.019883916, -1.4548089, -0.09550318, 2.1481368, -0.57134233, -0.30387019],
    [0.012992196, -1.4360469, -0.032671327, 2.2457164, -0.61488495, -0.3270198],
    [0.045868308, -1.4172849, 0.030160526, 2.343296, -0.65842758, -0.35016942],
    [0.078744419, -1.3985229, 0.092992379, 2.4408756, -0.7019702, -0.37331904],
    [0.11162053, -1.379761, 0.15582423, 2.5384552, -0.74551283, -0.39646866],
    [0.14449664, -1.360999, 0.21865609, 2.6360348, -0.78905546, -0.41961828],
    [0.17737275, -1.342237, 0.28148794, 2.7336145, -0.83259808, -0.4427679],
    [0.21024887, -1.323475, 0.34431979, 2.8311941, -0.87614071, -0.46591752],
    [0.24312498, -1.3047131, 0.40715164, 2.9287737, -0.91968333, -0.48906713],
    [0.27600109, -1.2859511, 0.4699835, 3.0263533, -0.96322596, -0.51221675],
    [0.3088772, -1.2671891, 0.53281535, 3.1239329, -1.0067686, -0.53536637],
    [0.34175331, -1.2484272, 0.5956472, 3.2215125, -1.0503112, -0.55851599],
    [0.37462943, -1.2296652, 0.65847906, 3.3190922, -1.0938538, -0.58166561],
    [0.40750554, -1.2109032, 0.72131091, 3.4166718, -1.1373965, -0.60481523],
    [0.44038165, -1.1921412, 0.78414276, 3.5142514, -1.1809391, -0.62796485],
    [0.47325776, -1.1733793, 0.84697462, 3.611831, -1.2244817, -0.65111446],
    [0.50613387, -1.1546173, 0.90980647, 3.7094106, -1.2680243, -0.67426408],
    [0.53900998, -1.1358553, 0.97263832, 3.8069903, -1.311567, -0.6974137],
    [0.5718861, -1.1170933, 1.0354702, 3.9045699, -1.3551096, -0.72056332],
    [0.60335457, -1.0991347, 1.0956118, 3.9979715, -1.3967879, -0.74272176],
    [0.63146632, -1.0830917, 1.1493381, 4.08141, -1.4340204, -0.76251656],
    [0.6562089, -1.0689714, 1.1966254, 4.1548485, -1.4667906, -0.77993898],
    [0.67758233, -1.0567738, 1.2374737, 4.218287, -1.4950985, -0.79498902],
    [0.6955866, -1.046499, 1.2718829, 4.2717255, -1.5189442, -0.80766667],
    [0.71022172, -1.038147, 1.2998531, 4.315164, -1.5383276, -0.81797195],
    [0.72148767, -1.0317176, 1.3213843, 4.3486024, -1.5532488, -0.82590484],
    [0.72938447, -1.027211, 1.3364764, 4.3720409, -1.5637076, -0.83146534],
    [0.73391211, -1.0246272, 1.3451295, 4.3854794, -1.5697043, -0.83465347],
    [0.73511167, -1.0239426, 1.3474221, 4.3890398, -1.571293, -0.83549813]
  ]
}
