{
  "iteration": 10,
  "label": "pick_descend",
  "planning_time_ms": 6.605828,
  "scene": {
    "block_x": 0.12934106,
    "block_y": 0.37469684,
    "bin_x": 0.42456719,
    "bin_y": 0.34393444
  },
  "joint_names": ["shoulder_pan_joint", "shoulder_lift_joint", "elbow_joint", "wrist_1_joint", "wrist_2_joint", "wrist_3_joint"],
  "start_joints": [-5.3759275, -1.1699515, 1.5745263, -1.9748867, 4.7119455, -0.66441421],
  "goal_joints": [-5.3759401, -1.0685171, 1.6868731, -2.1886679, 4.7119455, -0.66442687],
  "num_waypoints": 11,
  "trajectory": [
    [-5.3759275, -1.1699515, 1.5745263, -1.9748867, 4.7119455, -0.66441421],
    [-5.3759278, -1.1680389, 1.5776138, -1.9798867, 4.7119455, -0.66441451],
    [-5.3759286, -1.1622538, 1.5868287, -1.9948867, 4.7119455, -0.66441538],
    [-5.3759301, -1.1521622, 1.6017373, -2.019887, 4.7119455, -0.66441684],
    [-5.3759321, -1.1370467, 1.6216224, -2.0548875, 4.7119455, -0.66441889],
    [-5.3759347, -1.1166018, 1.6447611, -2.0984712, 4.7119455, -0.66442147],
    [-5.375937, -1.0975686, 1.6632006, -2.1359439, 4.7119455, -0.6644237],
    [-5.3759386, -1.0827485, 1.6758534, -2.1634168, 4.7119455, -0.66442535],
    [-5.3759397, -1.0729387, 1.6835163, -2.1808895, 4.7119455, -0.6644264],
    [-5.3759401, -1.0686908, 1.6867412, -2.1883622, 4.7119455, -0.66442685],
    [-5.3759401, -1.0685171, 1.6868731, -2.1886679, 4.7119455, -0.66442687]
  ]
}
