{
  "iteration": 229,
  "label": "pre_pick",
  "planning_time_ms": 5005.7795,
  "scene": {
    "block_x": 0.16889561,
    "block_y": 0.41568848,
    "bin_x": 0.14016216,
    "bin_y": 0.29403243
  },
  "joint_names": ["shoulder_pan_joint", "shoulder_lift_joint", "elbow_joint", "wrist_1_joint", "wrist_2_joint", "wrist_3_joint"],
  "start_joints": [-0.45143223, -1.7007114, -0.92055469, 0.8686481, -5.2797741e-05, -0.00038154286],
  "goal_joints": [-1.6582405, -2.1917111, -1.2247077, -1.2966412, 1.5714855, -0.08756117],
  "num_waypoints": 32,
  "trajectory": [
    [-0.45143223, -1.7007114, -0.92055469, 0.8686481, -5.2797741e-05, -0.00038154286],
    [-0.45421894, -1.7018452, -0.92125702, 0.8636481, 0.003576136, -0.00058285459],
    [-0.46257909, -1.7052466, -0.92336404, 0.8486481, 0.014462937, -0.0011867898],
    [-0.47651265, -1.7109156, -0.92687573, 0.8236481, 0.032607606, -0.0021933484],
    [-0.49601965, -1.7188522, -0.93179209, 0.7886481, 0.058010142, -0.0036025306],
    [-0.52110007, -1.7290563, -0.93811313, 0.7436481, 0.090670546, -0.0054143361],
    [-0.55175392, -1.7415281, -0.94583885, 0.6886481, 0.13058882, -0.0076287652],
    [-0.5879812, -1.7562675, -0.95496925, 0.6236481, 0.17776495, -0.010245818],
    [-0.6297819, -1.7732744, -0.96550431, 0.54864811, 0.23219896, -0.013265493],
    [-0.67715603, -1.792549, -0.97744406, 0.46364811, 0.29389083, -0.016687793],
    [-0.73010358, -1.8140911, -0.99078848, 0.36864813, 0.36284056, -0.020512715],
    [-0.78862455, -1.8379008, -1.0055376, 0.26364814, 0.43904815, -0.02474026],
    [-0.85124794, -1.8633797, -1.0213206, 0.1512875, 0.52059802, -0.029264164],
    [-0.91407979, -1.8889433, -1.0371562, 0.038552819, 0.60241936, -0.033803126],
    [-0.97691165, -1.9145069, -1.0529917, -0.074181861, 0.6842407, -0.038342089],
    [-1.0397435, -1.9400706, -1.0688273, -0.18691654, 0.76606203, -0.042881052],
    [-1.1025754, -1.9656342, -1.0846629, -0.29965122, 0.84788337, -0.047420014],
    [-1.1654072, -1.9911979, -1.1004984, -0.4123859, 0.92970471, -0.051958977],
    [-1.2282391, -2.0167615, -1.116334, -0.52512058, 1.011526, -0.05649794],
    [-1.2910709, -2.0423252, -1.1321696, -0.63785526, 1.0933474, -0.061036902],
    [-1.3521501, -2.0671758, -1.1475634, -0.7474453, 1.1728864, -0.065449255],
    [-1.4077753, -2.0898073, -1.1615827, -0.84724949, 1.2453229, -0.069467606],
    [-1.457827, -2.1101712, -1.1741973, -0.93705368, 1.3105016, -0.073083333],
    [-1.5023053, -2.1282676, -1.1854072, -1.0168579, 1.3684225, -0.076296437],
    [-1.5412101, -2.1440963, -1.1952124, -1.0866621, 1.4190854, -0.079106917],
    [-1.5745415, -2.1576575, -1.2036129, -1.1464662, 1.4624905, -0.081514774],
    [-1.6022995, -2.1689511, -1.2106088, -1.1962704, 1.4986377, -0.083520008],
    [-1.6244841, -2.177977, -1.2162, -1.2360746, 1.5275271, -0.085122618],
    [-1.6410953, -2.1847354, -1.2203865, -1.2658788, 1.5491586, -0.086322604],
    [-1.652133, -2.1892262, -1.2231684, -1.285683, 1.5635322, -0.087119967],
    [-1.6575973, -2.1914494, -1.2245456, -1.2954872, 1.5706479, -0.087514707],
    [-1.6582405, -2.1917111, -1.2247077, -1.2966412, 1.5714855, -0.08756117]
  ]
}
