{
  "iteration": 925,
  "label": "pre_pick",
  "planning_time_ms": 40.416117,
  "scene": {
    "block_x": 0.34270954,
    "block_y": 0.4051181,
    "bin_x": 0.259943,
    "bin_y": 0.27198655
  },
  "joint_names": ["shoulder_pan_joint", "shoulder_lift_joint", "elbow_joint", "wrist_1_joint", "wrist_2_joint", "wrist_3_joint"],
  "start_joints": [-0.45140097, -1.7008425, -0.92048618, 0.86849304, 1.8684213e-05, -0.00033940285],
  "goal_joints": [0.62040181, -0.39892701, 0.18326115, -1.3544296, -1.5708395, -0.94966844],
  "num_waypoints": 33,
  "trajectory": [
    [-0.45140097, -1.7008425, -0.92048618, 0.86849304, 1.8684213e-05, -0.00033940285],
    [-0.44899017, -1.6979141, -0.91800353, 0.86349304, -0.0035146331, -0.0024747202],
    [-0.44175778, -1.689129, -0.91055558, 0.84849304, -0.014114585, -0.0088806721],
    [-0.4297038, -1.674487, -0.89814233, 0.82349304, -0.031781171, -0.019557259],
    [-0.41282822, -1.6539883, -0.88076379, 0.78849304, -0.056514392, -0.03450448],
    [-0.39113106, -1.6276328, -0.85841995, 0.74349304, -0.088314248, -0.053722336],
    [-0.3646123, -1.5954206, -0.83111082, 0.68849305, -0.12718073, -0.077210823],
    [-0.33327196, -1.5573516, -0.79883639, 0.62349307, -0.17311384, -0.10496994],
    [-0.29711002, -1.5134258, -0.76159667, 0.5484931, -0.22611358, -0.13699969],
    [-0.2561265, -1.4636432, -0.71939165, 0.46349313, -0.28617995, -0.17330007],
    [-0.21032139, -1.4080039, -0.67222134, 0.36849317, -0.35331295, -0.21387108],
    [-0.159873, -1.3467244, -0.62026936, 0.26386304, -0.42725125, -0.25855479],
    [-0.10814663, -1.2838925, -0.56700132, 0.15658238, -0.50306256, -0.30437044],
    [-0.056420269, -1.2210607, -0.51373328, 0.049301726, -0.57887388, -0.35018609],
    [-0.0046939055, -1.1582288, -0.46046523, -0.05797893, -0.6546852, -0.39600173],
    [0.047032458, -1.095397, -0.40719719, -0.16525959, -0.73049652, -0.44181738],
    [0.098758822, -1.0325651, -0.35392915, -0.27254024, -0.80630784, -0.48763303],
    [0.15048519, -0.96973326, -0.3006611, -0.3798209, -0.88211916, -0.53344868],
    [0.20221155, -0.90690141, -0.24739306, -0.48710155, -0.95793048, -0.57926433],
    [0.25393791, -0.84406956, -0.19412502, -0.59438221, -1.0337418, -0.62507998],
    [0.30566428, -0.78123771, -0.14085698, -0.70166287, -1.1095531, -0.67089563],
    [0.35720249, -0.7186344, -0.087782698, -0.80855329, -1.1850887, -0.71654462],
    [0.40517105, -0.66036714, -0.038384455, -0.90804025, -1.2553925, -0.75903187],
    [0.44831802, -0.60795665, 0.0060484894, -0.99752722, -1.3186296, -0.79724848],
    [0.4866434, -0.56140293, 0.045516136, -1.0770142, -1.3748002, -0.83119446],
    [0.52014718, -0.52070599, 0.080018485, -1.1465011, -1.4239041, -0.8608698],
    [0.54882938, -0.48586582, 0.10955554, -1.2059881, -1.4659413, -0.88627451],
    [0.57268998, -0.45688242, 0.13412729, -1.2554751, -1.500912, -0.90740859],
    [0.59172898, -0.4337558, 0.15373374, -1.294962, -1.528816, -0.92427203],
    [0.6059464, -0.41648595, 0.1683749, -1.324449, -1.5496533, -0.93686483],
    [0.61534222, -0.40507288, 0.17805076, -1.343936, -1.5634241, -0.945187],
    [0.61991645, -0.39951658, 0.18276132, -1.3534229, -1.5701281, -0.94923854],
    [0.62040181, -0.39892701, 0.18326115, -1.3544296, -1.5708395, -0.94966844]
  ]
}
