{
  "iteration": 139,
  "label": "pre_pick",
  "planning_time_ms": 260.17729,
  "scene": {
    "block_x": 0.167246,
    "block_y": 0.4123589,
    "bin_x": 0.39888647,
    "bin_y": 0.27479303
  },
  "joint_names": ["shoulder_pan_joint", "shoulder_lift_joint", "elbow_joint", "wrist_1_joint", "wrist_2_joint", "wrist_3_joint"],
  "start_joints": [-0.4512365, -1.7009378, -0.92011421, 0.86799149, -6.9592288e-05, -6.9287967e-05],
  "goal_joints": [-1.6559904, -2.1803578, -1.2438482, -1.2881577, -4.7121265, -0.085021478],
  "num_waypoints": 67,
  "trajectory": [
    [-0.4512365, -1.7009378, -0.92011421, 0.86799149, -6.9592288e-05, -6.9287967e-05],
    [-0.45195637, -1.6959378, -0.92198669, 0.86401968, -0.002278782, -0.0031774563],
    [-0.45411597, -1.6809378, -0.92760411, 0.85210426, -0.0089063511, -0.012501961],
    [-0.4577153, -1.6559378, -0.93696648, 0.83224522, -0.0199523, -0.028042803],
    [-0.46275437, -1.6209378, -0.95007379, 0.80444256, -0.035416628, -0.049799982],
    [-0.46923318, -1.5759378, -0.96692606, 0.76869629, -0.055299335, -0.077773497],
    [-0.47715172, -1.5209378, -0.98752327, 0.72500641, -0.079600418, -0.11196334],
    [-0.4861401, -1.458507, -1.0109033, 0.67541374, -0.10718473, -0.15077246],
    [-0.49518622, -1.3956751, -1.0344335, 0.62550253, -0.13494623, -0.18983086],
    [-0.50423234, -1.3328433, -1.0579637, 0.57559131, -0.16270773, -0.22888925],
    [-0.51327845, -1.2700114, -1.0814939, 0.5256801, -0.19046922, -0.26794765],
    [-0.52232457, -1.2071796, -1.1050241, 0.47576889, -0.21823072, -0.30700604],
    [-0.53137069, -1.1443477, -1.1285543, 0.42585768, -0.24599222, -0.34606444],
    [-0.54041681, -1.0815159, -1.1520845, 0.37594647, -0.27375371, -0.38512283],
    [-0.54946292, -1.018684, -1.1756147, 0.32603525, -0.30151521, -0.42418123],
    [-0.55831826, -0.95717727, -1.1986486, 0.27717665, -0.32869123, -0.4624159],
    [-0.56590333, -0.90449343, -1.2183785, 0.23532663, -0.35196895, -0.49516594],
    [-0.57204867, -0.86180959, -1.2343633, 0.20142023, -0.37082828, -0.52169966],
    [-0.57681465, -0.82911569, -1.2466303, 0.17533209, -0.38550147, -0.54204101],
    [-0.58265516, -0.80500501, -1.2565957, 0.15146073, -0.40531286, -0.55774135],
    [-0.59069993, -0.78887825, -1.2648963, 0.12725187, -0.43456073, -0.56948695],
    [-0.59997835, -0.78258708, -1.2705603, 0.10557858, -0.46970556, -0.57591509],
    [-0.60977043, -0.78629551, -1.2732514, 0.087958153, -0.50798291, -0.57671443],
    [-0.61992684, -0.7988971, -1.2732618, 0.07412631, -0.54868874, -0.57247999],
    [-0.63231787, -0.81541898, -1.2729101, 0.057833776, -0.59848228, -0.56665013],
    [-0.64719738, -0.83525894, -1.2724876, 0.038269224, -0.65827583, -0.55964945],
    [-0.66456538, -0.85841697, -1.2719946, 0.015432656, -0.72806937, -0.55147797],
    [-0.68442185, -0.88489308, -1.2714308, -0.010675927, -0.80786291, -0.54213568],
    [-0.7067668, -0.91468726, -1.2707965, -0.040056527, -0.89765645, -0.53162258],
    [-0.73160023, -0.94779953, -1.2700914, -0.072709145, -0.99744998, -0.51993868],
    [-0.75892214, -0.98422986, -1.2693158, -0.10863378, -1.1072435, -0.50708397],
    [-0.78873253, -1.0239783, -1.2684695, -0.14783042, -1.227037, -0.49305845],
    [-0.81999427, -1.0656619, -1.267582, -0.1889354, -1.3526628, -0.47835008],
    [-0.85126545, -1.1073581, -1.2666942, -0.23005279, -1.4783265, -0.46363728],
    [-0.88253662, -1.1490543, -1.2658064, -0.27117017, -1.6039902, -0.44892447],
    [-0.9138078, -1.1907504, -1.2649186, -0.31228755, -1.7296539, -0.43421167],
    [-0.94507897, -1.2324466, -1.2640308, -0.35340493, -1.8553177, -0.41949887],
    [-0.97635015, -1.2741428, -1.263143, -0.39452231, -1.9809814, -0.40478606],
    [-1.0076213, -1.315839, -1.2622553, -0.43563969, -2.1066451, -0.39007326],
    [-1.0388925, -1.3575352, -1.2613675, -0.47675708, -2.2323088, -0.37536045],
    [-1.0701637, -1.3992314, -1.2604797, -0.51787446, -2.3579725, -0.36064765],
    [-1.1014348, -1.4409275, -1.2595919, -0.55899184, -2.4836362, -0.34593485],
    [-1.132706, -1.4826237, -1.2587041, -0.60010922, -2.6092999, -0.33122204],
    [-1.1639772, -1.5243199, -1.2578163, -0.6412266, -2.7349636, -0.31650924],
    [-1.1952484, -1.5660161, -1.2569286, -0.68234399, -2.8606273, -0.30179643],
    [-1.2265195, -1.6077123, -1.2560408, -0.72346137, -2.986291, -0.28708363],
    [-1.2577907, -1.6494085, -1.255153, -0.76457875, -3.1119547, -0.27237083],
    [-1.2890619, -1.6911046, -1.2542652, -0.80569613, -3.2376184, -0.25765802],
    [-1.3203331, -1.7328008, -1.2533774, -0.84681351, -3.3632821, -0.24294522],
    [-1.3516042, -1.774497, -1.2524896, -0.88793089, -3.4889458, -0.22823241],
    [-1.3828754, -1.8161932, -1.2516019, -0.92904828, -3.6146095, -0.21351961],
    [-1.4141466, -1.8578894, -1.2507141, -0.97016566, -3.7402732, -0.19880681],
    [-1.4454178, -1.8995856, -1.2498263, -1.011283, -3.865937, -0.184094],
    [-1.4763133, -1.9407809, -1.2489492, -1.0519066, -3.9900913, -0.16955791],
    [-1.5049731, -1.9789951, -1.2481355, -1.0895902, -4.1052608, -0.15607378],
    [-1.5311443, -2.0138911, -1.2473925, -1.1240019, -4.2104303, -0.14376046],
    [-1.554827, -2.0454691, -1.2467202, -1.1551415, -4.3055998, -0.13261794],
    [-1.5760213, -2.073729, -1.2461185, -1.1830091, -4.3907692, -0.12264623],
    [-1.5947271, -2.0986708, -1.2455874, -1.2076047, -4.4659387, -0.11384533],
    [-1.6109444, -2.1202945, -1.245127, -1.2289282, -4.5311082, -0.10621524],
    [-1.6246732, -2.1386002, -1.2447373, -1.2469798, -4.5862777, -0.099755954],
    [-1.6359135, -2.1535877, -1.2444182, -1.2617593, -4.6314471, -0.094467477],
    [-1.6446654, -2.1652572, -1.2441697, -1.2732668, -4.6666166, -0.090349808],
    [-1.6509288, -2.1736087, -1.2439919, -1.2815023, -4.6917861, -0.087402946],
    [-1.6547036, -2.178642, -1.2438847, -1.2864658, -4.7069556, -0.085626892],
    [-1.6559901, -2.1803573, -1.2438482, -1.2881572, -4.712125, -0.085021646],
    [-1.6559904, -2.1803578, -1.2438482, -1.2881577, -4.7121265, -0.085021478]
  ]
}
