{
  "iteration": 931,
  "label": "pre_pick",
  "planning_time_ms": 5012.5196,
  "scene": {
    "block_x": 0.27429203,
    "block_y": 0.45551858,
    "bin_x": 0.18812438,
    "bin_y": 0.3220634
  },
  "joint_names": ["shoulder_pan_joint", "shoulder_lift_joint", "elbow_joint", "wrist_1_joint", "wrist_2_joint", "wrist_3_joint"],
  "start_joints": [-0.45123246, -1.7008979, -0.91999866, 0.86781711, -5.9085141e-05, 1.818281e-05],
  "goal_joints": [-5.5010382, -0.36431727, 0.11041089, -1.3166085, 4.7113329, -0.78828403],
  "num_waypoints": 88,
  "trajectory": [
    [-0.45123246, -1.7008979, -0.91999866, 0.86781711, -5.9085141e-05, 1.818281e-05],
    [-0.45623246, -1.6995745, -0.91897842, 0.86565423, 0.0046058388, -0.00076234445],
    [-0.47123246, -1.6956043, -0.91591768, 0.85916559, 0.01860061, -0.0031039262],
    [-0.49623246, -1.6889873, -0.91081644, 0.84835119, 0.04192523, -0.0070065625],
    [-0.53123246, -1.6797235, -0.90367471, 0.83321102, 0.074579697, -0.012470253],
    [-0.57623246, -1.6678129, -0.89449249, 0.81374509, 0.11656401, -0.019494999],
    [-0.63123246, -1.6532555, -0.88326978, 0.7899534, 0.16787818, -0.028080799],
    [-0.69366323, -1.6367314, -0.87053082, 0.76294734, 0.22612514, -0.037826583],
    [-0.75649508, -1.6201011, -0.85771002, 0.73576778, 0.2847463, -0.047634978],
    [-0.81932694, -1.6034708, -0.84488923, 0.70858821, 0.34336746, -0.057443373],
    [-0.88215879, -1.5868405, -0.83206843, 0.68140865, 0.40198863, -0.067251767],
    [-0.94499064, -1.5702101, -0.81924763, 0.65422909, 0.46060979, -0.077060162],
    [-1.0078225, -1.5535798, -0.80642683, 0.62704953, 0.51923095, -0.086868557],
    [-1.0706543, -1.5369495, -0.79360603, 0.59986997, 0.57785211, -0.096676952],
    [-1.1334862, -1.5203192, -0.78078523, 0.57269041, 0.63647328, -0.10648535],
    [-1.1963181, -1.5036889, -0.76796444, 0.54551084, 0.69509444, -0.11629374],
    [-1.2591499, -1.4870586, -0.75514364, 0.51833128, 0.7537156, -0.12610214],
    [-1.3219818, -1.4704283, -0.74232284, 0.49115172, 0.81233676, -0.13591053],
    [-1.3848136, -1.453798, -0.72950204, 0.46397216, 0.87095793, -0.14571893],
    [-1.4476455, -1.4371677, -0.71668124, 0.4367926, 0.92957909, -0.15552732],
    [-1.5104773, -1.4205374, -0.70386044, 0.40961303, 0.98820025, -0.16533572],
    [-1.5733092, -1.403907, -0.69103965, 0.38243347, 1.0468214, -0.17514411],
    [-1.636141, -1.3872767, -0.67821885, 0.35525391, 1.1054426, -0.18495251],
    [-1.6989729, -1.3706464, -0.66539805, 0.32807435, 1.1640637, -0.1947609],
    [-1.7618047, -1.3540161, -0.65257725, 0.30089479, 1.2226849, -0.2045693],
    [-1.8246366, -1.3373858, -0.63975645, 0.27371522, 1.2813061, -0.21437769],
    [-1.8874684, -1.3207555, -0.62693565, 0.24653566, 1.3399272, -0.22418608],
    [-1.9503003, -1.3041252, -0.61411486, 0.2193561, 1.3985484, -0.23399448],
    [-2.0131321, -1.2874949, -0.60129406, 0.19217654, 1.4571696, -0.24380287],
    [-2.075964, -1.2708646, -0.58847326, 0.16499698, 1.5157907, -0.25361127],
    [-2.1387959, -1.2542343, -0.57565246, 0.13781741, 1.5744119, -0.26341966],
    [-2.2016277, -1.2376039, -0.56283166, 0.11063785, 1.633033, -0.27322806],
    [-2.2644596, -1.2209736, -0.55001086, 0.08345829, 1.6916542, -0.28303645],
    [-2.3272914, -1.2043433, -0.53719007, 0.056278728, 1.7502754, -0.29284485],
    [-2.3901233, -1.187713, -0.52436927, 0.029099166, 1.8088965, -0.30265324],
    [-2.4529551, -1.1710827, -0.51154847, 0.0019196042, 1.8675177, -0.31246164],
    [-2.515787, -1.1544524, -0.49872767, -0.025259958, 1.9261389, -0.32227003],
    [-2.5786188, -1.1378221, -0.48590687, -0.05243952, 1.98476, -0.33207843],
    [-2.6414507, -1.1211918, -0.47308608, -0.079619082, 2.0433812, -0.34188682],
    [-2.7042825, -1.1045615, -0.46026528, -0.10679864, 2.1020023, -0.35169522],
    [-2.7671144, -1.0879312, -0.44744448, -0.13397821, 2.1606235, -0.36150361],
    [-2.8299462, -1.0713008, -0.43462368, -0.16115777, 2.2192447, -0.37131201],
    [-2.8927781, -1.0546705, -0.42180288, -0.18833733, 2.2778658, -0.3811204],
    [-2.9556099, -1.0380402, -0.40898208, -0.21551689, 2.336487, -0.3909288],
    [-3.0184418, -1.0214099, -0.39616129, -0.24269645, 2.3951082, -0.40073719],
    [-3.0812736, -1.0047796, -0.38334049, -0.26987602, 2.4537293, -0.41054559],
    [-3.1441055, -0.98814929, -0.37051969, -0.29705558, 2.5123505, -0.42035398],
    [-3.2069374, -0.97151898, -0.35769889, -0.32423514, 2.5709716, -0.43016238],
    [-3.2697692, -0.95488867, -0.34487809, -0.3514147, 2.6295928, -0.43997077],
    [-3.3326011, -0.93825836, -0.33205729, -0.37859426, 2.688214, -0.44977917],
    [-3.3954329, -0.92162805, -0.3192365, -0.40577383, 2.7468351, -0.45958756],
    [-3.4582648, -0.90499774, -0.3064157, -0.43295339, 2.8054563, -0.46939596],
    [-3.5210966, -0.88836743, -0.2935949, -0.46013295, 2.8640775, -0.47920435],
    [-3.5839285, -0.87173712, -0.2807741, -0.48731251, 2.9226986, -0.48901275],
    [-3.6467603, -0.85510681, -0.2679533, -0.51449207, 2.9813198, -0.49882114],
    [-3.7095922, -0.8384765, -0.2551325, -0.54167163, 3.0399409, -0.50862954],
    [-3.772424, -0.82184619, -0.24231171, -0.5688512, 3.0985621, -0.51843793],
    [-3.8352559, -0.80521588, -0.22949091, -0.59603076, 3.1571833, -0.52824632],
    [-3.8980877, -0.78858557, -0.21667011, -0.62321032, 3.2158044, -0.53805472],
    [-3.9609196, -0.77195526, -0.20384931, -0.65038988, 3.2744256, -0.54786311],
    [-4.0237514, -0.75532495, -0.19102851, -0.67756944, 3.3330468, -0.55767151],
    [-4.0865833, -0.73869464, -0.17820771, -0.70474901, 3.3916679, -0.5674799],
    [-4.1494151, -0.72206433, -0.16538692, -0.73192857, 3.4502891, -0.5772883],
    [-4.212247, -0.70543402, -0.15256612, -0.75910813, 3.5089102, -0.58709669],
    [-4.2750789, -0.68880371, -0.13974532, -0.78628769, 3.5675314, -0.59690509],
    [-4.3379107, -0.6721734, -0.12692452, -0.81346725, 3.6261526, -0.60671348],
    [-4.4007426, -0.65554309, -0.11410372, -0.84064682, 3.6847737, -0.61652188],
    [-4.4635744, -0.63891278, -0.10128293, -0.86782638, 3.7433949, -0.62633027],
    [-4.5264063, -0.62228247, -0.088462127, -0.89500594, 3.8020161, -0.63613867],
    [-4.5892381, -0.60565216, -0.075641328, -0.9221855, 3.8606372, -0.64594706],
    [-4.65207, -0.58902185, -0.06282053, -0.94936506, 3.9192584, -0.65575546],
    [-4.7149018, -0.57239154, -0.049999732, -0.97654463, 3.9778795, -0.66556385],
    [-4.7777337, -0.55576123, -0.037178934, -1.0037242, 4.0365007, -0.67537225],
    [-4.8405655, -0.53913092, -0.024358135, -1.0309037, 4.0951219, -0.68518064],
    [-4.9033974, -0.52250061, -0.011537337, -1.0580833, 4.153743, -0.69498904],
    [-4.9662292, -0.5058703, 0.0012834612, -1.0852629, 4.2123642, -0.70479743],
    [-5.0290611, -0.48923999, 0.014104259, -1.1124424, 4.2709854, -0.71460583],
    [-5.0918929, -0.47260968, 0.026925058, -1.139622, 4.3296065, -0.72441422],
    [-5.1547248, -0.45597937, 0.039745856, -1.1668016, 4.3882277, -0.73422262],
    [-5.2175567, -0.43934906, 0.052566654, -1.1939811, 4.4468489, -0.74403101],
    [-5.2803885, -0.42271875, 0.065387453, -1.2211607, 4.50547, -0.75383941],
    [-5.3412368, -0.40661344, 0.077803517, -1.2474822, 4.5622406, -0.76333816],
    [-5.3927703, -0.39297359, 0.088318878, -1.2697744, 4.6103205, -0.77138281],
    [-5.4343037, -0.38198054, 0.096793745, -1.2877407, 4.6490705, -0.77786641],
    [-5.4658371, -0.37363429, 0.10322812, -1.3013813, 4.6784907, -0.78278895],
    [-5.4873705, -0.36793483, 0.107622, -1.3106962, 4.6985811, -0.78615043],
    [-5.498904, -0.36488217, 0.10997539, -1.3156853, 4.7093416, -0.78795086],
    [-5.5010382, -0.36431727, 0.11041089, -1.3166085, 4.7113329, -0.78828403]
  ]
}
