{
  "iteration": 543,
  "label": "pre_pick",
  "planning_time_ms": 45.651338,
  "scene": {
    "block_x": 0.36632507,
    "block_y": 0.36849688,
    "bin_x": 0.18684209,
    "bin_y": 0.32853046
  },
  "joint_names": ["shoulder_pan_joint", "shoulder_lift_joint", "elbow_joint", "wrist_1_joint", "wrist_2_joint", "wrist_3_joint"],
  "start_joints": [-0.45143491, -1.7007189, -0.92047445, 0.86864352, 3.316601e-05, -0.00043422972],
  "goal_joints": [-2.0980815, -2.5950134, -0.48285359, -1.6341494, 1.5704903, -0.52656961],
  "num_waypoints": 37,
  "trajectory": [
    [-0.45143491, -1.7007189, -0.92047445, 0.86864352, 3.316601e-05, -0.00043422972],
    [-0.45472453, -1.7025055, -0.91960019, 0.86364352, 0.0031705752, -0.0014853262],
    [-0.46459338, -1.7078653, -0.91697739, 0.84864352, 0.012582803, -0.0046386157],
    [-0.48104147, -1.7167983, -0.91260607, 0.82364352, 0.028269848, -0.0098940981],
    [-0.5040688, -1.7293044, -0.90648621, 0.78864352, 0.050231712, -0.017251774],
    [-0.53367536, -1.7453837, -0.89861783, 0.74364352, 0.078468395, -0.026711642],
    [-0.56986116, -1.7650363, -0.88900091, 0.68864352, 0.1129799, -0.038273703],
    [-0.61262618, -1.788262, -0.87763547, 0.62364353, 0.1537662, -0.051937954],
    [-0.66197044, -1.8150609, -0.8645215, 0.54864355, 0.20082733, -0.067704397],
    [-0.71789393, -1.8454329, -0.849659, 0.46364357, 0.25416327, -0.085573034],
    [-0.7797305, -1.8790164, -0.83322501, 0.36965611, 0.3131387, -0.10533101],
    [-0.84256235, -1.9131404, -0.81652651, 0.27415588, 0.37306336, -0.125407],
    [-0.90539421, -1.9472644, -0.799828, 0.17865565, 0.43298801, -0.14548299],
    [-0.96822606, -1.9813884, -0.7831295, 0.083155427, 0.49291267, -0.16555898],
    [-1.0310579, -2.0155124, -0.766431, -0.012344799, 0.55283733, -0.18563498],
    [-1.0938898, -2.0496364, -0.7497325, -0.10784503, 0.61276198, -0.20571097],
    [-1.1567216, -2.0837604, -0.733034, -0.20334525, 0.67268664, -0.22578696],
    [-1.2195535, -2.1178844, -0.7163355, -0.29884548, 0.7326113, -0.24586295],
    [-1.2823853, -2.1520084, -0.699637, -0.39434571, 0.79253595, -0.26593894],
    [-1.3452172, -2.1861325, -0.6829385, -0.48984593, 0.85246061, -0.28601493],
    [-1.408049, -2.2202565, -0.66623999, -0.58534616, 0.91238527, -0.30609092],
    [-1.4708809, -2.2543805, -0.64954149, -0.68084639, 0.97230992, -0.32616691],
    [-1.5337127, -2.2885045, -0.63284299, -0.77634661, 1.0322346, -0.3462429],
    [-1.5965446, -2.3226285, -0.61614449, -0.87184684, 1.0921592, -0.36631889],
    [-1.6593764, -2.3567525, -0.59944599, -0.96734707, 1.1520839, -0.38639488],
    [-1.7222083, -2.3908765, -0.58274749, -1.0628473, 1.2120086, -0.40647087],
    [-1.7850402, -2.4250005, -0.56604899, -1.1583475, 1.2719332, -0.42654686],
    [-1.8458044, -2.4580016, -0.54989999, -1.2507051, 1.3298859, -0.4459622],
    [-1.9001305, -2.4875061, -0.535462, -1.3332772, 1.3816984, -0.46332047],
    [-1.9478775, -2.5134375, -0.52277253, -1.4058494, 1.4272362, -0.47857654],
    [-1.9890452, -2.5357957, -0.5118316, -1.4684216, 1.4664991, -0.49173042],
    [-2.0236337, -2.5545808, -0.5026392, -1.5209938, 1.4994872, -0.50278211],
    [-2.0516429, -2.5697926, -0.49519532, -1.563566, 1.5262004, -0.5117316],
    [-2.073073, -2.5814312, -0.48949998, -1.5961382, 1.5466389, -0.51857891],
    [-2.0879237, -2.5894967, -0.48555316, -1.6187104, 1.5608025, -0.52332402],
    [-2.0961953, -2.593989, -0.48335488, -1.6312825, 1.5686913, -0.52596693],
    [-2.0980815, -2.5950134, -0.48285359, -1.6341494, 1.5704903, -0.52656961]
  ]
}
