{
  "iteration": 416,
  "label": "pre_pick",
  "planning_time_ms": 59.360931,
  "scene": {
    "block_x": 0.23431624,
    "block_y": 0.40642192,
    "bin_x": 0.1407724,
    "bin_y": 0.25264591
  },
  "joint_names": ["shoulder_pan_joint", "shoulder_lift_joint", "elbow_joint", "wrist_1_joint", "wrist_2_joint", "wrist_3_joint"],
  "start_joints": [-0.45128601, -1.7007884, -0.92014559, 0.86808532, -8.8262517e-05, -9.8391784e-05],
  "goal_joints": [0.76744428, 0.12979467, -1.0666516, -0.63362453, -1.5707053, -0.8025404],
  "num_waypoints": 37,
  "trajectory": [
    [-0.45128601, -1.7007884, -0.92014559, 0.86808532, -8.8262517e-05, -9.8391784e-05],
    [-0.44795721, -1.6957884, -0.92054575, 0.86398359, -0.0043781991, -0.002290158],
    [-0.4379708, -1.6807884, -0.92174623, 0.85167841, -0.017248009, -0.0088654567],
    [-0.42132678, -1.6557884, -0.92374705, 0.83116979, -0.038697692, -0.019824288],
    [-0.39802516, -1.6207884, -0.92654818, 0.80245771, -0.068727248, -0.035166651],
    [-0.36806592, -1.5757884, -0.93014964, 0.76554218, -0.10733668, -0.054892548],
    [-0.33144909, -1.5207884, -0.93455142, 0.7204232, -0.15452597, -0.079001972],
    [-0.28988507, -1.4583575, -0.93954792, 0.66920835, -0.20809086, -0.10636874],
    [-0.24805409, -1.3955257, -0.9445765, 0.61766455, -0.26199979, -0.13391129],
    [-0.20622311, -1.3326938, -0.94960509, 0.56612074, -0.31590872, -0.16145384],
    [-0.16439213, -1.2698619, -0.95463368, 0.51457694, -0.36981766, -0.18899638],
    [-0.12256115, -1.2070301, -0.95966226, 0.46303314, -0.42372659, -0.21653893],
    [-0.080730172, -1.1441982, -0.96469085, 0.41148933, -0.47763552, -0.24408148],
    [-0.038899192, -1.0813664, -0.96971943, 0.35994553, -0.53154446, -0.27162402],
    [0.0029317887, -1.0185345, -0.97474802, 0.30840173, -0.58545339, -0.29916657],
    [0.044762769, -0.95570268, -0.97977661, 0.25685792, -0.63936232, -0.32670912],
    [0.08659375, -0.89287083, -0.98480519, 0.20531412, -0.69327126, -0.35425166],
    [0.12842473, -0.83003898, -0.98983378, 0.15377032, -0.74718019, -0.38179421],
    [0.17025571, -0.76720712, -0.99486236, 0.10222651, -0.80108912, -0.40933676],
    [0.21208669, -0.70437527, -0.99989095, 0.050682708, -0.85499806, -0.4368793],
    [0.25391767, -0.64154342, -1.0049195, -0.00086109592, -0.90890699, -0.46442185],
    [0.29574865, -0.57871156, -1.0099481, -0.0524049, -0.96281592, -0.4919644],
    [0.33757963, -0.51587971, -1.0149767, -0.1039487, -1.0167249, -0.51950694],
    [0.37941061, -0.45304786, -1.0200053, -0.15549251, -1.0706338, -0.54704949],
    [0.42124159, -0.390216, -1.0250339, -0.20703631, -1.1245427, -0.57459204],
    [0.46307257, -0.32738415, -1.0300625, -0.25858011, -1.1784517, -0.60213458],
    [0.50490355, -0.2645523, -1.0350911, -0.31012392, -1.2323606, -0.62967713],
    [0.54673454, -0.20172044, -1.0401196, -0.36166772, -1.2862695, -0.65721968],
    [0.58856552, -0.13888859, -1.0451482, -0.41321153, -1.3401785, -0.68476222],
    [0.6303965, -0.076056739, -1.0501768, -0.46475533, -1.3940874, -0.71230477],
    [0.66973468, -0.016969175, -1.0549057, -0.51322752, -1.4447838, -0.738206],
    [0.70247559, 0.032209021, -1.0588416, -0.55357062, -1.486978, -0.75976342],
    [0.72855889, 0.071387217, -1.0619771, -0.58571026, -1.5205924, -0.77693731],
    [0.74798459, 0.10056541, -1.0643123, -0.60964645, -1.545627, -0.78972766],
    [0.76075268, 0.11974361, -1.0658472, -0.62537919, -1.5620816, -0.79813449],
    [0.76686316, 0.12892181, -1.0665817, -0.63290848, -1.5699564, -0.80215778],
    [0.76744428, 0.12979467, -1.0666516, -0.63362453, -1.5707053, -0.8025404]
  ]
}
