{
  "iteration": 715,
  "label": "pre_pick",
  "planning_time_ms": 34.035866,
  "scene": {
    "block_x": 0.23393822,
    "block_y": 0.46190407,
    "bin_x": 0.18432712,
    "bin_y": 0.26143565
  },
  "joint_names": ["shoulder_pan_joint", "shoulder_lift_joint", "elbow_joint", "wrist_1_joint", "wrist_2_joint", "wrist_3_joint"],
  "start_joints": [-0.45134093, -1.7007544, -0.92022838, 0.8682892, 6.3947661e-05, -0.00016340341],
  "goal_joints": [0.85070213, -0.5474634, 0.48388845, -1.5067529, 4.712005, -0.7198885],
  "num_waypoints": 52,
  "trajectory": [
    [-0.45134093, -1.7007544, -0.92022838, 0.8682892, 6.3947661e-05, -0.00016340341],
    [-0.44995929, -1.6995306, -0.91873842, 0.86576896, 0.0050639477, -0.00092712804],
    [-0.44581436, -1.6958592, -0.91426856, 0.85820825, 0.020063948, -0.0032183019],
    [-0.43890615, -1.6897402, -0.90681878, 0.84560706, 0.045063948, -0.0070369251],
    [-0.42923466, -1.6811736, -0.89638909, 0.8279654, 0.080063948, -0.012382998],
    [-0.41679988, -1.6701595, -0.88297948, 0.80528326, 0.12506395, -0.019256519],
    [-0.40160182, -1.6566977, -0.86658997, 0.77756065, 0.18006395, -0.02765749],
    [-0.38364047, -1.6407884, -0.84722054, 0.74479756, 0.24506395, -0.03758591],
    [-0.36291585, -1.6224314, -0.82487121, 0.70699401, 0.32006393, -0.049041778],
    [-0.33942794, -1.6016269, -0.79954196, 0.66414998, 0.40506392, -0.062025095],
    [-0.31317675, -1.5783748, -0.77123281, 0.61626547, 0.50006391, -0.07653586],
    [-0.28416228, -1.5526751, -0.73994374, 0.5633405, 0.60506388, -0.092574074],
    [-0.25238452, -1.5245278, -0.70567477, 0.50537505, 0.72006386, -0.11013974],
    [-0.21810329, -1.494163, -0.66870606, 0.44284305, 0.84412359, -0.12908923],
    [-0.18337884, -1.4634056, -0.63125939, 0.37950258, 0.9697873, -0.14828373],
    [-0.14865439, -1.4326483, -0.59381271, 0.3161621, 1.095451, -0.16747822],
    [-0.11392995, -1.4018909, -0.55636604, 0.25282163, 1.2211147, -0.18667271],
    [-0.079205498, -1.3711336, -0.51891936, 0.18948115, 1.3467784, -0.20586721],
    [-0.044481049, -1.3403762, -0.48147269, 0.12614067, 1.4724421, -0.2250617],
    [-0.0097566004, -1.3096189, -0.44402601, 0.062800199, 1.5981058, -0.24425619],
    [0.024967848, -1.2788615, -0.40657934, -0.00054027639, 1.7237695, -0.26345069],
    [0.059692297, -1.2481042, -0.36913266, -0.063880752, 1.8494332, -0.28264518],
    [0.094416745, -1.2173468, -0.33168599, -0.12722123, 1.9750969, -0.30183967],
    [0.12914119, -1.1865895, -0.29423931, -0.1905617, 2.1007607, -0.32103417],
    [0.16386564, -1.1558322, -0.25679264, -0.25390218, 2.2264244, -0.34022866],
    [0.19859009, -1.1250748, -0.21934596, -0.31724265, 2.3520881, -0.35942315],
    [0.23331454, -1.0943175, -0.18189929, -0.38058313, 2.4777518, -0.37861765],
    [0.26803899, -1.0635601, -0.14445262, -0.4439236, 2.6034155, -0.39781214],
    [0.30276344, -1.0328028, -0.10700594, -0.50726408, 2.7290792, -0.41700664],
    [0.33748789, -1.0020454, -0.069559266, -0.57060456, 2.8547429, -0.43620113],
    [0.37221233, -0.97128806, -0.032112591, -0.63394503, 2.9804066, -0.45539562],
    [0.40693678, -0.94053071, 0.0053340831, -0.69728551, 3.1060703, -0.47459012],
    [0.44166123, -0.90977336, 0.042780758, -0.76062598, 3.231734, -0.49378461],
    [0.47638568, -0.87901601, 0.080227432, -0.82396646, 3.3573977, -0.5129791],
    [0.51111013, -0.84825866, 0.11767411, -0.88730693, 3.4830614, -0.5321736],
    [0.54583458, -0.81750132, 0.15512078, -0.95064741, 3.6087251, -0.55136809],
    [0.58055903, -0.78674397, 0.19256746, -1.0139879, 3.7343888, -0.57056258],
    [0.61528348, -0.75598662, 0.23001413, -1.0773284, 3.8600525, -0.58975708],
    [0.64965757, -0.72553959, 0.26708299, -1.1400298, 3.9844484, -0.60875791],
    [0.68160889, -0.69723856, 0.30153914, -1.1983118, 4.1000764, -0.62641951],
    [0.71079693, -0.67138511, 0.33301537, -1.2515534, 4.2057045, -0.64255367],
    [0.73722168, -0.64797926, 0.36151169, -1.2997545, 4.3013326, -0.65716037],
    [0.76088315, -0.627021, 0.3870281, -1.3429151, 4.3869607, -0.67023962],
    [0.78178134, -0.60851033, 0.4095646, -1.3810352, 4.4625888, -0.68179143],
    [0.79991624, -0.59244726, 0.42912119, -1.4141149, 4.5282168, -0.69181579],
    [0.81528785, -0.57883177, 0.44569787, -1.4421541, 4.5838449, -0.70031269],
    [0.82789619, -0.56766388, 0.45929463, -1.4651528, 4.629473, -0.70728215],
    [0.83774124, -0.55894358, 0.46991149, -1.4831111, 4.6651011, -0.71272416],
    [0.844823, -0.55267087, 0.47754843, -1.4960288, 4.6907292, -0.71663872],
    [0.84914148, -0.54884575, 0.48220546, -1.5039061, 4.7063572, -0.71902583],
    [0.85069668, -0.54746823, 0.48388257, -1.5067429, 4.7119853, -0.71988549],
    [0.85070213, -0.5474634, 0.48388845, -1.5067529, 4.712005, -0.7198885]
  ]
}
