{
  "iteration": 578,
  "label": "pre_pick",
  "planning_time_ms": 231.34957,
  "scene": {
    "block_x": 0.29225503,
    "block_y": 0.42846589,
    "bin_x": 0.16155633,
    "bin_y": 0.32749205
  },
  "joint_names": ["shoulder_pan_joint", "shoulder_lift_joint", "elbow_joint", "wrist_1_joint", "wrist_2_joint", "wrist_3_joint"],
  "start_joints": [-0.45120603, -1.7009664, -0.91988955, 0.86784426, -9.3442946e-05, -3.3802726e-05],
  "goal_joints": [4.3691033, -3.0345759, 0.45832644, 4.146857, 1.5716706, -0.344227],
  "num_waypoints": 85,
  "trajectory": [
    [-0.45120603, -1.7009664, -0.91988955, 0.86784426, -9.3442946e-05, -3.3802726e-05],
    [-0.44620603, -1.7023497, -0.91845996, 0.87124551, 0.001536913, -0.00039082669],
    [-0.43120603, -1.7064997, -0.91417118, 0.88144925, 0.0064279809, -0.0014618986],
    [-0.40620603, -1.7134163, -0.90702321, 0.89845548, 0.014579761, -0.0032470184],
    [-0.37120603, -1.7230995, -0.89701606, 0.92226421, 0.025992252, -0.0057461862],
    [-0.32620603, -1.7355495, -0.88414973, 0.95287544, 0.040665456, -0.0089594019],
    [-0.27120603, -1.750766, -0.86842421, 0.99028916, 0.058599372, -0.012886666],
    [-0.20877526, -1.7680384, -0.85057409, 1.0327577, 0.078956249, -0.017344522],
    [-0.14594341, -1.7854218, -0.83260929, 1.075499, 0.099443906, -0.021831018],
    [-0.083111554, -1.8028051, -0.8146445, 1.1182403, 0.11993156, -0.026317513],
    [-0.020279701, -1.8201885, -0.79667971, 1.1609817, 0.14041922, -0.030804009],
    [0.042552152, -1.8375718, -0.77871491, 1.203723, 0.16090688, -0.035290504],
    [0.10538401, -1.8549552, -0.76075012, 1.2464643, 0.18139454, -0.039777],
    [0.16821586, -1.8723385, -0.74278532, 1.2892057, 0.20188219, -0.044263495],
    [0.23104771, -1.8897219, -0.72482053, 1.331947, 0.22236985, -0.048749991],
    [0.29387956, -1.9071053, -0.70685574, 1.3746883, 0.24285751, -0.053236486],
    [0.35671142, -1.9244886, -0.68889094, 1.4174296, 0.26334516, -0.057722982],
    [0.41954327, -1.941872, -0.67092615, 1.460171, 0.28383282, -0.062209477],
    [0.48237512, -1.9592553, -0.65296135, 1.5029123, 0.30432048, -0.066695973],
    [0.54520698, -1.9766387, -0.63499656, 1.5456536, 0.32480814, -0.071182468],
    [0.60803883, -1.994022, -0.61703177, 1.588395, 0.34529579, -0.075668964],
    [0.67087068, -2.0114054, -0.59906697, 1.6311363, 0.36578345, -0.080155459],
    [0.73370254, -2.0287888, -0.58110218, 1.6738776, 0.38627111, -0.084641955],
    [0.79653439, -2.0461721, -0.56313738, 1.716619, 0.40675877, -0.08912845],
    [0.85936624, -2.0635555, -0.54517259, 1.7593603, 0.42724642, -0.093614946],
    [0.9221981, -2.0809388, -0.5272078, 1.8021016, 0.44773408, -0.098101441],
    [0.98502995, -2.0983222, -0.509243, 1.844843, 0.46822174, -0.10258794],
    [1.0478618, -2.1157055, -0.49127821, 1.8875843, 0.48870939, -0.10707443],
    [1.1106937, -2.1330889, -0.47331341, 1.9303256, 0.50919705, -0.11156093],
    [1.1735255, -2.1504722, -0.45534862, 1.973067, 0.52968471, -0.11604742],
    [1.2363574, -2.1678556, -0.43738383, 2.0158083, 0.55017237, -0.12053392],
    [1.2991892, -2.185239, -0.41941903, 2.0585496, 0.57066002, -0.12502041],
    [1.3620211, -2.2026223, -0.40145424, 2.101291, 0.59114768, -0.12950691],
    [1.4248529, -2.2200057, -0.38348945, 2.1440323, 0.61163534, -0.13399341],
    [1.4876848, -2.237389, -0.36552465, 2.1867736, 0.632123, -0.1384799],
    [1.5505166, -2.2547724, -0.34755986, 2.229515, 0.65261065, -0.1429664],
    [1.6133485, -2.2721557, -0.32959506, 2.2722563, 0.67309831, -0.14745289],
    [1.6761803, -2.2895391, -0.31163027, 2.3149976, 0.69358597, -0.15193939],
    [1.7390122, -2.3069225, -0.29366548, 2.357739, 0.71407362, -0.15642588],
    [1.801844, -2.3243058, -0.27570068, 2.4004803, 0.73456128, -0.16091238],
    [1.8646759, -2.3416892, -0.25773589, 2.4432216, 0.75504894, -0.16539887],
    [1.9275077, -2.3590725, -0.23977109, 2.485963, 0.7755366, -0.16988537],
    [1.9903396, -2.3764559, -0.2218063, 2.5287043, 0.79602425, -0.17437186],
    [2.0531715, -2.3938392, -0.20384151, 2.5714456, 0.81651191, -0.17885836],
    [2.1160033, -2.4112226, -0.18587671, 2.614187, 0.83699957, -0.18334486],
    [2.1788352, -2.428606, -0.16791192, 2.6569283, 0.85748723, -0.18783135],
    [2.241667, -2.4459893, -0.14994712, 2.6996696, 0.87797488, -0.19231785],
    [2.3044989, -2.4633727, -0.13198233, 2.742411, 0.89846254, -0.19680434],
    [2.3673307, -2.480756, -0.11401754, 2.7851523, 0.9189502, -0.20129084],
    [2.4301626, -2.4981394, -0.096052742, 2.8278936, 0.93943785, -0.20577733],
    [2.4929944, -2.5155227, -0.078087948, 2.870635, 0.95992551, -0.21026383],
    [2.5558263, -2.5329061, -0.060123154, 2.9133763, 0.98041317, -0.21475032],
    [2.6186581, -2.5502894, -0.04215836, 2.9561176, 1.0009008, -0.21923682],
    [2.68149, -2.5676728, -0.024193566, 2.998859, 1.0213885, -0.22372332],
    [2.7443218, -2.5850562, -0.0062287719, 3.0416003, 1.0418761, -0.22820981],
    [2.8071537, -2.6024395, 0.011736022, 3.0843416, 1.0623638, -0.23269631],
    [2.8699855, -2.6198229, 0.029700816, 3.1270829, 1.0828515, -0.2371828],
    [2.9328174, -2.6372062, 0.04766561, 3.1698243, 1.1033391, -0.2416693],
    [2.9956492, -2.6545896, 0.065630404, 3.2125656, 1.1238268, -0.24615579],
    [3.0584811, -2.6719729, 0.083595198, 3.2553069, 1.1443144, -0.25064229],
    [3.121313, -2.6893563, 0.10155999, 3.2980483, 1.1648021, -0.25512878],
    [3.1841448, -2.7067397, 0.11952479, 3.3407896, 1.1852897, -0.25961528],
    [3.2469767, -2.724123, 0.13748958, 3.3835309, 1.2057774, -0.26410177],
    [3.3098085, -2.7415064, 0.15545437, 3.4262723, 1.2262651, -0.26858827],
    [3.3726404, -2.7588897, 0.17341917, 3.4690136, 1.2467527, -0.27307477],
    [3.4354722, -2.7762731, 0.19138396, 3.5117549, 1.2672404, -0.27756126],
    [3.4983041, -2.7936564, 0.20934876, 3.5544963, 1.287728, -0.28204776],
    [3.5611359, -2.8110398, 0.22731355, 3.5972376, 1.3082157, -0.28653425],
    [3.6239678, -2.8284232, 0.24527834, 3.6399789, 1.3287033, -0.29102075],
    [3.6867996, -2.8458065, 0.26324314, 3.6827203, 1.349191, -0.29550724],
    [3.7496315, -2.8631899, 0.28120793, 3.7254616, 1.3696787, -0.29999374],
    [3.8124633, -2.8805732, 0.29917273, 3.7682029, 1.3901663, -0.30448023],
    [3.8752952, -2.8979566, 0.31713752, 3.8109443, 1.410654, -0.30896673],
    [3.938127, -2.9153399, 0.33510231, 3.8536856, 1.4311416, -0.31345323],
    [4.0009589, -2.9327233, 0.35306711, 3.8964269, 1.4516293, -0.31793972],
    [4.0637907, -2.9501066, 0.3710319, 3.9391683, 1.4721169, -0.32242622],
    [4.1266226, -2.96749, 0.3889967, 3.9819096, 1.4926046, -0.32691271],
    [4.1890557, -2.984763, 0.40684749, 4.0243797, 1.5129622, -0.33137074],
    [4.2440637, -2.9999818, 0.42257527, 4.0617988, 1.5308987, -0.33529857],
    [4.2890716, -3.0124339, 0.43544388, 4.0924154, 1.5455745, -0.33851235],
    [4.3240795, -3.0221194, 0.4454533, 4.1162296, 1.5569896, -0.34101208],
    [4.3490875, -3.0290382, 0.45260353, 4.1332412, 1.565144, -0.34279777],
    [4.3640954, -3.0331903, 0.45689457, 4.1434503, 1.5700376, -0.34386941],
    [4.3691033, -3.0345759, 0.45832643, 4.146857, 1.5716706, -0.344227],
    [4.3691033, -3.0345759, 0.45832644, 4.146857, 1.5716706, -0.344227]
  ]
}
