{
  "iteration": 515,
  "label": "pre_pick",
  "planning_time_ms": 59.412064,
  "scene": {
    "block_x": 0.35218191,
    "block_y": 0.37703815,
    "bin_x": 0.14176735,
    "bin_y": 0.33905362
  },
  "joint_names": ["shoulder_pan_joint", "shoulder_lift_joint", "elbow_joint", "wrist_1_joint", "wrist_2_joint", "wrist_3_joint"],
  "start_joints": [-0.45129806, -1.700802, -0.92043891, 0.86849071, -8.6317444e-05, -0.00024068962],
  "goal_joints": [-2.0656699, -2.5691956, -0.53332674, 4.6731935, 1.5704437, -0.49468901],
  "num_waypoints": 44,
  "trajectory": [
    [-0.45129806, -1.700802, -0.92043891, 0.86849071, -8.6317444e-05, -0.00024068962],
    [-0.4534196, -1.7019432, -0.91993018, 0.87349071, 0.0019776151, -0.00089047537],
    [-0.45978425, -1.7053668, -0.918404, 0.88849071, 0.0081694129, -0.0028398326],
    [-0.47039199, -1.7110729, -0.91586036, 0.91349071, 0.018489076, -0.0060887613],
    [-0.48524282, -1.7190614, -0.91229926, 0.94849071, 0.032936604, -0.010637262],
    [-0.50433675, -1.7293323, -0.9077207, 0.99349071, 0.051511997, -0.016485333],
    [-0.52767378, -1.7418856, -0.90212468, 1.0484907, 0.074215255, -0.023632976],
    [-0.5552539, -1.7567213, -0.89551121, 1.1134907, 0.10104638, -0.032080191],
    [-0.58707711, -1.7738395, -0.88788029, 1.1884907, 0.13200536, -0.041826976],
    [-0.62314342, -1.7932401, -0.8792319, 1.2734907, 0.16709221, -0.052873332],
    [-0.66345283, -1.8149231, -0.86956606, 1.3684907, 0.20630693, -0.06521926],
    [-0.70800532, -1.8388885, -0.85888276, 1.4734907, 0.2496495, -0.078864758],
    [-0.75680091, -1.8651364, -0.84718201, 1.5884906, 0.29711994, -0.093809827],
    [-0.80944068, -1.893452, -0.83455946, 1.7125504, 0.34833016, -0.10993229],
    [-0.86276099, -1.9221338, -0.82177372, 1.8382142, 0.40020244, -0.12626318],
    [-0.9160813, -1.9508155, -0.80898797, 1.9638779, 0.45207472, -0.14259408],
    [-0.96940162, -1.9794973, -0.79620223, 2.0895416, 0.50394701, -0.15892498],
    [-1.0227219, -2.0081791, -0.78341649, 2.2152053, 0.55581929, -0.17525587],
    [-1.0760422, -2.0368608, -0.77063075, 2.340869, 0.60769157, -0.19158677],
    [-1.1293626, -2.0655426, -0.757845, 2.4665327, 0.65956386, -0.20791767],
    [-1.1826829, -2.0942243, -0.74505926, 2.5921964, 0.71143614, -0.22424856],
    [-1.2360032, -2.1229061, -0.73227352, 2.7178601, 0.76330842, -0.24057946],
    [-1.2893235, -2.1515879, -0.71948777, 2.8435238, 0.81518071, -0.25691036],
    [-1.3426438, -2.1802696, -0.70670203, 2.9691875, 0.86705299, -0.27324126],
    [-1.3959641, -2.2089514, -0.69391629, 3.0948512, 0.91892527, -0.28957215],
    [-1.4492844, -2.2376331, -0.68113055, 3.2205149, 0.97079756, -0.30590305],
    [-1.5026047, -2.2663149, -0.6683448, 3.3461786, 1.0226698, -0.32223395],
    [-1.5559251, -2.2949966, -0.65555906, 3.4718423, 1.0745421, -0.33856484],
    [-1.6092454, -2.3236784, -0.64277332, 3.597506, 1.1264144, -0.35489574],
    [-1.6625657, -2.3523602, -0.62998758, 3.7231697, 1.1782867, -0.37122664],
    [-1.715886, -2.3810419, -0.61720183, 3.8488334, 1.230159, -0.38755753],
    [-1.7680969, -2.4091269, -0.60468212, 3.9718825, 1.280952, -0.40354864],
    [-1.8162273, -2.4350169, -0.59314086, 4.0853149, 1.3277753, -0.41828999],
    [-1.8601147, -2.4586246, -0.58261707, 4.1887472, 1.3704708, -0.43173176],
    [-1.8997589, -2.4799498, -0.57311073, 4.2821795, 1.4090384, -0.44387396],
    [-1.93516, -2.4989926, -0.56462185, 4.3656119, 1.4434781, -0.45471659],
    [-1.9663181, -2.5157529, -0.55715042, 4.4390442, 1.47379, -0.46425964],
    [-1.993233, -2.5302308, -0.55069645, 4.5024766, 1.499974, -0.47250313],
    [-2.0159049, -2.5424264, -0.54525994, 4.5559089, 1.5220302, -0.47944704],
    [-2.0343336, -2.5523394, -0.54084089, 4.5993412, 1.5399585, -0.48509139],
    [-2.0485193, -2.5599701, -0.53743929, 4.6327736, 1.5537589, -0.48943616],
    [-2.0584619, -2.5653184, -0.53505515, 4.6562059, 1.5634314, -0.49248136],
    [-2.0641613, -2.5683842, -0.53368847, 4.6696383, 1.5689761, -0.49422699],
    [-2.0656699, -2.5691956, -0.53332674, 4.6731935, 1.5704437, -0.49468901]
  ]
}
