{
  "iteration": 3,
  "label": "pick_descend",
  "planning_time_ms": 8.594959,
  "scene": {
    "block_x": 0.12403406,
    "block_y": 0.37443293,
    "bin_x": 0.29016415,
    "bin_y": 0.34603759
  },
  "joint_names": ["shoulder_pan_joint", "shoulder_lift_joint", "elbow_joint", "wrist_1_joint", "wrist_2_joint", "wrist_3_joint"],
  "start_joints": [-1.5489083, -1.964012, -1.5860138, -1.1623012, 1.5709938, 0.021868423],
  "goal_joints": [-1.5490688, -2.0665756, -1.6980055, -0.94774593, 1.5709938, 0.021707912],
  "num_waypoints": 11,
  "trajectory": [
    [-1.5489083, -1.964012, -1.5860138, -1.1623012, 1.5709938, 0.021868423],
    [-1.548912, -1.9659429, -1.5890829, -1.1573012, 1.5709938, 0.021864746],
    [-1.548923, -1.9717826, -1.5982433, -1.1423012, 1.5709938, 0.021853708],
    [-1.5489414, -1.9819628, -1.6130633, -1.117301, 1.5709938, 0.021835257],
    [-1.5489674, -1.9971976, -1.6328289, -1.0823006, 1.5709938, 0.021809303],
    [-1.549, -2.0178136, -1.6558588, -1.0386546, 1.5709938, 0.021776716],
    [-1.5490283, -2.0370506, -1.6742619, -1.0010145, 1.5709938, 0.021748393],
    [-1.5490493, -2.0520476, -1.6869051, -0.97337435, 1.5709938, 0.021727448],
    [-1.5490627, -2.0620077, -1.6945851, -0.95573427, 1.5709938, 0.021714009],
    [-1.5490685, -2.0663764, -1.6978563, -0.94809438, 1.5709938, 0.021708178],
    [-1.5490688, -2.0665756, -1.6980055, -0.94774593, 1.5709938, 0.021707912]
  ]
}
