{
  "iteration": 227,
  "label": "pre_pick",
  "planning_time_ms": 47.782756,
  "scene": {
    "block_x": 0.12387161,
    "block_y": 0.44765422,
    "bin_x": 0.18527005,
    "bin_y": 0.29659027
  },
  "joint_names": ["shoulder_pan_joint", "shoulder_lift_joint", "elbow_joint", "wrist_1_joint", "wrist_2_joint", "wrist_3_joint"],
  "start_joints": [-0.45142143, -1.7007439, -0.92035535, 0.86836281, -4.9927827e-05, -0.00026301256],
  "goal_joints": [-1.5525867, -2.2726642, -1.0854982, 4.9293543, -4.7129649, 0.018286539],
  "num_waypoints": 52,
  "trajectory": [
    [-0.45142143, -1.7007439, -0.92035535, 0.86836281, -4.9927827e-05, -0.00026301256],
    [-0.45258967, -1.7013507, -0.92053055, 0.87267118, -0.0050499278, -0.00024333307],
    [-0.45609439, -1.703171, -0.92105616, 0.88559627, -0.020049928, -0.0001842946],
    [-0.46193561, -1.7062048, -0.92193217, 0.90713809, -0.045049928, -8.5897156e-05],
    [-0.4701133, -1.7104521, -0.92315859, 0.93729665, -0.080049928, 5.1859268e-05],
    [-0.48062748, -1.7159129, -0.92473541, 0.97607193, -0.12504993, 0.00022897467],
    [-0.49347815, -1.7225873, -0.92666264, 1.0234639, -0.18004993, 0.00044544905],
    [-0.50866529, -1.7304751, -0.92894027, 1.0794727, -0.24504993, 0.00070128241],
    [-0.52618892, -1.7395765, -0.93156831, 1.1440982, -0.32004992, 0.00099647471],
    [-0.54604904, -1.7498914, -0.93454675, 1.2173403, -0.4050499, 0.001331026],
    [-0.56824564, -1.7614198, -0.93787559, 1.2991993, -0.50004989, 0.0017049362],
    [-0.59277872, -1.7741617, -0.94155484, 1.3896749, -0.60504987, 0.0021182054],
    [-0.61964828, -1.7881172, -0.9455845, 1.4887673, -0.72004984, 0.0025708335],
    [-0.64863463, -1.803172, -0.94993161, 1.5956662, -0.84410953, 0.0030591198],
    [-0.67799576, -1.8184215, -0.95433492, 1.7039472, -0.96977324, 0.0035537193],
    [-0.70735689, -1.833671, -0.95873824, 1.8122282, -1.0954369, 0.0040483188],
    [-0.73671802, -1.8489205, -0.96314156, 1.9205092, -1.2211006, 0.0045429183],
    [-0.76607915, -1.86417, -0.96754487, 2.0287902, -1.3467644, 0.0050375178],
    [-0.79544028, -1.8794195, -0.97194819, 2.1370712, -1.4724281, 0.0055321173],
    [-0.82480141, -1.894669, -0.97635151, 2.2453523, -1.5980918, 0.0060267168],
    [-0.85416254, -1.9099185, -0.98075482, 2.3536333, -1.7237555, 0.0065213163],
    [-0.88352367, -1.925168, -0.98515814, 2.4619143, -1.8494192, 0.0070159159],
    [-0.91288479, -1.9404175, -0.98956146, 2.5701953, -1.9750829, 0.0075105154],
    [-0.94224592, -1.955667, -0.99396478, 2.6784763, -2.1007466, 0.0080051149],
    [-0.97160705, -1.9709166, -0.99836809, 2.7867574, -2.2264103, 0.0084997144],
    [-1.0009682, -1.9861661, -1.0027714, 2.8950384, -2.352074, 0.0089943139],
    [-1.0303293, -2.0014156, -1.0071747, 3.0033194, -2.4777377, 0.0094889134],
    [-1.0596904, -2.0166651, -1.011578, 3.1116004, -2.6034014, 0.0099835129],
    [-1.0890516, -2.0319146, -1.0159814, 3.2198814, -2.7290651, 0.010478112],
    [-1.1184127, -2.0471641, -1.0203847, 3.3281624, -2.8547288, 0.010972712],
    [-1.1477738, -2.0624136, -1.024788, 3.4364435, -2.9803925, 0.011467311],
    [-1.177135, -2.0776631, -1.0291913, 3.5447245, -3.1060562, 0.011961911],
    [-1.2064961, -2.0929126, -1.0335946, 3.6530055, -3.2317199, 0.01245651],
    [-1.2358572, -2.1081621, -1.0379979, 3.7612865, -3.3573837, 0.01295111],
    [-1.2652183, -2.1234116, -1.0424013, 3.8695675, -3.4830474, 0.013445709],
    [-1.2945795, -2.1386611, -1.0468046, 3.9778486, -3.6087111, 0.013940309],
    [-1.3239406, -2.1539106, -1.0512079, 4.0861296, -3.7343748, 0.014434908],
    [-1.3533017, -2.1691601, -1.0556112, 4.1944106, -3.8600385, 0.014929508],
    [-1.3823757, -2.1842604, -1.0599715, 4.3016325, -3.984473, 0.01541927],
    [-1.4094101, -2.1983015, -1.0640258, 4.4013329, -4.1001786, 0.015874675],
    [-1.434108, -2.2111291, -1.0677298, 4.4924165, -4.2058842, 0.016290721],
    [-1.4564695, -2.2227431, -1.0710834, 4.5748834, -4.3015898, 0.016667409],
    [-1.4764945, -2.2331436, -1.0740865, 4.6487336, -4.3872954, 0.017004737],
    [-1.494183, -2.2423306, -1.0767393, 4.7139671, -4.463001, 0.017302707],
    [-1.509535, -2.2503041, -1.0790417, 4.7705838, -4.5287065, 0.017561317],
    [-1.5225505, -2.2570641, -1.0809936, 4.8185838, -4.5844121, 0.017780569],
    [-1.5332295, -2.2626105, -1.0825952, 4.857967, -4.6301177, 0.017960461],
    [-1.5415721, -2.2669435, -1.0838463, 4.8887336, -4.6658233, 0.018100995],
    [-1.5475782, -2.2700629, -1.084747, 4.9108834, -4.6915289, 0.018202169],
    [-1.5512477, -2.2719688, -1.0852974, 4.9244165, -4.7072345, 0.018263985],
    [-1.5525808, -2.2726612, -1.0854973, 4.9293328, -4.71294, 0.018286441],
    [-1.5525867, -2.2726642, -1.0854982, 4.9293543, -4.7129649, 0.018286539]
  ]
}
