{
  "iteration": 902,
  "label": "pre_pick",
  "planning_time_ms": 5009.9827,
  "scene": {
    "block_x": 0.14953068,
    "block_y": 0.40271409,
    "bin_x": 0.35020309,
    "bin_y": 0.27860549
  },
  "joint_names": ["shoulder_pan_joint", "shoulder_lift_joint", "elbow_joint", "wrist_1_joint", "wrist_2_joint", "wrist_3_joint"],
  "start_joints": [-0.45138951, -1.7007849, -0.92029243, 0.86830107, -1.3414802e-05, -0.00017029204],
  "goal_joints": [-1.6171643, -3.363156, 1.3612738, -2.7097676, -4.713246, -0.045930831],
  "num_waypoints": 52,
  "trajectory": [
    [-0.45138951, -1.7007849, -0.92029243, 0.86830107, -1.3414802e-05, -0.00017029204],
    [-0.45262621, -1.7025484, -0.91787205, 0.8645053, -0.0050134148, -0.00021883679],
    [-0.45633632, -1.707839, -0.9106109, 0.85311799, -0.020013415, -0.00036447103],
    [-0.46251984, -1.7166565, -0.89850898, 0.83413915, -0.045013415, -0.00060719478],
    [-0.47117677, -1.7290011, -0.88156629, 0.80756876, -0.080013415, -0.00094700802],
    [-0.48230711, -1.7448728, -0.85978284, 0.77340684, -0.12501341, -0.0013839108],
    [-0.49591085, -1.7642714, -0.83315862, 0.73165338, -0.18001341, -0.001917903],
    [-0.511988, -1.7871971, -0.80169364, 0.68230838, -0.24501341, -0.0025489847],
    [-0.53053856, -1.8136498, -0.76538789, 0.62537186, -0.32001339, -0.0032771557],
    [-0.55156252, -1.8436296, -0.72424138, 0.56084379, -0.40501337, -0.0041024163],
    [-0.5750599, -1.8771364, -0.6782541, 0.4887242, -0.50001335, -0.0050247663],
    [-0.60103067, -1.9141702, -0.62742606, 0.40901306, -0.60501332, -0.0060442058],
    [-0.62947486, -1.954731, -0.57175725, 0.32171039, -0.72001329, -0.0071607347],
    [-0.6601599, -1.9984872, -0.51170281, 0.22752995, -0.84407305, -0.0083652247],
    [-0.69124167, -2.0428092, -0.45087193, 0.13213186, -0.96973676, -0.0095852873],
    [-0.72232343, -2.0871312, -0.39004106, 0.036733773, -1.0954005, -0.01080535],
    [-0.75340519, -2.1314531, -0.32921018, -0.058664314, -1.2210642, -0.012025413],
    [-0.78448696, -2.1757751, -0.26837931, -0.1540624, -1.3467279, -0.013245475],
    [-0.81556872, -2.220097, -0.20754843, -0.24946049, -1.4723916, -0.014465538],
    [-0.84665048, -2.264419, -0.14671756, -0.34485857, -1.5980553, -0.0156856],
    [-0.87773224, -2.308741, -0.08588668, -0.44025666, -1.723719, -0.016905663],
    [-0.90881401, -2.3530629, -0.025055804, -0.53565475, -1.8493827, -0.018125726],
    [-0.93989577, -2.3973849, 0.035775071, -0.63105283, -1.9750464, -0.019345788],
    [-0.97097753, -2.4417068, 0.096605946, -0.72645092, -2.1007101, -0.020565851],
    [-1.0020593, -2.4860288, 0.15743682, -0.82184901, -2.2263738, -0.021785913],
    [-1.0331411, -2.5303508, 0.2182677, -0.91724709, -2.3520375, -0.023005976],
    [-1.0642228, -2.5746727, 0.27909857, -1.0126452, -2.4777012, -0.024226039],
    [-1.0953046, -2.6189947, 0.33992945, -1.1080433, -2.6033649, -0.025446101],
    [-1.1263864, -2.6633166, 0.40076032, -1.2034414, -2.7290286, -0.026666164],
    [-1.1574681, -2.7076386, 0.4615912, -1.2988394, -2.8546923, -0.027886227],
    [-1.1885499, -2.7519606, 0.52242207, -1.3942375, -2.9803561, -0.029106289],
    [-1.2196316, -2.7962825, 0.58325295, -1.4896356, -3.1060198, -0.030326352],
    [-1.2507134, -2.8406045, 0.64408383, -1.5850337, -3.2316835, -0.031546414],
    [-1.2817952, -2.8849265, 0.7049147, -1.6804318, -3.3573472, -0.032766477],
    [-1.3128769, -2.9292484, 0.76574558, -1.7758299, -3.4830109, -0.03398654],
    [-1.3439587, -2.9735704, 0.82657645, -1.871228, -3.6086746, -0.035206602],
    [-1.3750405, -3.0178923, 0.88740733, -1.966626, -3.7343383, -0.036426665],
    [-1.4061222, -3.0622143, 0.9482382, -2.0620241, -3.860002, -0.037646727],
    [-1.4369031, -3.1061071, 1.0084801, -2.1564986, -3.9844491, -0.038854978],
    [-1.465528, -3.1469258, 1.0645027, -2.2443561, -4.1001799, -0.039978603],
    [-1.4916796, -3.1842173, 1.1156846, -2.3246221, -4.2059108, -0.041005138],
    [-1.5153577, -3.2179819, 1.1620257, -2.3972965, -4.3016416, -0.041934584],
    [-1.5365625, -3.2482194, 1.203526, -2.4623795, -4.3873725, -0.042766941],
    [-1.5552938, -3.2749299, 1.2401855, -2.5198708, -4.4631033, -0.043502208],
    [-1.5715517, -3.2981134, 1.2720043, -2.5697707, -4.5288342, -0.044140385],
    [-1.5853362, -3.3177698, 1.2989823, -2.6120789, -4.584565, -0.044681473],
    [-1.5966473, -3.3338992, 1.3211195, -2.6467957, -4.6302959, -0.045125472],
    [-1.605485, -3.3465016, 1.338416, -2.6739209, -4.6660267, -0.045472381],
    [-1.6118493, -3.3555769, 1.3508717, -2.6934546, -4.6917576, -0.045722201],
    [-1.6157402, -3.3611253, 1.3584867, -2.7053967, -4.7074884, -0.045874931],
    [-1.6171577, -3.3631466, 1.3612608, -2.7097473, -4.7132193, -0.045930571],
    [-1.6171643, -3.363156, 1.3612738, -2.7097676, -4.713246, -0.045930831]
  ]
}
