{
  "iteration": 153,
  "label": "pre_pick",
  "planning_time_ms": 285.13825,
  "scene": {
    "block_x": 0.1380302,
    "block_y": 0.37643763,
    "bin_x": 0.44876258,
    "bin_y": 0.36346988
  },
  "joint_names": ["shoulder_pan_joint", "shoulder_lift_joint", "elbow_joint", "wrist_1_joint", "wrist_2_joint", "wrist_3_joint"],
  "start_joints": [-0.45138657, -1.7007843, -0.91998168, 0.86797179, -1.5284096e-05, -4.2059173e-05],
  "goal_joints": [0.89401871, -1.1453222, 1.5379681, -1.9630393, -1.5712078, -0.67590086],
  "num_waypoints": 48,
  "trajectory": [
    [-0.45138657, -1.7007843, -0.91998168, 0.86797179, -1.5284096e-05, -4.2059173e-05],
    [-0.44901038, -1.6998033, -0.91564057, 0.86297179, -0.0027902511, -0.0012357295],
    [-0.4418818, -1.6968602, -0.90261722, 0.84797179, -0.011115152, -0.0048167407],
    [-0.43000084, -1.691955, -0.88091163, 0.82297179, -0.024989988, -0.010785093],
    [-0.4133675, -1.6850878, -0.85052382, 0.78797179, -0.044414757, -0.019140785],
    [-0.39198177, -1.6762585, -0.81145377, 0.74297179, -0.06938946, -0.029883818],
    [-0.36584365, -1.6654672, -0.76370149, 0.68797179, -0.099914098, -0.043014192],
    [-0.33495316, -1.6527138, -0.70726698, 0.6229718, -0.13598866, -0.058531905],
    [-0.30069427, -1.6385697, -0.64467868, 0.55088402, -0.17599691, -0.075741716],
    [-0.26630207, -1.6243706, -0.58184683, 0.47851571, -0.21616084, -0.093018497],
    [-0.23190987, -1.6101715, -0.51901498, 0.4061474, -0.25632478, -0.11029528],
    [-0.19751767, -1.5959723, -0.45618312, 0.33377909, -0.29648871, -0.12757206],
    [-0.16312546, -1.5817732, -0.39335127, 0.26141078, -0.33665265, -0.14484884],
    [-0.12873326, -1.5675741, -0.33051942, 0.18904247, -0.37681658, -0.16212562],
    [-0.094341059, -1.553375, -0.26768756, 0.11667416, -0.41698052, -0.1794024],
    [-0.059948856, -1.5391759, -0.20485571, 0.044305855, -0.45714445, -0.19667918],
    [-0.025556654, -1.5249768, -0.14202386, -0.028062454, -0.49730838, -0.21395596],
    [0.0088355481, -1.5107776, -0.079192005, -0.10043076, -0.53747232, -0.23123275],
    [0.04322775, -1.4965785, -0.016360152, -0.17279907, -0.57763625, -0.24850953],
    [0.077619953, -1.4823794, 0.046471701, -0.24516738, -0.61780019, -0.26578631],
    [0.11201215, -1.4681803, 0.10930355, -0.31753569, -0.65796412, -0.28306309],
    [0.14640436, -1.4539812, 0.17213541, -0.389904, -0.69812806, -0.30033987],
    [0.18079656, -1.4397821, 0.23496726, -0.46227231, -0.73829199, -0.31761665],
    [0.21518876, -1.4255829, 0.29779911, -0.53464061, -0.77845593, -0.33489343],
    [0.24958096, -1.4113838, 0.36063097, -0.60700892, -0.81861986, -0.35217021],
    [0.28397317, -1.3971847, 0.42346282, -0.67937723, -0.85878379, -0.369447],
    [0.31836537, -1.3829856, 0.48629467, -0.75174554, -0.89894773, -0.38672378],
    [0.35275757, -1.3687865, 0.54912653, -0.82411385, -0.93911166, -0.40400056],
    [0.38714977, -1.3545874, 0.61195838, -0.89648216, -0.9792756, -0.42127734],
    [0.42154198, -1.3403882, 0.67479023, -0.96885047, -1.0194395, -0.43855412],
    [0.45593418, -1.3261891, 0.73762209, -1.0412188, -1.0596035, -0.4558309],
    [0.49032638, -1.31199, 0.80045394, -1.1135871, -1.0997674, -0.47310768],
    [0.52471858, -1.2977909, 0.86328579, -1.1859554, -1.1399313, -0.49038446],
    [0.55911078, -1.2835918, 0.92611764, -1.2583237, -1.1800953, -0.50766124],
    [0.59350299, -1.2693927, 0.9889495, -1.330692, -1.2202592, -0.52493803],
    [0.62789519, -1.2551935, 1.0517814, -1.4030603, -1.2604231, -0.54221481],
    [0.66228739, -1.2409944, 1.1146132, -1.4754286, -1.3005871, -0.55949159],
    [0.69667959, -1.2267953, 1.1774451, -1.5477969, -1.340751, -0.57676837],
    [0.7310718, -1.2125962, 1.2402769, -1.6201652, -1.3809149, -0.59404515],
    [0.765464, -1.1983971, 1.3031088, -1.6925336, -1.4210789, -0.61132193],
    [0.79801393, -1.1849586, 1.3625749, -1.7610254, -1.4590914, -0.62767326],
    [0.82584541, -1.1734681, 1.4134209, -1.8195885, -1.4915936, -0.64165429],
    [0.8489245, -1.1639397, 1.4555845, -1.8681517, -1.5185458, -0.65324797],
    [0.86725121, -1.1563733, 1.489066, -1.9067149, -1.5399481, -0.66245432],
    [0.88082553, -1.1507691, 1.5138652, -1.9352781, -1.5558005, -0.66927332],
    [0.88964747, -1.1471269, 1.5299822, -1.9538413, -1.5661029, -0.67370499],
    [0.89371702, -1.1454467, 1.537417, -1.9624045, -1.5708554, -0.67574931],
    [0.89401871, -1.1453222, 1.5379681, -1.9630393, -1.5712078, -0.67590086]
  ]
}
