{
  "iteration": 667,
  "label": "pre_pick",
  "planning_time_ms": 41.316866,
  "scene": {
    "block_x": 0.18567422,
    "block_y": 0.49350547,
    "bin_x": 0.41443246,
    "bin_y": 0.38680311
  },
  "joint_names": ["shoulder_pan_joint", "shoulder_lift_joint", "elbow_joint", "wrist_1_joint", "wrist_2_joint", "wrist_3_joint"],
  "start_joints": [-0.45131855, -1.7009463, -0.91990209, 0.86784066, 5.2715849e-05, -8.0985849e-05],
  "goal_joints": [-1.6796347, -2.7018783, -0.26733246, 4.5403832, -4.712785, -0.10911244],
  "num_waypoints": 52,
  "trajectory": [
    [-0.45131855, -1.7009463, -0.91990209, 0.86784066, 5.2715849e-05, -8.0985849e-05],
    [-0.45262171, -1.7020082, -0.91920976, 0.87173698, -0.0049472842, -0.00019666081],
    [-0.45653119, -1.7051939, -0.91713277, 0.88342593, -0.019947284, -0.00054368567],
    [-0.46304699, -1.7105036, -0.91367111, 0.90290752, -0.044947284, -0.0011220605],
    [-0.47216911, -1.717937, -0.90882478, 0.93018174, -0.079947284, -0.0019317851],
    [-0.48389755, -1.7274943, -0.90259379, 0.9652486, -0.12494728, -0.0029728598],
    [-0.4982323, -1.7391754, -0.89497814, 1.0081081, -0.17994728, -0.0042452843],
    [-0.51517338, -1.7529804, -0.88597783, 1.0587602, -0.24494728, -0.0057490587],
    [-0.53472077, -1.7689092, -0.87559285, 1.117205, -0.31994727, -0.0074841827],
    [-0.55687449, -1.7869618, -0.86382321, 1.1834424, -0.40494725, -0.0094506566],
    [-0.58163452, -1.8071383, -0.8506689, 1.2574724, -0.49994724, -0.01164848],
    [-0.60900087, -1.8294387, -0.83612993, 1.339295, -0.60494721, -0.014077654],
    [-0.63897353, -1.8538628, -0.8202063, 1.4289103, -0.71994719, -0.016738177],
    [-0.67130746, -1.8802111, -0.8030282, 1.5255855, -0.84400689, -0.019608297],
    [-0.70405944, -1.9069001, -0.785628, 1.6235107, -0.9696706, -0.022515526],
    [-0.73681141, -1.9335891, -0.7682278, 1.7214358, -1.0953343, -0.025422755],
    [-0.76956339, -1.9602781, -0.7508276, 1.819361, -1.220998, -0.028329984],
    [-0.80231537, -1.9869671, -0.7334274, 1.9172861, -1.3466617, -0.031237212],
    [-0.83506735, -2.013656, -0.7160272, 2.0152113, -1.4723254, -0.034144441],
    [-0.86781932, -2.040345, -0.698627, 2.1131364, -1.5979891, -0.03705167],
    [-0.9005713, -2.067034, -0.6812268, 2.2110615, -1.7236528, -0.039958899],
    [-0.93332328, -2.093723, -0.6638266, 2.3089867, -1.8493165, -0.042866127],
    [-0.96607526, -2.120412, -0.6464264, 2.4069118, -1.9749802, -0.045773356],
    [-0.99882723, -2.1471009, -0.6290262, 2.504837, -2.100644, -0.048680585],
    [-1.0315792, -2.1737899, -0.611626, 2.6027621, -2.2263077, -0.051587814],
    [-1.0643312, -2.2004789, -0.5942258, 2.7006873, -2.3519714, -0.054495042],
    [-1.0970832, -2.2271679, -0.5768256, 2.7986124, -2.4776351, -0.057402271],
    [-1.1298351, -2.2538569, -0.5594254, 2.8965376, -2.6032988, -0.0603095],
    [-1.1625871, -2.2805458, -0.5420252, 2.9944627, -2.7289625, -0.063216729],
    [-1.1953391, -2.3072348, -0.524625, 3.0923878, -2.8546262, -0.066123957],
    [-1.2280911, -2.3339238, -0.5072248, 3.190313, -2.9802899, -0.069031186],
    [-1.2608431, -2.3606128, -0.4898246, 3.2882381, -3.1059536, -0.071938415],
    [-1.293595, -2.3873018, -0.4724244, 3.3861633, -3.2316173, -0.074845644],
    [-1.326347, -2.4139907, -0.4550242, 3.4840884, -3.357281, -0.077752872],
    [-1.359099, -2.4406797, -0.437624, 3.5820136, -3.4829447, -0.080660101],
    [-1.391851, -2.4673687, -0.4202238, 3.6799387, -3.6086084, -0.08356733],
    [-1.4246029, -2.4940577, -0.4028236, 3.7778639, -3.7342721, -0.086474558],
    [-1.4573549, -2.5207466, -0.3854234, 3.875789, -3.8599358, -0.089381787],
    [-1.4897857, -2.5471739, -0.36819382, 3.9727539, -3.9843673, -0.092260509],
    [-1.5199407, -2.5717467, -0.35217333, 4.0629143, -4.1000668, -0.094937214],
    [-1.5474894, -2.5941955, -0.33753752, 4.145282, -4.2057662, -0.09738257],
    [-1.5724317, -2.6145206, -0.32428636, 4.2198571, -4.3014656, -0.099596575],
    [-1.5947677, -2.6327218, -0.31241987, 4.2866395, -4.3871651, -0.10157923],
    [-1.6144974, -2.6487991, -0.30193804, 4.3456293, -4.4628645, -0.10333054],
    [-1.6316208, -2.6627527, -0.29284088, 4.3968265, -4.5285639, -0.10485049],
    [-1.6461378, -2.6745823, -0.28512838, 4.440231, -4.5842634, -0.1061391],
    [-1.6580485, -2.6842882, -0.27880054, 4.4758429, -4.6299628, -0.10719635],
    [-1.667353, -2.6918702, -0.27385737, 4.5036622, -4.6656622, -0.10802226],
    [-1.6740511, -2.6973283, -0.27029887, 4.5236888, -4.6913616, -0.10861682],
    [-1.6781428, -2.7006626, -0.26812502, 4.5359228, -4.7070611, -0.10898002],
    [-1.6796283, -2.7018731, -0.26733584, 4.5403642, -4.7127605, -0.10911188],
    [-1.6796347, -2.7018783, -0.26733246, 4.5403832, -4.712785, -0.10911244]
  ]
}
