{
  "iteration": 135,
  "label": "pre_pick",
  "planning_time_ms": 5009.8503,
  "scene": {
    "block_x": 0.15274525,
    "block_y": 0.48345735,
    "bin_x": 0.31501093,
    "bin_y": 0.30736458
  },
  "joint_names": ["shoulder_pan_joint", "shoulder_lift_joint", "elbow_joint", "wrist_1_joint", "wrist_2_joint", "wrist_3_joint"],
  "start_joints": [-0.45138976, -1.7007203, -0.92045232, 0.86858653, -6.4155925e-05, -0.00045342017],
  "goal_joints": [-1.6120066, -2.5036279, -0.66103061, 4.7363955, 1.571522, -0.040642893],
  "num_waypoints": 45,
  "trajectory": [
    [-0.45138976, -1.7007203, -0.92045232, 0.86858653, -6.4155925e-05, -0.00045342017],
    [-0.45289011, -1.7017582, -0.92011696, 0.87358653, 0.0019674674, -0.00050537397],
    [-0.45739118, -1.7048721, -0.91911088, 0.88858653, 0.0080623374, -0.00066123536],
    [-0.46489295, -1.7100617, -0.91743408, 0.91358653, 0.018220454, -0.00092100435],
    [-0.47539543, -1.7173273, -0.91508656, 0.94858653, 0.032441817, -0.0012846809],
    [-0.48889862, -1.7266687, -0.91206832, 0.99358653, 0.050726427, -0.0017522651],
    [-0.50540252, -1.738086, -0.90837936, 1.0485865, 0.073074284, -0.0023237569],
    [-0.52490712, -1.7515792, -0.90401968, 1.1135865, 0.099485387, -0.0029991563],
    [-0.54741244, -1.7671482, -0.89898928, 1.1885865, 0.12995973, -0.0037784632],
    [-0.57291846, -1.7847931, -0.89328816, 1.2735865, 0.16449733, -0.0046616776],
    [-0.60142519, -1.8045139, -0.88691632, 1.3685865, 0.20309816, -0.0056487996],
    [-0.63293262, -1.8263106, -0.87987376, 1.4735865, 0.24576224, -0.0067398291],
    [-0.66744077, -1.8501831, -0.87216048, 1.5885865, 0.29248957, -0.0079347662],
    [-0.70466747, -1.8759363, -0.86383955, 1.7126462, 0.34289809, -0.0092238409],
    [-0.74237549, -1.9020225, -0.85541103, 1.8383099, 0.39395835, -0.010529582],
    [-0.78008351, -1.9281086, -0.84698252, 1.9639736, 0.44501862, -0.011835324],
    [-0.81779153, -1.9541948, -0.838554, 2.0896373, 0.49607888, -0.013141065],
    [-0.85549955, -1.980281, -0.83012548, 2.215301, 0.54713914, -0.014446806],
    [-0.89320756, -2.0063672, -0.82169696, 2.3409647, 0.59819941, -0.015752548],
    [-0.93091558, -2.0324533, -0.81326845, 2.4666284, 0.64925967, -0.017058289],
    [-0.9686236, -2.0585395, -0.80483993, 2.5922921, 0.70031993, -0.01836403],
    [-1.0063316, -2.0846257, -0.79641141, 2.7179558, 0.7513802, -0.019669772],
    [-1.0440396, -2.1107119, -0.7879829, 2.8436195, 0.80244046, -0.020975513],
    [-1.0817477, -2.1367981, -0.77955438, 2.9692832, 0.85350072, -0.022281254],
    [-1.1194557, -2.1628842, -0.77112586, 3.0949469, 0.90456099, -0.023586996],
    [-1.1571637, -2.1889704, -0.76269734, 3.2206106, 0.95562125, -0.024892737],
    [-1.1948717, -2.2150566, -0.75426883, 3.3462743, 1.0066815, -0.026198478],
    [-1.2325797, -2.2411428, -0.74584031, 3.471938, 1.0577418, -0.02750422],
    [-1.2702877, -2.2672289, -0.73741179, 3.5976018, 1.108802, -0.028809961],
    [-1.3079958, -2.2933151, -0.72898328, 3.7232655, 1.1598623, -0.030115702],
    [-1.3457038, -2.3194013, -0.72055476, 3.8489292, 1.2109226, -0.031421444],
    [-1.3833386, -2.3454368, -0.71214261, 3.9743488, 1.2618836, -0.032724649],
    [-1.4188832, -2.3700264, -0.70419765, 4.092803, 1.3100145, -0.033955478],
    [-1.4514271, -2.3925401, -0.69692341, 4.2012571, 1.3540821, -0.035082399],
    [-1.4809704, -2.4129779, -0.6903199, 4.2997113, 1.3940865, -0.036105413],
    [-1.5075129, -2.4313399, -0.6843871, 4.3881655, 1.4300276, -0.037024519],
    [-1.5310547, -2.4476259, -0.67912502, 4.4666197, 1.4619054, -0.037839717],
    [-1.5515958, -2.4618361, -0.67453366, 4.5350738, 1.4897201, -0.038551008],
    [-1.5691362, -2.4739705, -0.67061302, 4.593528, 1.5134714, -0.039158391],
    [-1.5836759, -2.484029, -0.6673631, 4.6419822, 1.5331596, -0.039661867],
    [-1.5952149, -2.4920115, -0.6647839, 4.6804364, 1.5487844, -0.040061435],
    [-1.6037531, -2.4979183, -0.66287542, 4.7088905, 1.5603461, -0.040357096],
    [-1.6092907, -2.5017491, -0.66163766, 4.7273447, 1.5678445, -0.040548849],
    [-1.6118276, -2.5035041, -0.66107062, 4.7357989, 1.5712796, -0.040636694],
    [-1.6120066, -2.5036279, -0.66103061, 4.7363955, 1.571522, -0.040642893]
  ]
}
