{
  "iteration": 86,
  "label": "pre_pick",
  "planning_time_ms": 56.217238,
  "scene": {
    "block_x": 0.2434356,
    "block_y": 0.43310195,
    "bin_x": 0.41042209,
    "bin_y": 0.31490055
  },
  "joint_names": ["shoulder_pan_joint", "shoulder_lift_joint", "elbow_joint", "wrist_1_joint", "wrist_2_joint", "wrist_3_joint"],
  "start_joints": [-0.45128916, -1.700823, -0.92040119, 0.86852105, -1.1965684e-05, -0.0003108102],
  "goal_joints": [4.4683017, -2.4426365, -0.77626571, 4.7902758, 1.5706766, -0.24442334],
  "num_waypoints": 86,
  "trajectory": [
    [-0.45128916, -1.700823, -0.92040119, 0.86852105, -1.1965684e-05, -0.0003108102],
    [-0.44628916, -1.7015769, -0.92025469, 0.87250691, 0.0015843953, -0.00055891267],
    [-0.43128916, -1.7038388, -0.91981522, 0.88446447, 0.0063734782, -0.0013032201],
    [-0.40628916, -1.7076084, -0.91908276, 0.90439374, 0.014355283, -0.0025437324],
    [-0.37128916, -1.712886, -0.91805732, 0.93229473, 0.02552981, -0.0042804498],
    [-0.32628916, -1.7196715, -0.9167389, 0.96816742, 0.039897058, -0.006513372],
    [-0.27128916, -1.7279648, -0.9151275, 1.0120118, 0.057457029, -0.0092424992],
    [-0.20885839, -1.7373786, -0.91329838, 1.0617798, 0.077389439, -0.012340345],
    [-0.14602653, -1.7468528, -0.91145752, 1.1118675, 0.097449903, -0.015458093],
    [-0.08319468, -1.7563271, -0.90961666, 1.1619553, 0.11751037, -0.01857584],
    [-0.020362827, -1.7658014, -0.90777579, 1.212043, 0.13757083, -0.021693588],
    [0.042469026, -1.7752756, -0.90593493, 1.2621307, 0.15763129, -0.024811336],
    [0.10530088, -1.7847499, -0.90409406, 1.3122184, 0.17769176, -0.027929083],
    [0.16813273, -1.7942242, -0.9022532, 1.3623062, 0.19775222, -0.031046831],
    [0.23096459, -1.8036984, -0.90041233, 1.4123939, 0.21781268, -0.034164578],
    [0.29379644, -1.8131727, -0.89857147, 1.4624816, 0.23787315, -0.037282326],
    [0.35662829, -1.822647, -0.89673061, 1.5125693, 0.25793361, -0.040400074],
    [0.41946014, -1.8321212, -0.89488974, 1.5626571, 0.27799407, -0.043517821],
    [0.482292, -1.8415955, -0.89304888, 1.6127448, 0.29805454, -0.046635569],
    [0.54512385, -1.8510698, -0.89120801, 1.6628325, 0.318115, -0.049753316],
    [0.6079557, -1.860544, -0.88936715, 1.7129203, 0.33817546, -0.052871064],
    [0.67078756, -1.8700183, -0.88752628, 1.763008, 0.35823593, -0.055988812],
    [0.73361941, -1.8794926, -0.88568542, 1.8130957, 0.37829639, -0.059106559],
    [0.79645126, -1.8889668, -0.88384456, 1.8631834, 0.39835686, -0.062224307],
    [0.85928312, -1.8984411, -0.88200369, 1.9132712, 0.41841732, -0.065342055],
    [0.92211497, -1.9079154, -0.88016283, 1.9633589, 0.43847778, -0.068459802],
    [0.98494682, -1.9173897, -0.87832196, 2.0134466, 0.45853825, -0.07157755],
    [1.0477787, -1.9268639, -0.8764811, 2.0635343, 0.47859871, -0.074695297],
    [1.1106105, -1.9363382, -0.87464023, 2.1136221, 0.49865917, -0.077813045],
    [1.1734424, -1.9458125, -0.87279937, 2.1637098, 0.51871964, -0.080930793],
    [1.2362742, -1.9552867, -0.87095851, 2.2137975, 0.5387801, -0.08404854],
    [1.2991061, -1.964761, -0.86911764, 2.2638852, 0.55884056, -0.087166288],
    [1.3619379, -1.9742353, -0.86727678, 2.313973, 0.57890103, -0.090284035],
    [1.4247698, -1.9837095, -0.86543591, 2.3640607, 0.59896149, -0.093401783],
    [1.4876016, -1.9931838, -0.86359505, 2.4141484, 0.61902195, -0.096519531],
    [1.5504335, -2.0026581, -0.86175418, 2.4642361, 0.63908242, -0.099637278],
    [1.6132654, -2.0121323, -0.85991332, 2.5143239, 0.65914288, -0.10275503],
    [1.6760972, -2.0216066, -0.85807246, 2.5644116, 0.67920334, -0.10587277],
    [1.7389291, -2.0310809, -0.85623159, 2.6144993, 0.69926381, -0.10899052],
    [1.8017609, -2.0405551, -0.85439073, 2.664587, 0.71932427, -0.11210827],
    [1.8645928, -2.0500294, -0.85254986, 2.7146748, 0.73938473, -0.11522602],
    [1.9274246, -2.0595037, -0.850709, 2.7647625, 0.7594452, -0.11834376],
    [1.9902565, -2.0689779, -0.84886813, 2.8148502, 0.77950566, -0.12146151],
    [2.0530883, -2.0784522, -0.84702727, 2.8649379, 0.79956613, -0.12457926],
    [2.1159202, -2.0879265, -0.84518641, 2.9150257, 0.81962659, -0.12769701],
    [2.178752, -2.0974007, -0.84334554, 2.9651134, 0.83968705, -0.13081475],
    [2.2415839, -2.106875, -0.84150468, 3.0152011, 0.85974752, -0.1339325],
    [2.3044157, -2.1163493, -0.83966381, 3.0652888, 0.87980798, -0.13705025],
    [2.3672476, -2.1258235, -0.83782295, 3.1153766, 0.89986844, -0.140168],
    [2.4300794, -2.1352978, -0.83598208, 3.1654643, 0.91992891, -0.14328574],
    [2.4929113, -2.1447721, -0.83414122, 3.215552, 0.93998937, -0.14640349],
    [2.5557431, -2.1542463, -0.83230036, 3.2656398, 0.96004983, -0.14952124],
    [2.618575, -2.1637206, -0.83045949, 3.3157275, 0.9801103, -0.15263899],
    [2.6814069, -2.1731949, -0.82861863, 3.3658152, 1.0001708, -0.15575674],
    [2.7442387, -2.1826691, -0.82677776, 3.4159029, 1.0202312, -0.15887448],
    [2.8070706, -2.1921434, -0.8249369, 3.4659907, 1.0402917, -0.16199223],
    [2.8699024, -2.2016177, -0.82309603, 3.5160784, 1.0603522, -0.16510998],
    [2.9327343, -2.2110919, -0.82125517, 3.5661661, 1.0804126, -0.16822773],
    [2.9955661, -2.2205662, -0.81941431, 3.6162538, 1.1004731, -0.17134547],
    [3.058398, -2.2300405, -0.81757344, 3.6663416, 1.1205335, -0.17446322],
    [3.1212298, -2.2395147, -0.81573258, 3.7164293, 1.140594, -0.17758097],
    [3.1840617, -2.248989, -0.81389171, 3.766517, 1.1606545, -0.18069872],
    [3.2468935, -2.2584633, -0.81205085, 3.8166047, 1.1807149, -0.18381646],
    [3.3097254, -2.2679375, -0.81020998, 3.8666925, 1.2007754, -0.18693421],
    [3.3725572, -2.2774118, -0.80836912, 3.9167802, 1.2208359, -0.19005196],
    [3.4353891, -2.2868861, -0.80652826, 3.9668679, 1.2408963, -0.19316971],
    [3.4982209, -2.2963603, -0.80468739, 4.0169556, 1.2609568, -0.19628745],
    [3.5610528, -2.3058346, -0.80284653, 4.0670434, 1.2810172, -0.1994052],
    [3.6238847, -2.3153089, -0.80100566, 4.1171311, 1.3010777, -0.20252295],
    [3.6867165, -2.3247832, -0.7991648, 4.1672188, 1.3211382, -0.2056407],
    [3.7495484, -2.3342574, -0.79732393, 4.2173065, 1.3411986, -0.20875844],
    [3.8123802, -2.3437317, -0.79548307, 4.2673943, 1.3612591, -0.21187619],
    [3.8752121, -2.353206, -0.79364221, 4.317482, 1.3813196, -0.21499394],
    [3.9380439, -2.3626802, -0.79180134, 4.3675697, 1.40138, -0.21811169],
    [4.0008758, -2.3721545, -0.78996048, 4.4176574, 1.4214405, -0.22122944],
    [4.0637076, -2.3816288, -0.78811961, 4.4677452, 1.441501, -0.22434718],
    [4.1265395, -2.391103, -0.78627875, 4.5178329, 1.4615614, -0.22746493],
    [4.1893713, -2.4005773, -0.78443788, 4.5679206, 1.4816219, -0.23058268],
    [4.2522032, -2.4100516, -0.78259702, 4.6180084, 1.5016823, -0.23370043],
    [4.3125691, -2.419154, -0.7808284, 4.6661303, 1.5209555, -0.23669581],
    [4.3633781, -2.4268154, -0.77933979, 4.7066338, 1.5371774, -0.23921698],
    [4.4041872, -2.4329689, -0.77814415, 4.7391656, 1.5502066, -0.24124195],
    [4.4349963, -2.4376145, -0.7772415, 4.7637257, 1.5600431, -0.24277071],
    [4.4558053, -2.4407522, -0.77663183, 4.7803141, 1.5666868, -0.24380326],
    [4.4666144, -2.4423821, -0.77631514, 4.7889307, 1.5701379, -0.24433962],
    [4.4683017, -2.4426365, -0.77626571, 4.7902758, 1.5706766, -0.24442334]
  ]
}
