{
  "iteration": 17,
  "label": "pre_pick",
  "planning_time_ms": 80.587839,
  "scene": {
    "block_x": 0.20278118,
    "block_y": 0.39362593,
    "bin_x": 0.39222635,
    "bin_y": 0.34106323
  },
  "joint_names": ["shoulder_pan_joint", "shoulder_lift_joint", "elbow_joint", "wrist_1_joint", "wrist_2_joint", "wrist_3_joint"],
  "start_joints": [-0.45122505, -1.700882, -0.92011525, 0.86816032, -9.9020251e-05, -0.00024788739],
  "goal_joints": [-1.7459468, -2.1693459, -1.2622704, 5.0024, -4.7121146, -0.17536298],
  "num_waypoints": 52,
  "trajectory": [
    [-0.45122505, -1.700882, -0.92011525, 0.86816032, -9.9020251e-05, -0.00024788739],
    [-0.4525989, -1.7013791, -0.92047831, 0.87254723, -0.0050990203, -0.00043370499],
    [-0.45672045, -1.7028703, -0.92156751, 0.88570797, -0.02009902, -0.00099115779],
    [-0.46358971, -1.7053558, -0.92338285, 0.90764253, -0.04509902, -0.0019202458],
    [-0.47320667, -1.7088355, -0.92592431, 0.93835091, -0.08009902, -0.003220969],
    [-0.48557133, -1.7133093, -0.92919191, 0.97783312, -0.12509902, -0.0048933274],
    [-0.5006837, -1.7187774, -0.93318565, 1.0260892, -0.18009902, -0.006937321],
    [-0.51854376, -1.7252396, -0.93790551, 1.083119, -0.24509902, -0.0093529499],
    [-0.53915153, -1.732696, -0.94335151, 1.1489227, -0.32009901, -0.012140213],
    [-0.562507, -1.7411467, -0.94952365, 1.2235002, -0.40509899, -0.015299112],
    [-0.58861017, -1.7505915, -0.95642191, 1.3068515, -0.50009897, -0.018829646],
    [-0.61746104, -1.7610305, -0.96404631, 1.3989766, -0.60509895, -0.022731815],
    [-0.64905961, -1.7724636, -0.97239684, 1.4998756, -0.72009892, -0.027005618],
    [-0.68314753, -1.7847975, -0.98140523, 1.6087234, -0.84415862, -0.031616113],
    [-0.71767618, -1.7972909, -0.99053009, 1.7189785, -0.96982232, -0.036286219],
    [-0.75220483, -1.8097843, -0.99965495, 1.8292336, -1.095486, -0.040956325],
    [-0.78673348, -1.8222776, -1.0087798, 1.9394888, -1.2211497, -0.04562643],
    [-0.82126213, -1.834771, -1.0179047, 2.0497439, -1.3468134, -0.050296536],
    [-0.85579078, -1.8472643, -1.0270295, 2.159999, -1.4724771, -0.054966642],
    [-0.89031943, -1.8597577, -1.0361544, 2.2702541, -1.5981409, -0.059636748],
    [-0.92484808, -1.8722511, -1.0452793, 2.3805093, -1.7238046, -0.064306853],
    [-0.95937673, -1.8847444, -1.0544041, 2.4907644, -1.8494683, -0.068976959],
    [-0.99390538, -1.8972378, -1.063529, 2.6010195, -1.975132, -0.073647065],
    [-1.028434, -1.9097311, -1.0726538, 2.7112746, -2.1007957, -0.07831717],
    [-1.0629627, -1.9222245, -1.0817787, 2.8215298, -2.2264594, -0.082987276],
    [-1.0974913, -1.9347179, -1.0909036, 2.9317849, -2.3521231, -0.087657382],
    [-1.13202, -1.9472112, -1.1000284, 3.04204, -2.4777868, -0.092327487],
    [-1.1665486, -1.9597046, -1.1091533, 3.1522951, -2.6034505, -0.096997593],
    [-1.2010773, -1.9721979, -1.1182782, 3.2625503, -2.7291142, -0.1016677],
    [-1.2356059, -1.9846913, -1.127403, 3.3728054, -2.8547779, -0.1063378],
    [-1.2701346, -1.9971847, -1.1365279, 3.4830605, -2.9804416, -0.11100791],
    [-1.3046632, -2.009678, -1.1456527, 3.5933156, -3.1061053, -0.11567802],
    [-1.3391919, -2.0221714, -1.1547776, 3.7035708, -3.231769, -0.12034812],
    [-1.3737205, -2.0346647, -1.1639025, 3.8138259, -3.3574327, -0.12501823],
    [-1.4082492, -2.0471581, -1.1730273, 3.924081, -3.4830964, -0.12968833],
    [-1.4427778, -2.0596515, -1.1821522, 4.0343362, -3.6087602, -0.13435844],
    [-1.4773065, -2.0721448, -1.191277, 4.1445913, -3.7344239, -0.13902854],
    [-1.5118351, -2.0846382, -1.2004019, 4.2548464, -3.8600876, -0.14369865],
    [-1.5460162, -2.0970058, -1.2094349, 4.3639917, -3.9844864, -0.14832175],
    [-1.577789, -2.108502, -1.2178315, 4.465447, -4.1001204, -0.15261911],
    [-1.6068141, -2.119004, -1.2255019, 4.5581284, -4.2057544, -0.15654485],
    [-1.6330915, -2.1285119, -1.2324462, 4.642036, -4.3013884, -0.16009894],
    [-1.6566212, -2.1370255, -1.2386644, 4.7171698, -4.3870224, -0.1632814],
    [-1.6774031, -2.144545, -1.2441564, 4.7835297, -4.4626564, -0.16609223],
    [-1.6954374, -2.1510703, -1.2489223, 4.8411159, -4.5282905, -0.16853142],
    [-1.710724, -2.1566013, -1.2529621, 4.8899282, -4.5839245, -0.17059898],
    [-1.7232629, -2.1611382, -1.2562758, 4.9299667, -4.6295585, -0.1722949],
    [-1.733054, -2.1646809, -1.2588633, 4.9612313, -4.6651925, -0.17361918],
    [-1.7400975, -2.1672294, -1.2607246, 4.9837221, -4.6908265, -0.17457183],
    [-1.7443933, -2.1687837, -1.2618599, 4.9974392, -4.7064605, -0.17515285],
    [-1.7459413, -2.1693439, -1.262269, 5.0023823, -4.7120945, -0.17536223],
    [-1.7459468, -2.1693459, -1.2622704, 5.0024, -4.7121146, -0.17536298]
  ]
}
