{
  "iteration": 269,
  "label": "pre_pick",
  "planning_time_ms": 51.082437,
  "scene": {
    "block_x": 0.16256252,
    "block_y": 0.4810443,
    "bin_x": 0.34358688,
    "bin_y": 0.31456108
  },
  "joint_names": ["shoulder_pan_joint", "shoulder_lift_joint", "elbow_joint", "wrist_1_joint", "wrist_2_joint", "wrist_3_joint"],
  "start_joints": [-0.4513624, -1.7008093, -0.9200975, 0.86815254, 4.6890143e-05, -0.00021544554],
  "goal_joints": [-1.6329456, -2.5028639, -0.66200267, -1.5469854, 1.5713678, -0.061473292],
  "num_waypoints": 33,
  "trajectory": [
    [-0.4513624, -1.7008093, -0.9200975, 0.86815254, 4.6890143e-05, -0.00021544554],
    [-0.4538086, -1.7024697, -0.91956317, 0.86315254, 0.0032999567, -0.00034226613],
    [-0.46114721, -1.7074512, -0.91796019, 0.84815254, 0.013059156, -0.00072272792],
    [-0.47337822, -1.7157535, -0.91528856, 0.82315254, 0.029324489, -0.0013568309],
    [-0.49050164, -1.7273768, -0.91154826, 0.78815254, 0.052095956, -0.0022445751],
    [-0.51251746, -1.7423211, -0.90673932, 0.74315254, 0.081373555, -0.0033859604],
    [-0.53942568, -1.7605863, -0.90086172, 0.68815254, 0.11715729, -0.004780987],
    [-0.57122631, -1.7821725, -0.89391546, 0.62315254, 0.15944715, -0.0064296546],
    [-0.60791934, -1.8070796, -0.88590056, 0.54815256, 0.20824314, -0.0083319631],
    [-0.64950477, -1.8353076, -0.87681699, 0.46315258, 0.26354526, -0.010487913],
    [-0.6959826, -1.8668566, -0.86666478, 0.3681526, 0.32535351, -0.012897503],
    [-0.74735284, -1.9017266, -0.85544391, 0.26315263, 0.39366788, -0.015560735],
    [-0.80361548, -1.9399175, -0.84315438, 0.14815267, 0.46848839, -0.018477608],
    [-0.86431053, -1.981117, -0.82989668, 0.024092917, 0.54920332, -0.021624274],
    [-0.9257903, -2.0228493, -0.81646757, -0.10157079, 0.6309618, -0.024811624],
    [-0.98727007, -2.0645816, -0.80303846, -0.2272345, 0.71272028, -0.027998973],
    [-1.0487498, -2.1063138, -0.78960935, -0.3528982, 0.79447876, -0.031186322],
    [-1.1102296, -2.1480461, -0.77618024, -0.47856191, 0.87623724, -0.034373671],
    [-1.1717094, -2.1897783, -0.76275113, -0.60422561, 0.95799572, -0.03756102],
    [-1.2331892, -2.2315106, -0.74932202, -0.72988932, 1.0397542, -0.04074837],
    [-1.2931771, -2.2722302, -0.73621878, -0.85250368, 1.1195287, -0.043858375],
    [-1.34839, -2.3097085, -0.72415855, -0.96535797, 1.1929532, -0.046720825],
    [-1.3987104, -2.3438659, -0.71316698, -1.0682123, 1.2598716, -0.049329633],
    [-1.4441385, -2.3747023, -0.70324406, -1.1610666, 1.3202839, -0.0516848],
    [-1.4846742, -2.4022178, -0.6943898, -1.2439208, 1.37419, -0.053786327],
    [-1.5203175, -2.4264123, -0.68660419, -1.3167751, 1.4215899, -0.055634211],
    [-1.5510683, -2.4472859, -0.67988724, -1.3796294, 1.4624838, -0.057228455],
    [-1.5769268, -2.4648385, -0.67423894, -1.4324837, 1.4968715, -0.058569058],
    [-1.5978928, -2.4790702, -0.6696593, -1.475338, 1.5247531, -0.059656019],
    [-1.6139665, -2.489981, -0.66614831, -1.5081923, 1.5461285, -0.060489339],
    [-1.6251477, -2.4975708, -0.66370597, -1.5310466, 1.5609978, -0.061069018],
    [-1.6314366, -2.5018396, -0.66233229, -1.5439009, 1.569361, -0.061395056],
    [-1.6329456, -2.5028639, -0.66200267, -1.5469854, 1.5713678, -0.061473292]
  ]
}
