{
  "iteration": 175,
  "label": "pre_pick",
  "planning_time_ms": 62.566832,
  "scene": {
    "block_x": 0.24524101,
    "block_y": 0.41253715,
    "bin_x": 0.3154608,
    "bin_y": 0.27444939
  },
  "joint_names": ["shoulder_pan_joint", "shoulder_lift_joint", "elbow_joint", "wrist_1_joint", "wrist_2_joint", "wrist_3_joint"],
  "start_joints": [-0.45136463, -1.7007895, -0.92010784, 0.86824309, -1.7651243e-05, -0.0002422068],
  "goal_joints": [-1.8312211, -2.3401384, -0.96493993, -1.40738, -4.7130563, -0.25972855],
  "num_waypoints": 54,
  "trajectory": [
    [-0.45136463, -1.7007895, -0.92010784, 0.86824309, -1.7651243e-05, -0.0002422068],
    [-0.45363286, -1.7009588, -0.91942844, 0.86518187, -0.0050176512, -0.00051642192],
    [-0.46043757, -1.7014666, -0.91739021, 0.85599823, -0.020017651, -0.0013390673],
    [-0.47177874, -1.702313, -0.91399317, 0.84069216, -0.045017651, -0.0027101429],
    [-0.48765638, -1.7034979, -0.90923731, 0.81926366, -0.080017651, -0.0046296487],
    [-0.5080705, -1.7050213, -0.90312264, 0.79171273, -0.12501765, -0.0070975848],
    [-0.53302108, -1.7068833, -0.89564915, 0.75803937, -0.18001765, -0.010113951],
    [-0.56250813, -1.7090838, -0.88681684, 0.71824358, -0.24501765, -0.013678748],
    [-0.59653165, -1.7116229, -0.87662572, 0.67232537, -0.32001764, -0.017791974],
    [-0.63509163, -1.7145005, -0.86507578, 0.62028473, -0.40501762, -0.02245363],
    [-0.67818809, -1.7177167, -0.85216703, 0.56212167, -0.50001761, -0.027663717],
    [-0.72582101, -1.7212714, -0.83789946, 0.49783618, -0.60501759, -0.033422233],
    [-0.7779904, -1.7251647, -0.82227307, 0.42742826, -0.72001756, -0.039729179],
    [-0.8342697, -1.7293646, -0.80541564, 0.3514736, -0.84407725, -0.046532988],
    [-0.89127666, -1.7336189, -0.78834025, 0.27453689, -0.96974096, -0.053424766],
    [-0.94828361, -1.7378732, -0.77126486, 0.19760018, -1.0954047, -0.060316543],
    [-1.0052906, -1.7421274, -0.75418946, 0.12066347, -1.2210684, -0.067208321],
    [-1.0622975, -1.7463817, -0.73711407, 0.043726758, -1.3467321, -0.074100099],
    [-1.1193045, -1.750636, -0.72003868, -0.033209952, -1.4723958, -0.080991877],
    [-1.1763114, -1.7548902, -0.70296329, -0.11014666, -1.5980595, -0.087883654],
    [-1.2333184, -1.7591445, -0.6858879, -0.18708337, -1.7237232, -0.094775432],
    [-1.2903254, -1.7633988, -0.66881251, -0.26402008, -1.8493869, -0.10166721],
    [-1.3473323, -1.767653, -0.65173712, -0.34095679, -1.9750506, -0.10855899],
    [-1.4043393, -1.7719073, -0.63466173, -0.4178935, -2.1007143, -0.11545077],
    [-1.4613462, -1.7761616, -0.61758634, -0.49483021, -2.226378, -0.12234254],
    [-1.5179408, -1.7803851, -0.60063446, -0.57121038, -2.3511327, -0.12918447],
    [-1.5707453, -1.7843257, -0.58481786, -0.64247537, -2.4675326, -0.13556819],
    [-1.6190132, -1.7879278, -0.57036007, -0.70761793, -2.5739324, -0.14140348],
    [-1.6627447, -1.7911914, -0.5572611, -0.76663806, -2.6703323, -0.14669034],
    [-1.7019398, -1.7941164, -0.54552094, -0.81953576, -2.7567322, -0.15142877],
    [-1.7357458, -1.7982969, -0.53681084, -0.86643793, -2.8364179, -0.15580209],
    [-1.7604916, -1.8095717, -0.53745169, -0.90710088, -2.9203446, -0.16042262],
    [-1.7752628, -1.8278358, -0.54768595, -0.9402621, -3.0063816, -0.16517344],
    [-1.7804791, -1.8523835, -0.56675836, -0.96592007, -3.0931577, -0.16997795],
    [-1.7834353, -1.8807999, -0.58995626, -0.99163935, -3.1875323, -0.17520678],
    [-1.7867047, -1.9122273, -0.61561222, -1.0200839, -3.291907, -0.18098967],
    [-1.7902874, -1.9466658, -0.64372625, -1.0512536, -3.4062816, -0.1873266],
    [-1.7941618, -1.9839079, -0.67412906, -1.0849609, -3.5299676, -0.19417943],
    [-1.7980981, -2.0217455, -0.70501801, -1.1192072, -3.6556313, -0.20114184],
    [-1.8020344, -2.0595831, -0.73590696, -1.1534534, -3.781295, -0.20810425],
    [-1.8059707, -2.0974207, -0.76679592, -1.1876997, -3.9069587, -0.21506666],
    [-1.8097889, -2.1341228, -0.7967579, -1.2209183, -4.0288513, -0.22182012],
    [-1.8132966, -2.16784, -0.82428307, -1.2514351, -4.1408303, -0.22802433],
    [-1.816491, -2.1985461, -0.84935019, -1.2792268, -4.2428094, -0.23367449],
    [-1.8193722, -2.2262412, -0.87195924, -1.3042932, -4.3347885, -0.23877059],
    [-1.8219401, -2.2509253, -0.89211022, -1.3266344, -4.4167675, -0.24331265],
    [-1.8241948, -2.2725983, -0.90980314, -1.3462504, -4.4887466, -0.24730066],
    [-1.8261362, -2.2912603, -0.92503799, -1.3631411, -4.5507256, -0.25073461],
    [-1.8277644, -2.3069113, -0.93781478, -1.3773066, -4.6027047, -0.25361451],
    [-1.8290794, -2.3195513, -0.94813351, -1.3887469, -4.6446838, -0.25594037],
    [-1.8300811, -2.3291803, -0.95599417, -1.3974619, -4.6766628, -0.25771217],
    [-1.8307696, -2.3357982, -0.96139677, -1.4034517, -4.6986419, -0.25892992],
    [-1.8311448, -2.3394052, -0.9643413, -1.4067163, -4.710621, -0.25959362],
    [-1.8312211, -2.3401384, -0.96493993, -1.40738, -4.7130563, -0.25972855]
  ]
}
