{
  "iteration": 328,
  "label": "pre_pick",
  "planning_time_ms": 5007.4201,
  "scene": {
    "block_x": 0.1934168,
    "block_y": 0.3632207,
    "bin_x": 0.33240101,
    "bin_y": 0.39199163
  },
  "joint_names": ["shoulder_pan_joint", "shoulder_lift_joint", "elbow_joint", "wrist_1_joint", "wrist_2_joint", "wrist_3_joint"],
  "start_joints": [-0.45134707, -1.7007944, -0.92052358, 0.86879927, -2.561911e-05, -0.00038039694],
  "goal_joints": [-1.7341983, -3.3937653, 1.482737, -2.8016711, 1.5698023, -0.16300008],
  "num_waypoints": 49,
  "trajectory": [
    [-0.45134707, -1.7007944, -0.92052358, 0.86879927, -2.561911e-05, -0.00038039694],
    [-0.4530946, -1.7031006, -0.91724981, 0.86379927, 0.002112837, -0.00060192125],
    [-0.45833719, -1.7100192, -0.90742847, 0.84879927, 0.0085282052, -0.0012664942],
    [-0.46707484, -1.7215502, -0.89105959, 0.82379927, 0.019220486, -0.0023741157],
    [-0.47930755, -1.7376937, -0.86814314, 0.78879927, 0.034189678, -0.0039247859],
    [-0.49503532, -1.7584495, -0.83867915, 0.74379927, 0.053435783, -0.0059185046],
    [-0.51425814, -1.7838178, -0.8026676, 0.68879927, 0.0769588, -0.008355272],
    [-0.53697603, -1.8137984, -0.7601085, 0.62379929, 0.10475872, -0.011235087],
    [-0.56318897, -1.8483915, -0.71100185, 0.5487993, 0.13683556, -0.014557951],
    [-0.59289697, -1.8875969, -0.65534764, 0.46379932, 0.1731893, -0.018323864],
    [-0.62581509, -1.9310388, -0.59367969, 0.36961461, 0.21347128, -0.022496704],
    [-0.65935449, -1.9753005, -0.53084783, 0.2736523, 0.25451352, -0.026748301],
    [-0.69289389, -2.0195622, -0.46801598, 0.17768998, 0.29555575, -0.030999899],
    [-0.72643329, -2.063824, -0.40518413, 0.081727664, 0.33659799, -0.035251496],
    [-0.75997269, -2.1080857, -0.34235227, -0.014234652, 0.37764023, -0.039503093],
    [-0.79351209, -2.1523475, -0.27952042, -0.11019697, 0.41868247, -0.04375469],
    [-0.8270515, -2.1966092, -0.21668857, -0.20615928, 0.45972471, -0.048006287],
    [-0.8605909, -2.2408709, -0.15385671, -0.3021216, 0.50076695, -0.052257884],
    [-0.8941303, -2.2851327, -0.09102486, -0.39808392, 0.54180919, -0.056509481],
    [-0.9276697, -2.3293944, -0.028193007, -0.49404623, 0.58285143, -0.060761078],
    [-0.9612091, -2.3736562, 0.034638846, -0.59000855, 0.62389367, -0.065012675],
    [-0.9947485, -2.4179179, 0.097470699, -0.68597086, 0.66493591, -0.069264273],
    [-1.0282879, -2.4621796, 0.16030255, -0.78193318, 0.70597815, -0.07351587],
    [-1.0618273, -2.5064414, 0.2231344, -0.8778955, 0.74702039, -0.077767467],
    [-1.0953667, -2.5507031, 0.28596626, -0.97385781, 0.78806263, -0.082019064],
    [-1.1289061, -2.5949649, 0.34879811, -1.0698201, 0.82910487, -0.086270661],
    [-1.1624455, -2.6392266, 0.41162996, -1.1657824, 0.87014711, -0.090522258],
    [-1.1959849, -2.6834883, 0.47446182, -1.2617448, 0.91118935, -0.094773855],
    [-1.2295243, -2.7277501, 0.53729367, -1.3577071, 0.95223159, -0.099025452],
    [-1.2630637, -2.7720118, 0.60012552, -1.4536694, 0.99327383, -0.10327705],
    [-1.2966031, -2.8162736, 0.66295738, -1.5496317, 1.0343161, -0.10752865],
    [-1.3301425, -2.8605353, 0.72578923, -1.645594, 1.0753583, -0.11178024],
    [-1.3636819, -2.904797, 0.78862108, -1.7415563, 1.1164005, -0.11603184],
    [-1.3972213, -2.9490588, 0.85145294, -1.8375187, 1.1574428, -0.12028344],
    [-1.4307607, -2.9933205, 0.91428479, -1.933481, 1.198485, -0.12453503],
    [-1.4643001, -3.0375823, 0.97711664, -2.0294433, 1.2395273, -0.12878663],
    [-1.4978395, -3.081844, 1.0399485, -2.1254056, 1.2805695, -0.13303823],
    [-1.5313789, -3.1261057, 1.1027803, -2.2213679, 1.3216117, -0.13728983],
    [-1.5649183, -3.1703675, 1.1656122, -2.3173302, 1.362654, -0.14154142],
    [-1.5974723, -3.2133288, 1.226598, -2.4104732, 1.4024904, -0.14566811],
    [-1.6266397, -3.2518208, 1.2812394, -2.4939263, 1.4381826, -0.14936549],
    [-1.652312, -3.2857004, 1.3293333, -2.5673794, 1.4695978, -0.15261982],
    [-1.6744893, -3.3149676, 1.3708796, -2.6308326, 1.4967362, -0.1554311],
    [-1.6931715, -3.3396224, 1.4058783, -2.6842857, 1.5195976, -0.15779934],
    [-1.7083586, -3.3596647, 1.4343295, -2.7277389, 1.5381821, -0.15972452],
    [-1.7200507, -3.3750947, 1.4562331, -2.761192, 1.5524898, -0.16120666],
    [-1.7282477, -3.3859122, 1.4715892, -2.7846451, 1.5625205, -0.16224575],
    [-1.7329496, -3.3921174, 1.4803977, -2.7980983, 1.5682743, -0.16284179],
    [-1.7341983, -3.3937653, 1.482737, -2.8016711, 1.5698023, -0.16300008]
  ]
}
