{
  "iteration": 455,
  "label": "pre_pick",
  "planning_time_ms": 5020.0078,
  "scene": {
    "block_x": 0.13449157,
    "block_y": 0.39093371,
    "bin_x": 0.36528401,
    "bin_y": 0.30685241
  },
  "joint_names": ["shoulder_pan_joint", "shoulder_lift_joint", "elbow_joint", "wrist_1_joint", "wrist_2_joint", "wrist_3_joint"],
  "start_joints": [-0.45137153, -1.7009229, -0.92001503, 0.86777139, -3.618474e-05, 3.146268e-05],
  "goal_joints": [-5.3607613, -1.0979348, 1.4649472, 4.3457613, -1.5715848, -0.6477286],
  "num_waypoints": 86,
  "trajectory": [
    [-0.45137153, -1.7009229, -0.92001503, 0.86777139, -3.618474e-05, 3.146268e-05],
    [-0.45637153, -1.7003088, -0.91758605, 0.87131358, -0.0016367387, -0.00062825278],
    [-0.47137153, -1.6984664, -0.91029911, 0.88194012, -0.0064384007, -0.0026073992],
    [-0.49637153, -1.6953958, -0.89815421, 0.89965103, -0.014441171, -0.0059059764],
    [-0.53137153, -1.691097, -0.88115135, 0.9244463, -0.025645048, -0.010523985],
    [-0.57637153, -1.68557, -0.85929052, 0.95632593, -0.040050034, -0.016461424],
    [-0.63137153, -1.6788147, -0.83257174, 0.99528993, -0.057656128, -0.023718294],
    [-0.6938023, -1.6711467, -0.80224311, 1.0395182, -0.077640893, -0.031955603],
    [-0.75663416, -1.6634295, -0.77171964, 1.0840305, -0.097754048, -0.040245832],
    [-0.81946601, -1.6557123, -0.74119618, 1.1285429, -0.1178672, -0.048536061],
    [-0.88229786, -1.647995, -0.71067271, 1.1730553, -0.13798036, -0.05682629],
    [-0.94512972, -1.6402778, -0.68014924, 1.2175676, -0.15809351, -0.065116519],
    [-1.0079616, -1.6325606, -0.64962577, 1.26208, -0.17820667, -0.073406748],
    [-1.0707934, -1.6248434, -0.61910231, 1.3065924, -0.19831982, -0.081696977],
    [-1.1336253, -1.6171261, -0.58857884, 1.3511047, -0.21843297, -0.089987206],
    [-1.1964571, -1.6094089, -0.55805537, 1.3956171, -0.23854613, -0.098277435],
    [-1.259289, -1.6016917, -0.5275319, 1.4401295, -0.25865928, -0.10656766],
    [-1.3221208, -1.5939745, -0.49700843, 1.4846418, -0.27877244, -0.11485789],
    [-1.3849527, -1.5862572, -0.46648497, 1.5291542, -0.29888559, -0.12314812],
    [-1.4477845, -1.57854, -0.4359615, 1.5736665, -0.31899875, -0.13143835],
    [-1.5106164, -1.5708228, -0.40543803, 1.6181789, -0.3391119, -0.13972858],
    [-1.5734482, -1.5631056, -0.37491456, 1.6626913, -0.35922506, -0.14801881],
    [-1.6362801, -1.5553883, -0.3443911, 1.7072036, -0.37933821, -0.15630904],
    [-1.699112, -1.5476711, -0.31386763, 1.751716, -0.39945137, -0.16459927],
    [-1.7619438, -1.5399539, -0.28334416, 1.7962284, -0.41956452, -0.1728895],
    [-1.8247757, -1.5322367, -0.25282069, 1.8407407, -0.43967767, -0.18117972],
    [-1.8876075, -1.5245194, -0.22229722, 1.8852531, -0.45979083, -0.18946995],
    [-1.9504394, -1.5168022, -0.19177376, 1.9297655, -0.47990398, -0.19776018],
    [-2.0132712, -1.509085, -0.16125029, 1.9742778, -0.50001714, -0.20605041],
    [-2.0761031, -1.5013678, -0.13072682, 2.0187902, -0.52013029, -0.21434064],
    [-2.1389349, -1.4936505, -0.10020335, 2.0633026, -0.54024345, -0.22263087],
    [-2.2017668, -1.4859333, -0.069679886, 2.1078149, -0.5603566, -0.2309211],
    [-2.2645986, -1.4782161, -0.039156418, 2.1523273, -0.58046976, -0.23921133],
    [-2.3274305, -1.4704989, -0.00863295, 2.1968397, -0.60058291, -0.24750156],
    [-2.3902623, -1.4627816, 0.021890518, 2.241352, -0.62069606, -0.25579178],
    [-2.4530942, -1.4550644, 0.052413986, 2.2858644, -0.64080922, -0.26408201],
    [-2.515926, -1.4473472, 0.082937453, 2.3303768, -0.66092237, -0.27237224],
    [-2.5787579, -1.43963, 0.11346092, 2.3748891, -0.68103553, -0.28066247],
    [-2.6415897, -1.4319127, 0.14398439, 2.4194015, -0.70114868, -0.2889527],
    [-2.7044216, -1.4241955, 0.17450786, 2.4639139, -0.72126184, -0.29724293],
    [-2.7672535, -1.4164783, 0.20503132, 2.5084262, -0.74137499, -0.30553316],
    [-2.8300853, -1.4087611, 0.23555479, 2.5529386, -0.76148815, -0.31382339],
    [-2.8929172, -1.4010438, 0.26607826, 2.597451, -0.7816013, -0.32211362],
    [-2.955749, -1.3933266, 0.29660173, 2.6419633, -0.80171446, -0.33040385],
    [-3.0185809, -1.3856094, 0.3271252, 2.6864757, -0.82182761, -0.33869407],
    [-3.0814127, -1.3778922, 0.35764866, 2.7309881, -0.84194076, -0.3469843],
    [-3.1442446, -1.370175, 0.38817213, 2.7755004, -0.86205392, -0.35527453],
    [-3.2070764, -1.3624577, 0.4186956, 2.8200128, -0.88216707, -0.36356476],
    [-3.2699083, -1.3547405, 0.44921907, 2.8645252, -0.90228023, -0.37185499],
    [-3.3327401, -1.3470233, 0.47974253, 2.9090375, -0.92239338, -0.38014522],
    [-3.395572, -1.3393061, 0.510266, 2.9535499, -0.94250654, -0.38843545],
    [-3.4584038, -1.3315888, 0.54078947, 2.9980623, -0.96261969, -0.39672568],
    [-3.5212357, -1.3238716, 0.57131294, 3.0425746, -0.98273285, -0.40501591],
    [-3.5840675, -1.3161544, 0.60183641, 3.087087, -1.002846, -0.41330613],
    [-3.6468994, -1.3084372, 0.63235987, 3.1315994, -1.0229592, -0.42159636],
    [-3.7097313, -1.3007199, 0.66288334, 3.1761117, -1.0430723, -0.42988659],
    [-3.7725631, -1.2930027, 0.69340681, 3.2206241, -1.0631855, -0.43817682],
    [-3.835395, -1.2852855, 0.72393028, 3.2651365, -1.0832986, -0.44646705],
    [-3.8982268, -1.2775683, 0.75445374, 3.3096488, -1.1034118, -0.45475728],
    [-3.9610587, -1.269851, 0.78497721, 3.3541612, -1.1235249, -0.46304751],
    [-4.0238905, -1.2621338, 0.81550068, 3.3986736, -1.1436381, -0.47133774],
    [-4.0867224, -1.2544166, 0.84602415, 3.4431859, -1.1637512, -0.47962797],
    [-4.1495542, -1.2466994, 0.87654762, 3.4876983, -1.1838644, -0.4879182],
    [-4.2123861, -1.2389821, 0.90707108, 3.5322107, -1.2039775, -0.49620842],
    [-4.2752179, -1.2312649, 0.93759455, 3.576723, -1.2240907, -0.50449865],
    [-4.3380498, -1.2235477, 0.96811802, 3.6212354, -1.2442039, -0.51278888],
    [-4.4008816, -1.2158305, 0.99864149, 3.6657477, -1.264317, -0.52107911],
    [-4.4637135, -1.2081132, 1.029165, 3.7102601, -1.2844302, -0.52936934],
    [-4.5265453, -1.200396, 1.0596884, 3.7547725, -1.3045433, -0.53765957],
    [-4.5893772, -1.1926788, 1.0902119, 3.7992848, -1.3246565, -0.5459498],
    [-4.652209, -1.1849616, 1.1207354, 3.8437972, -1.3447696, -0.55424003],
    [-4.7150409, -1.1772443, 1.1512588, 3.8883096, -1.3648828, -0.56253026],
    [-4.7778728, -1.1695271, 1.1817823, 3.9328219, -1.3849959, -0.57082049],
    [-4.8407046, -1.1618099, 1.2123058, 3.9773343, -1.4051091, -0.57911071],
    [-4.9035365, -1.1540927, 1.2428292, 4.0218467, -1.4252222, -0.58740094],
    [-4.9663683, -1.1463754, 1.2733527, 4.066359, -1.4453354, -0.59569117],
    [-5.0292002, -1.1386582, 1.3038762, 4.1108714, -1.4654486, -0.6039814],
    [-5.092032, -1.130941, 1.3343996, 4.1553838, -1.4855617, -0.61227163],
    [-5.1548639, -1.1232238, 1.3649231, 4.1998961, -1.5056749, -0.62056186],
    [-5.2139578, -1.1159657, 1.3936307, 4.2417604, -1.5245915, -0.62835889],
    [-5.2631433, -1.1099245, 1.4175248, 4.2766052, -1.5403363, -0.63484858],
    [-5.3023288, -1.1051116, 1.436561, 4.3043656, -1.55288, -0.64001884],
    [-5.3315143, -1.101527, 1.4507392, 4.3250417, -1.5622226, -0.64386966],
    [-5.3506998, -1.0991705, 1.4600594, 4.3386334, -1.5683641, -0.64640106],
    [-5.3598853, -1.0980423, 1.4645217, 4.3451408, -1.5713044, -0.64761302],
    [-5.3607613, -1.0979348, 1.4649472, 4.3457613, -1.5715848, -0.6477286]
  ]
}
