{
  "iteration": 534,
  "label": "pre_pick",
  "planning_time_ms": 84.934536,
  "scene": {
    "block_x": 0.26294379,
    "block_y": 0.38183289,
    "bin_x": 0.4379501,
    "bin_y": 0.27448166
  },
  "joint_names": ["shoulder_pan_joint", "shoulder_lift_joint", "elbow_joint", "wrist_1_joint", "wrist_2_joint", "wrist_3_joint"],
  "start_joints": [-0.45140248, -1.7008166, -0.91987649, 0.86778738, 4.176088e-05, -7.8310546e-05],
  "goal_joints": [-5.5990396, -0.87931617, 1.1035474, 4.4879073, 4.7131588, -0.88685435],
  "num_waypoints": 98,
  "trajectory": [
    [-0.45140248, -1.7008166, -0.91987649, 0.86778738, 4.176088e-05, -7.8310546e-05],
    [-0.45640248, -1.6991271, -0.91743522, 0.8724375, 0.0013930521, -0.0015821656],
    [-0.47140248, -1.6940587, -0.9101114, 0.88638785, 0.0054469256, -0.0060937307],
    [-0.49640248, -1.6856114, -0.89790503, 0.90963845, 0.012203382, -0.013613006],
    [-0.53140248, -1.6737852, -0.88081611, 0.94218927, 0.02166242, -0.024139991],
    [-0.57640248, -1.6585801, -0.85884465, 0.98404034, 0.033824041, -0.037674686],
    [-0.63140248, -1.639996, -0.83199064, 1.0351916, 0.048688244, -0.054217092],
    [-0.69383329, -1.6189012, -0.8015085, 1.0932538, 0.065560685, -0.07299447],
    [-0.75666515, -1.5976708, -0.77083055, 1.1516889, 0.082541511, -0.091892469],
    [-0.819497, -1.5764404, -0.7401526, 1.210124, 0.099522337, -0.11079047],
    [-0.88232885, -1.5552101, -0.70947465, 1.2685591, 0.11650316, -0.12968847],
    [-0.94516071, -1.5339797, -0.6787967, 1.3269942, 0.13348399, -0.14858647],
    [-1.0079926, -1.5127493, -0.64811875, 1.3854293, 0.15046481, -0.16748447],
    [-1.0708244, -1.491519, -0.6174408, 1.4438645, 0.16744564, -0.18638247],
    [-1.1336563, -1.4702886, -0.58676285, 1.5022996, 0.18442647, -0.20528047],
    [-1.1964881, -1.4490582, -0.5560849, 1.5607347, 0.20140729, -0.22417847],
    [-1.25932, -1.4278279, -0.52540695, 1.6191698, 0.21838812, -0.24307647],
    [-1.3221518, -1.4065975, -0.494729, 1.6776049, 0.23536894, -0.26197447],
    [-1.3849837, -1.3853671, -0.46405105, 1.73604, 0.25234977, -0.28087247],
    [-1.4478155, -1.3641368, -0.4333731, 1.7944751, 0.2693306, -0.29977047],
    [-1.5106474, -1.3429064, -0.40269515, 1.8529102, 0.28631142, -0.31866847],
    [-1.5734792, -1.321676, -0.3720172, 1.9113453, 0.30329225, -0.33756647],
    [-1.6363111, -1.3004457, -0.34133925, 1.9697805, 0.32027307, -0.35646447],
    [-1.6991429, -1.2792153, -0.31066129, 2.0282156, 0.3372539, -0.37536246],
    [-1.7619748, -1.2579849, -0.27998334, 2.0866507, 0.35423473, -0.39426046],
    [-1.8248066, -1.2367546, -0.24930539, 2.1450858, 0.37121555, -0.41315846],
    [-1.8876385, -1.2155242, -0.21862744, 2.2035209, 0.38819638, -0.43205646],
    [-1.9504704, -1.1942938, -0.18794949, 2.261956, 0.4051772, -0.45095446],
    [-2.0133022, -1.1730634, -0.15727154, 2.3203911, 0.42215803, -0.46985246],
    [-2.0761341, -1.1518331, -0.12659359, 2.3788262, 0.43913885, -0.48875046],
    [-2.1389659, -1.1306027, -0.095915643, 2.4372614, 0.45611968, -0.50764846],
    [-2.2017954, -1.1093731, -0.065238839, 2.4956943, 0.47309987, -0.52654576],
    [-2.2617378, -1.0902206, -0.036559667, 2.5500412, 0.49328632, -0.54378084],
    [-2.3201677, -1.0744151, -0.010132732, 2.5993748, 0.52332836, -0.55851717],
    [-2.3780621, -1.0615928, 0.014536872, 2.6446465, 0.56336761, -0.57107284],
    [-2.4379841, -1.0505259, 0.038893765, 2.6887, 0.61278786, -0.5824795],
    [-2.5008159, -1.0390253, 0.064378035, 2.7347608, 0.66498365, -0.59436526],
    [-2.5636478, -1.0275248, 0.089862306, 2.7808216, 0.71717943, -0.60625102],
    [-2.6264797, -1.0160243, 0.11534658, 2.8268824, 0.76937521, -0.61813679],
    [-2.6893115, -1.0045238, 0.14083085, 2.8729431, 0.82157099, -0.63002255],
    [-2.7521434, -0.99302326, 0.16631512, 2.9190039, 0.87376678, -0.64190831],
    [-2.8149752, -0.98152274, 0.19179939, 2.9650647, 0.92596256, -0.65379408],
    [-2.8778071, -0.97002222, 0.21728366, 3.0111255, 0.97815834, -0.66567984],
    [-2.9406389, -0.9585217, 0.24276793, 3.0571863, 1.0303541, -0.6775656],
    [-3.0034708, -0.94702119, 0.2682522, 3.1032471, 1.0825499, -0.68945137],
    [-3.0663026, -0.93552067, 0.29373647, 3.1493079, 1.1347457, -0.70133713],
    [-3.1291345, -0.92402015, 0.31922074, 3.1953687, 1.1869415, -0.71322289],
    [-3.1919663, -0.91251963, 0.34470501, 3.2414295, 1.2391373, -0.72510866],
    [-3.2547982, -0.90101911, 0.37018928, 3.2874903, 1.291333, -0.73699442],
    [-3.31763, -0.88951859, 0.39567355, 3.333551, 1.3435288, -0.74888018],
    [-3.3804619, -0.87801807, 0.42115782, 3.3796118, 1.3957246, -0.76076594],
    [-3.4432937, -0.86651755, 0.44664209, 3.4256726, 1.4479204, -0.77265171],
    [-3.5061256, -0.85501703, 0.47212636, 3.4717334, 1.5001162, -0.78453747],
    [-3.5689574, -0.84351652, 0.49761063, 3.5177942, 1.5523119, -0.79642323],
    [-3.6317893, -0.832016, 0.52309491, 3.563855, 1.6045077, -0.808309],
    [-3.6946212, -0.82051548, 0.54857918, 3.6099158, 1.6567035, -0.82019476],
    [-3.757453, -0.80901496, 0.57406345, 3.6559766, 1.7088993, -0.83208052],
    [-3.8202849, -0.79751444, 0.59954772, 3.7020374, 1.7610951, -0.84396629],
    [-3.8831167, -0.78601392, 0.62503199, 3.7480982, 1.8132909, -0.85585205],
    [-3.9459486, -0.7745134, 0.65051626, 3.7941589, 1.8654866, -0.86773781],
    [-4.0087804, -0.76301288, 0.67600053, 3.8402197, 1.9176824, -0.87962358],
    [-4.0716123, -0.75151236, 0.7014848, 3.8862805, 1.9698782, -0.89150934],
    [-4.1344441, -0.74001184, 0.72696907, 3.9323413, 2.022074, -0.9033951],
    [-4.197276, -0.72851133, 0.75245334, 3.9784021, 2.0742698, -0.91528087],
    [-4.2601078, -0.71701081, 0.77793761, 4.0244629, 2.1264656, -0.92716663],
    [-4.3229397, -0.70551029, 0.80342188, 4.0705237, 2.1786613, -0.93905239],
    [-4.3857715, -0.69400977, 0.82890615, 4.1165845, 2.2308571, -0.95093816],
    [-4.4486034, -0.68250925, 0.85439042, 4.1626453, 2.2830529, -0.96282392],
    [-4.5109187, -0.67110328, 0.87966517, 4.2083274, 2.3348195, -0.97461196],
    [-4.5655731, -0.66113981, 0.90181122, 4.2483422, 2.3803679, -0.98492179],
    [-4.6131324, -0.65498816, 0.91973803, 4.2799596, 2.4291181, -0.99207823],
    [-4.6558991, -0.6535736, 0.93366064, 4.3031546, 2.4878568, -0.9955463],
    [-4.6926039, -0.65700287, 0.94313125, 4.3171566, 2.5550751, -0.99517636],
    [-4.724388, -0.66444214, 0.94894632, 4.3235969, 2.6294592, -0.99163472],
    [-4.7597618, -0.67313235, 0.95519889, 4.3302421, 2.7137308, -0.98739706],
    [-4.7993331, -0.68285377, 0.96219342, 4.3376759, 2.8080025, -0.98265654],
    [-4.8431021, -0.69360641, 0.9699299, 4.3458983, 2.9122741, -0.97741316],
    [-4.8910686, -0.70539026, 0.97840834, 4.3549092, 3.0265458, -0.97166693],
    [-4.9429595, -0.71813821, 0.98758043, 4.3646573, 3.1501665, -0.96545057],
    [-4.995708, -0.73109683, 0.99690411, 4.3745665, 3.2758302, -0.95913148],
    [-5.0484565, -0.74405544, 1.0062278, 4.3844758, 3.4014939, -0.95281239],
    [-5.101205, -0.75701406, 1.0155515, 4.394385, 3.5271576, -0.94649329],
    [-5.1539534, -0.76997268, 1.0248751, 4.4042942, 3.6528213, -0.9401742],
    [-5.2067019, -0.7829313, 1.0341988, 4.4142035, 3.778485, -0.93385511],
    [-5.2594504, -0.79588992, 1.0435225, 4.4241127, 3.9041487, -0.92753602],
    [-5.3106992, -0.80848013, 1.0525811, 4.4337402, 4.0262399, -0.92139657],
    [-5.3578007, -0.82005147, 1.0609066, 4.4425886, 4.1384507, -0.91575397],
    [-5.4007046, -0.83059159, 1.0684902, 4.4506485, 4.2406615, -0.91061422],
    [-5.4394109, -0.8401005, 1.0753318, 4.4579198, 4.3328724, -0.90597733],
    [-5.4739197, -0.8485782, 1.0814315, 4.4644025, 4.4150832, -0.9018433],
    [-5.5042308, -0.85602468, 1.0867892, 4.4700967, 4.487294, -0.89821213],
    [-5.5303444, -0.86243995, 1.091405, 4.4750023, 4.5495048, -0.89508381],
    [-5.5522603, -0.867824, 1.0952788, 4.4791194, 4.6017157, -0.89245835],
    [-5.5699787, -0.87217684, 1.0984106, 4.482448, 4.6439265, -0.89033575],
    [-5.5834995, -0.87549847, 1.1008005, 4.484988, 4.6761373, -0.888716],
