{
  "iteration": 981,
  "label": "pre_pick",
  "planning_time_ms": 40.412667,
  "scene": {
    "block_x": 0.13896172,
    "block_y": 0.50773313,
    "bin_x": 0.39467218,
    "bin_y": 0.25945257
  },
  "joint_names": ["shoulder_pan_joint", "shoulder_lift_joint", "elbow_joint", "wrist_1_joint", "wrist_2_joint", "wrist_3_joint"],
  "start_joints": [-0.45137757, -1.700799, -0.92022267, 0.86812528, -6.2955654e-05, -0.00016650335],
  "goal_joints": [4.6975519, -2.9726085, 0.31489049, 4.2289223, 1.5706365, -0.014581023],
  "num_waypoints": 90,
  "trajectory": [
    [-0.45137757, -1.700799, -0.92022267, 0.86812528, -6.2955654e-05, -0.00016650335],
    [-0.44637757, -1.7020341, -0.91902328, 0.87138887, 0.0014623123, -0.00018050094],
    [-0.43137757, -1.7057391, -0.91542511, 0.88117963, 0.0060381162, -0.00022249371],
    [-0.40637757, -1.7119143, -0.90942817, 0.89749758, 0.013664456, -0.00029248165],
    [-0.37137757, -1.7205594, -0.90103245, 0.92034269, 0.024341332, -0.00039046477],
    [-0.32637757, -1.7316746, -0.89023796, 0.94971499, 0.038068743, -0.00051644308],
    [-0.27137757, -1.7452599, -0.87704469, 0.98561446, 0.054846691, -0.00067041656],
    [-0.2089468, -1.7606806, -0.86206894, 1.0263641, 0.073891423, -0.00084519262],
    [-0.14611494, -1.7762003, -0.84699698, 1.0673756, 0.093058505, -0.0010210915],
    [-0.083283091, -1.7917201, -0.83192502, 1.108387, 0.11222559, -0.0011969904],
    [-0.020451238, -1.8072398, -0.81685306, 1.1493985, 0.13139267, -0.0013728893],
    [0.042380615, -1.8227596, -0.80178111, 1.19041, 0.15055975, -0.0015487882],
    [0.10521247, -1.8382794, -0.78670915, 1.2314214, 0.16972684, -0.0017246871],
    [0.16804432, -1.8537991, -0.77163719, 1.2724329, 0.18889392, -0.001900586],
    [0.23087617, -1.8693189, -0.75656523, 1.3134443, 0.208061, -0.0020764849],
    [0.29370803, -1.8848386, -0.74149328, 1.3544558, 0.22722808, -0.0022523838],
    [0.35653988, -1.9003584, -0.72642132, 1.3954672, 0.24639516, -0.0024282827],
    [0.41937173, -1.9158782, -0.71134936, 1.4364787, 0.26556225, -0.0026041815],
    [0.48220359, -1.9313979, -0.6962774, 1.4774902, 0.28472933, -0.0027800804],
    [0.54503544, -1.9469177, -0.68120544, 1.5185016, 0.30389641, -0.0029559793],
    [0.60786729, -1.9624374, -0.66613349, 1.5595131, 0.32306349, -0.0031318782],
    [0.67069915, -1.9779572, -0.65106153, 1.6005245, 0.34223058, -0.0033077771],
    [0.733531, -1.993477, -0.63598957, 1.641536, 0.36139766, -0.003483676],
    [0.79636285, -2.0089967, -0.62091761, 1.6825475, 0.38056474, -0.0036595749],
    [0.8591947, -2.0245165, -0.60584566, 1.7235589, 0.39973182, -0.0038354738],
    [0.92202656, -2.0400362, -0.5907737, 1.7645704, 0.41889891, -0.0040113727],
    [0.98485841, -2.055556, -0.57570174, 1.8055818, 0.43806599, -0.0041872716],
    [1.0476903, -2.0710757, -0.56062978, 1.8465933, 0.45723307, -0.0043631705],
    [1.1105221, -2.0865955, -0.54555782, 1.8876047, 0.47640015, -0.0045390694],
    [1.173354, -2.1021153, -0.53048587, 1.9286162, 0.49556724, -0.0047149683],
    [1.2361858, -2.117635, -0.51541391, 1.9696277, 0.51473432, -0.0048908671],
    [1.2990177, -2.1331548, -0.50034195, 2.0106391, 0.5339014, -0.005066766],
    [1.3618495, -2.1486745, -0.48526999, 2.0516506, 0.55306848, -0.0052426649],
    [1.4246814, -2.1641943, -0.47019804, 2.092662, 0.57223557, -0.0054185638],
    [1.4875132, -2.1797141, -0.45512608, 2.1336735, 0.59140265, -0.0055944627],
    [1.5503451, -2.1952338, -0.44005412, 2.174685, 0.61056973, -0.0057703616],
    [1.6131769, -2.2107536, -0.42498216, 2.2156964, 0.62973681, -0.0059462605],
    [1.6760088, -2.2262733, -0.4099102, 2.2567079, 0.6489039, -0.0061221594],
    [1.7388406, -2.2417931, -0.39483825, 2.2977193, 0.66807098, -0.0062980583],
    [1.8016725, -2.2573129, -0.37976629, 2.3387308, 0.68723806, -0.0064739572],
    [1.8645044, -2.2728326, -0.36469433, 2.3797422, 0.70640514, -0.0066498561],
    [1.9273362, -2.2883524, -0.34962237, 2.4207537, 0.72557223, -0.006825755],
    [1.9901681, -2.3038721, -0.33455041, 2.4617652, 0.74473931, -0.0070016539],
    [2.0529999, -2.3193919, -0.31947846, 2.5027766, 0.76390639, -0.0071775527],
    [2.1158318, -2.3349117, -0.3044065, 2.5437881, 0.78307347, -0.0073534516],
    [2.1786636, -2.3504314, -0.28933454, 2.5847995, 0.80224056, -0.0075293505],
    [2.2414955, -2.3659512, -0.27426258, 2.625811, 0.82140764, -0.0077052494],
    [2.3043273, -2.3814709, -0.25919063, 2.6668224, 0.84057472, -0.0078811483],
    [2.3671592, -2.3969907, -0.24411867, 2.7078339, 0.8597418, -0.0080570472],
    [2.429991, -2.4125104, -0.22904671, 2.7488454, 0.87890889, -0.0082329461],
    [2.4928229, -2.4280302, -0.21397475, 2.7898568, 0.89807597, -0.008408845],
    [2.5556547, -2.44355, -0.19890279, 2.8308683, 0.91724305, -0.0085847439],
    [2.6184866, -2.4590697, -0.18383084, 2.8718797, 0.93641013, -0.0087606428],
    [2.6813184, -2.4745895, -0.16875888, 2.9128912, 0.95557722, -0.0089365417],
    [2.7441503, -2.4901092, -0.15368692, 2.9539027, 0.9747443, -0.0091124406],
    [2.8069822, -2.505629, -0.13861496, 2.9949141, 0.99391138, -0.0092883395],
    [2.869814, -2.5211488, -0.12354301, 3.0359256, 1.0130785, -0.0094642383],
    [2.9326459, -2.5366685, -0.10847105, 3.076937, 1.0322455, -0.0096401372],
    [2.9954777, -2.5521883, -0.09339909, 3.1179485, 1.0514126, -0.0098160361],
    [3.0583096, -2.567708, -0.078327132, 3.1589599, 1.0705797, -0.009991935],
    [3.1211414, -2.5832278, -0.063255174, 3.1999714, 1.0897468, -0.010167834],
    [3.1839733, -2.5987476, -0.048183217, 3.2409829, 1.1089139, -0.010343733],
    [3.2468051, -2.6142673, -0.033111259, 3.2819943, 1.128081, -0.010519632],
    [3.309637, -2.6297871, -0.018039301, 3.3230058, 1.147248, -0.010695531],
    [3.3724688, -2.6453068, -0.0029673431, 3.3640172, 1.1664151, -0.010871429],
    [3.4353007, -2.6608266, 0.012104615, 3.4050287, 1.1855822, -0.011047328],
    [3.4981325, -2.6763463, 0.027176572, 3.4460402, 1.2047493, -0.011223227],
    [3.5609644, -2.6918661, 0.04224853, 3.4870516, 1.2239164, -0.011399126],
    [3.6237962, -2.7073859, 0.057320488, 3.5280631, 1.2430835, -0.011575025],
    [3.6866281, -2.7229056, 0.072392446, 3.5690745, 1.2622505, -0.011750924],
    [3.7494599, -2.7384254, 0.087464404, 3.610086, 1.2814176, -0.011926823],
    [3.8122918, -2.7539451, 0.10253636, 3.6510974, 1.3005847, -0.012102722],
    [3.8751237, -2.7694649, 0.11760832, 3.6921089, 1.3197518, -0.012278621],
    [3.9379555, -2.7849847, 0.13268028, 3.7331204, 1.3389189, -0.01245452],
    [4.0007874, -2.8005044, 0.14775223, 3.7741318, 1.3580859, -0.012630418],
    [4.0636192, -2.8160242, 0.16282419, 3.8151433, 1.377253, -0.012806317],
    [4.1264511, -2.8315439, 0.17789615, 3.8561547, 1.3964201, -0.012982216],
    [4.1892829, -2.8470637, 0.19296811, 3.8971662, 1.4155872, -0.013158115],
    [4.2521148, -2.8625835, 0.20804007, 3.9381777, 1.4347543, -0.013334014],
    [4.3149466, -2.8781032, 0.22311202, 3.9791891, 1.4539214, -0.013509913],
    [4.3777785, -2.893623, 0.23818398, 4.0202006, 1.4730884, -0.013685812],
    [4.4406103, -2.9091427, 0.25325594, 4.061212, 1.4922555, -0.013861711],
    [4.5034285, -2.9246591, 0.26832462, 4.1022146, 1.5114184, -0.014037571],
    [4.560738, -2.9388148, 0.28207188, 4.1396215, 1.5289009, -0.01419801],
    [4.6080474, -2.9505005, 0.29342036, 4.1705012, 1.5433328, -0.014330454],
    [4.6453569, -2.9597161, 0.30237007, 4.1948537, 1.5547142, -0.014434902],
    [4.6726663, -2.9664616, 0.30892099, 4.2126791, 1.563045, -0.014511356],
    [4.6899758, -2.9707372, 0.31307314, 4.2239773, 1.5683254, -0.014559814],
    [4.6972852, -2.9725426, 0.31482652, 4.2287483, 1.5705551, -0.014580277],
    [4.6975519, -2.9726085, 0.31489049, 4.2289223, 1.5706365, -0.014581023]
  ]
}
