{
  "iteration": 731,
  "label": "pre_pick",
  "planning_time_ms": 78.553332,
  "scene": {
    "block_x": 0.18352161,
    "block_y": 0.37143239,
    "bin_x": 0.34543824,
    "bin_y": 0.28623985
  },
  "joint_names": ["shoulder_pan_joint", "shoulder_lift_joint", "elbow_joint", "wrist_1_joint", "wrist_2_joint", "wrist_3_joint"],
  "start_joints": [-0.4513537, -1.7008765, -0.92000483, 0.86799224, 9.5990879e-05, -0.00017426853],
  "goal_joints": [-1.7085902, -3.3896092, 1.4645095, -2.7869079, -4.7120859, -0.13742474],
  "num_waypoints": 52,
  "trajectory": [
    [-0.4513537, -1.7008765, -0.92000483, 0.86799224, 9.5990879e-05, -0.00017426853],
    [-0.45268773, -1.7026684, -0.91747467, 0.8641141, -0.0049040091, -0.00031990221],
    [-0.45668982, -1.708044, -0.90988419, 0.85247968, -0.019904009, -0.00075680322],
    [-0.46335996, -1.7170034, -0.89723339, 0.83308898, -0.044904009, -0.0014849716],
    [-0.47269815, -1.7295466, -0.87952228, 0.805942, -0.079904009, -0.0025044073],
    [-0.4847044, -1.7456735, -0.85675084, 0.77103874, -0.12490401, -0.0038151103],
    [-0.49937871, -1.7653841, -0.82891909, 0.72837921, -0.17990401, -0.0054170807],
    [-0.51672107, -1.7886786, -0.79602702, 0.67796339, -0.244904, -0.0073103183],
    [-0.53673149, -1.8155568, -0.75807463, 0.6197913, -0.319904, -0.0094948232],
    [-0.55940997, -1.8460187, -0.71506193, 0.55386293, -0.40490399, -0.011970595],
    [-0.58475649, -1.8800644, -0.66698891, 0.48017828, -0.49990397, -0.014737635],
    [-0.61277108, -1.9176939, -0.61385557, 0.39873736, -0.60490396, -0.017795941],
    [-0.64345372, -1.9589071, -0.55566191, 0.30954016, -0.71990393, -0.021145515],
    [-0.67635033, -2.0030942, -0.49326916, 0.21390673, -0.843202, -0.024736785],
    [-0.70947846, -2.0475922, -0.43043731, 0.11760026, -0.9673678, -0.028353329],
    [-0.74260659, -2.0920903, -0.36760546, 0.021293793, -1.0915336, -0.031969874],
    [-0.77573472, -2.1365883, -0.3047736, -0.075012675, -1.2156994, -0.035586418],
    [-0.80886285, -2.1810864, -0.24194175, -0.17131914, -1.3398652, -0.039202962],
    [-0.84199098, -2.2255844, -0.1791099, -0.26762561, -1.464031, -0.042819506],
    [-0.87511911, -2.2700824, -0.11627805, -0.36393208, -1.5881968, -0.046436051],
    [-0.90824724, -2.3145805, -0.053446192, -0.46023855, -1.7123626, -0.050052595],
    [-0.94137537, -2.3590785, 0.009385661, -0.55654502, -1.8365284, -0.053669139],
    [-0.9745035, -2.4035765, 0.072217514, -0.65285148, -1.9606942, -0.057285684],
    [-1.0076316, -2.4480746, 0.13504937, -0.74915795, -2.08486, -0.060902228],
    [-1.0407598, -2.4925726, 0.19788122, -0.84546442, -2.2090258, -0.064518772],
    [-1.0738879, -2.5370707, 0.26071307, -0.94177089, -2.3331916, -0.068135316],
    [-1.107016, -2.5815687, 0.32354493, -1.0380774, -2.4573574, -0.071751861],
    [-1.1401442, -2.6260667, 0.38637678, -1.1343838, -2.5815232, -0.075368405],
    [-1.1732723, -2.6705648, 0.44920863, -1.2306903, -2.705689, -0.078984949],
    [-1.2064004, -2.7150628, 0.51204049, -1.3269968, -2.8298548, -0.082601494],
    [-1.2395285, -2.7595608, 0.57487234, -1.4233032, -2.9540206, -0.086218038],
    [-1.2726567, -2.8040589, 0.63770419, -1.5196097, -3.0781864, -0.089834582],
    [-1.3057848, -2.8485569, 0.70053604, -1.6159162, -3.2023522, -0.093451126],
    [-1.3389129, -2.893055, 0.7633679, -1.7122226, -3.326518, -0.097067671],
    [-1.3720411, -2.937553, 0.82619975, -1.8085291, -3.4506838, -0.10068421],
    [-1.4051692, -2.982051, 0.8890316, -1.9048356, -3.5748496, -0.10430076],
    [-1.4382973, -3.0265491, 0.95186346, -2.001142, -3.6990154, -0.1079173],
    [-1.4714255, -3.0710471, 1.0146953, -2.0974485, -3.8231812, -0.11153385],
    [-1.5045504, -3.1155408, 1.077521, -2.1937456, -3.9473349, -0.11515004],
    [-1.536213, -3.1580704, 1.1375734, -2.2857917, -4.0660079, -0.1186066],
    [-1.5652076, -3.1970162, 1.1925654, -2.3700815, -4.1746809, -0.12177189],
    [-1.5915341, -3.2323782, 1.2424971, -2.4466151, -4.273354, -0.12464591],
    [-1.6151926, -3.2641565, 1.2873685, -2.5153924, -4.362027, -0.12722867],
    [-1.636183, -3.292351, 1.3271796, -2.5764134, -4.4407001, -0.12952016],
    [-1.6545053, -3.3169618, 1.3619303, -2.6296782, -4.5093731, -0.13152038],
    [-1.6701596, -3.3379888, 1.3916207, -2.6751866, -4.5680462, -0.13322933],
    [-1.6831458, -3.355432, 1.4162508, -2.7129388, -4.6167192, -0.13464702],
    [-1.693464, -3.3692915, 1.4358206, -2.7429347, -4.6553923, -0.13577344],
    [-1.7011142, -3.3795673, 1.4503301, -2.7651743, -4.6840653, -0.13660859],
    [-1.7060962, -3.3862592, 1.4597793, -2.7796576, -4.7027383, -0.13715248],
    [-1.7084103, -3.3893674, 1.4641681, -2.7863847, -4.7114114, -0.13740509],
    [-1.7085902, -3.3896092, 1.4645095, -2.7869079, -4.7120859, -0.13742474]
  ]
}
