{
  "iteration": 950,
  "label": "pre_pick",
  "planning_time_ms": 97.683739,
  "scene": {
    "block_x": 0.2033839,
    "block_y": 0.44491211,
    "bin_x": 0.41461224,
    "bin_y": 0.25159319
  },
  "joint_names": ["shoulder_pan_joint", "shoulder_lift_joint", "elbow_joint", "wrist_1_joint", "wrist_2_joint", "wrist_3_joint"],
  "start_joints": [-0.45131332, -1.7007936, -0.92028334, 0.86822483, 5.5049278e-05, -0.00026026473],
  "goal_joints": [0.87600216, -0.75163728, 0.87422553, 4.5893891, -1.5712143, -0.69561977],
  "num_waypoints": 44,
  "trajectory": [
    [-0.45131332, -1.7007936, -0.92028334, 0.86822483, 5.5049278e-05, -0.00026026473],
    [-0.44952985, -1.6995182, -0.91787212, 0.87322483, -0.0020562111, -0.0011945953],
    [-0.44417945, -1.6956922, -0.91063846, 0.88822483, -0.0083899922, -0.0039975871],
    [-0.43526211, -1.6893154, -0.89858236, 0.91322483, -0.018946294, -0.00866924],
    [-0.42277783, -1.680388, -0.88170382, 0.94822483, -0.033725117, -0.015209554],
    [-0.40672662, -1.6689099, -0.86000285, 0.99322483, -0.05272646, -0.023618529],
    [-0.38710847, -1.654881, -0.83347943, 1.0482248, -0.075950324, -0.033896166],
    [-0.36392339, -1.6383015, -0.80213358, 1.1132248, -0.10339671, -0.046042462],
    [-0.33717137, -1.6191713, -0.76596529, 1.1882248, -0.1350656, -0.060057417],
    [-0.30685242, -1.5974904, -0.72497456, 1.2732248, -0.17095702, -0.075941034],
    [-0.27296654, -1.5732587, -0.6791614, 1.3682248, -0.21107096, -0.093693312],
    [-0.23551372, -1.5464764, -0.6285258, 1.4732247, -0.25540742, -0.11331425],
    [-0.19449396, -1.5171434, -0.57306776, 1.5882247, -0.3039664, -0.13480385],
    [-0.15024266, -1.4854995, -0.51324072, 1.7122844, -0.35635086, -0.1579864],
    [-0.10541922, -1.4534465, -0.45264016, 1.8379481, -0.40941262, -0.18146869],
    [-0.060595781, -1.4213935, -0.3920396, 1.9636118, -0.46247438, -0.20495098],
    [-0.01577234, -1.3893405, -0.33143904, 2.0892755, -0.51553615, -0.22843327],
    [0.0290511, -1.3572875, -0.27083848, 2.2149392, -0.56859791, -0.25191556],
    [0.07387454, -1.3252345, -0.21023792, 2.3406029, -0.62165967, -0.27539785],
    [0.11869798, -1.2931815, -0.14963736, 2.4662667, -0.67472143, -0.29888013],
    [0.16352142, -1.2611285, -0.089036803, 2.5919304, -0.72778319, -0.32236242],
    [0.20834486, -1.2290755, -0.028436244, 2.7175941, -0.78084495, -0.34584471],
    [0.2531683, -1.1970225, 0.032164316, 2.8432578, -0.83390671, -0.369327],
    [0.29799174, -1.1649695, 0.092764876, 2.9689215, -0.88696847, -0.39280929],
    [0.34281518, -1.1329165, 0.15336544, 3.0945852, -0.94003023, -0.41629158],
    [0.38763862, -1.1008635, 0.213966, 3.2202489, -0.99309199, -0.43977387],
    [0.43246206, -1.0688105, 0.27456656, 3.3459126, -1.0461538, -0.46325616],
    [0.4772855, -1.0367575, 0.33516712, 3.4715763, -1.0992155, -0.48673844],
    [0.52210894, -1.0047045, 0.39576768, 3.59724, -1.1522773, -0.51022073],
    [0.56693238, -0.97265145, 0.45636824, 3.7229037, -1.205339, -0.53370302],
    [0.61148745, -0.94079036, 0.51660596, 3.847815, -1.2580831, -0.55704471],
    [0.65314376, -0.91100215, 0.57292461, 3.9645996, -1.3073956, -0.57886779],
    [0.69123313, -0.88376464, 0.62442082, 4.0713842, -1.3524856, -0.59882221],
    [0.72575557, -0.85907783, 0.67109459, 4.1681687, -1.3933531, -0.61690797],
    [0.75671107, -0.83694171, 0.71294592, 4.2549533, -1.4299981, -0.63312506],
    [0.78409963, -0.8173563, 0.74997481, 4.3317379, -1.4624205, -0.64747349],
    [0.80792126, -0.80032158, 0.78218126, 4.3985224, -1.4906204, -0.65995327],
    [0.82817595, -0.78583755, 0.80956527, 4.455307, -1.5145978, -0.67056438],
    [0.84486371, -0.77390423, 0.83212685, 4.5020916, -1.5343527, -0.67930683],
    [0.85798452, -0.7645216, 0.84986598, 4.5388761, -1.5498851, -0.68618062],
    [0.86753841, -0.75768967, 0.86278267, 4.5656607, -1.5611949, -0.69118574],
    [0.87352536, -0.75340843, 0.87087693, 4.5824453, -1.5682822, -0.69432221],
    [0.87594537, -0.7516779, 0.87414874, 4.5892298, -1.571147, -0.69559002],
    [0.87600216, -0.75163728, 0.87422553, 4.5893891, -1.5712143, -0.69561977]
  ]
}
