{
  "iteration": 803,
  "label": "pre_pick",
  "planning_time_ms": 271.5384,
  "scene": {
    "block_x": 0.24190244,
    "block_y": 0.47003072,
    "bin_x": 0.41290264,
    "bin_y": 0.32738193
  },
  "joint_names": ["shoulder_pan_joint", "shoulder_lift_joint", "elbow_joint", "wrist_1_joint", "wrist_2_joint", "wrist_3_joint"],
  "start_joints": [-0.45137115, -1.7008102, -0.92036101, 0.86849799, -5.2835682e-05, -0.00032950705],
  "goal_joints": [-5.4310578, -0.40799459, 0.20164157, -1.3638995, -1.5700416, -0.71837988],
  "num_waypoints": 87,
  "trajectory": [
    [-0.45137115, -1.7008102, -0.92036101, 0.86849799, -5.2835682e-05, -0.00032950705],
    [-0.45637115, -1.6995121, -0.91923443, 0.86625649, -0.0016292288, -0.0010504865],
    [-0.47137115, -1.6956179, -0.91585469, 0.85953198, -0.0063584083, -0.0032134249],
    [-0.49637115, -1.6891274, -0.91022179, 0.84832446, -0.014240374, -0.0068183223],
    [-0.53137115, -1.6800408, -0.90233573, 0.83263393, -0.025275126, -0.011865179],
    [-0.57637115, -1.668358, -0.89219652, 0.81246039, -0.039462664, -0.018353994],
    [-0.63137115, -1.654079, -0.87980414, 0.78780385, -0.056802989, -0.026284768],
    [-0.69380192, -1.6378709, -0.8657375, 0.75981608, -0.076486078, -0.035287029],
    [-0.75663378, -1.6215586, -0.85158048, 0.73164851, -0.096295618, -0.044347125],
    [-0.81946563, -1.6052463, -0.83742347, 0.70348094, -0.11610516, -0.05340722],
    [-0.88229748, -1.588934, -0.82326645, 0.67531337, -0.1359147, -0.062467315],
    [-0.94512934, -1.5726218, -0.80910944, 0.6471458, -0.15572424, -0.07152741],
    [-1.0079612, -1.5563095, -0.79495242, 0.61897823, -0.17553378, -0.080587506],
    [-1.070793, -1.5399972, -0.78079541, 0.59081066, -0.19534332, -0.089647601],
    [-1.1336249, -1.523685, -0.76663839, 0.56264309, -0.21515286, -0.098707696],
    [-1.1964567, -1.5073727, -0.75248138, 0.53447552, -0.2349624, -0.10776779],
    [-1.2592886, -1.4910604, -0.73832436, 0.50630795, -0.25477194, -0.11682789],
    [-1.3221205, -1.4747481, -0.72416735, 0.47814038, -0.27458148, -0.12588798],
    [-1.3849523, -1.4584359, -0.71001033, 0.44997281, -0.29439102, -0.13494808],
    [-1.4477842, -1.4421236, -0.69585331, 0.42180524, -0.31420056, -0.14400817],
    [-1.510616, -1.4258113, -0.6816963, 0.39363767, -0.3340101, -0.15306827],
    [-1.5734479, -1.4094991, -0.66753928, 0.3654701, -0.35381964, -0.16212836],
    [-1.6362797, -1.3931868, -0.65338227, 0.33730253, -0.37362918, -0.17118846],
    [-1.6991116, -1.3768745, -0.63922525, 0.30913496, -0.39343873, -0.18024855],
    [-1.7619434, -1.3605622, -0.62506824, 0.28096739, -0.41324827, -0.18930865],
    [-1.8247753, -1.34425, -0.61091122, 0.25279982, -0.43305781, -0.19836874],
    [-1.8876071, -1.3279377, -0.59675421, 0.22463225, -0.45286735, -0.20742884],
    [-1.950439, -1.3116254, -0.58259719, 0.19646468, -0.47267689, -0.21648893],
    [-2.0132708, -1.2953132, -0.56844018, 0.16829711, -0.49248643, -0.22554903],
    [-2.0761027, -1.2790009, -0.55428316, 0.14012954, -0.51229597, -0.23460912],
    [-2.1389345, -1.2626886, -0.54012615, 0.11196197, -0.53210551, -0.24366922],
    [-2.2017664, -1.2463763, -0.52596913, 0.083794404, -0.55191505, -0.25272932],
    [-2.2645983, -1.2300641, -0.51181212, 0.055626834, -0.57172459, -0.26178941],
    [-2.3274301, -1.2137518, -0.4976551, 0.027459264, -0.59153413, -0.27084951],
    [-2.390262, -1.1974395, -0.48349808, -0.00070830601, -0.61134367, -0.2799096],
    [-2.4530938, -1.1811273, -0.46934107, -0.028875876, -0.63115321, -0.2889697],
    [-2.5159257, -1.164815, -0.45518405, -0.057043446, -0.65096275, -0.29802979],
    [-2.5787575, -1.1485027, -0.44102704, -0.085211016, -0.67077229, -0.30708989],
    [-2.6415894, -1.1321904, -0.42687002, -0.11337859, -0.69058183, -0.31614998],
    [-2.7044212, -1.1158782, -0.41271301, -0.14154616, -0.71039137, -0.32521008],
    [-2.7672531, -1.0995659, -0.39855599, -0.16971373, -0.73020091, -0.33427017],
    [-2.8300849, -1.0832536, -0.38439898, -0.1978813, -0.75001045, -0.34333027],
    [-2.8929168, -1.0669414, -0.37024196, -0.22604887, -0.76981999, -0.35239036],
    [-2.9557486, -1.0506291, -0.35608495, -0.25421644, -0.78962953, -0.36145046],
    [-3.0185805, -1.0343168, -0.34192793, -0.282384, -0.80943908, -0.37051055],
    [-3.0814123, -1.0180045, -0.32777092, -0.31055157, -0.82924862, -0.37957065],
    [-3.1442442, -1.0016923, -0.3136139, -0.33871914, -0.84905816, -0.38863074],
    [-3.207076, -0.98538, -0.29945689, -0.36688671, -0.8688677, -0.39769084],
    [-3.2699079, -0.96906773, -0.28529987, -0.39505428, -0.88867724, -0.40675093],
    [-3.3327398, -0.95275545, -0.27114286, -0.42322185, -0.90848678, -0.41581103],
    [-3.3955716, -0.93644318, -0.25698584, -0.45138942, -0.92829632, -0.42487112],
    [-3.4584035, -0.92013091, -0.24282882, -0.47955699, -0.94810586, -0.43393122],
    [-3.5212353, -0.90381864, -0.22867181, -0.50772456, -0.9679154, -0.44299132],
    [-3.5840672, -0.88750637, -0.21451479, -0.53589213, -0.98772494, -0.45205141],
    [-3.646899, -0.8711941, -0.20035778, -0.5640597, -1.0075345, -0.46111151],
    [-3.7097309, -0.85488182, -0.18620076, -0.59222727, -1.027344, -0.4701716],
    [-3.7725627, -0.83856955, -0.17204375, -0.62039484, -1.0471536, -0.4792317],
    [-3.8353946, -0.82225728, -0.15788673, -0.64856241, -1.0669631, -0.48829179],
    [-3.8982264, -0.80594501, -0.14372972, -0.67672998, -1.0867726, -0.49735189],
    [-3.9610583, -0.78963274, -0.1295727, -0.70489755, -1.1065822, -0.50641198],
    [-4.0238901, -0.77332047, -0.11541569, -0.73306512, -1.1263917, -0.51547208],
    [-4.086722, -0.75700819, -0.10125867, -0.76123269, -1.1462013, -0.52453217],
    [-4.1495538, -0.74069592, -0.087101656, -0.78940026, -1.1660108, -0.53359227],
    [-4.2123857, -0.72438365, -0.072944641, -0.81756783, -1.1858203, -0.54265236],
    [-4.2752175, -0.70807138, -0.058787626, -0.8457354, -1.2056299, -0.55171246],
    [-4.3380494, -0.69175911, -0.04463061, -0.87390297, -1.2254394, -0.56077255],
    [-4.4008813, -0.67544684, -0.030473595, -0.90207054, -1.245249, -0.56983265],
    [-4.4637131, -0.65913456, -0.01631658, -0.93023811, -1.2650585, -0.57889274],
    [-4.526545, -0.64282229, -0.0021595643, -0.95840568, -1.284868, -0.58795284],
    [-4.5893768, -0.62651002, 0.011997451, -0.98657325, -1.3046776, -0.59701293],
    [-4.6522087, -0.61019775, 0.026154466, -1.0147408, -1.3244871, -0.60607303],
    [-4.7150405, -0.59388548, 0.040311482, -1.0429084, -1.3442967, -0.61513312],
    [-4.7778724, -0.57757321, 0.054468497, -1.071076, -1.3641062, -0.62419322],
    [-4.8407042, -0.56126093, 0.068625512, -1.0992435, -1.3839157, -0.63325332],
    [-4.9035361, -0.54494866, 0.082782528, -1.1274111, -1.4037253, -0.64231341],
    [-4.9663679, -0.52863639, 0.096939543, -1.1555787, -1.4235348, -0.65137351],
    [-5.0291998, -0.51232412, 0.11109656, -1.1837462, -1.4433444, -0.6604336],
    [-5.0920316, -0.49601185, 0.12525357, -1.2119138, -1.4631539, -0.6694937],
    [-5.1548635, -0.47969958, 0.13941059, -1.2400814, -1.4829635, -0.67855379],
    [-5.2176953, -0.4633873, 0.1535676, -1.268249, -1.502773, -0.68761389],
    [-5.2777459, -0.4477971, 0.16709796, -1.2951697, -1.5217057, -0.69627294],
    [-5.3281196, -0.43471921, 0.17844794, -1.3177522, -1.5375874, -0.70353661],
    [-5.3684932, -0.42423749, 0.18754475, -1.3358517, -1.5503163, -0.70935832],
    [-5.3988668, -0.41635196, 0.19438841, -1.3494683, -1.5598925, -0.71373807],
    [-5.4192404, -0.4110626, 0.19897892, -1.3586018, -1.5663158, -0.71667586],
    [-5.4296141, -0.40836942, 0.20131626, -1.3632523, -1.5695864, -0.71817169],
    [-5.4310578, -0.40799459, 0.20164157, -1.3638995, -1.5700416, -0.71837988]
  ]
}
