{
  "iteration": 215,
  "label": "pre_pick",
  "planning_time_ms": 47.803298,
  "scene": {
    "block_x": 0.19700105,
    "block_y": 0.39895076,
    "bin_x": 0.33300287,
    "bin_y": 0.34646899
  },
  "joint_names": ["shoulder_pan_joint", "shoulder_lift_joint", "elbow_joint", "wrist_1_joint", "wrist_2_joint", "wrist_3_joint"],
  "start_joints": [-0.45141249, -1.7009059, -0.92022695, 0.86827236, -1.6495822e-05, -0.00016618352],
  "goal_joints": [-5.466338, -0.96586196, 1.2520875, 4.4254664, -1.5706467, -0.75323285],
  "num_waypoints": 88,
  "trajectory": [
    [-0.45141249, -1.7009059, -0.92022695, 0.86827236, -1.6495822e-05, -0.00016618352],
    [-0.45641249, -1.700173, -0.9180611, 0.87181896, -0.0015824515, -0.00091700889],
    [-0.47141249, -1.6979745, -0.91156356, 0.88245878, -0.0062803185, -0.003169485],
    [-0.49641249, -1.6943102, -0.90073431, 0.90019182, -0.014110097, -0.0069236119],
    [-0.53141249, -1.6891802, -0.88557337, 0.92501807, -0.025071786, -0.01217939],
    [-0.57641249, -1.6825845, -0.86608072, 0.95693753, -0.039165387, -0.018936818],
    [-0.63141249, -1.6745231, -0.84225638, 0.99595021, -0.0563909, -0.027195897],
    [-0.69384327, -1.6653725, -0.81521325, 1.0402337, -0.075943665, -0.036570819],
    [-0.75667512, -1.6561632, -0.78799639, 1.0848017, -0.095622044, -0.046005969],
    [-0.81950697, -1.6469538, -0.76077953, 1.1293697, -0.11530042, -0.055441119],
    [-0.88233883, -1.6377445, -0.73356266, 1.1739376, -0.1349788, -0.064876269],
    [-0.94517068, -1.6285351, -0.7063458, 1.2185056, -0.15465718, -0.074311419],
    [-1.0080025, -1.6193258, -0.67912894, 1.2630736, -0.17433556, -0.083746569],
    [-1.0708344, -1.6101164, -0.65191207, 1.3076416, -0.19401394, -0.093181718],
    [-1.1336662, -1.6009071, -0.62469521, 1.3522095, -0.21369232, -0.10261687],
    [-1.1964981, -1.5916978, -0.59747835, 1.3967775, -0.2333707, -0.11205202],
    [-1.2593299, -1.5824884, -0.57026148, 1.4413455, -0.25304908, -0.12148717],
    [-1.3221618, -1.5732791, -0.54304462, 1.4859135, -0.27272746, -0.13092232],
    [-1.3849937, -1.5640697, -0.51582776, 1.5304815, -0.29240584, -0.14035747],
    [-1.4478255, -1.5548604, -0.4886109, 1.5750494, -0.31208421, -0.14979262],
    [-1.5106574, -1.545651, -0.46139403, 1.6196174, -0.33176259, -0.15922777],
    [-1.5734892, -1.5364417, -0.43417717, 1.6641854, -0.35144097, -0.16866292],
    [-1.6363211, -1.5272324, -0.40696031, 1.7087534, -0.37111935, -0.17809807],
    [-1.6991529, -1.518023, -0.37974344, 1.7533214, -0.39079773, -0.18753322],
    [-1.7619848, -1.5088137, -0.35252658, 1.7978893, -0.41047611, -0.19696837],
    [-1.8248166, -1.4996043, -0.32530972, 1.8424573, -0.43015449, -0.20640352],
    [-1.8876485, -1.490395, -0.29809285, 1.8870253, -0.44983287, -0.21583867],
    [-1.9504803, -1.4811856, -0.27087599, 1.9315933, -0.46951125, -0.22527382],
    [-2.0133122, -1.4719763, -0.24365913, 1.9761612, -0.48918963, -0.23470897],
    [-2.076144, -1.462767, -0.21644226, 2.0207292, -0.50886801, -0.24414412],
    [-2.1389759, -1.4535576, -0.1892254, 2.0652972, -0.52854639, -0.25357927],
    [-2.2018077, -1.4443483, -0.16200854, 2.1098652, -0.54822477, -0.26301442],
    [-2.2646396, -1.4351389, -0.13479167, 2.1544332, -0.56790314, -0.27244957],
    [-2.3274714, -1.4259296, -0.10757481, 2.1990011, -0.58758152, -0.28188472],
    [-2.3903033, -1.4167202, -0.080357947, 2.2435691, -0.6072599, -0.29131987],
    [-2.4531352, -1.4075109, -0.053141084, 2.2881371, -0.62693828, -0.30075502],
    [-2.515967, -1.3983015, -0.02592422, 2.3327051, -0.64661666, -0.31019017],
    [-2.5787989, -1.3890922, 0.0012926429, 2.3772731, -0.66629504, -0.31962532],
    [-2.6416307, -1.3798829, 0.028509506, 2.421841, -0.68597342, -0.32906047],
    [-2.7044626, -1.3706735, 0.055726369, 2.466409, -0.7056518, -0.33849562],
    [-2.7672944, -1.3614642, 0.082943233, 2.510977, -0.72533018, -0.34793077],
    [-2.8301263, -1.3522548, 0.1101601, 2.555545, -0.74500856, -0.35736592],
    [-2.8929581, -1.3430455, 0.13737696, 2.6001129, -0.76468694, -0.36680107],
    [-2.95579, -1.3338361, 0.16459382, 2.6446809, -0.78436532, -0.37623622],
    [-3.0186218, -1.3246268, 0.19181069, 2.6892489, -0.80404369, -0.38567137],
    [-3.0814537, -1.3154175, 0.21902755, 2.7338169, -0.82372207, -0.39510652],
    [-3.1442855, -1.3062081, 0.24624441, 2.7783849, -0.84340045, -0.40454167],
    [-3.2071174, -1.2969988, 0.27346128, 2.8229528, -0.86307883, -0.41397682],
    [-3.2699492, -1.2877894, 0.30067814, 2.8675208, -0.88275721, -0.42341197],
    [-3.3327811, -1.2785801, 0.327895, 2.9120888, -0.90243559, -0.43284712],
    [-3.3956129, -1.2693707, 0.35511186, 2.9566568, -0.92211397, -0.44228227],
    [-3.4584448, -1.2601614, 0.38232873, 3.0012248, -0.94179235, -0.45171742],
    [-3.5212767, -1.250952, 0.40954559, 3.0457927, -0.96147073, -0.46115257],
    [-3.5841085, -1.2417427, 0.43676245, 3.0903607, -0.98114911, -0.47058772],
    [-3.6469404, -1.2325334, 0.46397932, 3.1349287, -1.0008275, -0.48002287],
    [-3.7097722, -1.223324, 0.49119618, 3.1794967, -1.0205059, -0.48945802],
    [-3.7726041, -1.2141147, 0.51841304, 3.2240647, -1.0401842, -0.49889316],
    [-3.8354359, -1.2049053, 0.54562991, 3.2686326, -1.0598626, -0.50832831],
    [-3.8982678, -1.195696, 0.57284677, 3.3132006, -1.079541, -0.51776346],
    [-3.9610996, -1.1864866, 0.60006363, 3.3577686, -1.0992194, -0.52719861],
    [-4.0239315, -1.1772773, 0.6272805, 3.4023366, -1.1188978, -0.53663376],
    [-4.0867633, -1.168068, 0.65449736, 3.4469045, -1.1385761, -0.54606891],
    [-4.1495952, -1.1588586, 0.68171422, 3.4914725, -1.1582545, -0.55550406],
    [-4.212427, -1.1496493, 0.70893109, 3.5360405, -1.1779329, -0.56493921],
    [-4.2752589, -1.1404399, 0.73614795, 3.5806085, -1.1976113, -0.57437436],
    [-4.3380907, -1.1312306, 0.76336481, 3.6251765, -1.2172897, -0.58380951],
    [-4.4009226, -1.1220212, 0.79058168, 3.6697444, -1.236968, -0.59324466],
    [-4.4637545, -1.1128119, 0.81779854, 3.7143124, -1.2566464, -0.60267981],
    [-4.5265863, -1.1036025, 0.8450154, 3.7588804, -1.2763248, -0.61211496],
    [-4.5894182, -1.0943932, 0.87223227, 3.8034484, -1.2960032, -0.62155011],
    [-4.65225, -1.0851839, 0.89944913, 3.8480164, -1.3156816, -0.63098526],
    [-4.7150819, -1.0759745, 0.92666599, 3.8925843, -1.3353599, -0.64042041],
    [-4.7779137, -1.0667652, 0.95388286, 3.9371523, -1.3550383, -0.64985556],
    [-4.8407456, -1.0575558, 0.98109972, 3.9817203, -1.3747167, -0.65929071],
    [-4.9035774, -1.0483465, 1.0083166, 4.0262883, -1.3943951, -0.66872586],
    [-4.9664093, -1.0391371, 1.0355334, 4.0708562, -1.4140734, -0.67816101],
    [-5.0292411, -1.0299278, 1.0627503, 4.1154242, -1.4337518, -0.68759616],
    [-5.092073, -1.0207185, 1.0899672, 4.1599922, -1.4534302, -0.69703131],
    [-5.1549048, -1.0115091, 1.117184, 4.2045602, -1.4731086, -0.70646646],
    [-5.2177367, -1.0022998, 1.1444009, 4.2491282, -1.492787, -0.71590161],
    [-5.2803975, -0.9931155, 1.1715437, 4.2935748, -1.5124118, -0.72531107],
    [-5.3363795, -0.98491014, 1.1957934, 4.3332841, -1.5299448, -0.73371762],
    [-5.3823616, -0.97817049, 1.2157114, 4.3659001, -1.544346, -0.74062252],
    [-5.4183436, -0.97289656, 1.2312978, 4.391423, -1.5556153, -0.74602577],
    [-5.4443257, -0.96908834, 1.2425524, 4.4098526, -1.5637526, -0.74992737],
    [-5.4603077, -0.96674583, 1.2494754, 4.421189, -1.5687581, -0.75232731],
    [-5.4662898, -0.96586903, 1.2520666, 4.4254322, -1.5706316, -0.75322561],
    [-5.466338, -0.96586196, 1.2520875, 4.4254664, -1.5706467, -0.75323285]
  ]
}
