{
  "iteration": 10,
  "label": "pre_pick",
  "planning_time_ms": 39.412922,
  "scene": {
    "block_x": 0.12934106,
    "block_y": 0.37469684,
    "bin_x": 0.42456719,
    "bin_y": 0.34393444
  },
  "joint_names": ["shoulder_pan_joint", "shoulder_lift_joint", "elbow_joint", "wrist_1_joint", "wrist_2_joint", "wrist_3_joint"],
  "start_joints": [-0.45139492, -1.70098, -0.91987267, 0.86793382, 3.9768336e-05, 5.850125e-05],
  "goal_joints": [-5.3759294, -1.1699683, 1.5745008, -1.9748439, 4.711951, -0.66441619],
  "num_waypoints": 86,
  "trajectory": [
    [-0.45139492, -1.70098, -0.91987267, 0.86793382, 3.9768336e-05, 5.850125e-05],
    [-0.45639492, -1.7004409, -0.91734007, 0.86504748, 0.0048238867, -0.00061615611],
    [-0.47139492, -1.6988234, -0.90974227, 0.85638845, 0.019176242, -0.0026401282],
    [-0.49639492, -1.6961277, -0.89707928, 0.84195674, 0.043096834, -0.006013415],
    [-0.53139492, -1.6923537, -0.87935109, 0.82175235, 0.076585662, -0.010736016],
    [-0.57639492, -1.6875013, -0.85655771, 0.79577528, 0.11964273, -0.016807933],
    [-0.63139492, -1.6815707, -0.82869913, 0.76402552, 0.17226803, -0.024229164],
    [-0.69382573, -1.6748388, -0.79707669, 0.72798619, 0.23200331, -0.032653045],
    [-0.75665759, -1.6680636, -0.76525113, 0.69171536, 0.29212232, -0.04113104],
    [-0.81948944, -1.6612885, -0.73342556, 0.65544452, 0.35224132, -0.049609034],
    [-0.88232129, -1.6545133, -0.70159999, 0.61917368, 0.41236032, -0.058087028],
    [-0.94515314, -1.6477382, -0.66977442, 0.58290284, 0.47247933, -0.066565023],
    [-1.007985, -1.640963, -0.63794885, 0.54663201, 0.53259833, -0.075043017],
    [-1.0708169, -1.6341879, -0.60612329, 0.51036117, 0.59271734, -0.083521011],
    [-1.1336487, -1.6274127, -0.57429772, 0.47409033, 0.65283634, -0.091999006],
    [-1.1964806, -1.6206376, -0.54247215, 0.43781949, 0.71295535, -0.100477],
    [-1.2593124, -1.6138624, -0.51064658, 0.40154866, 0.77307435, -0.10895499],
    [-1.3221443, -1.6070873, -0.47882101, 0.36527782, 0.83319336, -0.11743299],
    [-1.3849761, -1.6003121, -0.44699544, 0.32900698, 0.89331236, -0.12591098],
    [-1.447808, -1.593537, -0.41516988, 0.29273615, 0.95343136, -0.13438898],
    [-1.5106398, -1.5867618, -0.38334431, 0.25646531, 1.0135504, -0.14286697],
    [-1.5734717, -1.5799867, -0.35151874, 0.22019447, 1.0736694, -0.15134497],
    [-1.6363035, -1.5732115, -0.31969317, 0.18392363, 1.1337884, -0.15982296],
    [-1.6991354, -1.5664364, -0.2878676, 0.1476528, 1.1939074, -0.16830096],
    [-1.7619672, -1.5596612, -0.25604203, 0.11138196, 1.2540264, -0.17677895],
    [-1.8247991, -1.5528861, -0.22421647, 0.075111122, 1.3141454, -0.18525694],
    [-1.8876309, -1.5461109, -0.1923909, 0.038840284, 1.3742644, -0.19373494],
    [-1.9504628, -1.5393358, -0.16056533, 0.0025694472, 1.4343834, -0.20221293],
    [-2.0132946, -1.5325606, -0.12873976, -0.03370139, 1.4945024, -0.21069093],
    [-2.0761265, -1.5257855, -0.096914193, -0.069972227, 1.5546214, -0.21916892],
    [-2.1389584, -1.5190103, -0.065088625, -0.10624306, 1.6147404, -0.22764692],
    [-2.2017902, -1.5122352, -0.033263057, -0.1425139, 1.6748594, -0.23612491],
    [-2.2646221, -1.50546, -0.0014374887, -0.17878474, 1.7349784, -0.2446029],
    [-2.3274539, -1.4986849, 0.03038808, -0.21505558, 1.7950974, -0.2530809],
    [-2.3902858, -1.4919097, 0.062213648, -0.25132641, 1.8552164, -0.26155889],
    [-2.4531176, -1.4851346, 0.094039216, -0.28759725, 1.9153354, -0.27003689],
    [-2.5159495, -1.4783595, 0.12586478, -0.32386809, 1.9754544, -0.27851488],
    [-2.5787813, -1.4715843, 0.15769035, -0.36013893, 2.0355734, -0.28699288],
    [-2.6416132, -1.4648092, 0.18951592, -0.39640976, 2.0956924, -0.29547087],
    [-2.704445, -1.458034, 0.22134149, -0.4326806, 2.1558115, -0.30394887],
    [-2.7672769, -1.4512589, 0.25316706, -0.46895144, 2.2159305, -0.31242686],
    [-2.8301087, -1.4444837, 0.28499263, -0.50522227, 2.2760495, -0.32090485],
    [-2.8929406, -1.4377086, 0.31681819, -0.54149311, 2.3361685, -0.32938285],
    [-2.9557724, -1.4309334, 0.34864376, -0.57776395, 2.3962875, -0.33786084],
    [-3.0186043, -1.4241583, 0.38046933, -0.61403479, 2.4564065, -0.34633884],
    [-3.0814361, -1.4173831, 0.4122949, -0.65030562, 2.5165255, -0.35481683],
    [-3.144268, -1.410608, 0.44412047, -0.68657646, 2.5766445, -0.36329483],
    [-3.2070999, -1.4038328, 0.47594603, -0.7228473, 2.6367635, -0.37177282],
    [-3.2699317, -1.3970577, 0.5077716, -0.75911814, 2.6968825, -0.38025081],
    [-3.3327636, -1.3902825, 0.53959717, -0.79538897, 2.7570015, -0.38872881],
    [-3.3955954, -1.3835074, 0.57142274, -0.83165981, 2.8171205, -0.3972068],
    [-3.4584273, -1.3767322, 0.60324831, -0.86793065, 2.8772395, -0.4056848],
    [-3.5212591, -1.3699571, 0.63507388, -0.90420148, 2.9373585, -0.41416279],
    [-3.584091, -1.3631819, 0.66689944, -0.94047232, 2.9974775, -0.42264079],
    [-3.6469228, -1.3564068, 0.69872501, -0.97674316, 3.0575965, -0.43111878],
    [-3.7097547, -1.3496316, 0.73055058, -1.013014, 3.1177155, -0.43959678],
    [-3.7725865, -1.3428565, 0.76237615, -1.0492848, 3.1778345, -0.44807477],
    [-3.8354184, -1.3360813, 0.79420172, -1.0855557, 3.2379535, -0.45655276],
    [-3.8982502, -1.3293062, 0.82602729, -1.1218265, 3.2980725, -0.46503076],
    [-3.9610821, -1.322531, 0.85785285, -1.1580973, 3.3581915, -0.47350875],
    [-4.0239139, -1.3157559, 0.88967842, -1.1943682, 3.4183105, -0.48198675],
    [-4.0867458, -1.3089807, 0.92150399, -1.230639, 3.4784296, -0.49046474],
    [-4.1495777, -1.3022056, 0.95332956, -1.2669099, 3.5385486, -0.49894274],
    [-4.2124095, -1.2954304, 0.98515513, -1.3031807, 3.5986676, -0.50742073],
    [-4.2752414, -1.2886553, 1.0169807, -1.3394515, 3.6587866, -0.51589872],
    [-4.3380732, -1.2818801, 1.0488063, -1.3757224, 3.7189056, -0.52437672],
    [-4.4009051, -1.275105, 1.0806318, -1.4119932, 3.7790246, -0.53285471],
    [-4.4637369, -1.2683298, 1.1124574, -1.448264, 3.8391436, -0.54133271],
    [-4.5265688, -1.2615547, 1.144283, -1.4845349, 3.8992626, -0.5498107],
    [-4.5894006, -1.2547795, 1.1761085, -1.5208057, 3.9593816, -0.5582887],
    [-4.6522325, -1.2480044, 1.2079341, -1.5570766, 4.0195006, -0.56676669],
    [-4.7150643, -1.2412292, 1.2397597, -1.5933474, 4.0796196, -0.57524469],
    [-4.7778962, -1.2344541, 1.2715852, -1.6296182, 4.1397386, -0.58372268],
    [-4.840728, -1.227679, 1.3034108, -1.6658891, 4.1998576, -0.59220067],
    [-4.9035599, -1.2209038, 1.3352364, -1.7021599, 4.2599766, -0.60067867],
    [-4.9663917, -1.2141287, 1.3670619, -1.7384307, 4.3200956, -0.60915666],
    [-5.0292236, -1.2073535, 1.3988875, -1.7747016, 4.3802146, -0.61763466],
    [-5.0920554, -1.2005784, 1.4307131, -1.8109724, 4.4403336, -0.62611265],
    [-5.1548873, -1.1938032, 1.4625387, -1.8472433, 4.5004526, -0.63459065],
    [-5.2157748, -1.1872377, 1.4933794, -1.8823917, 4.5587112, -0.64280628],
    [-5.2673707, -1.1816741, 1.5195137, -1.9121763, 4.6080794, -0.64976819],
    [-5.3089665, -1.1771889, 1.5405828, -1.9361883, 4.6478793, -0.65538078],
    [-5.3405624, -1.1737819, 1.5565867, -1.9544276, 4.678111, -0.65964406],
    [-5.3621583, -1.1714532, 1.5675255, -1.9668942, 4.6987744, -0.66255802],
    [-5.3737542, -1.1702028, 1.573399, -1.9735881, 4.7098696, -0.66412267],
    [-5.3759294, -1.1699683, 1.5745008, -1.9748439, 4.711951, -0.66441619]
  ]
}
