{
  "iteration": 114,
  "label": "pre_pick",
  "planning_time_ms": 35.116149,
  "scene": {
    "block_x": 0.3404716,
    "block_y": 0.39392989,
    "bin_x": 0.1780771,
    "bin_y": 0.36391918
  },
  "joint_names": ["shoulder_pan_joint", "shoulder_lift_joint", "elbow_joint", "wrist_1_joint", "wrist_2_joint", "wrist_3_joint"],
  "start_joints": [-0.45128026, -1.7008524, -0.92065777, 0.86876193, -9.9338517e-05, -0.00047184732],
  "goal_joints": [4.2520286, -2.6076827, -0.45739447, 4.6357728, -4.713472, -0.46000755],
  "num_waypoints": 83,
  "trajectory": [
    [-0.45128026, -1.7008524, -0.92065777, 0.86876193, -9.9338517e-05, -0.00047184732],
    [-0.44629094, -1.7018144, -0.92016633, 0.87275802, -0.0050993385, -0.00095932809],
    [-0.43132297, -1.7047003, -0.91869203, 0.88474628, -0.020099339, -0.0024217704],
    [-0.40637634, -1.7095102, -0.91623485, 0.90472673, -0.045099339, -0.0048591742],
    [-0.37145107, -1.716244, -0.91279481, 0.93269935, -0.080099339, -0.0082715396],
    [-0.32654716, -1.7249018, -0.90837189, 0.96866415, -0.12509934, -0.012658867],
    [-0.27166459, -1.7354836, -0.90296611, 1.0126211, -0.18009934, -0.018021155],
    [-0.20927177, -1.7475133, -0.89682058, 1.0625933, -0.24262566, -0.024117231],
    [-0.14643992, -1.7596277, -0.89063181, 1.112917, -0.30559196, -0.030256202],
    [-0.083608065, -1.7717421, -0.88444304, 1.1632408, -0.36855825, -0.036395174],
    [-0.020776212, -1.7838566, -0.87825427, 1.2135646, -0.43152455, -0.042534146],
    [0.042055642, -1.795971, -0.87206551, 1.2638884, -0.49449084, -0.048673117],
    [0.10488749, -1.8080854, -0.86587674, 1.3142122, -0.55745714, -0.054812089],
    [0.16771935, -1.8201998, -0.85968797, 1.3645359, -0.62042343, -0.060951061],
    [0.2305512, -1.8323142, -0.8534992, 1.4148597, -0.68338973, -0.067090032],
    [0.29338305, -1.8444286, -0.84731043, 1.4651835, -0.74635602, -0.073229004],
    [0.35621491, -1.856543, -0.84112166, 1.5155073, -0.80932232, -0.079367975],
    [0.41904676, -1.8686574, -0.83493289, 1.565831, -0.87228861, -0.085506947],
    [0.48187861, -1.8807719, -0.82874412, 1.6161548, -0.93525491, -0.091645919],
    [0.54471047, -1.8928863, -0.82255536, 1.6664786, -0.9982212, -0.09778489],
    [0.60754232, -1.9050007, -0.81636659, 1.7168024, -1.0611875, -0.10392386],
    [0.67037417, -1.9171151, -0.81017782, 1.7671262, -1.1241538, -0.11006283],
    [0.73320603, -1.9292295, -0.80398905, 1.8174499, -1.1871201, -0.11620181],
    [0.79603788, -1.9413439, -0.79780028, 1.8677737, -1.2500864, -0.12234078],
    [0.85886973, -1.9534583, -0.79161151, 1.9180975, -1.3130527, -0.12847975],
    [0.92170158, -1.9655727, -0.78542274, 1.9684213, -1.376019, -0.13461872],
    [0.98453344, -1.9776872, -0.77923397, 2.0187451, -1.4389853, -0.14075769],
    [1.0473653, -1.9898016, -0.77304521, 2.0690688, -1.5019516, -0.14689666],
    [1.1101971, -2.001916, -0.76685644, 2.1193926, -1.5649179, -0.15303563],
    [1.173029, -2.0140304, -0.76066767, 2.1697164, -1.6278842, -0.15917461],
    [1.2358608, -2.0261448, -0.7544789, 2.2200402, -1.6908504, -0.16531358],
    [1.2986927, -2.0382592, -0.74829013, 2.2703639, -1.7538167, -0.17145255],
    [1.3615246, -2.0503736, -0.74210136, 2.3206877, -1.816783, -0.17759152],
    [1.4243564, -2.062488, -0.73591259, 2.3710115, -1.8797493, -0.18373049],
    [1.4871883, -2.0746025, -0.72972382, 2.4213353, -1.9427156, -0.18986946],
    [1.5500201, -2.0867169, -0.72353505, 2.4716591, -2.0056819, -0.19600844],
    [1.612852, -2.0988313, -0.71734629, 2.5219828, -2.0686482, -0.20214741],
    [1.6756838, -2.1109457, -0.71115752, 2.5723066, -2.1316145, -0.20828638],
    [1.7385157, -2.1230601, -0.70496875, 2.6226304, -2.1945808, -0.21442535],
    [1.8013475, -2.1351745, -0.69877998, 2.6729542, -2.2575471, -0.22056432],
    [1.8641794, -2.1472889, -0.69259121, 2.723278, -2.3205134, -0.22670329],
    [1.9270112, -2.1594033, -0.68640244, 2.7736017, -2.3834797, -0.23284227],
    [1.9898431, -2.1715178, -0.68021367, 2.8239255, -2.446446, -0.23898124],
    [2.0526749, -2.1836322, -0.6740249, 2.8742493, -2.5094123, -0.24512021],
    [2.1155068, -2.1957466, -0.66783614, 2.9245731, -2.5723786, -0.25125918],
    [2.1783386, -2.207861, -0.66164737, 2.9748968, -2.6353449, -0.25739815],
    [2.2411705, -2.2199754, -0.6554586, 3.0252206, -2.6983112, -0.26353712],
    [2.3040024, -2.2320898, -0.64926983, 3.0755444, -2.7612775, -0.2696761],
    [2.3668342, -2.2442042, -0.64308106, 3.1258682, -2.8242438, -0.27581507],
    [2.4296661, -2.2563187, -0.63689229, 3.176192, -2.8872101, -0.28195404],
    [2.4924979, -2.2684331, -0.63070352, 3.2265157, -2.9501764, -0.28809301],
    [2.5553298, -2.2805475, -0.62451475, 3.2768395, -3.0131426, -0.29423198],
    [2.6181616, -2.2926619, -0.61832598, 3.3271633, -3.0761089, -0.30037095],
    [2.6809935, -2.3047763, -0.61213722, 3.3774871, -3.1390752, -0.30650992],
    [2.7438253, -2.3168907, -0.60594845, 3.4278109, -3.2020415, -0.3126489],
    [2.8066572, -2.3290051, -0.59975968, 3.4781346, -3.2650078, -0.31878787],
    [2.869489, -2.3411195, -0.59357091, 3.5284584, -3.3279741, -0.32492684],
    [2.9323209, -2.353234, -0.58738214, 3.5787822, -3.3909404, -0.33106581],
    [2.9951527, -2.3653484, -0.58119337, 3.629106, -3.4539067, -0.33720478],
    [3.0579846, -2.3774628, -0.5750046, 3.6794297, -3.516873, -0.34334375],
    [3.1208164, -2.3895772, -0.56881583, 3.7297535, -3.5798393, -0.34948273],
    [3.1836483, -2.4016916, -0.56262707, 3.7800773, -3.6428056, -0.3556217],
    [3.2464801, -2.413806, -0.5564383, 3.8304011, -3.7057719, -0.36176067],
    [3.309312, -2.4259204, -0.55024953, 3.8807249, -3.7687382, -0.36789964],
    [3.3721439, -2.4380348, -0.54406076, 3.9310486, -3.8317045, -0.37403861],
    [3.4349757, -2.4501493, -0.53787199, 3.9813724, -3.8946708, -0.38017758],
    [3.4978076, -2.4622637, -0.53168322, 4.0316962, -3.9576371, -0.38631656],
    [3.5606394, -2.4743781, -0.52549445, 4.08202, -4.0206034, -0.39245553],
    [3.6234713, -2.4864925, -0.51930568, 4.1323438, -4.0835697, -0.3985945],
    [3.6863031, -2.4986069, -0.51311692, 4.1826675, -4.146536, -0.40473347],
    [3.749135, -2.5107213, -0.50692815, 4.2329913, -4.2095023, -0.41087244],
    [3.8119668, -2.5228357, -0.50073938, 4.2833151, -4.2724686, -0.41701141],
    [3.8747987, -2.5349501, -0.49455061, 4.3336389, -4.3354348, -0.42315039],
    [3.9376305, -2.5470646, -0.48836184, 4.3839627, -4.3984011, -0.42928936],
    [4.0004624, -2.559179, -0.48217307, 4.4342864, -4.4613674, -0.43542833],
    [4.06319, -2.5712733, -0.47599457, 4.4845268, -4.5242293, -0.44155712],
    [4.1195905, -2.5821477, -0.47043927, 4.5296995, -4.5807505, -0.44706772],
    [4.1660124, -2.5910981, -0.46586684, 4.56688, -4.6272716, -0.45160335],
    [4.2024555, -2.5981246, -0.46227729, 4.5960684, -4.6637928, -0.45516402],
    [4.2289201, -2.6032272, -0.4596706, 4.6172645, -4.690314, -0.45774973],
    [4.245406, -2.6064058, -0.45804679, 4.6304686, -4.7068351, -0.45936048],
    [4.2519132, -2.6076604, -0.45740584, 4.6356804, -4.7133563, -0.45999627],
    [4.2520286, -2.6076827, -0.45739447, 4.6357728, -4.713472, -0.46000755]
  ]
}
