{
  "iteration": 530,
  "label": "pre_pick",
  "planning_time_ms": 44.65677,
  "scene": {
    "block_x": 0.26291595,
    "block_y": 0.44829316,
    "bin_x": 0.42156943,
    "bin_y": 0.31786894
  },
  "joint_names": ["shoulder_pan_joint", "shoulder_lift_joint", "elbow_joint", "wrist_1_joint", "wrist_2_joint", "wrist_3_joint"],
  "start_joints": [-0.4513064, -1.7007752, -0.9203018, 0.86839682, 2.2842806e-05, -0.00020808382],
  "goal_joints": [0.78853368, -0.5371568, 0.46403121, -1.4978168, 4.7111793, -0.78254992],
  "num_waypoints": 52,
  "trajectory": [
    [-0.4513064, -1.7007752, -0.9203018, 0.86839682, 2.2842806e-05, -0.00020808382],
    [-0.44999055, -1.6995403, -0.91883259, 0.86588553, 0.0050228428, -0.0010383915],
    [-0.44604298, -1.6958354, -0.91442497, 0.85835167, 0.020022843, -0.0035293144],
    [-0.4394637, -1.6896606, -0.90707894, 0.84579523, 0.045022843, -0.0076808525],
    [-0.43025272, -1.6810159, -0.89679449, 0.82821622, 0.080022843, -0.013493006],
    [-0.41841002, -1.6699012, -0.88357162, 0.80561463, 0.12502284, -0.020965775],
    [-0.40393561, -1.6563166, -0.86741034, 0.77799047, 0.18002284, -0.030099159],
    [-0.38682949, -1.6402622, -0.84831065, 0.74534373, 0.24502284, -0.040893158],
    [-0.36709166, -1.6217378, -0.82627254, 0.70767442, 0.32002283, -0.05334777],
    [-0.34472212, -1.6007434, -0.80129602, 0.66498254, 0.40502282, -0.067462998],
    [-0.31972088, -1.5772792, -0.77338109, 0.61726809, 0.50002281, -0.083238841],
    [-0.29208792, -1.551345, -0.74252775, 0.56453106, 0.60502279, -0.1006753],
    [-0.26182325, -1.5229409, -0.70873599, 0.50677146, 0.72002276, -0.11977237],
    [-0.22917431, -1.4922991, -0.67228208, 0.44446151, 0.84408253, -0.14037392],
    [-0.19610326, -1.4612612, -0.63535688, 0.38134597, 0.96974624, -0.16124183],
    [-0.16303221, -1.4302233, -0.59843167, 0.31823043, 1.0954099, -0.18210974],
    [-0.12996115, -1.3991853, -0.56150647, 0.25511489, 1.2210737, -0.20297765],
    [-0.096890102, -1.3681474, -0.52458126, 0.19199935, 1.3467374, -0.22384555],
    [-0.06381905, -1.3371094, -0.48765606, 0.12888381, 1.4724011, -0.24471346],
    [-0.030747998, -1.3060715, -0.45073085, 0.065768273, 1.5980648, -0.26558137],
    [0.0023230537, -1.2750335, -0.41380565, 0.0026527345, 1.7237285, -0.28644927],
    [0.035394106, -1.2439956, -0.37688044, -0.060462805, 1.8493922, -0.30731718],
    [0.068465158, -1.2129577, -0.33995524, -0.12357834, 1.9750559, -0.32818509],
    [0.10153621, -1.1819197, -0.30303003, -0.18669388, 2.1007196, -0.34905299],
    [0.13460726, -1.1508818, -0.26610483, -0.24980942, 2.2263833, -0.3699209],
    [0.16767831, -1.1198438, -0.22917963, -0.31292496, 2.352047, -0.39078881],
    [0.20074937, -1.0888059, -0.19225442, -0.3760405, 2.4777107, -0.41165671],
    [0.23382042, -1.0577679, -0.15532922, -0.43915604, 2.6033744, -0.43252462],
    [0.26689147, -1.02673, -0.11840401, -0.50227158, 2.7290381, -0.45339253],
    [0.29996252, -0.99569206, -0.081478806, -0.56538712, 2.8547018, -0.47426044],
    [0.33303357, -0.96465412, -0.044553601, -0.62850266, 2.9803655, -0.49512834],
    [0.36610462, -0.93361618, -0.0076283959, -0.69161819, 3.1060292, -0.51599625],
    [0.39917568, -0.90257824, 0.029296809, -0.75473373, 3.231693, -0.53686416],
    [0.43224673, -0.87154029, 0.066222014, -0.81784927, 3.3573567, -0.55773206],
    [0.46531778, -0.84050235, 0.10314722, -0.88096481, 3.4830204, -0.57859997],
    [0.49838883, -0.80946441, 0.14007242, -0.94408035, 3.6086841, -0.59946788],
    [0.53145988, -0.77842647, 0.17699763, -1.0071959, 3.7343478, -0.62033578],
    [0.56453094, -0.74738852, 0.21392283, -1.0703114, 3.8600115, -0.64120369],
    [0.59725999, -0.71667155, 0.25046619, -1.1327743, 3.9843757, -0.6618558],
    [0.62767353, -0.68812775, 0.28442416, -1.190818, 4.0999413, -0.6810468],
    [0.65545535, -0.66205387, 0.31544372, -1.2438391, 4.2055069, -0.69857719],
    [0.68060546, -0.63844992, 0.34352486, -1.2918377, 4.3010726, -0.71444697],
    [0.70312386, -0.61731588, 0.36866759, -1.3348137, 4.3866382, -0.72865613],
    [0.72301055, -0.59865177, 0.39087191, -1.3727671, 4.4622038, -0.74120467],
    [0.74026552, -0.58245757, 0.41013781, -1.4056979, 4.5277695, -0.7520926],
    [0.75488879, -0.5687333, 0.42646529, -1.4336062, 4.5833351, -0.76131992],
    [0.76688035, -0.55747895, 0.43985437, -1.4564918, 4.6289008, -0.76888662],
    [0.77624019, -0.54869452, 0.45030502, -1.4743549, 4.6644664, -0.7747927],
    [0.78296833, -0.54238001, 0.45781727, -1.4871955, 4.690032, -0.77903817],
    [0.78706475, -0.53853542, 0.4623911, -1.4950134, 4.7055977, -0.78162302],
    [0.78852947, -0.53716075, 0.46402651, -1.4978088, 4.7111633, -0.78254726],
    [0.78853368, -0.5371568, 0.46403121, -1.4978168, 4.7111793, -0.78254992]
  ]
}
