{
  "iteration": 646,
  "label": "pre_pick",
  "planning_time_ms": 52.960699,
  "scene": {
    "block_x": 0.25904492,
    "block_y": 0.43313405,
    "bin_x": 0.15879814,
    "bin_y": 0.33207592
  },
  "joint_names": ["shoulder_pan_joint", "shoulder_lift_joint", "elbow_joint", "wrist_1_joint", "wrist_2_joint", "wrist_3_joint"],
  "start_joints": [-0.45120654, -1.7009173, -0.91996916, 0.86785532, -1.7790572e-05, 2.5049739e-05],
  "goal_joints": [0.7721126, -0.66078539, 0.70384117, -1.6141729, -1.5714395, -0.79952215],
  "num_waypoints": 37,
  "trajectory": [
    [-0.45120654, -1.7009173, -0.91996916, 0.86785532, -1.7790572e-05, 2.5049739e-05],
    [-0.44874219, -1.6988219, -0.91669802, 0.86285532, -0.0031833906, -0.0015856234],
    [-0.44134912, -1.6925359, -0.90688461, 0.84785532, -0.012680191, -0.0064176426],
    [-0.42902736, -1.6820593, -0.89052893, 0.82285532, -0.028508191, -0.014471008],
    [-0.41177688, -1.667392, -0.86763098, 0.78785532, -0.050667391, -0.02574572],
    [-0.38959769, -1.6485341, -0.83819076, 0.74285532, -0.079157791, -0.040241778],
    [-0.3624898, -1.6254855, -0.80220826, 0.68785532, -0.11397939, -0.057959181],
    [-0.33045321, -1.5982463, -0.75968351, 0.62285534, -0.15513218, -0.078897925],
    [-0.29348792, -1.5668164, -0.71061648, 0.54785536, -0.20261616, -0.10305801],
    [-0.25159391, -1.5311958, -0.65500719, 0.46285539, -0.25643135, -0.13043945],
    [-0.20515774, -1.4917133, -0.59336871, 0.36863967, -0.3160812, -0.16078959],
    [-0.15782253, -1.4514664, -0.53053685, 0.27259986, -0.37688592, -0.19172734],
    [-0.11048731, -1.4112194, -0.467705, 0.17656005, -0.43769065, -0.22266509],
    [-0.0631521, -1.3709725, -0.40487315, 0.080520246, -0.49849537, -0.25360283],
    [-0.015816886, -1.3307255, -0.34204129, -0.015519561, -0.55930009, -0.28454058],
    [0.031518327, -1.2904786, -0.27920944, -0.11155937, -0.62010481, -0.31547833],
    [0.07885354, -1.2502316, -0.21637759, -0.20759917, -0.68090954, -0.34641607],
    [0.12618875, -1.2099847, -0.15354573, -0.30363898, -0.74171426, -0.37735382],
    [0.17352397, -1.1697377, -0.090713881, -0.39967879, -0.80251898, -0.40829157],
    [0.22085918, -1.1294908, -0.027882028, -0.49571859, -0.8633237, -0.43922931],
    [0.26819439, -1.0892438, 0.034949826, -0.5917584, -0.92412843, -0.47016706],
    [0.31552961, -1.0489969, 0.097781679, -0.68779821, -0.98493315, -0.50110481],
    [0.36286482, -1.0087499, 0.16061353, -0.78383802, -1.0457379, -0.53204255],
    [0.41020003, -0.96850296, 0.22344538, -0.87987782, -1.1065426, -0.5629803],
    [0.45753525, -0.92825601, 0.28627724, -0.97591763, -1.1673473, -0.59391805],
    [0.50487046, -0.88800906, 0.34910909, -1.0719574, -1.228152, -0.62485579],
    [0.55214551, -0.84781326, 0.41186108, -1.1678752, -1.2888795, -0.65575421],
    [0.59624624, -0.81031645, 0.47039954, -1.2573524, -1.3455293, -0.68457794],
    [0.63541826, -0.77701028, 0.52239573, -1.3368297, -1.395848, -0.71018032],
    [0.66966157, -0.74789477, 0.56784965, -1.406307, -1.4398354, -0.73256135],
    [0.69897618, -0.72296991, 0.60676129, -1.4657842, -1.4774917, -0.75172104],
    [0.72336208, -0.70223571, 0.63913067, -1.5152615, -1.5088167, -0.76765938],
    [0.74281927, -0.68569215, 0.66495777, -1.5547388, -1.5338106, -0.78037637],
    [0.75734775, -0.67333925, 0.6842426, -1.584216, -1.5524732, -0.78987202],
    [0.76694753, -0.66517701, 0.69698516, -1.6036933, -1.5648047, -0.79614632],
    [0.7716186, -0.66120541, 0.70318544, -1.6131706, -1.5708049, -0.79919928],
    [0.7721126, -0.66078539, 0.70384117, -1.6141729, -1.5714395, -0.79952215]
  ]
}
