{
  "iteration": 172,
  "label": "pre_pick",
  "planning_time_ms": 45.622583,
  "scene": {
    "block_x": 0.13925992,
    "block_y": 0.48424995,
    "bin_x": 0.12511511,
    "bin_y": 0.34031773
  },
  "joint_names": ["shoulder_pan_joint", "shoulder_lift_joint", "elbow_joint", "wrist_1_joint", "wrist_2_joint", "wrist_3_joint"],
  "start_joints": [-0.45135111, -1.7008302, -0.91985871, 0.86788631, -1.4062569e-05, -9.3837404e-05],
  "goal_joints": [-1.5866284, -3.136887, 0.70623466, -2.281252, 1.5716678, -0.016055673],
  "num_waypoints": 40,
  "trajectory": [
    [-0.45135111, -1.7008302, -0.91985871, 0.86788631, -1.4062569e-05, -9.3837404e-05],
    [-0.45315363, -1.7031103, -0.9172769, 0.86288631, 0.0024813531, -0.00011918058],
    [-0.45856119, -1.7099505, -0.90953148, 0.84788631, 0.0099676, -0.00019521012],
    [-0.4675738, -1.7213509, -0.89662244, 0.82288631, 0.022444678, -0.00032192602],
    [-0.48019144, -1.7373115, -0.8785498, 0.78788631, 0.039912588, -0.00049932828],
    [-0.49641412, -1.7578322, -0.85531353, 0.74288631, 0.062371329, -0.0007274169],
    [-0.51624185, -1.782913, -0.82691366, 0.68788631, 0.089820901, -0.0010061919],
    [-0.53967462, -1.8125541, -0.79335017, 0.62288631, 0.1222613, -0.0013356532],
    [-0.56671242, -1.8467553, -0.75462307, 0.54788631, 0.15969254, -0.0017158009],
    [-0.59735527, -1.8855166, -0.71073235, 0.46288631, 0.2021146, -0.002146635],
    [-0.63160316, -1.9288381, -0.66167803, 0.36788632, 0.24952749, -0.0026281553],
    [-0.66945608, -1.9767197, -0.60746009, 0.26288634, 0.30193122, -0.003160362],
    [-0.71091405, -2.0291616, -0.54807855, 0.14788635, 0.35932577, -0.0037432551],
    [-0.75472985, -2.0845859, -0.4853198, 0.026345987, 0.41998452, -0.004359299],
    [-0.79859669, -2.1400748, -0.42248794, -0.095335954, 0.48071392, -0.0049760604],
    [-0.84246353, -2.1955637, -0.35965609, -0.2170179, 0.54144332, -0.0055928219],
    [-0.88633036, -2.2510526, -0.29682424, -0.33869984, 0.60217273, -0.0062095834],
    [-0.9301972, -2.3065414, -0.23399238, -0.46038178, 0.66290213, -0.0068263448],
    [-0.97406404, -2.3620303, -0.17116053, -0.58206372, 0.72363153, -0.0074431063],
    [-1.0179309, -2.4175192, -0.10832868, -0.70374566, 0.78436094, -0.0080598678],
    [-1.0617977, -2.4730081, -0.045496825, -0.8254276, 0.84509034, -0.0086766292],
    [-1.1056646, -2.528497, 0.017335028, -0.94710954, 0.90581975, -0.0092933907],
    [-1.1495314, -2.5839859, 0.080166881, -1.0687915, 0.96654915, -0.0099101522],
    [-1.1933982, -2.6394748, 0.14299873, -1.1904734, 1.0272786, -0.010526914],
    [-1.2372651, -2.6949637, 0.20583059, -1.3121554, 1.088008, -0.011143675],
    [-1.2811319, -2.7504525, 0.26866244, -1.4338373, 1.1487374, -0.011760437],
    [-1.3249728, -2.8059086, 0.33145717, -1.5554473, 1.2094309, -0.012376834],
    [-1.3666048, -2.8585706, 0.391088, -1.6709301, 1.2670664, -0.012962174],
    [-1.4046318, -2.9066724, 0.44555522, -1.7764128, 1.319711, -0.013496827],
    [-1.4390537, -2.9502141, 0.49485882, -1.8718956, 1.3673649, -0.013980795],
    [-1.4698706, -2.9891955, 0.53899881, -1.9573784, 1.4100279, -0.014414076],
    [-1.4970824, -3.0236169, 0.57797519, -2.0328611, 1.4477, -0.01479667],
    [-1.5206892, -3.053478, 0.61178795, -2.0983439, 1.4803814, -0.015128578],
    [-1.540691, -3.078779, 0.6404371, -2.1538266, 1.5080719, -0.0154098],
    [-1.5570877, -3.0995199, 0.66392263, -2.1993094, 1.5307716, -0.015640336],
    [-1.5698794, -3.1157006, 0.68224456, -2.2347921, 1.5484804, -0.015820185],
    [-1.579066, -3.1273211, 0.69540287, -2.2602749, 1.5611984, -0.015949348],
    [-1.5846476, -3.1343815, 0.70339756, -2.2757576, 1.5689256, -0.016027824],
    [-1.5866242, -3.1368817, 0.70622864, -2.2812404, 1.5716619, -0.016055614],
    [-1.5866284, -3.136887, 0.70623466, -2.281252, 1.5716678, -0.016055673]
  ]
}
