{
  "iteration": 647,
  "label": "pre_pick",
  "planning_time_ms": 5010.8917,
  "scene": {
    "block_x": 0.1466609,
    "block_y": 0.50919356,
    "bin_x": 0.35368476,
    "bin_y": 0.36251121
  },
  "joint_names": ["shoulder_pan_joint", "shoulder_lift_joint", "elbow_joint", "wrist_1_joint", "wrist_2_joint", "wrist_3_joint"],
  "start_joints": [-0.45121195, -1.700901, -0.9200688, 0.86799803, -1.9225058e-05, -3.4299225e-05],
  "goal_joints": [-5.2368698, -0.21646767, -0.20924424, -1.143907, -1.5703749, -0.52544232],
  "num_waypoints": 84,
  "trajectory": [
    [-0.45121195, -1.700901, -0.9200688, 0.86799803, -1.9225058e-05, -3.4299225e-05],
    [-0.45621195, -1.6993501, -0.91932614, 0.86589601, -0.0016599145, -0.00058323945],
    [-0.47121195, -1.6946973, -0.91709816, 0.85958997, -0.0065819828, -0.0022300601],
    [-0.49621195, -1.6869427, -0.91338485, 0.84907989, -0.01478543, -0.0049747613],
    [-0.53121195, -1.6760863, -0.90818622, 0.83436578, -0.026270256, -0.0088173429],
    [-0.57621195, -1.662128, -0.90150227, 0.81544765, -0.041036461, -0.013757805],
    [-0.63121195, -1.6450679, -0.89333299, 0.79232548, -0.059084045, -0.019796147],
    [-0.69364272, -1.6257029, -0.88406001, 0.7660794, -0.079569947, -0.0266503],
    [-0.75647457, -1.6062135, -0.87472745, 0.73966469, -0.10018746, -0.033548487],
    [-0.81930643, -1.5867241, -0.8653949, 0.71324999, -0.12080497, -0.040446673],
    [-0.88213828, -1.5672346, -0.85606234, 0.68683529, -0.14142248, -0.047344859],
    [-0.94497013, -1.5477452, -0.84672978, 0.66042059, -0.16203999, -0.054243046],
    [-1.007802, -1.5282558, -0.83739723, 0.63400589, -0.18265751, -0.061141232],
    [-1.0706338, -1.5087664, -0.82806467, 0.60759119, -0.20327502, -0.068039418],
    [-1.1334657, -1.489277, -0.81873211, 0.58117649, -0.22389253, -0.074937605],
    [-1.1962975, -1.4697875, -0.80939955, 0.55476179, -0.24451004, -0.081835791],
    [-1.2591294, -1.4502981, -0.800067, 0.52834709, -0.26512755, -0.088733977],
    [-1.3219613, -1.4308087, -0.79073444, 0.50193238, -0.28574506, -0.095632164],
    [-1.3847931, -1.4113193, -0.78140188, 0.47551768, -0.30636257, -0.10253035],
    [-1.447625, -1.3918299, -0.77206933, 0.44910298, -0.32698009, -0.10942854],
    [-1.5104568, -1.3723404, -0.76273677, 0.42268828, -0.3475976, -0.11632672],
    [-1.5732887, -1.352851, -0.75340421, 0.39627358, -0.36821511, -0.12322491],
    [-1.6361205, -1.3333616, -0.74407166, 0.36985888, -0.38883262, -0.1301231],
    [-1.6989524, -1.3138722, -0.7347391, 0.34344418, -0.40945013, -0.13702128],
    [-1.7617842, -1.2943828, -0.72540654, 0.31702948, -0.43006764, -0.14391947],
    [-1.8246161, -1.2748933, -0.71607398, 0.29061478, -0.45068516, -0.15081765],
    [-1.8874479, -1.2554039, -0.70674143, 0.26420008, -0.47130267, -0.15771584],
    [-1.9502798, -1.2359145, -0.69740887, 0.23778537, -0.49192018, -0.16461403],
    [-2.0131116, -1.2164251, -0.68807631, 0.21137067, -0.51253769, -0.17151221],
    [-2.0759435, -1.1969357, -0.67874376, 0.18495597, -0.5331552, -0.1784104],
    [-2.1387753, -1.1774462, -0.6694112, 0.15854127, -0.55377271, -0.18530859],
    [-2.2016072, -1.1579568, -0.66007864, 0.13212657, -0.57439022, -0.19220677],
    [-2.264439, -1.1384674, -0.65074609, 0.10571187, -0.59500774, -0.19910496],
    [-2.3272709, -1.118978, -0.64141353, 0.079297168, -0.61562525, -0.20600315],
    [-2.3901028, -1.0994886, -0.63208097, 0.052882466, -0.63624276, -0.21290133],
    [-2.4529346, -1.0799991, -0.62274841, 0.026467765, -0.65686027, -0.21979952],
    [-2.5157665, -1.0605097, -0.61341586, 5.3064293e-05, -0.67747778, -0.2266977],
    [-2.5785983, -1.0410203, -0.6040833, -0.026361637, -0.69809529, -0.23359589],
    [-2.6414302, -1.0215309, -0.59475074, -0.052776338, -0.71871281, -0.24049408],
    [-2.704262, -1.0020415, -0.58541819, -0.079191039, -0.73933032, -0.24739226],
    [-2.7670939, -0.98255203, -0.57608563, -0.10560574, -0.75994783, -0.25429045],
    [-2.8299257, -0.96306261, -0.56675307, -0.13202044, -0.78056534, -0.26118864],
    [-2.8927576, -0.94357319, -0.55742052, -0.15843514, -0.80118285, -0.26808682],
    [-2.9555894, -0.92408377, -0.54808796, -0.18484984, -0.82180036, -0.27498501],
    [-3.0184213, -0.90459435, -0.5387554, -0.21126454, -0.84241788, -0.2818832],
    [-3.0812531, -0.88510493, -0.52942284, -0.23767925, -0.86303539, -0.28878138],
    [-3.144085, -0.86561551, -0.52009029, -0.26409395, -0.8836529, -0.29567957],
    [-3.2069168, -0.84612609, -0.51075773, -0.29050865, -0.90427041, -0.30257775],
    [-3.2697487, -0.82663667, -0.50142517, -0.31692335, -0.92488792, -0.30947594],
    [-3.3325806, -0.80714725, -0.49209262, -0.34333805, -0.94550543, -0.31637413],
    [-3.3954124, -0.78765783, -0.48276006, -0.36975275, -0.96612294, -0.32327231],
    [-3.4582443, -0.76816841, -0.4734275, -0.39616745, -0.98674046, -0.3301705],
    [-3.5210761, -0.74867899, -0.46409495, -0.42258215, -1.007358, -0.33706869],
    [-3.583908, -0.72918957, -0.45476239, -0.44899685, -1.0279755, -0.34396687],
    [-3.6467398, -0.70970015, -0.44542983, -0.47541155, -1.048593, -0.35086506],
    [-3.7095717, -0.69021073, -0.43609727, -0.50182626, -1.0692105, -0.35776325],
    [-3.7724035, -0.6707213, -0.42676472, -0.52824096, -1.089828, -0.36466143],
    [-3.8352354, -0.65123188, -0.41743216, -0.55465566, -1.1104455, -0.37155962],
    [-3.8980672, -0.63174246, -0.4080996, -0.58107036, -1.131063, -0.3784578],
    [-3.9608991, -0.61225304, -0.39876705, -0.60748506, -1.1516805, -0.38535599],
    [-4.0237309, -0.59276362, -0.38943449, -0.63389976, -1.1722981, -0.39225418],
    [-4.0865628, -0.5732742, -0.38010193, -0.66031446, -1.1929156, -0.39915236],
    [-4.1493946, -0.55378478, -0.37076938, -0.68672916, -1.2135331, -0.40605055],
    [-4.2122265, -0.53429536, -0.36143682, -0.71314386, -1.2341506, -0.41294874],
    [-4.2750583, -0.51480594, -0.35210426, -0.73955857, -1.2547681, -0.41984692],
    [-4.3378902, -0.49531652, -0.34277171, -0.76597327, -1.2753856, -0.42674511],
    [-4.4007221, -0.4758271, -0.33343915, -0.79238797, -1.2960031, -0.4336433],
    [-4.4635539, -0.45633768, -0.32410659, -0.81880267, -1.3166206, -0.44054148],
    [-4.5263858, -0.43684826, -0.31477403, -0.84521737, -1.3372382, -0.44743967],
    [-4.5892176, -0.41735884, -0.30544148, -0.87163207, -1.3578557, -0.45433785],
    [-4.6520495, -0.39786942, -0.29610892, -0.89804677, -1.3784732, -0.46123604],
    [-4.7148813, -0.37838, -0.28677636, -0.92446147, -1.3990907, -0.46813423],
    [-4.7777132, -0.35889058, -0.27744381, -0.95087617, -1.4197082, -0.47503241],
    [-4.840545, -0.33940116, -0.26811125, -0.97729088, -1.4403257, -0.4819306],
    [-4.9033769, -0.31991174, -0.25877869, -1.0037056, -1.4609432, -0.48882879],
    [-4.9662087, -0.30042232, -0.24944614, -1.0301203, -1.4815607, -0.49572697],
    [-5.0290406, -0.2809329, -0.24011358, -1.056535, -1.5021782, -0.50262516],
    [-5.0883956, -0.26252194, -0.23129745, -1.081488, -1.5216549, -0.50914163],
    [-5.1378885, -0.24717003, -0.22394614, -1.102295, -1.5378954, -0.51457536],
    [-5.1773815, -0.23491995, -0.21808016, -1.118898, -1.5508545, -0.51891122],
    [-5.2068745, -0.22577171, -0.21369951, -1.1312969, -1.5605323, -0.52214919],
    [-5.2263674, -0.21972531, -0.21080417, -1.1394918, -1.5669287, -0.52428929],
    [-5.2358604, -0.21678075, -0.20939416, -1.1434827, -1.5700437, -0.5253315],
    [-5.2368698, -0.21646767, -0.20924424, -1.143907, -1.5703749, -0.52544232]
  ]
}
