{
  "iteration": 25,
  "label": "pick_descend",
  "planning_time_ms": 131.32052,
  "scene": {
    "block_x": 0.14443465,
    "block_y": 0.46660547,
    "bin_x": 0.37109709,
    "bin_y": 0.37129816
  },
  "joint_names": ["shoulder_pan_joint", "shoulder_lift_joint", "elbow_joint", "wrist_1_joint", "wrist_2_joint", "wrist_3_joint"],
  "start_joints": [-1.5825607, -2.3807606, -0.87865492, -1.4221551, 1.5552228, -0.023960354],
  "goal_joints": [-1.5934298, -2.4437313, -1.0168031, -1.2490484, 1.5701146, -0.0242168],
  "num_waypoints": 10,
  "trajectory": [
    [-1.5825607, -2.3807606, -0.87865492, -1.4221551, 1.5552228, -0.023960354],
    [-1.5828464, -2.3818238, -0.88332761, -1.4171551, 1.5556188, -0.023961425],
    [-1.5837084, -2.3851431, -0.89722876, -1.4021549, 1.5568126, -0.023965633],
    [-1.5851787, -2.3915718, -0.91958893, -1.3771533, 1.5588435, -0.023979632],
    [-1.5873103, -2.4025401, -0.94911599, -1.3421501, 1.5617759, -0.024015311],
    [-1.5897183, -2.4171176, -0.97863175, -1.3042629, 1.5650711, -0.024077277],
    [-1.591585, -2.4299122, -0.99887973, -1.2760331, 1.567613, -0.024140965],
    [-1.5928257, -2.4391007, -1.011122, -1.2578019, 1.5692964, -0.024190787],
    [-1.5933938, -2.4434548, -1.0164645, -1.2495705, 1.5700658, -0.024215246],
    [-1.5934298, -2.4437313, -1.0168031, -1.2490484, 1.5701146, -0.0242168]
  ]
}
