{
  "iteration": 989,
  "label": "pre_pick",
  "planning_time_ms": 49.881585,
  "scene": {
    "block_x": 0.12087342,
    "block_y": 0.37621732,
    "bin_x": 0.39251625,
    "bin_y": 0.27267696
  },
  "joint_names": ["shoulder_pan_joint", "shoulder_lift_joint", "elbow_joint", "wrist_1_joint", "wrist_2_joint", "wrist_3_joint"],
  "start_joints": [-0.45140188, -1.7007258, -0.92067115, 0.86876719, -6.9413669e-05, -0.00043320853],
  "goal_joints": [-1.5431983, -1.9702748, -1.5770654, 5.1186463, -4.7117749, 0.026639016],
  "num_waypoints": 52,
  "trajectory": [
    [-0.45140188, -1.7007258, -0.92067115, 0.86876719, -6.9413669e-05, -0.00043320853],
    [-0.45256048, -1.7010119, -0.9213677, 0.8732771, -0.0050694137, -0.00040447984],
    [-0.45603628, -1.70187, -0.92345738, 0.88680685, -0.020069414, -0.00031829377],
    [-0.46182928, -1.7033002, -0.92694016, 0.90935643, -0.045069414, -0.00017465032],
    [-0.46993948, -1.7053025, -0.93181606, 0.94092584, -0.080069414, 2.6450502e-05],
    [-0.48036688, -1.7078769, -0.93808507, 0.98151508, -0.12506941, 0.00028500871],
    [-0.49311148, -1.7110233, -0.9457472, 1.0311242, -0.18006941, 0.00060102429],
    [-0.50817329, -1.7147419, -0.95480244, 1.0897531, -0.24506941, 0.00097449725],
    [-0.52555228, -1.7190325, -0.96525079, 1.1574018, -0.3200694, 0.0014054275],
    [-0.54524848, -1.7238952, -0.97709226, 1.2340704, -0.40506938, 0.0018938151],
    [-0.56726188, -1.72933, -0.99032684, 1.3197587, -0.50006937, 0.0024396601],
    [-0.59159247, -1.7353369, -1.0049545, 1.414467, -0.60506934, 0.0030429625],
    [-0.61824026, -1.7419159, -1.0209753, 1.518195, -0.72006931, 0.0037037222],
    [-0.64698738, -1.7490131, -1.0382583, 1.6300947, -0.844129, 0.0044165366],
    [-0.67610617, -1.7562021, -1.0557647, 1.7434413, -0.96979271, 0.0051385674],
    [-0.70522497, -1.7633911, -1.073271, 1.8567878, -1.0954564, 0.0058605981],
    [-0.73434376, -1.7705802, -1.0907774, 1.9701344, -1.2211201, 0.0065826288],
    [-0.76346255, -1.7777692, -1.1082838, 2.083481, -1.3467838, 0.0073046595],
    [-0.79258135, -1.7849582, -1.1257902, 2.1968275, -1.4724475, 0.0080266902],
    [-0.82170014, -1.7921472, -1.1432966, 2.3101741, -1.5981112, 0.0087487209],
    [-0.85081894, -1.7993362, -1.160803, 2.4235206, -1.7237749, 0.0094707517],
    [-0.87993773, -1.8065252, -1.1783094, 2.5368672, -1.8494387, 0.010192782],
    [-0.90905653, -1.8137143, -1.1958157, 2.6502137, -1.9751024, 0.010914813],
    [-0.93817532, -1.8209033, -1.2133221, 2.7635603, -2.1007661, 0.011636844],
    [-0.96729412, -1.8280923, -1.2308285, 2.8769068, -2.2264298, 0.012358875],
    [-0.99641291, -1.8352813, -1.2483349, 2.9902534, -2.3520935, 0.013080905],
    [-1.0255317, -1.8424703, -1.2658413, 3.1035999, -2.4777572, 0.013802936],
    [-1.0546505, -1.8496593, -1.2833477, 3.2169465, -2.6034209, 0.014524967],
    [-1.0837693, -1.8568484, -1.3008541, 3.330293, -2.7290846, 0.015246997],
    [-1.1128881, -1.8640374, -1.3183604, 3.4436396, -2.8547483, 0.015969028],
    [-1.1420069, -1.8712264, -1.3358668, 3.5569861, -2.980412, 0.016691059],
    [-1.1711257, -1.8784154, -1.3533732, 3.6703327, -3.1060757, 0.01741309],
    [-1.2002445, -1.8856044, -1.3708796, 3.7836792, -3.2317394, 0.01813512],
    [-1.2293633, -1.8927934, -1.388386, 3.8970258, -3.3574031, 0.018857151],
    [-1.2584821, -1.8999825, -1.4058924, 4.0103723, -3.4830668, 0.019579182],
    [-1.2876009, -1.9071715, -1.4233988, 4.1237189, -3.6087305, 0.020301212],
    [-1.3167197, -1.9143605, -1.4409051, 4.2370654, -3.7343942, 0.021023243],
    [-1.3458384, -1.9215495, -1.4584115, 4.350412, -3.860058, 0.021745274],
    [-1.3746613, -1.9286654, -1.47574, 4.4626064, -3.9844443, 0.022459965],
    [-1.4014503, -1.9352793, -1.4918457, 4.566884, -4.1000537, 0.023124226],
    [-1.425922, -1.941321, -1.5065583, 4.6621419, -4.205663, 0.02373103],
    [-1.4480766, -1.9467907, -1.5198777, 4.7483799, -4.3012723, 0.024280376],
    [-1.467914, -1.9516882, -1.5318041, 4.8255981, -4.3868817, 0.024772265],
    [-1.4854342, -1.9560137, -1.5423373, 4.8937964, -4.462491, 0.025206696],
    [-1.5006372, -1.9597671, -1.5514774, 4.9529749, -4.5281003, 0.02558367],
    [-1.513523, -1.9629484, -1.5592245, 5.0031336, -4.5837096, 0.025903187],
    [-1.5240916, -1.9655577, -1.5655784, 5.0442725, -4.629319, 0.026165246],
    [-1.532343, -1.9675948, -1.5705391, 5.0763915, -4.6649283, 0.026369848],
    [-1.5382772, -1.9690599, -1.5741068, 5.0994907, -4.6905376, 0.026516992],
    [-1.5418942, -1.9699529, -1.5762814, 5.11357, -4.706147, 0.02660668],
    [-1.543194, -1.9702738, -1.5770628, 5.1186296, -4.7117563, 0.026638909],
    [-1.5431983, -1.9702748, -1.5770654, 5.1186463, -4.7117749, 0.026639016]
  ]
}
