{
  "iteration": 999,
  "label": "pre_pick",
  "planning_time_ms": 191.04439,
  "scene": {
    "block_x": 0.17378177,
    "block_y": 0.49168321,
    "bin_x": 0.25370273,
    "bin_y": 0.37469749
  },
  "joint_names": ["shoulder_pan_joint", "shoulder_lift_joint", "elbow_joint", "wrist_1_joint", "wrist_2_joint", "wrist_3_joint"],
  "start_joints": [-0.45123637, -1.7007823, -0.92029124, 0.86827597, 8.923166e-05, -0.00021839191],
  "goal_joints": [-1.6557585, -3.0216019, 0.42762062, -2.1176458, 1.5704406, -0.085532166],
  "num_waypoints": 38,
  "trajectory": [
    [-0.45123637, -1.7007823, -0.92029124, 0.86827597, 8.923166e-05, -0.00021839191],
    [-0.45325337, -1.702994, -0.91803413, 0.86327597, 0.002718824, -0.00036125194],
    [-0.45930438, -1.7096292, -0.9112628, 0.84827597, 0.010607601, -0.00078983204],
    [-0.46938939, -1.720688, -0.89997724, 0.82327597, 0.023755563, -0.0015041322],
    [-0.48350841, -1.7361702, -0.88417745, 0.78827597, 0.04216271, -0.0025041524],
    [-0.50166143, -1.7560759, -0.86386345, 0.74327597, 0.065829041, -0.0037898927],
    [-0.52384845, -1.7804051, -0.83903522, 0.68827597, 0.094754558, -0.0053613531],
    [-0.55006948, -1.8091578, -0.80969277, 0.62327597, 0.12893926, -0.0072185334],
    [-0.58032451, -1.842334, -0.77583609, 0.54827598, 0.16838314, -0.0093614336],
    [-0.61461354, -1.8799336, -0.73746519, 0.46327598, 0.2130862, -0.011790054],
    [-0.65293658, -1.9219568, -0.69458008, 0.368276, 0.26304845, -0.014504394],
    [-0.69529362, -1.9684034, -0.64718074, 0.26327602, 0.31826988, -0.017504454],
    [-0.74168466, -2.0192735, -0.59526718, 0.14827605, 0.37875049, -0.020790234],
    [-0.79173039, -2.0741512, -0.53926386, 0.024216364, 0.44399577, -0.024334868],
    [-0.84242319, -2.1297384, -0.48253645, -0.10144734, 0.51008464, -0.027925332],
    [-0.89311598, -2.1853257, -0.42580904, -0.22711105, 0.5761735, -0.031515797],
    [-0.94380878, -2.2409129, -0.36908163, -0.35277475, 0.64226237, -0.035106261],
    [-0.99450157, -2.2965001, -0.31235423, -0.47843846, 0.70835123, -0.038696725],
    [-1.0451944, -2.3520873, -0.25562682, -0.60410217, 0.7744401, -0.042287189],
    [-1.0958872, -2.4076746, -0.19889941, -0.72976587, 0.84052896, -0.045877653],
    [-1.14658, -2.4632618, -0.142172, -0.85542958, 0.90661783, -0.049468118],
    [-1.1972728, -2.518849, -0.085444594, -0.98109329, 0.97270669, -0.053058582],
    [-1.2479655, -2.5744362, -0.028717186, -1.106757, 1.0387956, -0.056649046],
    [-1.2986583, -2.6300234, 0.028010222, -1.2324207, 1.1048844, -0.06023951],
    [-1.3492361, -2.6854846, 0.08460893, -1.3577993, 1.1708233, -0.063821829],
    [-1.3969487, -2.7378038, 0.13800128, -1.4760751, 1.2330268, -0.067201206],
    [-1.4406272, -2.7856995, 0.18687941, -1.584351, 1.289971, -0.070294864],
    [-1.4802717, -2.8291717, 0.23124332, -1.6826268, 1.3416561, -0.073102801],
    [-1.5158822, -2.8682204, 0.271093, -1.7709026, 1.388082, -0.075625019],
    [-1.5474587, -2.9028456, 0.30642846, -1.8491784, 1.4292487, -0.077861516],
    [-1.5750012, -2.9330474, 0.33724969, -1.9174543, 1.4651562, -0.079812293],
    [-1.5985097, -2.9588256, 0.3635567, -1.9757301, 1.4958046, -0.081477351],
    [-1.6179842, -2.9801804, 0.38534949, -2.0240059, 1.5211937, -0.082856688],
    [-1.6334247, -2.9971117, 0.40262806, -2.0622817, 1.5413237, -0.083950305],
    [-1.6448311, -3.0096195, 0.4153924, -2.0905576, 1.5561944, -0.084758202],
    [-1.6522036, -3.0177038, 0.42364251, -2.1088334, 1.565806, -0.085280379],
    [-1.6555421, -3.0213646, 0.4273784, -2.1171092, 1.5701585, -0.085516836],
    [-1.6557585, -3.0216019, 0.42762062, -2.1176458, 1.5704406, -0.085532166]
  ]
}
