{
  "iteration": 94,
  "label": "pre_pick",
  "planning_time_ms": 278.50185,
  "scene": {
    "block_x": 0.15072499,
    "block_y": 0.44973914,
    "bin_x": 0.41234957,
    "bin_y": 0.36840007
  },
  "joint_names": ["shoulder_pan_joint", "shoulder_lift_joint", "elbow_joint", "wrist_1_joint", "wrist_2_joint", "wrist_3_joint"],
  "start_joints": [-0.45136551, -1.7007479, -0.92029873, 0.86827256, 2.3067469e-05, -0.00019506062],
  "goal_joints": [4.6732757, -2.319321, -1.0022494, 4.8919792, 1.5713846, -0.038221041],
  "num_waypoints": 89,
  "trajectory": [
    [-0.45136551, -1.7007479, -0.92029873, 0.86827256, 2.3067469e-05, -0.00019506062],
    [-0.44636551, -1.7013515, -0.92037869, 0.87219841, 0.0015562104, -0.00023216173],
    [-0.43136551, -1.7031621, -0.92061856, 0.88397593, 0.0061556393, -0.00034346508],
    [-0.40636551, -1.7061797, -0.92101835, 0.90360514, 0.013821354, -0.00052897065],
    [-0.37136551, -1.7104044, -0.92157805, 0.93108604, 0.024553355, -0.00078867846],
    [-0.32636551, -1.7158361, -0.92229767, 0.96641862, 0.038351641, -0.0011225885],
    [-0.27136551, -1.722475, -0.9231772, 1.0096029, 0.055216214, -0.0015307008],
    [-0.20893473, -1.7300107, -0.92417556, 1.0586216, 0.074359274, -0.001993951],
    [-0.14610288, -1.7375949, -0.92518034, 1.1079552, 0.093625317, -0.0024601774],
    [-0.083271027, -1.745179, -0.92618512, 1.1572887, 0.11289136, -0.0029264037],
    [-0.020439174, -1.7527632, -0.92718989, 1.2066223, 0.1321574, -0.0033926301],
    [0.042392679, -1.7603473, -0.92819467, 1.2559559, 0.15142344, -0.0038588565],
    [0.10522453, -1.7679315, -0.92919944, 1.3052895, 0.17068949, -0.0043250828],
    [0.16805638, -1.7755157, -0.93020422, 1.3546231, 0.18995553, -0.0047913092],
    [0.23088824, -1.7830998, -0.93120899, 1.4039567, 0.20922157, -0.0052575356],
    [0.29372009, -1.790684, -0.93221377, 1.4532903, 0.22848761, -0.0057237619],
    [0.35655194, -1.7982681, -0.93321854, 1.5026239, 0.24775366, -0.0061899883],
    [0.4193838, -1.8058523, -0.93422332, 1.5519575, 0.2670197, -0.0066562146],
    [0.48221565, -1.8134364, -0.93522809, 1.601291, 0.28628574, -0.007122441],
    [0.5450475, -1.8210206, -0.93623287, 1.6506246, 0.30555178, -0.0075886674],
    [0.60787936, -1.8286048, -0.93723764, 1.6999582, 0.32481783, -0.0080548937],
    [0.67071121, -1.8361889, -0.93824242, 1.7492918, 0.34408387, -0.0085211201],
    [0.73354306, -1.8437731, -0.93924719, 1.7986254, 0.36334991, -0.0089873464],
    [0.79637492, -1.8513572, -0.94025197, 1.847959, 0.38261595, -0.0094535728],
    [0.85920677, -1.8589414, -0.94125674, 1.8972926, 0.401882, -0.0099197992],
    [0.92203862, -1.8665256, -0.94226152, 1.9466262, 0.42114804, -0.010386026],
    [0.98487047, -1.8741097, -0.9432663, 1.9959598, 0.44041408, -0.010852252],
    [1.0477023, -1.8816939, -0.94427107, 2.0452933, 0.45968012, -0.011318478],
    [1.1105342, -1.889278, -0.94527585, 2.0946269, 0.47894617, -0.011784705],
    [1.173366, -1.8968622, -0.94628062, 2.1439605, 0.49821221, -0.012250931],
    [1.2361979, -1.9044464, -0.9472854, 2.1932941, 0.51747825, -0.012717157],
    [1.2990297, -1.9120305, -0.94829017, 2.2426277, 0.53674429, -0.013183384],
    [1.3618616, -1.9196147, -0.94929495, 2.2919613, 0.55601034, -0.01364961],
    [1.4246934, -1.9271988, -0.95029972, 2.3412949, 0.57527638, -0.014115836],
    [1.4875253, -1.934783, -0.9513045, 2.3906285, 0.59454242, -0.014582063],
    [1.5503572, -1.9423671, -0.95230927, 2.4399621, 0.61380846, -0.015048289],
    [1.613189, -1.9499513, -0.95331405, 2.4892957, 0.63307451, -0.015514515],
    [1.6760209, -1.9575355, -0.95431882, 2.5386292, 0.65234055, -0.015980742],
    [1.7388527, -1.9651196, -0.9553236, 2.5879628, 0.67160659, -0.016446968],
    [1.8016846, -1.9727038, -0.95632837, 2.6372964, 0.69087263, -0.016913195],
    [1.8645164, -1.9802879, -0.95733315, 2.68663, 0.71013868, -0.017379421],
    [1.9273483, -1.9878721, -0.95833792, 2.7359636, 0.72940472, -0.017845647],
    [1.9901801, -1.9954563, -0.9593427, 2.7852972, 0.74867076, -0.018311874],
    [2.053012, -2.0030404, -0.96034748, 2.8346308, 0.7679368, -0.0187781],
    [2.1158438, -2.0106246, -0.96135225, 2.8839644, 0.78720285, -0.019244326],
    [2.1786757, -2.0182087, -0.96235703, 2.933298, 0.80646889, -0.019710553],
    [2.2415075, -2.0257929, -0.9633618, 2.9826315, 0.82573493, -0.020176779],
    [2.3043394, -2.033377, -0.96436658, 3.0319651, 0.84500097, -0.020643005],
    [2.3671712, -2.0409612, -0.96537135, 3.0812987, 0.86426702, -0.021109232],
    [2.4300031, -2.0485454, -0.96637613, 3.1306323, 0.88353306, -0.021575458],
    [2.4928349, -2.0561295, -0.9673809, 3.1799659, 0.9027991, -0.022041685],
    [2.5556668, -2.0637137, -0.96838568, 3.2292995, 0.92206514, -0.022507911],
    [2.6184987, -2.0712978, -0.96939045, 3.2786331, 0.94133119, -0.022974137],
    [2.6813305, -2.078882, -0.97039523, 3.3279667, 0.96059723, -0.023440364],
    [2.7441624, -2.0864662, -0.9714, 3.3773003, 0.97986327, -0.02390659],
    [2.8069942, -2.0940503, -0.97240478, 3.4266339, 0.99912931, -0.024372816],
    [2.8698261, -2.1016345, -0.97340955, 3.4759674, 1.0183954, -0.024839043],
    [2.9326579, -2.1092186, -0.97441433, 3.525301, 1.0376614, -0.025305269],
    [2.9954898, -2.1168028, -0.9754191, 3.5746346, 1.0569274, -0.025771495],
    [3.0583216, -2.1243869, -0.97642388, 3.6239682, 1.0761935, -0.026237722],
    [3.1211535, -2.1319711, -0.97742866, 3.6733018, 1.0954595, -0.026703948],
    [3.1839853, -2.1395553, -0.97843343, 3.7226354, 1.1147256, -0.027170175],
    [3.2468172, -2.1471394, -0.97943821, 3.771969, 1.1339916, -0.027636401],
    [3.309649, -2.1547236, -0.98044298, 3.8213026, 1.1532577, -0.028102627],
    [3.3724809, -2.1623077, -0.98144776, 3.8706362, 1.1725237, -0.028568854],
    [3.4353127, -2.1698919, -0.98245253, 3.9199697, 1.1917897, -0.02903508],
    [3.4981446, -2.1774761, -0.98345731, 3.9693033, 1.2110558, -0.029501306],
    [3.5609765, -2.1850602, -0.98446208, 4.0186369, 1.2303218, -0.029967533],
    [3.6238083, -2.1926444, -0.98546686, 4.0679705, 1.2495879, -0.030433759],
    [3.6866402, -2.2002285, -0.98647163, 4.1173041, 1.2688539, -0.030899985],
    [3.749472, -2.2078127, -0.98747641, 4.1666377, 1.28812, -0.031366212],
    [3.8123039, -2.2153969, -0.98848118, 4.2159713, 1.307386, -0.031832438],
    [3.8751357, -2.222981, -0.98948596, 4.2653049, 1.326652, -0.032298664],
    [3.9379676, -2.2305652, -0.99049073, 4.3146385, 1.3459181, -0.032764891],
    [4.0007994, -2.2381493, -0.99149551, 4.363972, 1.3651841, -0.033231117],
    [4.0636313, -2.2457335, -0.99250029, 4.4133056, 1.3844502, -0.033697344],
    [4.1264631, -2.2533176, -0.99350506, 4.4626392, 1.4037162, -0.03416357],
    [4.189295, -2.2609018, -0.99450984, 4.5119728, 1.4229823, -0.034629796],
    [4.2521268, -2.268486, -0.99551461, 4.5613064, 1.4422483, -0.035096023],
    [4.3149587, -2.2760701, -0.99651939, 4.61064, 1.4615143, -0.035562249],
    [4.3777905, -2.2836543, -0.99752416, 4.6599736, 1.4807804, -0.036028475],
    [4.4406224, -2.2912384, -0.99852894, 4.7093072, 1.5000464, -0.036494702],
    [4.5024915, -2.2987064, -0.99951832, 4.7578849, 1.5190173, -0.036953784],
    [4.5559354, -2.3051574, -1.000373, 4.7998473, 1.5354047, -0.03735035],
    [4.5993792, -2.3104013, -1.0010677, 4.833958, 1.5487258, -0.037672713],
    [4.632823, -2.3144381, -1.0016025, 4.8602171, 1.5589806, -0.037920873],
    [4.6562669, -2.3172679, -1.0019774, 4.8786244, 1.5661692, -0.038094832],
    [4.6697107, -2.3188907, -1.0021924, 4.8891801, 1.5702915, -0.038194588],
    [4.6732757, -2.319321, -1.0022494, 4.8919792, 1.5713846, -0.038221041]
  ]
}
