{
  "iteration": 909,
  "label": "pre_pick",
  "planning_time_ms": 48.751112,
  "scene": {
    "block_x": 0.15387656,
    "block_y": 0.44457171,
    "bin_x": 0.2471841,
    "bin_y": 0.29278107
  },
  "joint_names": ["shoulder_pan_joint", "shoulder_lift_joint", "elbow_joint", "wrist_1_joint", "wrist_2_joint", "wrist_3_joint"],
  "start_joints": [-0.45132075, -1.7008705, -0.92014258, 0.86792867, -7.7494694e-05, -0.00015145088],
  "goal_joints": [-1.6230331, -2.2912886, -1.0525347, 4.9153556, 1.5715631, -0.052613934],
  "num_waypoints": 46,
  "trajectory": [
    [-0.45132075, -1.7008705, -0.92014258, 0.86792867, -7.7494694e-05, -0.00015145088],
    [-0.45276823, -1.7015999, -0.92030614, 0.87292867, 0.0018640359, -0.00021626056],
    [-0.45711067, -1.703788, -0.92079679, 0.88792867, 0.0076886276, -0.00041068958],
    [-0.46434806, -1.7074349, -0.92161454, 0.91292867, 0.017396281, -0.00073473795],
    [-0.4744804, -1.7125405, -0.9227594, 0.94792867, 0.030986995, -0.0011884057],
    [-0.4875077, -1.7191049, -0.92423136, 0.99292867, 0.04846077, -0.0017716927],
    [-0.50342996, -1.727128, -0.92603042, 1.0479287, 0.069817606, -0.0024845991],
    [-0.52224718, -1.7366099, -0.92815658, 1.1129287, 0.095057504, -0.0033271249],
    [-0.54395935, -1.7475505, -0.93060984, 1.1879287, 0.12418046, -0.00429927],
    [-0.56856647, -1.7599499, -0.93339021, 1.2729287, 0.15718648, -0.0054010344],
    [-0.59606856, -1.773808, -0.93649767, 1.3679287, 0.19407556, -0.0066324181],
    [-0.62646559, -1.7891248, -0.93993224, 1.4729286, 0.2348477, -0.0079934212],
    [-0.65975759, -1.8059005, -0.94369391, 1.5879286, 0.2795029, -0.0094840435],
    [-0.69567233, -1.8239977, -0.94775193, 1.7119884, 0.32767604, -0.011092097],
    [-0.73205142, -1.8423288, -0.95186241, 1.8376521, 0.37647203, -0.012720942],
    [-0.76843051, -1.86066, -0.95597289, 1.9633158, 0.42526801, -0.014349787],
    [-0.8048096, -1.8789912, -0.96008338, 2.0889795, 0.474064, -0.015978632],
    [-0.84118869, -1.8973224, -0.96419386, 2.2146432, 0.52285998, -0.017607476],
    [-0.87756778, -1.9156536, -0.96830434, 2.3403069, 0.57165597, -0.019236321],
    [-0.91394688, -1.9339848, -0.97241482, 2.4659706, 0.62045196, -0.020865166],
    [-0.95032597, -1.9523159, -0.97652531, 2.5916343, 0.66924794, -0.022494011],
    [-0.98670506, -1.9706471, -0.98063579, 2.717298, 0.71804393, -0.024122856],
    [-1.0230842, -1.9889783, -0.98474627, 2.8429617, 0.76683991, -0.0257517],
    [-1.0594632, -2.0073095, -0.98885675, 2.9686254, 0.8156359, -0.027380545],
    [-1.0958423, -2.0256407, -0.99296724, 3.0942891, 0.86443188, -0.02900939],
    [-1.1322214, -2.0439719, -0.99707772, 3.2199528, 0.91322787, -0.030638235],
    [-1.1686005, -2.062303, -1.0011882, 3.3456165, 0.96202385, -0.032267079],
    [-1.2049796, -2.0806342, -1.0052987, 3.4712802, 1.0108198, -0.033895924],
    [-1.2413587, -2.0989654, -1.0094092, 3.5969439, 1.0596158, -0.035524769],
    [-1.2777378, -2.1172966, -1.0135196, 3.7226076, 1.1084118, -0.037153614],
    [-1.3141169, -2.1356278, -1.0176301, 3.8482714, 1.1572078, -0.038782458],
    [-1.350496, -2.153959, -1.0217406, 3.9739351, 1.2060038, -0.040411303],
    [-1.3868751, -2.1722901, -1.0258511, 4.0995988, 1.2547998, -0.042040148],
    [-1.4223471, -2.1901643, -1.0298591, 4.2221293, 1.3023791, -0.043628381],
    [-1.4549871, -2.2066113, -1.0335471, 4.334877, 1.3461598, -0.04508981],
    [-1.4847321, -2.2215997, -1.036908, 4.4376248, 1.3860573, -0.046421619],
    [-1.5115822, -2.2351292, -1.0399418, 4.5303725, 1.4220718, -0.047623809],
    [-1.5355373, -2.2472, -1.0426485, 4.6131202, 1.4542033, -0.048696379],
    [-1.5565974, -2.2578121, -1.0450281, 4.6858679, 1.4824517, -0.04963933],
    [-1.5747626, -2.2669654, -1.0470806, 4.7486156, 1.506817, -0.050452662],
    [-1.5900328, -2.27466, -1.0488059, 4.8013634, 1.5272992, -0.051136375],
    [-1.6024081, -2.2808958, -1.0502042, 4.8441111, 1.5438984, -0.051690468],
    [-1.6118884, -2.2856729, -1.0512754, 4.8768588, 1.5566146, -0.052114942],
    [-1.6184738, -2.2889912, -1.0520195, 4.8996065, 1.5654477, -0.052409796],
    [-1.6221642, -2.2908508, -1.0524365, 4.9123542, 1.5703977, -0.052575031],
    [-1.6230331, -2.2912886, -1.0525347, 4.9153556, 1.5715631, -0.052613934]
  ]
}
