{
  "iteration": 681,
  "label": "pre_pick",
  "planning_time_ms": 41.584376,
  "scene": {
    "block_x": 0.28800687,
    "block_y": 0.42065488,
    "bin_x": 0.26285099,
    "bin_y": 0.27642603
  },
  "joint_names": ["shoulder_pan_joint", "shoulder_lift_joint", "elbow_joint", "wrist_1_joint", "wrist_2_joint", "wrist_3_joint"],
  "start_joints": [-0.45140798, -1.7008578, -0.92016276, 0.86810804, 8.3475262e-05, -0.00021283445],
  "goal_joints": [0.71299673, -0.034587138, -0.63259456, 5.3801035, -1.5713541, -0.85755333],
  "num_waypoints": 50,
  "trajectory": [
    [-0.45140798, -1.7008578, -0.92016276, 0.86810804, 8.3475262e-05, -0.00021283445],
    [-0.45011764, -1.6990113, -0.91984409, 0.87310804, -0.0016579246, -0.0011629024],
    [-0.44624661, -1.6934718, -0.91888808, 0.88810804, -0.006882124, -0.0040131064],
    [-0.43979489, -1.6842394, -0.91729472, 0.91310804, -0.015589123, -0.0087634464],
    [-0.43076249, -1.6713139, -0.91506403, 0.94810804, -0.027778922, -0.015413922],
    [-0.4191494, -1.6546955, -0.91219599, 0.99310804, -0.04345152, -0.023964534],
    [-0.40495562, -1.6343841, -0.90869061, 1.048108, -0.062606918, -0.034415282],
    [-0.38818116, -1.6103798, -0.90454789, 1.113108, -0.085245116, -0.046766166],
    [-0.36882601, -1.5826824, -0.89976783, 1.188108, -0.11136611, -0.061017183],
    [-0.34689017, -1.5512921, -0.89435043, 1.273108, -0.1409699, -0.077168336],
    [-0.32237365, -1.5162088, -0.88829569, 1.368108, -0.17405649, -0.095219625],
    [-0.29527645, -1.4774325, -0.8816036, 1.473108, -0.21062588, -0.11517105],
    [-0.26559856, -1.4349633, -0.87427418, 1.5881079, -0.25067807, -0.13702261],
    [-0.23358263, -1.3891483, -0.86636734, 1.7121677, -0.29388558, -0.16059564],
    [-0.20115276, -1.3427409, -0.85835827, 1.8378314, -0.33765173, -0.18447345],
    [-0.1687229, -1.2963336, -0.8503492, 1.9634951, -0.38141788, -0.20835127],
    [-0.13629303, -1.2499262, -0.84234013, 2.0891588, -0.42518403, -0.23222908],
    [-0.10386316, -1.2035189, -0.83433106, 2.2148225, -0.46895018, -0.25610689],
    [-0.071433298, -1.1571115, -0.82632199, 2.3404862, -0.51271633, -0.2799847],
    [-0.039003432, -1.1107042, -0.81831292, 2.4661499, -0.55648248, -0.30386252],
    [-0.0065735655, -1.0642969, -0.81030385, 2.5918136, -0.60024863, -0.32774033],
    [0.025856301, -1.0178895, -0.80229478, 2.7174773, -0.64401479, -0.35161814],
    [0.058286168, -0.97148216, -0.79428571, 2.843141, -0.68778094, -0.37549596],
    [0.090716034, -0.92507481, -0.78627664, 2.9688047, -0.73154709, -0.39937377],
    [0.1231459, -0.87866746, -0.77826757, 3.0944684, -0.77531324, -0.42325158],
    [0.15557577, -0.83226012, -0.7702585, 3.2201321, -0.81907939, -0.44712939],
    [0.18800563, -0.78585277, -0.76224943, 3.3457958, -0.86284554, -0.47100721],
    [0.2204355, -0.73944542, -0.75424037, 3.4714595, -0.90661169, -0.49488502],
    [0.25286537, -0.69303807, -0.7462313, 3.5971232, -0.95037784, -0.51876283],
    [0.28529523, -0.64663073, -0.73822223, 3.722787, -0.99414399, -0.54264065],
    [0.3177251, -0.60022338, -0.73021316, 3.8484507, -1.0379101, -0.56651846],
    [0.35015497, -0.55381603, -0.72220409, 3.9741144, -1.0816763, -0.59039627],
    [0.38258483, -0.50740868, -0.71419502, 4.0997781, -1.1254424, -0.61427409],
    [0.4150147, -0.46100134, -0.70618595, 4.2254418, -1.1692086, -0.6381519],
    [0.44744457, -0.41459399, -0.69817688, 4.3511055, -1.2129747, -0.66202971],
    [0.47987443, -0.36818664, -0.69016781, 4.4767692, -1.2567409, -0.68590752],
    [0.51229273, -0.32179585, -0.6821616, 4.6023881, -1.3004914, -0.70977682],
    [0.54318792, -0.27758464, -0.67453154, 4.722105, -1.3421864, -0.73252466],
    [0.57150242, -0.23706641, -0.66753883, 4.8318219, -1.3803986, -0.75337237],
    [0.59723623, -0.20024115, -0.66118345, 4.9315388, -1.415128, -0.77231994],
    [0.62038935, -0.16710888, -0.65546542, 5.0212557, -1.4463747, -0.78936737],
    [0.64096179, -0.13766959, -0.65038473, 5.1009726, -1.4741385, -0.80451467],
    [0.65895355, -0.11192328, -0.64594138, 5.1706896, -1.4984195, -0.81776183],
    [0.67436461, -0.089869945, -0.64213538, 5.2304065, -1.5192177, -0.82910886],
    [0.68719499, -0.071509591, -0.63896671, 5.2801234, -1.5365331, -0.83855575],
    [0.69744468, -0.056842217, -0.63643539, 5.3198403, -1.5503657, -0.8461025],
    [0.70511369, -0.045867821, -0.63454141, 5.3495572, -1.5607155, -0.85174912],
    [0.710202, -0.038586406, -0.63328476, 5.3692741, -1.5675825, -0.8554956],
    [0.71270963, -0.034997969, -0.63266547, 5.3789911, -1.5709667, -0.85734195],
    [0.71299673, -0.034587138, -0.63259456, 5.3801035, -1.5713541, -0.85755333]
  ]
}
