{
  "iteration": 400,
  "label": "pre_pick",
  "planning_time_ms": 37.166319,
  "scene": {
    "block_x": 0.27209926,
    "block_y": 0.43215597,
    "bin_x": 0.21379967,
    "bin_y": 0.32636163
  },
  "joint_names": ["shoulder_pan_joint", "shoulder_lift_joint", "elbow_joint", "wrist_1_joint", "wrist_2_joint", "wrist_3_joint"],
  "start_joints": [-0.45142619, -1.7007676, -0.92067087, 0.8687254, -9.0033169e-05, -0.00049076152],
  "goal_joints": [-1.8731439, -3.0915769, 0.59480671, -2.2160538, -4.7129529, -0.30257458],
  "num_waypoints": 52,
  "trajectory": [
    [-0.45142619, -1.7007676, -0.92067087, 0.8687254, -9.0033169e-05, -0.00049076152],
    [-0.45293453, -1.7022432, -0.91906306, 0.86545268, -0.0050900332, -0.00081125017],
    [-0.45745954, -1.7066698, -0.91423963, 0.85563451, -0.020090033, -0.0017727161],
    [-0.46500123, -1.7140475, -0.90620058, 0.83927089, -0.045090033, -0.0033751594],
    [-0.47555959, -1.7243763, -0.89494591, 0.81636183, -0.080090033, -0.00561858],
    [-0.48913463, -1.7376563, -0.88047562, 0.78690732, -0.12509003, -0.0085029778],
    [-0.50572635, -1.7538873, -0.86278971, 0.75090736, -0.18009003, -0.012028353],
    [-0.52533474, -1.7730694, -0.84188818, 0.70836196, -0.24509003, -0.016194705],
    [-0.5479598, -1.7952026, -0.81777104, 0.65927112, -0.32009001, -0.021002034],
    [-0.57360153, -1.8202868, -0.79043827, 0.60363484, -0.40508999, -0.02645034],
    [-0.60225994, -1.8483222, -0.75988989, 0.54145311, -0.50008997, -0.032539623],
    [-0.63393502, -1.8793087, -0.72612589, 0.47272594, -0.60508994, -0.039269883],
    [-0.66862678, -1.9132462, -0.68914627, 0.39745332, -0.72008991, -0.04664112],
    [-0.70605156, -1.9498574, -0.64925339, 0.31625072, -0.8441496, -0.054593064],
    [-0.74396022, -1.9869419, -0.60884472, 0.23399821, -0.9698133, -0.062647822],
    [-0.78186888, -2.0240264, -0.56843605, 0.1517457, -1.095477, -0.070702581],
    [-0.81977754, -2.0611109, -0.52802738, 0.069493193, -1.2211407, -0.078757339],
    [-0.8576862, -2.0981954, -0.48761871, -0.012759315, -1.3468044, -0.086812097],
    [-0.89559486, -2.13528, -0.44721003, -0.095011823, -1.4724681, -0.094866856],
    [-0.93350353, -2.1723645, -0.40680136, -0.17726433, -1.5981318, -0.10292161],
    [-0.97141219, -2.209449, -0.36639269, -0.25951684, -1.7237955, -0.11097637],
    [-1.0093208, -2.2465335, -0.32598402, -0.34176935, -1.8494592, -0.11903113],
    [-1.0472295, -2.283618, -0.28557535, -0.42402186, -1.975123, -0.12708589],
    [-1.0851382, -2.3207025, -0.24516668, -0.50627436, -2.1007867, -0.13514065],
    [-1.1230468, -2.3577871, -0.204758, -0.58852687, -2.2264504, -0.14319541],
    [-1.1609555, -2.3948716, -0.16434933, -0.67077938, -2.3521141, -0.15125016],
    [-1.1988642, -2.4319561, -0.12394066, -0.75303189, -2.4777778, -0.15930492],
    [-1.2367728, -2.4690406, -0.083531988, -0.8352844, -2.6034415, -0.16735968],
    [-1.2746815, -2.5061251, -0.043123317, -0.9175369, -2.7291052, -0.17541444],
    [-1.3125901, -2.5432096, -0.0027146447, -0.99978941, -2.8547689, -0.1834692],
    [-1.3504988, -2.5802942, 0.037694027, -1.0820419, -2.9804326, -0.19152396],
    [-1.3884075, -2.6173787, 0.078102699, -1.1642944, -3.1060963, -0.19957871],
    [-1.4263161, -2.6544632, 0.11851137, -1.2465469, -3.23176, -0.20763347],
    [-1.4642248, -2.6915477, 0.15892004, -1.3287994, -3.3574237, -0.21568823],
    [-1.5021334, -2.7286322, 0.19932871, -1.411052, -3.4830874, -0.22374299],
    [-1.5400421, -2.7657167, 0.23973739, -1.4933045, -3.6087511, -0.23179775],
    [-1.5779508, -2.8028013, 0.28014606, -1.575557, -3.7344148, -0.23985251],
    [-1.6158594, -2.8398858, 0.32055473, -1.6578095, -3.8600785, -0.24790726],
    [-1.6533967, -2.876607, 0.36056749, -1.7392561, -3.984511, -0.25588311],
    [-1.6883, -2.9107515, 0.39777268, -1.8149879, -4.1002125, -0.26329931],
    [-1.7201867, -2.941945, 0.43176224, -1.8841742, -4.2059139, -0.27007453],
    [-1.7490567, -2.9701874, 0.46253619, -1.946815, -4.3016154, -0.27620877],
    [-1.7749101, -2.9954786, 0.49009451, -2.0029105, -4.3873168, -0.28170204],
    [-1.7977468, -3.0178188, 0.51443722, -2.0524604, -4.4630182, -0.28655433],
    [-1.8175667, -3.0372079, 0.53556431, -2.095465, -4.5287197, -0.29076564],
    [-1.8343701, -3.0536459, 0.55347577, -2.131924, -4.5844211, -0.29433598],
    [-1.8481567, -3.0671329, 0.56817162, -2.1618377, -4.6301226, -0.29726534],
    [-1.8589267, -3.0776687, 0.57965184, -2.1852059, -4.665824, -0.29955372],
    [-1.86668, -3.0852534, 0.58791645, -2.2020286, -4.6915254, -0.30120112],
    [-1.8714166, -3.0898871, 0.59296543, -2.2123059, -4.7072269, -0.30220755],
    [-1.8731365, -3.0915696, 0.5947988, -2.2160377, -4.7129283, -0.302573],
    [-1.8731439, -3.0915769, 0.59480671, -2.2160538, -4.7129529, -0.30257458]
  ]
}
