{
  "iteration": 598,
  "label": "pre_pick",
  "planning_time_ms": 5066.1726,
  "scene": {
    "block_x": 0.1950122,
    "block_y": 0.46120513,
    "bin_x": 0.39538306,
    "bin_y": 0.25068756
  },
  "joint_names": ["shoulder_pan_joint", "shoulder_lift_joint", "elbow_joint", "wrist_1_joint", "wrist_2_joint", "wrist_3_joint"],
  "start_joints": [-0.45138183, -1.700866, -0.92068936, 0.86872797, 4.0704011e-05, -0.00049184612],
  "goal_joints": [-1.7053005, -3.1444619, 0.72531227, -2.2937221, -4.7126574, -0.13439297],
  "num_waypoints": 52,
  "trajectory": [
    [-0.45138183, -1.700866, -0.92068936, 0.86872797, 4.0704011e-05, -0.00049184612],
    [-0.45271219, -1.7023976, -0.91894301, 0.86537273, -0.004959296, -0.00063391031],
    [-0.45670328, -1.7069924, -0.91370397, 0.85530699, -0.019959296, -0.0010601029],
    [-0.46335508, -1.7146504, -0.90497223, 0.83853078, -0.044959296, -0.0017704238],
    [-0.47266762, -1.7253716, -0.8927478, 0.81504407, -0.079959296, -0.0027648732],
    [-0.48464087, -1.7391561, -0.87703067, 0.78484688, -0.1249593, -0.0040434509],
    [-0.49927485, -1.7560037, -0.85782085, 0.7479392, -0.1799593, -0.005606157],
    [-0.51656955, -1.7759145, -0.83511833, 0.70432103, -0.24495929, -0.0074529914],
    [-0.53652497, -1.7988885, -0.80892313, 0.65399239, -0.31995928, -0.0095839537],
    [-0.55914112, -1.8249258, -0.77923523, 0.59695326, -0.40495926, -0.011999044],
    [-0.58441798, -1.8540262, -0.74605464, 0.53320365, -0.49995924, -0.014698263],
    [-0.61235557, -1.8861899, -0.70938135, 0.46274355, -0.60495921, -0.017681611],
    [-0.64295388, -1.9214167, -0.66921537, 0.38557297, -0.71995917, -0.020949086],
    [-0.67596274, -1.9594187, -0.62588511, 0.30232288, -0.84401886, -0.024473974],
    [-0.70939837, -1.9979121, -0.58199461, 0.21799641, -0.96968257, -0.028044436],
    [-0.74283401, -2.0364055, -0.53810411, 0.13366994, -1.0953463, -0.031614899],
    [-0.77626965, -2.0748988, -0.49421362, 0.049343471, -1.22101, -0.035185361],
    [-0.80970528, -2.1133922, -0.45032312, -0.034982998, -1.3466737, -0.038755824],
    [-0.84314092, -2.1518856, -0.40643262, -0.11930947, -1.4723374, -0.042326287],
    [-0.87657656, -2.1903789, -0.36254212, -0.20363594, -1.5980011, -0.045896749],
    [-0.91001219, -2.2288723, -0.31865162, -0.2879624, -1.7236648, -0.049467212],
    [-0.94344783, -2.2673657, -0.27476113, -0.37228887, -1.8493285, -0.053037674],
    [-0.97688347, -2.305859, -0.23087063, -0.45661534, -1.9749922, -0.056608137],
    [-1.0103191, -2.3443524, -0.18698013, -0.54094181, -2.1006559, -0.060178599],
    [-1.0437547, -2.3828458, -0.14308963, -0.62526828, -2.2263196, -0.063749062],
    [-1.0771904, -2.4213391, -0.099199135, -0.70959475, -2.3519833, -0.067319524],
    [-1.110626, -2.4598325, -0.055308637, -0.79392122, -2.477647, -0.070889987],
    [-1.1440617, -2.4983259, -0.011418139, -0.87824769, -2.6033107, -0.074460449],
    [-1.1774973, -2.5368192, 0.032472359, -0.96257416, -2.7289745, -0.078030912],
    [-1.2109329, -2.5753126, 0.076362856, -1.0469006, -2.8546382, -0.081601374],
    [-1.2443686, -2.613806, 0.12025335, -1.1312271, -2.9803019, -0.085171837],
    [-1.2778042, -2.6522993, 0.16414385, -1.2155536, -3.1059656, -0.088742299],
    [-1.3112398, -2.6907927, 0.20803435, -1.29988, -3.2316293, -0.092312762],
    [-1.3446755, -2.7292861, 0.25192485, -1.3842065, -3.357293, -0.095883224],
    [-1.3781111, -2.7677794, 0.29581535, -1.468533, -3.4829567, -0.099453687],
    [-1.4115467, -2.8062728, 0.33970584, -1.5528594, -3.6086204, -0.10302415],
    [-1.4449824, -2.8447662, 0.38359634, -1.6371859, -3.7342841, -0.10659461],
    [-1.478418, -2.8832595, 0.42748684, -1.7215124, -3.8599478, -0.11016507],
    [-1.5115243, -2.9213737, 0.47094504, -1.8050083, -3.9843738, -0.11370037],
    [-1.5423058, -2.9568114, 0.51135144, -1.8826408, -4.1000621, -0.1169874],
    [-1.5704265, -2.9891859, 0.54826515, -1.9535628, -4.2057504, -0.11999031],
    [-1.5958866, -3.0184972, 0.58168616, -2.0177743, -4.3014388, -0.12270909],
    [-1.6186858, -3.0447453, 0.61161448, -2.0752754, -4.3871271, -0.12514373],
    [-1.6388244, -3.0679302, 0.6380501, -2.1260659, -4.4628154, -0.12729425],
    [-1.6563023, -3.0880519, 0.66099303, -2.170146, -4.5285037, -0.12916065],
    [-1.6711194, -3.1051104, 0.68044326, -2.2075156, -4.5841921, -0.13074291],
    [-1.6832758, -3.1191056, 0.6964008, -2.2381747, -4.6298804, -0.13204104],
    [-1.6927715, -3.1300377, 0.70886564, -2.2621233, -4.6655687, -0.13305505],
    [-1.6996064, -3.1379066, 0.71783779, -2.2793614, -4.6912571, -0.13378493],
    [-1.7037806, -3.1427122, 0.72331724, -2.289889, -4.7069454, -0.13423068],
    [-1.7052942, -3.1444547, 0.725304, -2.2937062, -4.7126337, -0.1343923],
    [-1.7053005, -3.1444619, 0.72531227, -2.2937221, -4.7126574, -0.13439297]
  ]
}
