{
  "iteration": 14,
  "label": "pick_descend",
  "planning_time_ms": 6.466778,
  "scene": {
    "block_x": 0.20052618,
    "block_y": 0.39034595,
    "bin_x": 0.38239037,
    "bin_y": 0.27132658
  },
  "joint_names": ["shoulder_pan_joint", "shoulder_lift_joint", "elbow_joint", "wrist_1_joint", "wrist_2_joint", "wrist_3_joint"],
  "start_joints": [4.5417892, -2.1564754, -1.283907, 5.0108972, -4.7132628, -0.17065385],
  "goal_joints": [4.5418239, -2.2377346, -1.3978875, 5.2061368, -4.7132628, -0.17061911],
  "num_waypoints": 10,
  "trajectory": [
    [4.5417892, -2.1564754, -1.283907, 5.0108972, -4.7132628, -0.17065385],
    [4.5417901, -2.1580737, -1.2873087, 5.0158972, -4.7132628, -0.170653],
    [4.5417926, -2.1629202, -1.2974623, 5.0308973, -4.7132628, -0.17065042],
    [4.541797, -2.171513, -1.3138701, 5.0558979, -4.7132628, -0.1706461],
    [4.5418031, -2.1846855, -1.3356987, 5.090899, -4.7132628, -0.17063997],
    [4.5418105, -2.202114, -1.3598899, 5.1325187, -4.7132628, -0.17063256],
    [4.5418165, -2.2175038, -1.3778714, 5.1658899, -4.7132628, -0.17062652],
    [4.5418208, -2.2290494, -1.3896972, 5.1892613, -4.7132628, -0.17062223],
    [4.5418233, -2.2359243, -1.3961937, 5.2026328, -4.7132628, -0.17061976],
    [4.5418239, -2.2377346, -1.3978875, 5.2061368, -4.7132628, -0.17061911]
  ]
}
