{
  "iteration": 697,
  "label": "pre_pick",
  "planning_time_ms": 5013.7778,
  "scene": {
    "block_x": 0.24850531,
    "block_y": 0.42886709,
    "bin_x": 0.25783257,
    "bin_y": 0.28192318
  },
  "joint_names": ["shoulder_pan_joint", "shoulder_lift_joint", "elbow_joint", "wrist_1_joint", "wrist_2_joint", "wrist_3_joint"],
  "start_joints": [-0.45128708, -1.7008794, -0.92056869, 0.8687203, -2.0845332e-05, -0.00050912101],
  "goal_joints": [4.4554303, -2.4215343, -0.81590272, 4.8085336, -4.7115206, -0.25679515],
  "num_waypoints": 86,
  "trajectory": [
    [-0.45128708, -1.7008794, -0.92056869, 0.8687203, -2.0845332e-05, -0.00050912101],
    [-0.44628708, -1.7016137, -0.92046203, 0.87273502, -0.0048219164, -0.00077027934],
    [-0.43128708, -1.7038168, -0.92014206, 0.88477916, -0.01922513, -0.0015537544],
    [-0.40628708, -1.7074886, -0.91960878, 0.90485273, -0.043230485, -0.002859546],
    [-0.37128708, -1.7126291, -0.91886219, 0.93295573, -0.076837983, -0.0046876544],
    [-0.32628708, -1.7192383, -0.91790229, 0.96908815, -0.12004762, -0.0070380794],
    [-0.27128708, -1.7273162, -0.91672908, 1.01325, -0.1728594, -0.0099108211],
    [-0.2088563, -1.7364855, -0.91539736, 1.0633783, -0.23280632, -0.013171685],
    [-0.14602445, -1.7457136, -0.91405708, 1.1138287, -0.29313836, -0.016453497],
    [-0.083192596, -1.7549418, -0.9127168, 1.1642791, -0.3534704, -0.019735309],
    [-0.020360743, -1.76417, -0.91137653, 1.2147295, -0.41380244, -0.023017122],
    [0.04247111, -1.7733982, -0.91003625, 1.2651799, -0.47413448, -0.026298934],
    [0.10530296, -1.7826264, -0.90869598, 1.3156303, -0.53446651, -0.029580747],
    [0.16813482, -1.7918546, -0.9073557, 1.3660806, -0.59479855, -0.032862559],
    [0.23096667, -1.8010827, -0.90601542, 1.416531, -0.65513059, -0.036144372],
    [0.29379852, -1.8103109, -0.90467515, 1.4669814, -0.71546263, -0.039426184],
    [0.35663038, -1.8195391, -0.90333487, 1.5174318, -0.77579467, -0.042707997],
    [0.41946223, -1.8287673, -0.90199459, 1.5678822, -0.83612671, -0.045989809],
    [0.48229408, -1.8379955, -0.90065432, 1.6183326, -0.89645875, -0.049271621],
    [0.54512593, -1.8472237, -0.89931404, 1.6687829, -0.95679078, -0.052553434],
    [0.60795779, -1.8564518, -0.89797377, 1.7192333, -1.0171228, -0.055835246],
    [0.67078964, -1.86568, -0.89663349, 1.7696837, -1.0774549, -0.059117059],
    [0.73362149, -1.8749082, -0.89529321, 1.8201341, -1.1377869, -0.062398871],
    [0.79645335, -1.8841364, -0.89395294, 1.8705845, -1.1981189, -0.065680684],
    [0.8592852, -1.8933646, -0.89261266, 1.9210348, -1.258451, -0.068962496],
    [0.92211705, -1.9025927, -0.89127239, 1.9714852, -1.318783, -0.072244309],
    [0.98494891, -1.9118209, -0.88993211, 2.0219356, -1.3791151, -0.075526121],
    [1.0477808, -1.9210491, -0.88859183, 2.072386, -1.4394471, -0.078807933],
    [1.1106126, -1.9302773, -0.88725156, 2.1228364, -1.4997791, -0.082089746],
    [1.1734445, -1.9395055, -0.88591128, 2.1732868, -1.5601112, -0.085371558],
    [1.2362763, -1.9487337, -0.884571, 2.2237371, -1.6204432, -0.088653371],
    [1.2991082, -1.9579618, -0.88323073, 2.2741875, -1.6807752, -0.091935183],
    [1.36194, -1.96719, -0.88189045, 2.3246379, -1.7411073, -0.095216996],
    [1.4247719, -1.9764182, -0.88055018, 2.3750883, -1.8014393, -0.098498808],
    [1.4876037, -1.9856464, -0.8792099, 2.4255387, -1.8617714, -0.10178062],
    [1.5504356, -1.9948746, -0.87786962, 2.4759891, -1.9221034, -0.10506243],
    [1.6132674, -2.0041028, -0.87652935, 2.5264394, -1.9824354, -0.10834425],
    [1.6760993, -2.0133309, -0.87518907, 2.5768898, -2.0427675, -0.11162606],
    [1.7389311, -2.0225591, -0.87384879, 2.6273402, -2.1030995, -0.11490787],
    [1.801763, -2.0317873, -0.87250852, 2.6777906, -2.1634316, -0.11818968],
    [1.8645948, -2.0410155, -0.87116824, 2.728241, -2.2237636, -0.1214715],
    [1.9274267, -2.0502437, -0.86982797, 2.7786913, -2.2840956, -0.12475331],
    [1.9902586, -2.0594719, -0.86848769, 2.8291417, -2.3444277, -0.12803512],
    [2.0530904, -2.0687, -0.86714741, 2.8795921, -2.4047597, -0.13131693],
    [2.1159223, -2.0779282, -0.86580714, 2.9300425, -2.4650917, -0.13459874],
    [2.1787541, -2.0871564, -0.86446686, 2.9804929, -2.5254238, -0.13788056],
    [2.241586, -2.0963846, -0.86312658, 3.0309433, -2.5857558, -0.14116237],
    [2.3044178, -2.1056128, -0.86178631, 3.0813936, -2.6460879, -0.14444418],
    [2.3672497, -2.114841, -0.86044603, 3.131844, -2.7064199, -0.14772599],
    [2.4300815, -2.1240691, -0.85910576, 3.1822944, -2.7667519, -0.15100781],
    [2.4929134, -2.1332973, -0.85776548, 3.2327448, -2.827084, -0.15428962],
    [2.5557452, -2.1425255, -0.8564252, 3.2831952, -2.887416, -0.15757143],
    [2.6185771, -2.1517537, -0.85508493, 3.3336456, -2.9477481, -0.16085324],
    [2.6814089, -2.1609819, -0.85374465, 3.3840959, -3.0080801, -0.16413506],
    [2.7442408, -2.1702101, -0.85240437, 3.4345463, -3.0684121, -0.16741687],
    [2.8070726, -2.1794382, -0.8510641, 3.4849967, -3.1287442, -0.17069868],
    [2.8699045, -2.1886664, -0.84972382, 3.5354471, -3.1890762, -0.17398049],
    [2.9327364, -2.1978946, -0.84838355, 3.5858975, -3.2494082, -0.17726231],
    [2.9955682, -2.2071228, -0.84704327, 3.6363479, -3.3097403, -0.18054412],
    [3.0584001, -2.216351, -0.84570299, 3.6867982, -3.3700723, -0.18382593],
    [3.1212319, -2.2255791, -0.84436272, 3.7372486, -3.4304044, -0.18710774],
    [3.1840638, -2.2348073, -0.84302244, 3.787699, -3.4907364, -0.19038956],
    [3.2468956, -2.2440355, -0.84168217, 3.8381494, -3.5510684, -0.19367137],
    [3.3097275, -2.2532637, -0.84034189, 3.8885998, -3.6114005, -0.19695318],
    [3.3725593, -2.2624919, -0.83900161, 3.9390501, -3.6717325, -0.20023499],
    [3.4353912, -2.2717201, -0.83766134, 3.9895005, -3.7320646, -0.20351681],
    [3.498223, -2.2809482, -0.83632106, 4.0399509, -3.7923966, -0.20679862],
    [3.5610549, -2.2901764, -0.83498078, 4.0904013, -3.8527286, -0.21008043],
    [3.6238867, -2.2994046, -0.83364051, 4.1408517, -3.9130607, -0.21336224],
    [3.6867186, -2.3086328, -0.83230023, 4.1913021, -3.9733927, -0.21664406],
    [3.7495504, -2.317861, -0.83095996, 4.2417524, -4.0337247, -0.21992587],
    [3.8123823, -2.3270892, -0.82961968, 4.2922028, -4.0940568, -0.22320768],
    [3.8752141, -2.3363173, -0.8282794, 4.3426532, -4.1543888, -0.22648949],
    [3.938046, -2.3455455, -0.82693913, 4.3931036, -4.2147209, -0.22977131],
    [4.0008779, -2.3547737, -0.82559885, 4.443554, -4.2750529, -0.23305312],
    [4.0637097, -2.3640019, -0.82425857, 4.4940044, -4.3353849, -0.23633493],
    [4.1265416, -2.3732301, -0.8229183, 4.5444547, -4.395717, -0.23961674],
    [4.1893734, -2.3824583, -0.82157802, 4.5949051, -4.456049, -0.24289856],
    [4.2522053, -2.3916864, -0.82023775, 4.6453555, -4.5163811, -0.24618037],
    [4.3109224, -2.4003103, -0.81898524, 4.692502, -4.5727621, -0.24924726],
    [4.3596826, -2.4074717, -0.81794513, 4.7316536, -4.6195823, -0.25179409],
    [4.3984428, -2.4131645, -0.81711833, 4.7627758, -4.6568004, -0.2538186],
    [4.427203, -2.4173885, -0.81650484, 4.7858686, -4.6844163, -0.25532079],
    [4.4459631, -2.4201439, -0.81610467, 4.800932, -4.7024301, -0.25630067],
    [4.4547233, -2.4214305, -0.8159178, 4.8079659, -4.7108418, -0.25675822],
    [4.4554303, -2.4215343, -0.81590272, 4.8085336, -4.7115206, -0.25679515]
  ]
}
