{
  "iteration": 14,
  "label": "place_above_bin",
  "planning_time_ms": 658.09292,
  "scene": {
    "block_x": 0.20052618,
    "block_y": 0.39034595,
    "bin_x": 0.38239037,
    "bin_y": 0.27132658
  },
  "joint_names": ["shoulder_pan_joint", "shoulder_lift_joint", "elbow_joint", "wrist_1_joint", "wrist_2_joint", "wrist_3_joint"],
  "start_joints": [4.5418453, -2.2376862, -1.3978498, 5.2061022, -4.7136849, -0.16989958],
  "goal_joints": [4.0396431, -3.3451211, 1.1225733, 3.7931115, -4.7132783, -0.67364045],
  "num_waypoints": 48,
  "trajectory": [
    [4.5418453, -2.2376862, -1.3978498, 5.2061022, -4.7136849, -0.16989958],
    [4.5408491, -2.2398831, -1.3928498, 5.2032991, -4.7136841, -0.1708989],
    [4.5378603, -2.2464739, -1.3778498, 5.1948899, -4.7136817, -0.17389685],
    [4.5328789, -2.2574585, -1.3528498, 5.1808744, -4.7136777, -0.17889344],
    [4.5259051, -2.2728369, -1.3178498, 5.1612529, -4.713672, -0.18588867],
    [4.5169387, -2.2926092, -1.2728498, 5.1360251, -4.7136648, -0.19488253],
    [4.5059798, -2.3167754, -1.2178498, 5.1051912, -4.7136559, -0.20587503],
    [4.4935402, -2.3442065, -1.155419, 5.0701915, -4.7136458, -0.21835267],
    [4.4810208, -2.3718138, -1.0925872, 5.0349669, -4.7136357, -0.23091047],
    [4.4685013, -2.3994212, -1.0297553, 4.9997424, -4.7136255, -0.24346827],
    [4.4559819, -2.4270285, -0.96692347, 4.9645178, -4.7136154, -0.25602607],
    [4.4434624, -2.4546359, -0.90409162, 4.9292932, -4.7136053, -0.26858387],
    [4.430943, -2.4822432, -0.84125977, 4.8940686, -4.7135951, -0.28114167],
    [4.4184236, -2.5098506, -0.77842791, 4.8588441, -4.713585, -0.29369948],
    [4.4059041, -2.5374579, -0.71559606, 4.8236195, -4.7135749, -0.30625728],
    [4.3933847, -2.5650652, -0.65276421, 4.7883949, -4.7135647, -0.31881508],
    [4.3808652, -2.5926726, -0.58993236, 4.7531704, -4.7135546, -0.33137288],
    [4.3683458, -2.6202799, -0.5271005, 4.7179458, -4.7135444, -0.34393068],
    [4.3558263, -2.6478873, -0.46426865, 4.6827212, -4.7135343, -0.35648848],
    [4.3433069, -2.6754946, -0.4014368, 4.6474967, -4.7135242, -0.36904628],
    [4.3307874, -2.703102, -0.33860494, 4.6122721, -4.713514, -0.38160408],
    [4.318268, -2.7307093, -0.27577309, 4.5770475, -4.7135039, -0.39416188],
    [4.3057486, -2.7583166, -0.21294124, 4.5418229, -4.7134938, -0.40671969],
    [4.2932291, -2.785924, -0.15010938, 4.5065984, -4.7134836, -0.41927749],
    [4.2807097, -2.8135313, -0.087277531, 4.4713738, -4.7134735, -0.43183529],
    [4.2681902, -2.8411387, -0.024445678, 4.4361492, -4.7134634, -0.44439309],
    [4.2556708, -2.868746, 0.038386175, 4.4009247, -4.7134532, -0.45695089],
    [4.2431513, -2.8963534, 0.10121803, 4.3657001, -4.7134431, -0.46950869],
    [4.2306319, -2.9239607, 0.16404988, 4.3304755, -4.7134329, -0.48206649],
    [4.2181124, -2.951568, 0.22688173, 4.2952509, -4.7134228, -0.49462429],
    [4.205593, -2.9791754, 0.28971359, 4.2600264, -4.7134127, -0.50718209],
    [4.1930736, -3.0067827, 0.35254544, 4.2248018, -4.7134025, -0.5197399],
    [4.1805541, -3.0343901, 0.41537729, 4.1895772, -4.7133924, -0.5322977],
    [4.1680347, -3.0619974, 0.47820915, 4.1543527, -4.7133823, -0.5448555],
    [4.1555152, -3.0896048, 0.541041, 4.1191281, -4.7133721, -0.5574133],
    [4.1429958, -3.1172121, 0.60387285, 4.0839035, -4.713362, -0.5699711],
    [4.1304763, -3.1448194, 0.66670471, 4.0486789, -4.7133519, -0.5825289],
    [4.1179569, -3.1724268, 0.72953656, 4.0134544, -4.7133417, -0.5950867],
    [4.1054374, -3.2000341, 0.79236841, 3.9782298, -4.7133316, -0.6076445],
    [4.092918, -3.2276415, 0.85520027, 3.9430052, -4.7133214, -0.6202023],
    [4.0803986, -3.2552488, 0.91803212, 3.9077807, -4.7133113, -0.63276011],
    [4.0686616, -3.2811307, 0.97693706, 3.8747576, -4.7133018, -0.64453306],
    [4.0589042, -3.3026473, 1.0259067, 3.8473044, -4.7132939, -0.65432032],
    [4.0511394, -3.3197699, 1.0648764, 3.8254573, -4.7132876, -0.66210893],
    [4.0453671, -3.3324987, 1.0938461, 3.8092165, -4.7132829, -0.66789892],
    [4.0415873, -3.3408337, 1.1128157, 3.7985818, -4.7132799, -0.67169027],
    [4.0398001, -3.3447749, 1.1217854, 3.7935532, -4.7132784, -0.67348298],
    [4.0396431, -3.3451211, 1.1225733, 3.7931115, -4.7132783, -0.67364045]
  ]
}
