{
  "iteration": 708,
  "label": "pre_pick",
  "planning_time_ms": 59.50452,
  "scene": {
    "block_x": 0.28508967,
    "block_y": 0.38780751,
    "bin_x": 0.13222526,
    "bin_y": 0.37833289
  },
  "joint_names": ["shoulder_pan_joint", "shoulder_lift_joint", "elbow_joint", "wrist_1_joint", "wrist_2_joint", "wrist_3_joint"],
  "start_joints": [-0.45128128, -1.7007426, -0.92047783, 0.86868471, 8.7481374e-05, -0.00029303905],
  "goal_joints": [-5.6165833, -0.79117296, 0.94605768, -1.7259547, -1.5712615, -0.90355978],
  "num_waypoints": 90,
  "trajectory": [
    [-0.45128128, -1.7007426, -0.92047783, 0.86868471, 8.7481374e-05, -0.00029303905],
    [-0.45628128, -1.6998622, -0.91867103, 0.8661731, -0.0014335807, -0.0011673991],
    [-0.47128128, -1.6972208, -0.91325063, 0.85863829, -0.005996767, -0.0037904793],
    [-0.49628128, -1.6928185, -0.90421662, 0.84608026, -0.013602077, -0.0081622795],
    [-0.53128128, -1.6866553, -0.891569, 0.82849903, -0.024249512, -0.0142828],
    [-0.57628128, -1.6787311, -0.87530779, 0.80589459, -0.037939071, -0.02215204],
    [-0.63128128, -1.669046, -0.85543296, 0.77826693, -0.054670754, -0.031770001],
    [-0.69371205, -1.6580525, -0.83287296, 0.74690665, -0.07366297, -0.042687396],
    [-0.7565439, -1.6469883, -0.81016801, 0.71534489, -0.0927772, -0.053674928],
    [-0.81937576, -1.6359241, -0.78746307, 0.68378313, -0.11189143, -0.064662461],
    [-0.88220761, -1.6248599, -0.76475813, 0.65222138, -0.13100566, -0.075649993],
    [-0.94503946, -1.6137957, -0.74205319, 0.62065962, -0.15011989, -0.086637526],
    [-1.0078713, -1.6027315, -0.71934824, 0.58909786, -0.16923412, -0.097625058],
    [-1.0707032, -1.5916672, -0.6966433, 0.55753611, -0.18834835, -0.10861259],
    [-1.133535, -1.580603, -0.67393836, 0.52597435, -0.20746258, -0.11960012],
    [-1.1963669, -1.5695388, -0.65123342, 0.49441259, -0.22657681, -0.13058766],
    [-1.2591987, -1.5584746, -0.62852847, 0.46285084, -0.24569104, -0.14157519],
    [-1.3220306, -1.5474104, -0.60582353, 0.43128908, -0.26480527, -0.15256272],
    [-1.3848624, -1.5363462, -0.58311859, 0.39972732, -0.2839195, -0.16355025],
    [-1.4476943, -1.525282, -0.56041365, 0.36816557, -0.30303373, -0.17453779],
    [-1.5105261, -1.5142178, -0.5377087, 0.33660381, -0.32214796, -0.18552532],
    [-1.573358, -1.5031536, -0.51500376, 0.30504205, -0.34126219, -0.19651285],
    [-1.6361898, -1.4920894, -0.49229882, 0.2734803, -0.36037642, -0.20750038],
    [-1.6990217, -1.4810252, -0.46959387, 0.24191854, -0.37949065, -0.21848792],
    [-1.7618536, -1.469961, -0.44688893, 0.21035678, -0.39860488, -0.22947545],
    [-1.8246854, -1.4588968, -0.42418399, 0.17879503, -0.41771911, -0.24046298],
    [-1.8875173, -1.4478326, -0.40147905, 0.14723327, -0.43683334, -0.25145051],
    [-1.9503491, -1.4367684, -0.3787741, 0.11567151, -0.45594757, -0.26243805],
    [-2.013181, -1.4257042, -0.35606916, 0.084109757, -0.4750618, -0.27342558],
    [-2.0760128, -1.41464, -0.33336422, 0.052548, -0.49417603, -0.28441311],
    [-2.1388447, -1.4035758, -0.31065928, 0.020986243, -0.51329026, -0.29540064],
    [-2.2016765, -1.3925116, -0.28795433, -0.010575514, -0.53240449, -0.30638818],
    [-2.2645084, -1.3814474, -0.26524939, -0.04213727, -0.55151872, -0.31737571],
    [-2.3273402, -1.3703832, -0.24254445, -0.073699027, -0.57063295, -0.32836324],
    [-2.3901721, -1.359319, -0.21983951, -0.10526078, -0.58974718, -0.33935077],
    [-2.4530039, -1.3482548, -0.19713456, -0.13682254, -0.60886141, -0.35033831],
    [-2.5158358, -1.3371906, -0.17442962, -0.1683843, -0.62797564, -0.36132584],
    [-2.5786676, -1.3261264, -0.15172468, -0.19994605, -0.64708987, -0.37231337],
    [-2.6414995, -1.3150622, -0.12901974, -0.23150781, -0.6662041, -0.3833009],
    [-2.7043313, -1.303998, -0.10631479, -0.26306957, -0.68531833, -0.39428843],
    [-2.7671632, -1.2929338, -0.083609851, -0.29463132, -0.70443256, -0.40527597],
    [-2.8299951, -1.2818696, -0.060904909, -0.32619308, -0.72354679, -0.4162635],
    [-2.8928269, -1.2708054, -0.038199966, -0.35775484, -0.74266102, -0.42725103],
    [-2.9556588, -1.2597412, -0.015495024, -0.38931659, -0.76177524, -0.43823856],
    [-3.0184906, -1.248677, 0.007209919, -0.42087835, -0.78088947, -0.4492261],
    [-3.0813225, -1.2376128, 0.029914862, -0.45244011, -0.8000037, -0.46021363],
    [-3.1441543, -1.2265486, 0.052619804, -0.48400186, -0.81911793, -0.47120116],
    [-3.2069862, -1.2154843, 0.075324747, -0.51556362, -0.83823216, -0.48218869],
    [-3.269818, -1.2044201, 0.098029689, -0.54712538, -0.85734639, -0.49317623],
    [-3.3326499, -1.1933559, 0.12073463, -0.57868713, -0.87646062, -0.50416376],
    [-3.3954817, -1.1822917, 0.14343957, -0.61024889, -0.89557485, -0.51515129],
    [-3.4583136, -1.1712275, 0.16614452, -0.64181065, -0.91468908, -0.52613882],
    [-3.5211454, -1.1601633, 0.18884946, -0.6733724, -0.93380331, -0.53712636],
    [-3.5839773, -1.1490991, 0.2115544, -0.70493416, -0.95291754, -0.54811389],
    [-3.6468091, -1.1380349, 0.23425934, -0.73649592, -0.97203177, -0.55910142],
    [-3.709641, -1.1269707, 0.25696429, -0.76805768, -0.991146, -0.57008895],
    [-3.7724729, -1.1159065, 0.27966923, -0.79961943, -1.0102602, -0.58107649],
    [-3.8353047, -1.1048423, 0.30237417, -0.83118119, -1.0293745, -0.59206402],
    [-3.8981366, -1.0937781, 0.32507911, -0.86274295, -1.0484887, -0.60305155],
    [-3.9609684, -1.0827139, 0.34778406, -0.8943047, -1.0676029, -0.61403908],
    [-4.0238003, -1.0716497, 0.370489, -0.92586646, -1.0867172, -0.62502662],
    [-4.0866321, -1.0605855, 0.39319394, -0.95742822, -1.1058314, -0.63601415],
    [-4.149464, -1.0495213, 0.41589889, -0.98898997, -1.1249456, -0.64700168],
    [-4.2122958, -1.0384571, 0.43860383, -1.0205517, -1.1440598, -0.65798921],
    [-4.2751277, -1.0273929, 0.46130877, -1.0521135, -1.1631741, -0.66897675],
    [-4.3379595, -1.0163287, 0.48401371, -1.0836752, -1.1822883, -0.67996428],
    [-4.4007914, -1.0052645, 0.50671866, -1.115237, -1.2014025, -0.69095181],
    [-4.4636232, -0.99420029, 0.5294236, -1.1467988, -1.2205168, -0.70193934],
    [-4.5264551, -0.98313609, 0.55212854, -1.1783605, -1.239631, -0.71292688],
    [-4.5892869, -0.97207189, 0.57483348, -1.2099223, -1.2587452, -0.72391441],
    [-4.6521188, -0.96100768, 0.59753843, -1.241484, -1.2778595, -0.73490194],
    [-4.7149506, -0.94994348, 0.62024337, -1.2730458, -1.2969737, -0.74588947],
    [-4.7777825, -0.93887928, 0.64294831, -1.3046075, -1.3160879, -0.75687701],
    [-4.8406144, -0.92781507, 0.66565325, -1.3361693, -1.3352021, -0.76786454],
    [-4.9034462, -0.91675087, 0.6883582, -1.3677311, -1.3543164, -0.77885207],
    [-4.9662781, -0.90568667, 0.71106314, -1.3992928, -1.3734306, -0.7898396],
    [-5.0291099, -0.89462247, 0.73376808, -1.4308546, -1.3925448, -0.80082714],
    [-5.0919418, -0.88355826, 0.75647302, -1.4624163, -1.4116591, -0.81181467],
    [-5.1547736, -0.87249406, 0.77917797, -1.4939781, -1.4307733, -0.8228022],
    [-5.2176055, -0.86142986, 0.80188291, -1.5255398, -1.4498875, -0.83378973],
    [-5.2804373, -0.85036565, 0.82458785, -1.5571016, -1.4690017, -0.84477727],
    [-5.3432692, -0.83930145, 0.84729279, -1.5886633, -1.488116, -0.8557648],
    [-5.406101, -0.82823725, 0.86999774, -1.6202251, -1.5072302, -0.86675233],
    [-5.4657992, -0.81772486, 0.8915703, -1.6502128, -1.5253911, -0.87719187],
    [-5.5157144, -0.80893518, 0.90960768, -1.6752862, -1.540576, -0.88592065],
    [-5.5556297, -0.80190642, 0.92403146, -1.6953365, -1.5527187, -0.8929007],
    [-5.5855449, -0.79663858, 0.93484163, -1.7103635, -1.5618193, -0.89813204],
    [-5.6054601, -0.79313166, 0.9420382, -1.7203673, -1.5678777, -0.90161465],
    [-5.6153753, -0.79138567, 0.94562117, -1.725348, -1.570894, -0.90334854],
    [-5.6165833, -0.79117296, 0.94605768, -1.7259547, -1.5712615, -0.90355978]
  ]
}
