{
  "iteration": 9,
  "label": "pre_pick",
  "planning_time_ms": 53.007017,
  "scene": {
    "block_x": 0.14773033,
    "block_y": 0.46673565,
    "bin_x": 0.36177461,
    "bin_y": 0.36495905
  },
  "joint_names": ["shoulder_pan_joint", "shoulder_lift_joint", "elbow_joint", "wrist_1_joint", "wrist_2_joint", "wrist_3_joint"],
  "start_joints": [-0.45134853, -1.7009057, -0.91991967, 0.86783349, -6.8202941e-05, -2.8819226e-05],
  "goal_joints": [4.6768867, -2.3911467, -0.87218652, -1.4482723, 1.5712281, -0.034718145],
  "num_waypoints": 89,
  "trajectory": [
    [-0.45134853, -1.7009057, -0.91991967, 0.86783349, -6.8202941e-05, -2.8819226e-05],
    [-0.44634853, -1.7015787, -0.91987313, 0.8655753, 0.0014638019, -6.264112e-05],
    [-0.43134853, -1.7035976, -0.91973351, 0.85880073, 0.0060598166, -0.0001641068],
    [-0.40634853, -1.7069625, -0.91950082, 0.84750978, 0.013719841, -0.00033321627],
    [-0.37134853, -1.7116734, -0.91917504, 0.83170245, 0.024443875, -0.00056996952],
    [-0.32634853, -1.7177302, -0.91875618, 0.81137874, 0.038231919, -0.00087436656],
    [-0.27134853, -1.725133, -0.91824425, 0.78653866, 0.055083973, -0.0012464074],
    [-0.20891776, -1.733536, -0.91766315, 0.75834255, 0.074212823, -0.0016687128],
    [-0.1460859, -1.7419929, -0.91707832, 0.7299653, 0.093464565, -0.0020937312],
    [-0.083254052, -1.7504498, -0.91649348, 0.70158805, 0.11271631, -0.0025187497],
    [-0.020422199, -1.7589068, -0.91590865, 0.67321079, 0.13196805, -0.0029437681],
    [0.042409654, -1.7673637, -0.91532382, 0.64483354, 0.15121979, -0.0033687866],
    [0.10524151, -1.7758206, -0.91473898, 0.61645629, 0.17047153, -0.003793805],
    [0.16807336, -1.7842775, -0.91415415, 0.58807904, 0.18972327, -0.0042188235],
    [0.23090521, -1.7927345, -0.91356932, 0.55970179, 0.20897501, -0.0046438419],
    [0.29373707, -1.8011914, -0.91298448, 0.53132454, 0.22822675, -0.0050688604],
    [0.35656892, -1.8096483, -0.91239965, 0.50294729, 0.24747849, -0.0054938788],
    [0.41940077, -1.8181053, -0.91181482, 0.47457004, 0.26673024, -0.0059188973],
    [0.48223263, -1.8265622, -0.91122998, 0.44619279, 0.28598198, -0.0063439157],
    [0.54506448, -1.8350191, -0.91064515, 0.41781554, 0.30523372, -0.0067689342],
    [0.60789633, -1.843476, -0.91006032, 0.38943829, 0.32448546, -0.0071939526],
    [0.67072819, -1.851933, -0.90947548, 0.36106104, 0.3437372, -0.0076189711],
    [0.73356004, -1.8603899, -0.90889065, 0.33268379, 0.36298894, -0.0080439895],
    [0.79639189, -1.8688468, -0.90830582, 0.30430653, 0.38224068, -0.008469008],
    [0.85922374, -1.8773037, -0.90772098, 0.27592928, 0.40149242, -0.0088940264],
    [0.9220556, -1.8857607, -0.90713615, 0.24755203, 0.42074417, -0.0093190449],
    [0.98488745, -1.8942176, -0.90655132, 0.21917478, 0.43999591, -0.0097440633],
    [1.0477193, -1.9026745, -0.90596648, 0.19079753, 0.45924765, -0.010169082],
    [1.1105512, -1.9111315, -0.90538165, 0.16242028, 0.47849939, -0.0105941],
    [1.173383, -1.9195884, -0.90479682, 0.13404303, 0.49775113, -0.011019119],
    [1.2362149, -1.9280453, -0.90421198, 0.10566578, 0.51700287, -0.011444137],
    [1.2990467, -1.9365022, -0.90362715, 0.077288528, 0.53625461, -0.011869156],
    [1.3618786, -1.9449592, -0.90304232, 0.048911277, 0.55550635, -0.012294174],
    [1.4247104, -1.9534161, -0.90245748, 0.020534026, 0.57475809, -0.012719192],
    [1.4875423, -1.961873, -0.90187265, -0.0078432248, 0.59400984, -0.013144211],
    [1.5503741, -1.97033, -0.90128782, -0.036220476, 0.61326158, -0.013569229],
    [1.613206, -1.9787869, -0.90070298, -0.064597726, 0.63251332, -0.013994248],
    [1.6760378, -1.9872438, -0.90011815, -0.092974977, 0.65176506, -0.014419266],
    [1.7388697, -1.9957007, -0.89953332, -0.12135223, 0.6710168, -0.014844285],
    [1.8017015, -2.0041577, -0.89894849, -0.14972948, 0.69026854, -0.015269303],
    [1.8645334, -2.0126146, -0.89836365, -0.17810673, 0.70952028, -0.015694322],
    [1.9273652, -2.0210715, -0.89777882, -0.20648398, 0.72877202, -0.01611934],
    [1.9901971, -2.0295285, -0.89719399, -0.23486123, 0.74802377, -0.016544359],
    [2.053029, -2.0379854, -0.89660915, -0.26323848, 0.76727551, -0.016969377],
    [2.1158608, -2.0464423, -0.89602432, -0.29161573, 0.78652725, -0.017394395],
    [2.1786927, -2.0548992, -0.89543949, -0.31999298, 0.80577899, -0.017819414],
    [2.2415245, -2.0633562, -0.89485465, -0.34837023, 0.82503073, -0.018244432],
    [2.3043564, -2.0718131, -0.89426982, -0.37674749, 0.84428247, -0.018669451],
    [2.3671882, -2.08027, -0.89368499, -0.40512474, 0.86353421, -0.019094469],
    [2.4300201, -2.088727, -0.89310015, -0.43350199, 0.88278595, -0.019519488],
    [2.4928519, -2.0971839, -0.89251532, -0.46187924, 0.9020377, -0.019944506],
    [2.5556838, -2.1056408, -0.89193049, -0.49025649, 0.92128944, -0.020369525],
    [2.6185156, -2.1140977, -0.89134565, -0.51863374, 0.94054118, -0.020794543],
    [2.6813475, -2.1225547, -0.89076082, -0.54701099, 0.95979292, -0.021219561],
    [2.7441793, -2.1310116, -0.89017599, -0.57538824, 0.97904466, -0.02164458],
    [2.8070112, -2.1394685, -0.88959115, -0.60376549, 0.9982964, -0.022069598],
    [2.869843, -2.1479255, -0.88900632, -0.63214274, 1.0175481, -0.022494617],
    [2.9326749, -2.1563824, -0.88842149, -0.66051999, 1.0367999, -0.022919635],
    [2.9955067, -2.1648393, -0.88783665, -0.68889724, 1.0560516, -0.023344654],
    [3.0583386, -2.1732962, -0.88725182, -0.7172745, 1.0753034, -0.023769672],
    [3.1211705, -2.1817532, -0.88666699, -0.74565175, 1.0945551, -0.024194691],
    [3.1840023, -2.1902101, -0.88608215, -0.774029, 1.1138068, -0.024619709],
    [3.2468342, -2.198667, -0.88549732, -0.80240625, 1.1330586, -0.025044728],
    [3.309666, -2.2071239, -0.88491249, -0.8307835, 1.1523103, -0.025469746],
    [3.3724979, -2.2155809, -0.88432765, -0.85916075, 1.1715621, -0.025894764],
    [3.4353297, -2.2240378, -0.88374282, -0.887538, 1.1908138, -0.026319783],
    [3.4981616, -2.2324947, -0.88315799, -0.91591525, 1.2100656, -0.026744801],
    [3.5609934, -2.2409517, -0.88257315, -0.9442925, 1.2293173, -0.02716982],
    [3.6238253, -2.2494086, -0.88198832, -0.97266975, 1.248569, -0.027594838],
    [3.6866571, -2.2578655, -0.88140349, -1.001047, 1.2678208, -0.028019857],
    [3.749489, -2.2663224, -0.88081865, -1.0294243, 1.2870725, -0.028444875],
    [3.8123208, -2.2747794, -0.88023382, -1.0578015, 1.3063243, -0.028869894],
    [3.8751527, -2.2832363, -0.87964899, -1.0861788, 1.325576, -0.029294912],
    [3.9379845, -2.2916932, -0.87906416, -1.114556, 1.3448277, -0.02971993],
    [4.0008164, -2.3001502, -0.87847932, -1.1429333, 1.3640795, -0.030144949],
    [4.0636483, -2.3086071, -0.87789449, -1.1713105, 1.3833312, -0.030569967],
    [4.1264801, -2.317064, -0.87730966, -1.1996878, 1.402583, -0.030994986],
    [4.189312, -2.3255209, -0.87672482, -1.228065, 1.4218347, -0.031420004],
    [4.2521438, -2.3339779, -0.87613999, -1.2564423, 1.4410864, -0.031845023],
    [4.3149757, -2.3424348, -0.87555516, -1.2848195, 1.4603382, -0.032270041],
    [4.3778075, -2.3508917, -0.87497032, -1.3131968, 1.4795899, -0.03269506],
    [4.4406394, -2.3593487, -0.87438549, -1.341574, 1.4988417, -0.033120078],
    [4.5027431, -2.3677076, -0.87380743, -1.3696224, 1.5178703, -0.033540171],
    [4.556759, -2.3749779, -0.87330466, -1.394018, 1.5344208, -0.033905555],
    [4.6007749, -2.3809023, -0.87289496, -1.4138973, 1.5479073, -0.034203295],
    [4.6347907, -2.3854807, -0.87257835, -1.4292601, 1.5583298, -0.034433391],
    [4.6588066, -2.3887131, -0.87235481, -1.4401066, 1.5656883, -0.034595844],
    [4.6728225, -2.3905996, -0.87222435, -1.4464367, 1.5699828, -0.034690652],
    [4.6768867, -2.3911467, -0.87218652, -1.4482723, 1.5712281, -0.034718145]
  ]
}
