{
  "iteration": 29,
  "label": "pre_pick",
  "planning_time_ms": 55.165952,
  "scene": {
    "block_x": 0.1308878,
    "block_y": 0.41211867,
    "bin_x": 0.19921076,
    "bin_y": 0.30205103
  },
  "joint_names": ["shoulder_pan_joint", "shoulder_lift_joint", "elbow_joint", "wrist_1_joint", "wrist_2_joint", "wrist_3_joint"],
  "start_joints": [-0.45137209, -1.7008226, -0.91991625, 0.86788391, 4.7133871e-05, 3.596269e-05],
  "goal_joints": [-5.3208441, -1.0198594, 1.3409025, -1.8921414, -1.5698793, -0.60789956],
  "num_waypoints": 85,
  "trajectory": [
    [-0.45137209, -1.7008226, -0.91991625, 0.86788391, 4.7133871e-05, 3.596269e-05],
    [-0.45637209, -1.7001234, -0.91759483, 0.8650499, -0.001564875, -0.00058826878],
    [-0.47137209, -1.6980257, -0.91063057, 0.85654788, -0.0064009016, -0.0024609632],
    [-0.49637209, -1.6945297, -0.89902347, 0.84237783, -0.014460946, -0.0055821205],
    [-0.53137209, -1.6896351, -0.88277352, 0.82253977, -0.025745008, -0.0099517408],
    [-0.57637209, -1.6833422, -0.86188073, 0.79703369, -0.040253088, -0.015569824],
    [-0.63137209, -1.6756508, -0.8363451, 0.76585959, -0.057985185, -0.02243637],
    [-0.69380286, -1.6669203, -0.80735948, 0.73047372, -0.078112978, -0.030230621],
    [-0.75663472, -1.6581337, -0.77818765, 0.69486052, -0.098370079, -0.038074945],
    [-0.81946657, -1.6493471, -0.74901582, 0.65924731, -0.11862718, -0.045919269],
    [-0.88229842, -1.6405604, -0.71984398, 0.62363411, -0.13888428, -0.053763593],
    [-0.94513028, -1.6317738, -0.69067215, 0.5880209, -0.15914138, -0.061607917],
    [-1.0079621, -1.6229872, -0.66150031, 0.5524077, -0.17939848, -0.069452241],
    [-1.070794, -1.6142006, -0.63232848, 0.51679449, -0.19965558, -0.077296565],
    [-1.1336258, -1.605414, -0.60315664, 0.48118128, -0.21991268, -0.085140888],
    [-1.1964577, -1.5966274, -0.57398481, 0.44556808, -0.24016978, -0.092985212],
    [-1.2592895, -1.5878407, -0.54481297, 0.40995487, -0.26042689, -0.10082954],
    [-1.3221214, -1.5790541, -0.51564114, 0.37434167, -0.28068399, -0.10867386],
    [-1.3849532, -1.5702675, -0.48646931, 0.33872846, -0.30094109, -0.11651818],
    [-1.4477851, -1.5614809, -0.45729747, 0.30311526, -0.32119819, -0.12436251],
    [-1.510617, -1.5526943, -0.42812564, 0.26750205, -0.34145529, -0.13220683],
    [-1.5734488, -1.5439077, -0.3989538, 0.23188885, -0.36171239, -0.14005116],
    [-1.6362807, -1.535121, -0.36978197, 0.19627564, -0.38196949, -0.14789548],
    [-1.6991125, -1.5263344, -0.34061013, 0.16066244, -0.40222659, -0.1557398],
    [-1.7619444, -1.5175478, -0.3114383, 0.12504923, -0.42248369, -0.16358413],
    [-1.8247762, -1.5087612, -0.28226647, 0.089436028, -0.44274079, -0.17142845],
    [-1.8876081, -1.4999746, -0.25309463, 0.053822823, -0.46299789, -0.17927278],
    [-1.9504399, -1.491188, -0.2239228, 0.018209617, -0.48325499, -0.1871171],
    [-2.0132718, -1.4824014, -0.19475096, -0.017403588, -0.5035121, -0.19496142],
    [-2.0761036, -1.4736147, -0.16557913, -0.053016793, -0.5237692, -0.20280575],
    [-2.1389355, -1.4648281, -0.13640729, -0.088629998, -0.5440263, -0.21065007],
    [-2.2017673, -1.4560415, -0.10723546, -0.1242432, -0.5642834, -0.2184944],
    [-2.2645992, -1.4472549, -0.078063625, -0.15985641, -0.5845405, -0.22633872],
    [-2.327431, -1.4384683, -0.04889179, -0.19546961, -0.6047976, -0.23418304],
    [-2.3902629, -1.4296817, -0.019719956, -0.23108282, -0.6250547, -0.24202737],
    [-2.4530947, -1.420895, 0.0094518786, -0.26669602, -0.6453118, -0.24987169],
    [-2.5159266, -1.4121084, 0.038623713, -0.30230923, -0.6655689, -0.25771602],
    [-2.5787585, -1.4033218, 0.067795547, -0.33792243, -0.685826, -0.26556034],
    [-2.6415903, -1.3945352, 0.096967382, -0.37353564, -0.7060831, -0.27340466],
    [-2.7044222, -1.3857486, 0.12613922, -0.40914885, -0.7263402, -0.28124899],
    [-2.767254, -1.376962, 0.15531105, -0.44476205, -0.74659731, -0.28909331],
    [-2.8300859, -1.3681753, 0.18448288, -0.48037526, -0.76685441, -0.29693763],
    [-2.8929177, -1.3593887, 0.21365472, -0.51598846, -0.78711151, -0.30478196],
    [-2.9557496, -1.3506021, 0.24282655, -0.55160167, -0.80736861, -0.31262628],
    [-3.0185814, -1.3418155, 0.27199839, -0.58721487, -0.82762571, -0.32047061],
    [-3.0814133, -1.3330289, 0.30117022, -0.62282808, -0.84788281, -0.32831493],
    [-3.1442451, -1.3242423, 0.33034206, -0.65844128, -0.86813991, -0.33615925],
    [-3.207077, -1.3154557, 0.35951389, -0.69405449, -0.88839701, -0.34400358],
    [-3.2699088, -1.306669, 0.38868573, -0.72966769, -0.90865411, -0.3518479],
    [-3.3327407, -1.2978824, 0.41785756, -0.7652809, -0.92891121, -0.35969223],
    [-3.3955725, -1.2890958, 0.44702939, -0.8008941, -0.94916831, -0.36753655],
    [-3.4584044, -1.2803092, 0.47620123, -0.83650731, -0.96942542, -0.37538087],
    [-3.5212363, -1.2715226, 0.50537306, -0.87212051, -0.98968252, -0.3832252],
    [-3.5840681, -1.262736, 0.5345449, -0.90773372, -1.0099396, -0.39106952],
    [-3.6469, -1.2539493, 0.56371673, -0.94334692, -1.0301967, -0.39891385],
    [-3.7097318, -1.2451627, 0.59288857, -0.97896013, -1.0504538, -0.40675817],
    [-3.7725637, -1.2363761, 0.6220604, -1.0145733, -1.0707109, -0.41460249],
    [-3.8353955, -1.2275895, 0.65123224, -1.0501865, -1.090968, -0.42244682],
    [-3.8982274, -1.2188029, 0.68040407, -1.0857997, -1.1112251, -0.43029114],
    [-3.9610592, -1.2100163, 0.7095759, -1.1214129, -1.1314822, -0.43813547],
    [-4.0238911, -1.2012296, 0.73874774, -1.1570262, -1.1517393, -0.44597979],
    [-4.0867229, -1.192443, 0.76791957, -1.1926394, -1.1719964, -0.45382411],
    [-4.1495548, -1.1836564, 0.79709141, -1.2282526, -1.1922535, -0.46166844],
    [-4.2123866, -1.1748698, 0.82626324, -1.2638658, -1.2125106, -0.46951276],
    [-4.2752185, -1.1660832, 0.85543508, -1.299479, -1.2327677, -0.47735709],
    [-4.3380503, -1.1572966, 0.88460691, -1.3350922, -1.2530248, -0.48520141],
    [-4.4008822, -1.14851, 0.91377874, -1.3707054, -1.2732819, -0.49304573],
    [-4.463714, -1.1397233, 0.94295058, -1.4063186, -1.293539, -0.50089006],
    [-4.5265459, -1.1309367, 0.97212241, -1.4419318, -1.3137961, -0.50873438],
    [-4.5893778, -1.1221501, 1.0012942, -1.477545, -1.3340532, -0.51657871],
    [-4.6522096, -1.1133635, 1.0304661, -1.5131582, -1.3543103, -0.52442303],
    [-4.7150415, -1.1045769, 1.0596379, -1.5487714, -1.3745674, -0.53226735],
    [-4.7778733, -1.0957903, 1.0888098, -1.5843846, -1.3948245, -0.54011168],
    [-4.8407052, -1.0870036, 1.1179816, -1.6199978, -1.4150816, -0.547956],
    [-4.903537, -1.078217, 1.1471534, -1.655611, -1.4353387, -0.55580033],
    [-4.9663689, -1.0694304, 1.1763253, -1.6912242, -1.4555958, -0.56364465],
    [-5.0292007, -1.0606438, 1.2054971, -1.7268374, -1.4758529, -0.57148897],
    [-5.0920326, -1.0518572, 1.2346689, -1.7624506, -1.49611, -0.5793333],
    [-5.1536147, -1.0432453, 1.2632605, -1.7973555, -1.5159642, -0.5870216],
    [-5.2064471, -1.0358571, 1.2877898, -1.827301, -1.5329975, -0.59361753],
    [-5.2492795, -1.0298672, 1.3076762, -1.8515785, -1.5468067, -0.59896499],
    [-5.2821119, -1.0252759, 1.3229198, -1.870188, -1.557392, -0.603064],
    [-5.3049443, -1.0220829, 1.3335205, -1.8831294, -1.5647532, -0.60591454],
    [-5.3177767, -1.0202884, 1.3394784, -1.8904028, -1.5688904, -0.60751662],
    [-5.3208441, -1.0198594, 1.3409025, -1.8921414, -1.5698793, -0.60789956]
  ]
}
