{
  "iteration": 25,
  "label": "place_above_bin",
  "planning_time_ms": 610.63256,
  "scene": {
    "block_x": 0.14443465,
    "block_y": 0.46660547,
    "bin_x": 0.37109709,
    "bin_y": 0.37129816
  },
  "joint_names": ["shoulder_pan_joint", "shoulder_lift_joint", "elbow_joint", "wrist_1_joint", "wrist_2_joint", "wrist_3_joint"],
  "start_joints": [-1.5934194, -2.4436997, -1.0167347, -1.2491129, 1.5697887, -0.023596522],
  "goal_joints": [4.1790256, -2.6458574, -0.47542484, -1.5909483, -4.7126989, -0.53400912],
  "num_waypoints": 100,
  "trajectory": [
    [-1.5934194, -2.4436997, -1.0167347, -1.2491129, 1.5697887, -0.023596522],
    [-1.5888253, -2.4438606, -1.0163039, -1.2493849, 1.5647887, -0.02400274],
    [-1.5750431, -2.4443433, -1.0150115, -1.2502011, 1.5497887, -0.025221396],
    [-1.5520727, -2.4451477, -1.0128574, -1.2515613, 1.5247887, -0.027252489],
    [-1.5199142, -2.446274, -1.0098418, -1.2534657, 1.4897887, -0.030096018],
    [-1.4785675, -2.447722, -1.0059645, -1.2559142, 1.4447887, -0.033751985],
    [-1.4280326, -2.4494918, -1.0012256, -1.2589068, 1.3897887, -0.038220389],
    [-1.3684297, -2.4515791, -0.99563636, -1.2624364, 1.3249194, -0.043490611],
    [-1.3055979, -2.4537796, -0.98974432, -1.2661572, 1.2565358, -0.049046345],
    [-1.242766, -2.45598, -0.98385227, -1.269878, 1.1881523, -0.054602079],
    [-1.1799342, -2.4581805, -0.97796023, -1.2735988, 1.1197687, -0.060157813],
    [-1.1171023, -2.4603809, -0.97206818, -1.2773196, 1.0513852, -0.065713547],
    [-1.0542705, -2.4625814, -0.96617614, -1.2810404, 0.9830016, -0.071269282],
    [-0.99143863, -2.4647818, -0.96028409, -1.2847612, 0.91461804, -0.076825016],
    [-0.92860678, -2.4669822, -0.95439205, -1.288482, 0.84623448, -0.08238075],
    [-0.86577492, -2.4691827, -0.9485, -1.2922029, 0.77785092, -0.087936484],
    [-0.80294307, -2.4713831, -0.94260796, -1.2959237, 0.70946736, -0.093492218],
    [-0.74011122, -2.4735836, -0.93671592, -1.2996445, 0.6410838, -0.099047952],
    [-0.67727937, -2.475784, -0.93082387, -1.3033653, 0.57270024, -0.10460369],
    [-0.61444751, -2.4779845, -0.92493183, -1.3070861, 0.50431668, -0.11015942],
    [-0.55161566, -2.4801849, -0.91903978, -1.3108069, 0.43593311, -0.11571515],
    [-0.48878381, -2.4823854, -0.91314774, -1.3145277, 0.36754955, -0.12127089],
    [-0.42595195, -2.4845858, -0.90725569, -1.3182485, 0.29916599, -0.12682662],
    [-0.3631201, -2.4867862, -0.90136365, -1.3219693, 0.23078243, -0.13238236],
    [-0.30028825, -2.4889867, -0.8954716, -1.3256901, 0.16239887, -0.13793809],
    [-0.23745639, -2.4911871, -0.88957956, -1.3294109, 0.094015314, -0.14349383],
    [-0.17462454, -2.4933876, -0.88368751, -1.3331317, 0.025631753, -0.14904956],
    [-0.11179269, -2.495588, -0.87779547, -1.3368525, -0.042751807, -0.15460529],
    [-0.048960835, -2.4977885, -0.87190343, -1.3405733, -0.11113537, -0.16016103],
    [0.013871018, -2.4999889, -0.86601138, -1.3442941, -0.17951893, -0.16571676],
    [0.076702871, -2.5021894, -0.86011934, -1.348015, -0.24790249, -0.1712725],
    [0.13953472, -2.5043898, -0.85422729, -1.3517358, -0.31628605, -0.17682823],
    [0.20236658, -2.5065902, -0.84833525, -1.3554566, -0.38466961, -0.18238396],
    [0.26519843, -2.5087907, -0.8424432, -1.3591774, -0.45305317, -0.1879397],
    [0.32803028, -2.5109911, -0.83655116, -1.3628982, -0.52143673, -0.19349543],
    [0.39086214, -2.5131916, -0.83065911, -1.366619, -0.58982029, -0.19905117],
    [0.45369399, -2.515392, -0.82476707, -1.3703398, -0.65820385, -0.2046069],
    [0.51652584, -2.5175925, -0.81887502, -1.3740606, -0.72658741, -0.21016263],
    [0.5793577, -2.5197929, -0.81298298, -1.3777814, -0.79497097, -0.21571837],
    [0.64218955, -2.5219934, -0.80709093, -1.3815022, -0.86335453, -0.2212741],
    [0.7050214, -2.5241938, -0.80119889, -1.385223, -0.93173809, -0.22682984],
    [0.76785326, -2.5263942, -0.79530685, -1.3889438, -1.0001217, -0.23238557],
    [0.83068511, -2.5285947, -0.7894148, -1.3926646, -1.0685052, -0.23794131],
    [0.89351696, -2.5307951, -0.78352276, -1.3963854, -1.1368888, -0.24349704],
    [0.95634881, -2.5329956, -0.77763071, -1.4001062, -1.2052723, -0.24905277],
    [1.0191807, -2.535196, -0.77173867, -1.4038271, -1.2736559, -0.25460851],
    [1.0820125, -2.5373965, -0.76584662, -1.4075479, -1.3420395, -0.26016424],
    [1.1448444, -2.5395969, -0.75995458, -1.4112687, -1.410423, -0.26571998],
    [1.2076762, -2.5417973, -0.75406253, -1.4149895, -1.4788066, -0.27127571],
    [1.2705081, -2.5439978, -0.74817049, -1.4187103, -1.5471901, -0.27683144],
    [1.3333399, -2.5461982, -0.74227844, -1.4224311, -1.6155737, -0.28238718],
    [1.3961718, -2.5483987, -0.7363864, -1.4261519, -1.6839573, -0.28794291],
    [1.4590036, -2.5505991, -0.73049436, -1.4298727, -1.7523408, -0.29349865],
    [1.5218355, -2.5527996, -0.72460231, -1.4335935, -1.8207244, -0.29905438],
    [1.5846673, -2.555, -0.71871027, -1.4373143, -1.8891079, -0.30461011],
    [1.6474992, -2.5572005, -0.71281822, -1.4410351, -1.9574915, -0.31016585],
    [1.7103311, -2.5594009, -0.70692618, -1.4447559, -2.0258751, -0.31572158],
    [1.7731629, -2.5616013, -0.70103413, -1.4484767, -2.0942586, -0.32127732],
    [1.8359948, -2.5638018, -0.69514209, -1.4521975, -2.1626422, -0.32683305],
    [1.8988266, -2.5660022, -0.68925004, -1.4559183, -2.2310257, -0.33238879],
    [1.9616585, -2.5682027, -0.683358, -1.4596392, -2.2994093, -0.33794452],
    [2.0244903, -2.5704031, -0.67746595, -1.46336, -2.3677929, -0.34350025],
    [2.0873222, -2.5726036, -0.67157391, -1.4670808, -2.4361764, -0.34905599],
    [2.150154, -2.574804, -0.66568187, -1.4708016, -2.50456, -0.35461172],
    [2.2129859, -2.5770045, -0.65978982, -1.4745224, -2.5729435, -0.36016746],
    [2.2758177, -2.5792049, -0.65389778, -1.4782432, -2.6413271, -0.36572319],
    [2.3386496, -2.5814053, -0.64800573, -1.481964, -2.7097107, -0.37127892],
    [2.4014814, -2.5836058, -0.64211369, -1.4856848, -2.7780942, -0.37683466],
    [2.4643133, -2.5858062, -0.63622164, -1.4894056, -2.8464778, -0.38239039],
    [2.5271451, -2.5880067, -0.6303296, -1.4931264, -2.9148613, -0.38794613],
    [2.589977, -2.5902071, -0.62443755, -1.4968472, -2.9832449, -0.39350186],
    [2.6528088, -2.5924076, -0.61854551, -1.500568, -3.0516285, -0.3990576],
    [2.7156407, -2.594608, -0.61265346, -1.5042888, -3.120012, -0.40461333],
    [2.7784726, -2.5968085, -0.60676142, -1.5080096, -3.1883956, -0.41016906],
    [2.8413044, -2.5990089, -0.60086938, -1.5117304, -3.2567791, -0.4157248],
    [2.9041363, -2.6012093, -0.59497733, -1.5154513, -3.3251627, -0.42128053],
    [2.9669681, -2.6034098, -0.58908529, -1.5191721, -3.3935463, -0.42683627],
    [3.0298, -2.6056102, -0.58319324, -1.5228929, -3.4619298, -0.432392],
    [3.0926318, -2.6078107, -0.5773012, -1.5266137, -3.5303134, -0.43794773],
    [3.1554637, -2.6100111, -0.57140915, -1.5303345, -3.5986969, -0.44350347],
    [3.2182955, -2.6122116, -0.56551711, -1.5340553, -3.6670805, -0.4490592],
    [3.2811274, -2.614412, -0.55962506, -1.5377761, -3.7354641, -0.45461494],
    [3.3439592, -2.6166125, -0.55373302, -1.5414969, -3.8038476, -0.46017067],
    [3.4067911, -2.6188129, -0.54784097, -1.5452177, -3.8722312, -0.4657264],
    [3.4696229, -2.6210133, -0.54194893, -1.5489385, -3.9406147, -0.47128214],
    [3.5324548, -2.6232138, -0.53605689, -1.5526593, -4.0089983, -0.47683787],
    [3.5952866, -2.6254142, -0.53016484, -1.5563801, -4.0773819, -0.48239361],
    [3.6581185, -2.6276147, -0.5242728, -1.5601009, -4.1457654, -0.48794934],
    [3.7209503, -2.6298151, -0.51838075, -1.5638217, -4.214149, -0.49350508],
    [3.7837822, -2.6320156, -0.51248871, -1.5675425, -4.2825325, -0.49906081],
    [3.8466141, -2.634216, -0.50659666, -1.5712634, -4.3509161, -0.50461654],
    [3.9094459, -2.6364165, -0.50070462, -1.5749842, -4.4192997, -0.51017228],
    [3.9722017, -2.6386142, -0.49481971, -1.5787005, -4.4876004, -0.51572128],
