{
  "iteration": 425,
  "label": "pre_pick",
  "planning_time_ms": 46.636502,
  "scene": {
    "block_x": 0.12551592,
    "block_y": 0.41401988,
    "bin_x": 0.42959621,
    "bin_y": 0.35712578
  },
  "joint_names": ["shoulder_pan_joint", "shoulder_lift_joint", "elbow_joint", "wrist_1_joint", "wrist_2_joint", "wrist_3_joint"],
  "start_joints": [-0.45123729, -1.7008532, -0.9198535, 0.86777213, 7.4112077e-05, 4.9393257e-05],
  "goal_joints": [4.7266355, -2.1260416, -1.3334621, 5.029581, 1.5715327, 0.013425257],
  "num_waypoints": 90,
  "trajectory": [
    [-0.45123729, -1.7008532, -0.9198535, 0.86777213, 7.4112077e-05, 4.9393257e-05],
    [-0.44623729, -1.7012637, -0.9202529, 0.87179097, 0.0015915871, 6.2309627e-05],
    [-0.43123729, -1.7024955, -0.9214511, 0.88384749, 0.0061440122, 0.00010105874],
    [-0.40623729, -1.7045484, -0.92344811, 0.90394169, 0.013731387, 0.00016564059],
    [-0.37123729, -1.7074225, -0.92624391, 0.93207358, 0.024353713, 0.00025605517],
    [-0.32623729, -1.7111177, -0.92983851, 0.96824314, 0.038010988, 0.0003723025],
    [-0.27123729, -1.7156341, -0.93423191, 1.0124504, 0.054703213, 0.00051438257],
    [-0.20880652, -1.7207607, -0.93921888, 1.0626302, 0.073650642, 0.00067565837],
    [-0.14597467, -1.7259202, -0.94423789, 1.1131325, 0.092719795, 0.00083797026],
    [-0.083142814, -1.7310798, -0.9492569, 1.1636347, 0.11178895, 0.0010002821],
    [-0.020310961, -1.7362393, -0.95427591, 1.214137, 0.1308581, 0.001162594],
    [0.042520893, -1.7413988, -0.95929492, 1.2646392, 0.14992726, 0.0013249059],
    [0.10535275, -1.7465584, -0.96431393, 1.3151414, 0.16899641, 0.0014872178],
    [0.1681846, -1.7517179, -0.96933293, 1.3656437, 0.18806556, 0.0016495297],
    [0.23101645, -1.7568774, -0.97435194, 1.4161459, 0.20713472, 0.0018118416],
    [0.2938483, -1.7620369, -0.97937095, 1.4666481, 0.22620387, 0.0019741535],
    [0.35668016, -1.7671965, -0.98438996, 1.5171504, 0.24527302, 0.0021364654],
    [0.41951201, -1.772356, -0.98940897, 1.5676526, 0.26434218, 0.0022987773],
    [0.48234386, -1.7775155, -0.99442798, 1.6181549, 0.28341133, 0.0024610892],
    [0.54517572, -1.782675, -0.99944699, 1.6686571, 0.30248049, 0.0026234011],
    [0.60800757, -1.7878346, -1.004466, 1.7191593, 0.32154964, 0.0027857129],
    [0.67083942, -1.7929941, -1.009485, 1.7696616, 0.34061879, 0.0029480248],
    [0.73367128, -1.7981536, -1.014504, 1.8201638, 0.35968795, 0.0031103367],
    [0.79650313, -1.8033132, -1.019523, 1.870666, 0.3787571, 0.0032726486],
    [0.85933498, -1.8084727, -1.024542, 1.9211683, 0.39782625, 0.0034349605],
    [0.92216684, -1.8136322, -1.029561, 1.9716705, 0.41689541, 0.0035972724],
    [0.98499869, -1.8187917, -1.0345801, 2.0221728, 0.43596456, 0.0037595843],
    [1.0478305, -1.8239513, -1.0395991, 2.072675, 0.45503371, 0.0039218962],
    [1.1106624, -1.8291108, -1.0446181, 2.1231772, 0.47410287, 0.0040842081],
    [1.1734942, -1.8342703, -1.0496371, 2.1736795, 0.49317202, 0.00424652],
    [1.2363261, -1.8394299, -1.0546561, 2.2241817, 0.51224118, 0.0044088319],
    [1.299158, -1.8445894, -1.0596751, 2.2746839, 0.53131033, 0.0045711437],
    [1.3619898, -1.8497489, -1.0646941, 2.3251862, 0.55037948, 0.0047334556],
    [1.4248217, -1.8549084, -1.0697131, 2.3756884, 0.56944864, 0.0048957675],
    [1.4876535, -1.860068, -1.0747321, 2.4261906, 0.58851779, 0.0050580794],
    [1.5504854, -1.8652275, -1.0797511, 2.4766929, 0.60758694, 0.0052203913],
    [1.6133172, -1.870387, -1.0847702, 2.5271951, 0.6266561, 0.0053827032],
    [1.6761491, -1.8755466, -1.0897892, 2.5776974, 0.64572525, 0.0055450151],
    [1.7389809, -1.8807061, -1.0948082, 2.6281996, 0.66479441, 0.005707327],
    [1.8018128, -1.8858656, -1.0998272, 2.6787018, 0.68386356, 0.0058696389],
    [1.8646446, -1.8910251, -1.1048462, 2.7292041, 0.70293271, 0.0060319508],
    [1.9274765, -1.8961847, -1.1098652, 2.7797063, 0.72200187, 0.0061942627],
    [1.9903083, -1.9013442, -1.1148842, 2.8302085, 0.74107102, 0.0063565745],
    [2.0531402, -1.9065037, -1.1199032, 2.8807108, 0.76014017, 0.0065188864],
    [2.115972, -1.9116632, -1.1249222, 2.931213, 0.77920933, 0.0066811983],
    [2.1788039, -1.9168228, -1.1299412, 2.9817153, 0.79827848, 0.0068435102],
    [2.2416358, -1.9219823, -1.1349602, 3.0322175, 0.81734763, 0.0070058221],
    [2.3044676, -1.9271418, -1.1399793, 3.0827197, 0.83641679, 0.007168134],
    [2.3672995, -1.9323014, -1.1449983, 3.133222, 0.85548594, 0.0073304459],
    [2.4301313, -1.9374609, -1.1500173, 3.1837242, 0.8745551, 0.0074927578],
    [2.4929632, -1.9426204, -1.1550363, 3.2342264, 0.89362425, 0.0076550697],
    [2.555795, -1.9477799, -1.1600553, 3.2847287, 0.9126934, 0.0078173816],
    [2.6186269, -1.9529395, -1.1650743, 3.3352309, 0.93176256, 0.0079796935],
    [2.6814587, -1.958099, -1.1700933, 3.3857332, 0.95083171, 0.0081420053],
    [2.7442906, -1.9632585, -1.1751123, 3.4362354, 0.96990086, 0.0083043172],
    [2.8071224, -1.9684181, -1.1801313, 3.4867376, 0.98897002, 0.0084666291],
    [2.8699543, -1.9735776, -1.1851503, 3.5372399, 1.0080392, 0.008628941],
    [2.9327861, -1.9787371, -1.1901693, 3.5877421, 1.0271083, 0.0087912529],
    [2.995618, -1.9838966, -1.1951884, 3.6382443, 1.0461775, 0.0089535648],
    [3.0584498, -1.9890562, -1.2002074, 3.6887466, 1.0652466, 0.0091158767],
    [3.1212817, -1.9942157, -1.2052264, 3.7392488, 1.0843158, 0.0092781886],
    [3.1841135, -1.9993752, -1.2102454, 3.7897511, 1.1033849, 0.0094405005],
    [3.2469454, -2.0045347, -1.2152644, 3.8402533, 1.1224541, 0.0096028124],
    [3.3097773, -2.0096943, -1.2202834, 3.8907555, 1.1415232, 0.0097651243],
    [3.3726091, -2.0148538, -1.2253024, 3.9412578, 1.1605924, 0.0099274361],
    [3.435441, -2.0200133, -1.2303214, 3.99176, 1.1796616, 0.010089748],
    [3.4982728, -2.0251729, -1.2353404, 4.0422622, 1.1987307, 0.01025206],
    [3.5611047, -2.0303324, -1.2403594, 4.0927645, 1.2177999, 0.010414372],
    [3.6239365, -2.0354919, -1.2453785, 4.1432667, 1.236869, 0.010576684],
    [3.6867684, -2.0406514, -1.2503975, 4.193769, 1.2559382, 0.010738996],
    [3.7496002, -2.045811, -1.2554165, 4.2442712, 1.2750073, 0.010901307],
    [3.8124321, -2.0509705, -1.2604355, 4.2947734, 1.2940765, 0.011063619],
    [3.8752639, -2.05613, -1.2654545, 4.3452757, 1.3131456, 0.011225931],
    [3.9380958, -2.0612896, -1.2704735, 4.3957779, 1.3322148, 0.011388243],
    [4.0009276, -2.0664491, -1.2754925, 4.4462801, 1.3512839, 0.011550555],
    [4.0637595, -2.0716086, -1.2805115, 4.4967824, 1.3703531, 0.011712867],
    [4.1265913, -2.0767681, -1.2855305, 4.5472846, 1.3894222, 0.011875179],
    [4.1894232, -2.0819277, -1.2905495, 4.5977868, 1.4084914, 0.012037491],
    [4.252255, -2.0870872, -1.2955685, 4.6482891, 1.4275606, 0.012199803],
    [4.3150869, -2.0922467, -1.3005876, 4.6987913, 1.4466297, 0.012362115],
    [4.3779188, -2.0974063, -1.3056066, 4.7492936, 1.4656989, 0.012524426],
    [4.4407506, -2.1025658, -1.3106256, 4.7997958, 1.484768, 0.012686738],
    [4.5035825, -2.1077253, -1.3156446, 4.850298, 1.5038372, 0.01284905],
    [4.5646644, -2.1127411, -1.3205238, 4.8993937, 1.5223752, 0.013006842],
    [4.6165803, -2.1170043, -1.3246709, 4.9411221, 1.5381315, 0.013140955],
    [4.6584963, -2.1204463, -1.3280191, 4.9748128, 1.5508527, 0.013249235],
    [4.6904122, -2.1230671, -1.3305685, 5.0004658, 1.5605391, 0.013331683],
    [4.7123281, -2.1248668, -1.3323192, 5.0180811, 1.5671904, 0.013388297],
    [4.724244, -2.1258452, -1.333271, 5.0276588, 1.5708069, 0.013419079],
    [4.7266355, -2.1260416, -1.3334621, 5.029581, 1.5715327, 0.013425257]
  ]
}
