{
  "iteration": 116,
  "label": "pre_pick",
  "planning_time_ms": 54.984987,
  "scene": {
    "block_x": 0.33434978,
    "block_y": 0.40733284,
    "bin_x": 0.22521443,
    "bin_y": 0.35107904
  },
  "joint_names": ["shoulder_pan_joint", "shoulder_lift_joint", "elbow_joint", "wrist_1_joint", "wrist_2_joint", "wrist_3_joint"],
  "start_joints": [-0.45131618, -1.7007987, -0.91986229, 0.86788845, 6.6712367e-05, 4.7964941e-05],
  "goal_joints": [-2.005722, -2.6643826, -0.34375038, -1.7043168, -4.7129946, -0.43546807],
  "num_waypoints": 55,
  "trajectory": [
    [-0.45131618, -1.7007987, -0.91986229, 0.86788845, 6.6712367e-05, 4.7964941e-05],
    [-0.45291408, -1.699145, -0.91486229, 0.86298704, -0.0044330251, -0.0019512409],
    [-0.45770778, -1.6941841, -0.89986229, 0.84828282, -0.017932238, -0.0079488583],
    [-0.46569729, -1.6859159, -0.87486229, 0.82377579, -0.040430925, -0.017944887],
    [-0.4768826, -1.6743405, -0.83986229, 0.78946595, -0.071929088, -0.031939328],
    [-0.49126371, -1.6594577, -0.79486229, 0.74535329, -0.11242673, -0.04993218],
    [-0.508555, -1.6415633, -0.74075604, 0.69231395, -0.16111951, -0.071566085],
    [-0.5242211, -1.6253507, -0.69173518, 0.64425972, -0.20523571, -0.091166644],
    [-0.53833744, -1.6138044, -0.65266862, 0.60357347, -0.24538756, -0.10703132],
    [-0.55436375, -1.6098558, -0.62358575, 0.56520183, -0.29216786, -0.11966778],
    [-0.57180179, -1.6130943, -0.60450134, 0.52988225, -0.34405268, -0.12899622],
    [-0.59012292, -1.6230747, -0.59541561, 0.49838929, -0.39942381, -0.1349374],
    [-0.61045798, -1.6380169, -0.59177347, 0.46673364, -0.46138607, -0.13926402],
    [-0.63407298, -1.6553883, -0.58757566, 0.42998837, -0.53334501, -0.1442773],
    [-0.66096971, -1.6751737, -0.58279447, 0.38813668, -0.61530396, -0.14998728],
    [-0.69114817, -1.6973732, -0.57742993, 0.34117856, -0.70726291, -0.15639394],
    [-0.72460837, -1.7219867, -0.57148202, 0.28911403, -0.80922185, -0.16349728],
    [-0.76135029, -1.7490143, -0.56495075, 0.23194308, -0.92118079, -0.17129732],
    [-0.80134639, -1.7784357, -0.55784102, 0.16970858, -1.0430558, -0.17978819],
    [-0.84258585, -1.8087718, -0.55051026, 0.1055394, -1.1687195, -0.18854302],
    [-0.88382532, -1.8391078, -0.54317951, 0.041370215, -1.2943832, -0.19729784],
    [-0.92506478, -1.8694438, -0.53584875, -0.022798969, -1.4200469, -0.20605267],
    [-0.96630424, -1.8997798, -0.528518, -0.086968154, -1.5457106, -0.2148075],
    [-1.0075437, -1.9301159, -0.52118724, -0.15113734, -1.6713743, -0.22356233],
    [-1.0487832, -1.9604519, -0.51385649, -0.21530652, -1.797038, -0.23231715],
    [-1.0900226, -1.9907879, -0.50652573, -0.27947571, -1.9227017, -0.24107198],
    [-1.1312621, -2.021124, -0.49919498, -0.34364489, -2.0483654, -0.24982681],
    [-1.1725016, -2.05146, -0.49186422, -0.40781407, -2.1740291, -0.25858164],
    [-1.213741, -2.081796, -0.48453347, -0.47198326, -2.2996928, -0.26733646],
    [-1.2549805, -2.112132, -0.47720271, -0.53615244, -2.4253565, -0.27609129],
    [-1.2962199, -2.1424681, -0.46987196, -0.60032163, -2.5510202, -0.28484612],
    [-1.3374594, -2.1728041, -0.4625412, -0.66449081, -2.6766839, -0.29360095],
    [-1.3786989, -2.2031401, -0.45521045, -0.72866, -2.8023476, -0.30235577],
    [-1.4199383, -2.2334762, -0.44787969, -0.79282918, -2.9280113, -0.3111106],
    [-1.4611778, -2.2638122, -0.44054893, -0.85699836, -3.0536751, -0.31986543],
    [-1.5024173, -2.2941482, -0.43321818, -0.92116755, -3.1793388, -0.32862026],
    [-1.5436567, -2.3244843, -0.42588742, -0.98533673, -3.3050025, -0.33737508],
    [-1.5848962, -2.3548203, -0.41855667, -1.0495059, -3.4306662, -0.34612991],
    [-1.6261356, -2.3851563, -0.41122591, -1.1136751, -3.5563299, -0.35488474],
    [-1.6673751, -2.4154923, -0.40389516, -1.1778443, -3.6819936, -0.36363957],
    [-1.7086146, -2.4458284, -0.3965644, -1.2420135, -3.8076573, -0.37239439],
    [-1.7498439, -2.4761569, -0.38923546, -1.3061668, -3.93329, -0.38114706],
    [-1.7891841, -2.5050958, -0.38224232, -1.3673807, -4.0531663, -0.38949869],
    [-1.8252425, -2.5316207, -0.37583254, -1.4234882, -4.1630426, -0.39715363],
    [-1.8580192, -2.5557315, -0.37000613, -1.4744892, -4.2629189, -0.40411188],
    [-1.8875142, -2.5774282, -0.36476308, -1.5203839, -4.3527952, -0.41037344],
    [-1.9137275, -2.5967108, -0.36010339, -1.5611721, -4.4326715, -0.41593832],
    [-1.936659, -2.6135794, -0.35602706, -1.5968539, -4.5025478, -0.42080651],
    [-1.9563088, -2.628034, -0.3525341, -1.6274292, -4.5624241, -0.42497802],
    [-1.9726769, -2.6400744, -0.3496245, -1.6528982, -4.6123004, -0.42845284],
    [-1.9857632, -2.6497008, -0.34729827, -1.6732607, -4.6521767, -0.43123097],
    [-1.9955678, -2.6569131, -0.34555539, -1.6885168, -4.682053, -0.43331241],
    [-2.0020907, -2.6617114, -0.34439588, -1.6986665, -4.7019293, -0.43469717],
    [-2.0053318, -2.6640956, -0.34381974, -1.7037097, -4.7118056, -0.43538524],
    [-2.005722, -2.6643826, -0.34375038, -1.7043168, -4.7129946, -0.43546807]
  ]
}
