{
  "iteration": 177,
  "label": "pre_pick",
  "planning_time_ms": 41.437676,
  "scene": {
    "block_x": 0.13560771,
    "block_y": 0.42971837,
    "bin_x": 0.40222704,
    "bin_y": 0.35763228
  },
  "joint_names": ["shoulder_pan_joint", "shoulder_lift_joint", "elbow_joint", "wrist_1_joint", "wrist_2_joint", "wrist_3_joint"],
  "start_joints": [-0.45137274, -1.7007651, -0.92025734, 0.86845711, -1.9803452e-05, -0.00033116991],
  "goal_joints": [-1.5803907, -3.3137584, 1.1955968, 3.688852, 1.5701488, -0.0098050848],
  "num_waypoints": 44,
  "trajectory": [
    [-0.45137274, -1.7007651, -0.92025734, 0.86845711, -1.9803452e-05, -0.00033116991],
    [-0.45337426, -1.7036246, -0.91650635, 0.87345711, 0.0027637936, -0.00034796528],
    [-0.45937883, -1.7122032, -0.90525338, 0.88845711, 0.011114585, -0.00039835139],
    [-0.46938646, -1.7265008, -0.88649844, 0.91345711, 0.02503257, -0.00048232824],
    [-0.48339713, -1.7465174, -0.86024151, 0.94845711, 0.044517749, -0.00059989582],
    [-0.50141085, -1.772253, -0.82648261, 0.99345711, 0.069570122, -0.00075105415],
    [-0.52342762, -1.8037077, -0.78522173, 1.0484571, 0.10018969, -0.00093580321],
    [-0.54944743, -1.8408814, -0.73645888, 1.1134571, 0.13637644, -0.001154143],
    [-0.5794703, -1.8837742, -0.68019405, 1.1884571, 0.17813039, -0.0014060735],
    [-0.61271525, -1.9312702, -0.61789081, 1.2715062, 0.22436543, -0.0016850415],
    [-0.64624227, -1.9791692, -0.55505896, 1.3552599, 0.27099274, -0.0019663764],
    [-0.6797693, -2.0270683, -0.49222711, 1.4390136, 0.31762006, -0.0022477113],
    [-0.71329632, -2.0749673, -0.42939525, 1.5227673, 0.36424738, -0.0025290462],
    [-0.74682334, -2.1228663, -0.3665634, 1.606521, 0.41087469, -0.0028103811],
    [-0.78035037, -2.1707654, -0.30373155, 1.6902747, 0.45750201, -0.003091716],
    [-0.81387739, -2.2186644, -0.24089969, 1.7740284, 0.50412933, -0.0033730509],
    [-0.84740441, -2.2665634, -0.17806784, 1.8577821, 0.55075664, -0.0036543858],
    [-0.88093143, -2.3144625, -0.11523599, 1.9415359, 0.59738396, -0.0039357207],
    [-0.91445846, -2.3623615, -0.052404134, 2.0252896, 0.64401128, -0.0042170556],
    [-0.94798548, -2.4102605, 0.010427719, 2.1090433, 0.69063859, -0.0044983905],
    [-0.9815125, -2.4581595, 0.073259572, 2.192797, 0.73726591, -0.0047797255],
    [-1.0150395, -2.5060586, 0.13609143, 2.2765507, 0.78389323, -0.0050610604],
    [-1.0485665, -2.5539576, 0.19892328, 2.3603044, 0.83052054, -0.0053423953],
    [-1.0820936, -2.6018566, 0.26175513, 2.4440581, 0.87714786, -0.0056237302],
    [-1.1156206, -2.6497557, 0.32458698, 2.5278118, 0.92377518, -0.0059050651],
    [-1.1491476, -2.6976547, 0.38741884, 2.6115656, 0.97040249, -0.0061864],
    [-1.1826746, -2.7455537, 0.45025069, 2.6953193, 1.0170298, -0.0064677349],
    [-1.2162017, -2.7934527, 0.51308254, 2.779073, 1.0636571, -0.0067490698],
    [-1.2497287, -2.8413518, 0.5759144, 2.8628267, 1.1102844, -0.0070304047],
    [-1.2832557, -2.8892508, 0.63874625, 2.9465804, 1.1569118, -0.0073117396],
    [-1.3167827, -2.9371498, 0.7015781, 3.0303341, 1.2035391, -0.0075930745],
    [-1.3503097, -2.9850489, 0.76440996, 3.1140878, 1.2501664, -0.0078744094],
    [-1.3838368, -3.0329479, 0.82724181, 3.1978416, 1.2967937, -0.0081557443],
    [-1.4173638, -3.0808469, 0.89007366, 3.2815953, 1.343421, -0.0084370793],
    [-1.4506792, -3.1284437, 0.95250899, 3.3648204, 1.3897541, -0.0087166387],
    [-1.4809032, -3.1716237, 1.0091507, 3.4403228, 1.4317877, -0.0089702567],
    [-1.5071241, -3.2090848, 1.0582904, 3.5058252, 1.4682542, -0.0091902841],
    [-1.529342, -3.2408268, 1.0999282, 3.5613275, 1.4991534, -0.0093767206],
    [-1.5475568, -3.2668497, 1.134064, 3.6068299, 1.5244855, -0.0095295665],
    [-1.5617686, -3.2871536, 1.1606978, 3.6423323, 1.5442503, -0.0096488216],
    [-1.5719773, -3.3017385, 1.1798296, 3.6678347, 1.558448, -0.0097344859],
    [-1.578183, -3.3106044, 1.1914595, 3.683337, 1.5670785, -0.0097865596],
    [-1.5803856, -3.3137512, 1.1955873, 3.6888394, 1.5701417, -0.0098050425],
    [-1.5803907, -3.3137584, 1.1955968, 3.688852, 1.5701488, -0.0098050848]
  ]
}
