{
  "iteration": 615,
  "label": "pre_pick",
  "planning_time_ms": 46.637486,
  "scene": {
    "block_x": 0.22892843,
    "block_y": 0.41653729,
    "bin_x": 0.16865533,
    "bin_y": 0.27081717
  },
  "joint_names": ["shoulder_pan_joint", "shoulder_lift_joint", "elbow_joint", "wrist_1_joint", "wrist_2_joint", "wrist_3_joint"],
  "start_joints": [-0.45124512, -1.7007281, -0.92030235, 0.86845036, -5.7308012e-05, -0.00028039648],
  "goal_joints": [4.4898092, -2.318175, -1.0038148, 4.8919665, 1.5709849, -0.222573],
  "num_waypoints": 86,
  "trajectory": [
    [-0.45124512, -1.7007281, -0.92030235, 0.86845036, -5.7308012e-05, -0.00028039648],
    [-0.44624512, -1.7013529, -0.92038685, 0.87252187, 0.0015324764, -0.00050534098],
    [-0.43124512, -1.7032274, -0.92064038, 0.88473642, 0.0063018295, -0.0011801745],
    [-0.40624512, -1.7063514, -0.92106292, 0.905094, 0.014250751, -0.002304897],
    [-0.37124512, -1.7107251, -0.92165449, 0.93359461, 0.025379242, -0.0038795085],
    [-0.32624512, -1.7163485, -0.92241506, 0.97023825, 0.039687302, -0.005904009],
    [-0.27124512, -1.7232214, -0.92334466, 1.0150249, 0.05717493, -0.0083783985],
    [-0.20881434, -1.7310229, -0.92439985, 1.0658625, 0.077025224, -0.01118709],
    [-0.14598249, -1.7388745, -0.92546182, 1.1170267, 0.097003044, -0.014013826],
    [-0.083150637, -1.7467262, -0.92652379, 1.1681909, 0.11698086, -0.016840562],
    [-0.020318784, -1.7545778, -0.92758576, 1.219355, 0.13695868, -0.019667298],
    [0.042513069, -1.7624294, -0.92864772, 1.2705192, 0.1569365, -0.022494034],
    [0.10534492, -1.7702811, -0.92970969, 1.3216834, 0.17691432, -0.02532077],
    [0.16817678, -1.7781327, -0.93077166, 1.3728476, 0.19689214, -0.028147506],
    [0.23100863, -1.7859843, -0.93183363, 1.4240117, 0.21686996, -0.030974242],
    [0.29384048, -1.7938359, -0.9328956, 1.4751759, 0.23684778, -0.033800978],
    [0.35667233, -1.8016876, -0.93395757, 1.5263401, 0.2568256, -0.036627714],
    [0.41950419, -1.8095392, -0.93501953, 1.5775043, 0.27680342, -0.03945445],
    [0.48233604, -1.8173908, -0.9360815, 1.6286684, 0.29678124, -0.042281186],
    [0.54516789, -1.8252425, -0.93714347, 1.6798326, 0.31675906, -0.045107922],
    [0.60799975, -1.8330941, -0.93820544, 1.7309968, 0.33673688, -0.047934658],
    [0.6708316, -1.8409457, -0.93926741, 1.782161, 0.3567147, -0.050761394],
    [0.73366345, -1.8487974, -0.94032938, 1.8333252, 0.37669252, -0.05358813],
    [0.79649531, -1.856649, -0.94139134, 1.8844893, 0.39667034, -0.056414866],
    [0.85932716, -1.8645006, -0.94245331, 1.9356535, 0.41664816, -0.059241602],
    [0.92215901, -1.8723522, -0.94351528, 1.9868177, 0.43662598, -0.062068338],
    [0.98499087, -1.8802039, -0.94457725, 2.0379819, 0.4566038, -0.064895074],
    [1.0478227, -1.8880555, -0.94563922, 2.089146, 0.47658162, -0.06772181],
    [1.1106546, -1.8959071, -0.94670119, 2.1403102, 0.49655944, -0.070548546],
    [1.1734864, -1.9037588, -0.94776315, 2.1914744, 0.51653726, -0.073375282],
    [1.2363183, -1.9116104, -0.94882512, 2.2426386, 0.53651508, -0.076202018],
    [1.2991501, -1.919462, -0.94988709, 2.2938027, 0.5564929, -0.079028754],
    [1.361982, -1.9273137, -0.95094906, 2.3449669, 0.57647072, -0.08185549],
    [1.4248138, -1.9351653, -0.95201103, 2.3961311, 0.59644854, -0.084682226],
    [1.4876457, -1.9430169, -0.953073, 2.4472953, 0.61642636, -0.087508962],
    [1.5504775, -1.9508685, -0.95413496, 2.4984595, 0.63640418, -0.090335698],
    [1.6133094, -1.9587202, -0.95519693, 2.5496236, 0.656382, -0.093162433],
    [1.6761412, -1.9665718, -0.9562589, 2.6007878, 0.67635982, -0.095989169],
    [1.7389731, -1.9744234, -0.95732087, 2.651952, 0.69633764, -0.098815905],
    [1.801805, -1.9822751, -0.95838284, 2.7031162, 0.71631546, -0.10164264],
    [1.8646368, -1.9901267, -0.95944481, 2.7542803, 0.73629328, -0.10446938],
    [1.9274687, -1.9979783, -0.96050677, 2.8054445, 0.7562711, -0.10729611],
    [1.9903005, -2.00583, -0.96156874, 2.8566087, 0.77624891, -0.11012285],
    [2.0531324, -2.0136816, -0.96263071, 2.9077729, 0.79622673, -0.11294959],
    [2.1159642, -2.0215332, -0.96369268, 2.958937, 0.81620455, -0.11577632],
    [2.1787961, -2.0293849, -0.96475465, 3.0101012, 0.83618237, -0.11860306],
    [2.2416279, -2.0372365, -0.96581662, 3.0612654, 0.85616019, -0.12142979],
    [2.3044598, -2.0450881, -0.96687858, 3.1124296, 0.87613801, -0.12425653],
    [2.3672916, -2.0529397, -0.96794055, 3.1635937, 0.89611583, -0.12708327],
    [2.4301235, -2.0607914, -0.96900252, 3.2147579, 0.91609365, -0.12991],
    [2.4929553, -2.068643, -0.97006449, 3.2659221, 0.93607147, -0.13273674],
    [2.5557872, -2.0764946, -0.97112646, 3.3170863, 0.95604929, -0.13556347],
    [2.618619, -2.0843463, -0.97218843, 3.3682505, 0.97602711, -0.13839021],
    [2.6814509, -2.0921979, -0.97325039, 3.4194146, 0.99600493, -0.14121694],
    [2.7442828, -2.1000495, -0.97431236, 3.4705788, 1.0159828, -0.14404368],
    [2.8071146, -2.1079012, -0.97537433, 3.521743, 1.0359606, -0.14687042],
    [2.8699465, -2.1157528, -0.9764363, 3.5729072, 1.0559384, -0.14969715],
    [2.9327783, -2.1236044, -0.97749827, 3.6240713, 1.0759162, -0.15252389],
    [2.9956102, -2.131456, -0.97856024, 3.6752355, 1.095894, -0.15535062],
    [3.058442, -2.1393077, -0.9796222, 3.7263997, 1.1158719, -0.15817736],
    [3.1212739, -2.1471593, -0.98068417, 3.7775639, 1.1358497, -0.1610041],
    [3.1841057, -2.1550109, -0.98174614, 3.828728, 1.1558275, -0.16383083],
    [3.2469376, -2.1628626, -0.98280811, 3.8798922, 1.1758053, -0.16665757],
    [3.3097694, -2.1707142, -0.98387008, 3.9310564, 1.1957831, -0.1694843],
    [3.3726013, -2.1785658, -0.98493205, 3.9822206, 1.2157609, -0.17231104],
    [3.4354331, -2.1864175, -0.98599401, 4.0333848, 1.2357388, -0.17513778],
    [3.498265, -2.1942691, -0.98705598, 4.0845489, 1.2557166, -0.17796451],
    [3.5610968, -2.2021207, -0.98811795, 4.1357131, 1.2756944, -0.18079125],
    [3.6239287, -2.2099723, -0.98917992, 4.1868773, 1.2956722, -0.18361798],
    [3.6867605, -2.217824, -0.99024189, 4.2380415, 1.31565, -0.18644472],
    [3.7495924, -2.2256756, -0.99130386, 4.2892056, 1.3356279, -0.18927146],
    [3.8124243, -2.2335272, -0.99236582, 4.3403698, 1.3556057, -0.19209819],
    [3.8752561, -2.2413789, -0.99342779, 4.391534, 1.3755835, -0.19492493],
    [3.938088, -2.2492305, -0.99448976, 4.4426982, 1.3955613, -0.19775166],
    [4.0009198, -2.2570821, -0.99555173, 4.4938623, 1.4155391, -0.2005784],
    [4.0637517, -2.2649338, -0.9966137, 4.5450265, 1.435517, -0.20340514],
    [4.1265835, -2.2727854, -0.99767567, 4.5961907, 1.4554948, -0.20623187],
    [4.1894154, -2.280637, -0.99873763, 4.6473549, 1.4754726, -0.20905861],
    [4.2522472, -2.2884886, -0.9997996, 4.698519, 1.4954504, -0.21188534],
    [4.3144286, -2.296259, -1.0008506, 4.7491536, 1.5152214, -0.21468282],
    [4.3686537, -2.3030351, -1.0017671, 4.7933092, 1.5324627, -0.21712235],
    [4.4128788, -2.3085616, -1.0025146, 4.8293219, 1.5465244, -0.21911198],
    [4.4471039, -2.3128384, -1.003093, 4.8571915, 1.5574065, -0.22065173],
    [4.471329, -2.3158657, -1.0035025, 4.8769181, 1.565109, -0.22174159],
    [4.4855541, -2.3176433, -1.0037429, 4.8885016, 1.569632, -0.22238156],
    [4.4898092, -2.318175, -1.0038148, 4.8919665, 1.5709849, -0.222573]
  ]
}
