{
  "iteration": 973,
  "label": "pre_pick",
  "planning_time_ms": 68.888871,
  "scene": {
    "block_x": 0.30028463,
    "block_y": 0.38252296,
    "bin_x": 0.44890882,
    "bin_y": 0.2612463
  },
  "joint_names": ["shoulder_pan_joint", "shoulder_lift_joint", "elbow_joint", "wrist_1_joint", "wrist_2_joint", "wrist_3_joint"],
  "start_joints": [-0.45137385, -1.700784, -0.92029807, 0.8683529, 7.0999192e-05, -0.00029880522],
  "goal_joints": [-1.965055, -3.2128128, 0.90405664, -2.4046115, 1.5710928, -0.39522364],
  "num_waypoints": 42,
  "trajectory": [
    [-0.45137385, -1.700784, -0.92029807, 0.8683529, 7.0999192e-05, -0.00029880522],
    [-0.45368625, -1.7030939, -0.91751106, 0.8633529, 0.0024709975, -0.00090211888],
    [-0.46062345, -1.7100236, -0.90915005, 0.8483529, 0.0096709926, -0.0027120599],
    [-0.47218545, -1.7215729, -0.89521501, 0.8233529, 0.021670984, -0.0057286282],
    [-0.48837226, -1.7377421, -0.87570597, 0.7883529, 0.038470973, -0.0099518239],
    [-0.50918387, -1.758531, -0.85062291, 0.7433529, 0.060070958, -0.015381647],
    [-0.53462028, -1.7839396, -0.81996583, 0.6883529, 0.08647094, -0.022018097],
    [-0.56468148, -1.813968, -0.78373476, 0.62335291, 0.11767091, -0.029861173],
    [-0.59936749, -1.8486161, -0.74192967, 0.54835293, 0.15367088, -0.038910876],
    [-0.63867829, -1.887884, -0.69455057, 0.46335295, 0.19447084, -0.049167205],
    [-0.6826139, -1.9317717, -0.64159745, 0.36835298, 0.2400708, -0.060630162],
    [-0.7311743, -1.9802791, -0.58307033, 0.263353, 0.29047075, -0.073299747],
    [-0.78313488, -2.0321829, -0.52044517, 0.15100099, 0.34439968, -0.086856447],
    [-0.83526695, -2.0842581, -0.45761332, 0.038278167, 0.3985066, -0.10045789],
    [-0.88739902, -2.1363333, -0.39478146, -0.07444466, 0.45261352, -0.11405934],
    [-0.9395311, -2.1884084, -0.33194961, -0.18716749, 0.50672043, -0.12766078],
    [-0.99166317, -2.2404836, -0.26911776, -0.29989031, 0.56082735, -0.14126222],
    [-1.0437952, -2.2925587, -0.2062859, -0.41261314, 0.61493427, -0.15486367],
    [-1.0959273, -2.3446339, -0.14345405, -0.52533597, 0.66904119, -0.16846511],
    [-1.1480594, -2.3967091, -0.080622197, -0.63805879, 0.72314811, -0.18206656],
    [-1.2001915, -2.4487842, -0.017790344, -0.75078162, 0.77725503, -0.195668],
    [-1.2523235, -2.5008594, 0.045041509, -0.86350445, 0.83136195, -0.20926945],
    [-1.3044556, -2.5529346, 0.10787336, -0.97622727, 0.88546887, -0.22287089],
    [-1.3565877, -2.6050097, 0.17070521, -1.0889501, 0.93957579, -0.23647233],
    [-1.4087197, -2.6570849, 0.23353707, -1.2016729, 0.99368271, -0.25007378],
    [-1.4608518, -2.7091601, 0.29636892, -1.3143958, 1.0477896, -0.26367522],
    [-1.5129839, -2.7612352, 0.35920077, -1.4271186, 1.1018966, -0.27727667],
    [-1.565116, -2.8133104, 0.42203263, -1.5398414, 1.1560035, -0.29087811],
    [-1.617248, -2.8653856, 0.48486448, -1.6525642, 1.2101104, -0.30447956],
    [-1.6693801, -2.9174607, 0.54769633, -1.7652871, 1.2642173, -0.318081],
    [-1.7193611, -2.9673871, 0.60793559, -1.8733587, 1.3160916, -0.33112122],
    [-1.7647202, -3.0126967, 0.66260436, -1.9714366, 1.363169, -0.34295557],
    [-1.8054545, -3.0533865, 0.7116991, -2.0595145, 1.4054464, -0.35358329],
    [-1.841564, -3.0894566, 0.75521984, -2.1375924, 1.4429238, -0.36300438],
    [-1.8730487, -3.1209069, 0.79316656, -2.2056703, 1.4756011, -0.37121885],
    [-1.8999085, -3.1477375, 0.82553927, -2.2637483, 1.5034785, -0.37822669],
    [-1.9221436, -3.1699483, 0.85233796, -2.3118262, 1.5265559, -0.38402791],
    [-1.9397539, -3.1875394, 0.87356265, -2.3499041, 1.5448333, -0.38862249],
    [-1.9527394, -3.2005107, 0.88921332, -2.377982, 1.5583107, -0.39201045],
    [-1.9611001, -3.2088622, 0.89928997, -2.3960599, 1.5669881, -0.39419178],
    [-1.9648359, -3.212594, 0.90379261, -2.4041379, 1.5708655, -0.39516648],
    [-1.965055, -3.2128128, 0.90405664, -2.4046115, 1.5710928, -0.39522364]
  ]
}
