{
  "iteration": 69,
  "label": "pre_pick",
  "planning_time_ms": 39.673796,
  "scene": {
    "block_x": 0.15043515,
    "block_y": 0.4823946,
    "bin_x": 0.38667253,
    "bin_y": 0.30179627
  },
  "joint_names": ["shoulder_pan_joint", "shoulder_lift_joint", "elbow_joint", "wrist_1_joint", "wrist_2_joint", "wrist_3_joint"],
  "start_joints": [-0.45142495, -1.7007659, -0.92057866, 0.86885407, -9.9912759e-05, -0.00038025991],
  "goal_joints": [1.0119025, -0.015420565, -0.6796418, -0.87593838, 4.7134304, -0.55949466],
  "num_waypoints": 52,
  "trajectory": [
    [-0.45142495, -1.7007659, -0.92057866, 0.86885407, -9.9912759e-05, -0.00038025991],
    [-0.44987269, -1.6989781, -0.92032308, 0.86700324, 0.0049000872, -0.00097335507],
    [-0.4452159, -1.6936148, -0.91955634, 0.86145074, 0.019900087, -0.0027526405],
    [-0.43745459, -1.6846759, -0.91827844, 0.85219657, 0.044900087, -0.0057181163],
    [-0.42658875, -1.6721615, -0.91648938, 0.83924073, 0.079900087, -0.0098697824],
    [-0.41261838, -1.6560716, -0.91418916, 0.82258322, 0.12490009, -0.015207639],
    [-0.39554349, -1.636406, -0.91137778, 0.80222405, 0.17990009, -0.021731686],
    [-0.37536408, -1.613165, -0.90805524, 0.77816321, 0.24490009, -0.029441923],
    [-0.35208014, -1.5863484, -0.90422154, 0.7504007, 0.31990008, -0.038338349],
    [-0.32569168, -1.5559562, -0.89987668, 0.71893653, 0.40490006, -0.048420965],
    [-0.29619869, -1.5219885, -0.89502066, 0.68377068, 0.49990005, -0.059689771],
    [-0.26360118, -1.4844453, -0.88965348, 0.64490318, 0.60490003, -0.072144767],
    [-0.22789915, -1.4433265, -0.88377514, 0.602334, 0.7199, -0.085785952],
    [-0.1893845, -1.3989683, -0.8774337, 0.55641123, 0.84395969, -0.10050179],
    [-0.15037188, -1.3540367, -0.87101028, 0.50989469, 0.9696234, -0.1154079],
    [-0.11135926, -1.309105, -0.86458685, 0.46337816, 1.0952871, -0.13031401],
    [-0.072346646, -1.2641734, -0.85816342, 0.41686163, 1.2209508, -0.14522011],
    [-0.033334028, -1.2192417, -0.85173999, 0.37034509, 1.3466145, -0.16012622],
    [0.0056785893, -1.17431, -0.84531657, 0.32382856, 1.4722782, -0.17503233],
    [0.044691207, -1.1293784, -0.83889314, 0.27731203, 1.5979419, -0.18993843],
    [0.083703825, -1.0844467, -0.83246971, 0.23079549, 1.7236056, -0.20484454],
    [0.12271644, -1.0395151, -0.82604628, 0.18427896, 1.8492693, -0.21975065],
    [0.16172906, -0.99458341, -0.81962286, 0.13776243, 1.974933, -0.23465676],
    [0.20074168, -0.94965175, -0.81319943, 0.091245896, 2.1005968, -0.24956286],
    [0.2397543, -0.90472009, -0.806776, 0.044729363, 2.2262605, -0.26446897],
    [0.27876691, -0.85978843, -0.80035257, -0.0017871698, 2.3519242, -0.27937508],
    [0.31777953, -0.81485677, -0.79392915, -0.048303703, 2.4775879, -0.29428118],
    [0.35679215, -0.7699251, -0.78750572, -0.094820236, 2.6032516, -0.30918729],
    [0.39580477, -0.72499344, -0.78108229, -0.14133677, 2.7289153, -0.3240934],
    [0.43481738, -0.68006178, -0.77465887, -0.1878533, 2.854579, -0.33899951],
    [0.47383, -0.63513012, -0.76823544, -0.23436983, 2.9802427, -0.35390561],
    [0.51284262, -0.59019846, -0.76181201, -0.28088637, 3.1059064, -0.36881172],
    [0.55185524, -0.5452668, -0.75538858, -0.3274029, 3.2315701, -0.38371783],
    [0.59086786, -0.50033514, -0.74896516, -0.37391943, 3.3572338, -0.39862393],
    [0.62988047, -0.45540348, -0.74254173, -0.42043597, 3.4828975, -0.41353004],
    [0.66889309, -0.41047182, -0.7361183, -0.4669525, 3.6085612, -0.42843615],
    [0.70790571, -0.36554016, -0.72969487, -0.51346903, 3.7342249, -0.44334226],
    [0.74691833, -0.3206085, -0.72327145, -0.55998557, 3.8598886, -0.45824836],
    [0.78555685, -0.27610769, -0.71690961, -0.60605605, 3.9843474, -0.47301153],
    [0.82149314, -0.2347191, -0.7109927, -0.64890454, 4.1001019, -0.48674223],
    [0.85432491, -0.19690606, -0.70558695, -0.68805136, 4.2058564, -0.49928673],
    [0.88405216, -0.16266856, -0.70069236, -0.72349652, 4.301611, -0.51064504],
    [0.91067487, -0.13200661, -0.69630893, -0.75524, 4.3873655, -0.52081716],
    [0.93419306, -0.10492021, -0.69243666, -0.78328182, 4.4631201, -0.52980309],
    [0.95460673, -0.081409356, -0.68907555, -0.80762197, 4.5288746, -0.53760283],
    [0.97191587, -0.061474051, -0.6862256, -0.82826046, 4.5846292, -0.54421638],
    [0.98612049, -0.045114294, -0.68388681, -0.84519727, 4.6303837, -0.54964374],
    [0.99722058, -0.032330084, -0.68205918, -0.85843242, 4.6661383, -0.55388491],
    [1.0052161, -0.023121423, -0.68074271, -0.86796589, 4.6918928, -0.55693989],
    [1.0101072, -0.017488309, -0.6799374, -0.87379771, 4.7076474, -0.55880868],
    [1.0118937, -0.015430744, -0.67964325, -0.87592785, 4.7134019, -0.55949128],
    [1.0119025, -0.015420565, -0.6796418, -0.87593838, 4.7134304, -0.55949466]
  ]
}
