{
  "iteration": 473,
  "label": "pre_pick",
  "planning_time_ms": 63.517088,
  "scene": {
    "block_x": 0.21322849,
    "block_y": 0.38673893,
    "bin_x": 0.33491561,
    "bin_y": 0.25964323
  },
  "joint_names": ["shoulder_pan_joint", "shoulder_lift_joint", "elbow_joint", "wrist_1_joint", "wrist_2_joint", "wrist_3_joint"],
  "start_joints": [-0.45123201, -1.7007599, -0.92032958, 0.86841724, -9.8619564e-05, -0.00024755565],
  "goal_joints": [-1.7731116, -2.1598578, -1.2780426, 5.0090202, -4.7122842, -0.20239538],
  "num_waypoints": 52,
  "trajectory": [
    [-0.45123201, -1.7007599, -0.92032958, 0.86841724, -9.8619564e-05, -0.00024755565],
    [-0.45263462, -1.701247, -0.92070914, 0.87281074, -0.0050986196, -0.00046205042],
    [-0.45684248, -1.7027084, -0.92184783, 0.88599126, -0.02009862, -0.0011055347],
    [-0.46385557, -1.7051441, -0.92374564, 0.90795879, -0.04509862, -0.0021780085],
    [-0.4736739, -1.7085541, -0.92640257, 0.93871333, -0.08009862, -0.0036794719],
    [-0.48629746, -1.7129383, -0.92981862, 0.97825488, -0.12509862, -0.0056099248],
    [-0.50172627, -1.7182969, -0.9339938, 1.0265834, -0.18009862, -0.0079693672],
    [-0.5199603, -1.7246297, -0.9389281, 1.083699, -0.24509862, -0.010757799],
    [-0.54099958, -1.7319368, -0.94462153, 1.1496016, -0.32009861, -0.01397522],
    [-0.56484408, -1.7402181, -0.95107407, 1.2242912, -0.40509859, -0.01762163],
    [-0.59149383, -1.7494738, -0.95828574, 1.3077678, -0.50009857, -0.02169703],
    [-0.62094881, -1.7597037, -0.96625654, 1.4000314, -0.60509855, -0.026201419],
    [-0.65320902, -1.7709079, -0.97498645, 1.501082, -0.72009852, -0.031134798],
    [-0.6880107, -1.7829947, -0.98440411, 1.6100934, -0.84415822, -0.036456829],
    [-0.72326235, -1.7952379, -0.99394354, 1.7205142, -0.96982193, -0.04184767],
    [-0.75851399, -1.807481, -1.003483, 1.8309351, -1.0954856, -0.047238512],
    [-0.79376564, -1.8197242, -1.0130224, 1.9413559, -1.2211493, -0.052629353],
    [-0.82901728, -1.8319673, -1.0225618, 2.0517768, -1.346813, -0.058020195],
    [-0.86426892, -1.8442104, -1.0321012, 2.1621976, -1.4724768, -0.063411036],
    [-0.89952057, -1.8564536, -1.0416407, 2.2726185, -1.5981405, -0.068801877],
    [-0.93477221, -1.8686967, -1.0511801, 2.3830393, -1.7238042, -0.074192719],
    [-0.97002386, -1.8809399, -1.0607195, 2.4934602, -1.8494679, -0.07958356],
    [-1.0052755, -1.893183, -1.0702589, 2.603881, -1.9751316, -0.084974402],
    [-1.0405271, -1.9054261, -1.0797984, 2.7143018, -2.1007953, -0.090365243],
    [-1.0757788, -1.9176693, -1.0893378, 2.8247227, -2.226459, -0.095756085],
    [-1.1110304, -1.9299124, -1.0988772, 2.9351435, -2.3521227, -0.10114693],
    [-1.1462821, -1.9421556, -1.1084166, 3.0455644, -2.4777864, -0.10653777],
    [-1.1815337, -1.9543987, -1.1179561, 3.1559852, -2.6034501, -0.11192861],
    [-1.2167854, -1.9666418, -1.1274955, 3.2664061, -2.7291138, -0.11731945],
    [-1.252037, -1.978885, -1.1370349, 3.3768269, -2.8547775, -0.12271029],
    [-1.2872887, -1.9911281, -1.1465743, 3.4872478, -2.9804412, -0.12810113],
    [-1.3225403, -2.0033713, -1.1561138, 3.5976686, -3.1061049, -0.13349197],
    [-1.3577919, -2.0156144, -1.1656532, 3.7080895, -3.2317686, -0.13888282],
    [-1.3930436, -2.0278575, -1.1751926, 3.8185103, -3.3574323, -0.14427366],
    [-1.4282952, -2.0401007, -1.184732, 3.9289311, -3.483096, -0.1496645],
    [-1.4635469, -2.0523438, -1.1942715, 4.039352, -3.6087598, -0.15505534],
    [-1.4987985, -2.064587, -1.2038109, 4.1497728, -3.7344235, -0.16044618],
    [-1.5340502, -2.0768301, -1.2133503, 4.2601937, -3.8600872, -0.16583702],
    [-1.5689489, -2.0889507, -1.2227942, 4.369509, -3.9844928, -0.17117389],
    [-1.6013908, -2.100218, -1.2315733, 4.4711287, -4.1001403, -0.17613505],
    [-1.6310274, -2.110511, -1.2395933, 4.5639613, -4.2057879, -0.18066722],
    [-1.6578588, -2.1198297, -1.2468541, 4.6480069, -4.3014354, -0.1847704],
    [-1.6818849, -2.1281742, -1.2533558, 4.7232655, -4.3870829, -0.18844459],
    [-1.7031059, -2.1355443, -1.2590984, 4.789737, -4.4627305, -0.19168979],
    [-1.7215216, -2.1419402, -1.2640818, 4.8474216, -4.528378, -0.194506],
    [-1.737132, -2.1473618, -1.2683062, 4.8963192, -4.5840255, -0.19689322],
    [-1.7499372, -2.1518092, -1.2717714, 4.9364297, -4.6296731, -0.19885145],
    [-1.7599372, -2.1552822, -1.2744775, 4.9677533, -4.6653206, -0.2003807],
    [-1.7671319, -2.157781, -1.2764244, 4.9902898, -4.6909682, -0.20148095],
    [-1.7715215, -2.1593055, -1.2776123, 5.0040393, -4.7066157, -0.20215221],
    [-1.7731057, -2.1598558, -1.278041, 5.0090018, -4.7122632, -0.20239448],
    [-1.7731116, -2.1598578, -1.2780426, 5.0090202, -4.7122842, -0.20239538]
  ]
}
