{
  "iteration": 126,
  "label": "pre_pick",
  "planning_time_ms": 74.382623,
  "scene": {
    "block_x": 0.32203234,
    "block_y": 0.38926556,
    "bin_x": 0.18543669,
    "bin_y": 0.27851389
  },
  "joint_names": ["shoulder_pan_joint", "shoulder_lift_joint", "elbow_joint", "wrist_1_joint", "wrist_2_joint", "wrist_3_joint"],
  "start_joints": [-0.45136274, -1.7008017, -0.91995402, 0.86787313, -5.697427e-05, -0.00015687298],
  "goal_joints": [-5.6633617, -0.0073614356, -0.69893612, -0.86498813, -1.5716871, -0.95116322],
  "num_waypoints": 91,
  "trajectory": [
    [-0.45136274, -1.7008017, -0.91995402, 0.86787313, -5.697427e-05, -0.00015687298],
    [-0.45636274, -1.6991771, -0.91974199, 0.86621075, -0.001564678, -0.001069197],
    [-0.47136274, -1.6943034, -0.9191059, 0.86122362, -0.0060877893, -0.003806169],
    [-0.49636274, -1.6861806, -0.91804576, 0.85291174, -0.013626308, -0.008367789],
    [-0.53136274, -1.6748087, -0.91656157, 0.8412751, -0.024180235, -0.014754057],
    [-0.57636274, -1.6601877, -0.91465332, 0.82631371, -0.037749568, -0.022964973],
    [-0.63136274, -1.6423175, -0.91232101, 0.80802757, -0.05433431, -0.033000537],
    [-0.69379351, -1.622033, -0.9096736, 0.78727087, -0.073159733, -0.044391956],
    [-0.75662536, -1.6016182, -0.90700917, 0.76638083, -0.092106097, -0.055856558],
    [-0.81945722, -1.5812034, -0.90434475, 0.74549078, -0.11105246, -0.067321159],
    [-0.88228907, -1.5607886, -0.90168033, 0.72460074, -0.12999883, -0.078785761],
    [-0.94512092, -1.5403738, -0.89901591, 0.7037107, -0.14894519, -0.090250362],
    [-1.0079528, -1.519959, -0.89635149, 0.68282065, -0.16789155, -0.10171496],
    [-1.0707846, -1.4995442, -0.89368706, 0.66193061, -0.18683792, -0.11317957],
    [-1.1336165, -1.4791293, -0.89102264, 0.64104057, -0.20578428, -0.12464417],
    [-1.1964483, -1.4587145, -0.88835822, 0.62015052, -0.22473065, -0.13610877],
    [-1.2592802, -1.4382997, -0.8856938, 0.59926048, -0.24367701, -0.14757337],
    [-1.322112, -1.4178849, -0.88302938, 0.57837044, -0.26262338, -0.15903797],
    [-1.3849439, -1.3974701, -0.88036496, 0.55748039, -0.28156974, -0.17050257],
    [-1.4477757, -1.3770553, -0.87770053, 0.53659035, -0.3005161, -0.18196717],
    [-1.5106076, -1.3566405, -0.87503611, 0.51570031, -0.31946247, -0.19343178],
    [-1.5734395, -1.3362256, -0.87237169, 0.49481026, -0.33840883, -0.20489638],
    [-1.6362713, -1.3158108, -0.86970727, 0.47392022, -0.3573552, -0.21636098],
    [-1.6991032, -1.295396, -0.86704285, 0.45303018, -0.37630156, -0.22782558],
    [-1.761935, -1.2749812, -0.86437842, 0.43214013, -0.39524793, -0.23929018],
    [-1.8247669, -1.2545664, -0.861714, 0.41125009, -0.41419429, -0.25075478],
    [-1.8875987, -1.2341516, -0.85904958, 0.39036005, -0.43314066, -0.26221939],
    [-1.9504306, -1.2137368, -0.85638516, 0.36947, -0.45208702, -0.27368399],
    [-2.0132624, -1.193322, -0.85372074, 0.34857996, -0.47103338, -0.28514859],
    [-2.0760943, -1.1729071, -0.85105631, 0.32768991, -0.48997975, -0.29661319],
    [-2.1389261, -1.1524923, -0.84839189, 0.30679987, -0.50892611, -0.30807779],
    [-2.201758, -1.1320775, -0.84572747, 0.28590983, -0.52787248, -0.31954239],
    [-2.2645898, -1.1116627, -0.84306305, 0.26501978, -0.54681884, -0.33100699],
    [-2.3274217, -1.0912479, -0.84039863, 0.24412974, -0.56576521, -0.3424716],
    [-2.3902535, -1.0708331, -0.83773421, 0.2232397, -0.58471157, -0.3539362],
    [-2.4530854, -1.0504183, -0.83506978, 0.20234965, -0.60365793, -0.3654008],
    [-2.5159172, -1.0300034, -0.83240536, 0.18145961, -0.6226043, -0.3768654],
    [-2.5787491, -1.0095886, -0.82974094, 0.16056957, -0.64155066, -0.38833],
    [-2.641581, -0.98917381, -0.82707652, 0.13967952, -0.66049703, -0.3997946],
    [-2.7044128, -0.968759, -0.8244121, 0.11878948, -0.67944339, -0.41125921],
    [-2.7672447, -0.94834419, -0.82174767, 0.097899437, -0.69838976, -0.42272381],
    [-2.8300765, -0.92792937, -0.81908325, 0.077009394, -0.71733612, -0.43418841],
    [-2.8929084, -0.90751456, -0.81641883, 0.05611935, -0.73628248, -0.44565301],
    [-2.9557402, -0.88709974, -0.81375441, 0.035229307, -0.75522885, -0.45711761],
    [-3.0185721, -0.86668493, -0.81108999, 0.014339263, -0.77417521, -0.46858221],
    [-3.0814039, -0.84627012, -0.80842557, -0.0065507801, -0.79312158, -0.48004681],
    [-3.1442358, -0.8258553, -0.80576114, -0.027440824, -0.81206794, -0.49151142],
    [-3.2070676, -0.80544049, -0.80309672, -0.048330867, -0.83101431, -0.50297602],
    [-3.2698995, -0.78502567, -0.8004323, -0.06922091, -0.84996067, -0.51444062],
    [-3.3327313, -0.76461086, -0.79776788, -0.090110954, -0.86890703, -0.52590522],
    [-3.3955632, -0.74419605, -0.79510346, -0.111001, -0.8878534, -0.53736982],
    [-3.458395, -0.72378123, -0.79243903, -0.13189104, -0.90679976, -0.54883442],
    [-3.5212269, -0.70336642, -0.78977461, -0.15278108, -0.92574613, -0.56029903],
    [-3.5840588, -0.68295161, -0.78711019, -0.17367113, -0.94469249, -0.57176363],
    [-3.6468906, -0.66253679, -0.78444577, -0.19456117, -0.96363886, -0.58322823],
    [-3.7097225, -0.64212198, -0.78178135, -0.21545121, -0.98258522, -0.59469283],
    [-3.7725543, -0.62170716, -0.77911692, -0.23634126, -1.0015316, -0.60615743],
    [-3.8353862, -0.60129235, -0.7764525, -0.2572313, -1.0204779, -0.61762203],
    [-3.898218, -0.58087754, -0.77378808, -0.27812134, -1.0394243, -0.62908663],
    [-3.9610499, -0.56046272, -0.77112366, -0.29901139, -1.0583707, -0.64055124],
    [-4.0238817, -0.54004791, -0.76845924, -0.31990143, -1.077317, -0.65201584],
    [-4.0867136, -0.51963309, -0.76579482, -0.34079148, -1.0962634, -0.66348044],
    [-4.1495454, -0.49921828, -0.76313039, -0.36168152, -1.1152098, -0.67494504],
    [-4.2123773, -0.47880347, -0.76046597, -0.38257156, -1.1341561, -0.68640964],
    [-4.2752091, -0.45838865, -0.75780155, -0.40346161, -1.1531025, -0.69787424],
    [-4.338041, -0.43797384, -0.75513713, -0.42435165, -1.1720489, -0.70933885],
    [-4.4008728, -0.41755903, -0.75247271, -0.44524169, -1.1909952, -0.72080345],
    [-4.4637047, -0.39714421, -0.74980828, -0.46613174, -1.2099416, -0.73226805],
    [-4.5265365, -0.3767294, -0.74714386, -0.48702178, -1.228888, -0.74373265],
    [-4.5893684, -0.35631458, -0.74447944, -0.50791182, -1.2478343, -0.75519725],
    [-4.6522003, -0.33589977, -0.74181502, -0.52880187, -1.2667807, -0.76666185],
    [-4.7150321, -0.31548496, -0.7391506, -0.54969191, -1.285727, -0.77812645],
    [-4.777864, -0.29507014, -0.73648618, -0.57058195, -1.3046734, -0.78959106],
    [-4.8406958, -0.27465533, -0.73382175, -0.591472, -1.3236198, -0.80105566],
    [-4.9035277, -0.25424051, -0.73115733, -0.61236204, -1.3425661, -0.81252026],
    [-4.9663595, -0.2338257, -0.72849291, -0.63325208, -1.3615125, -0.82398486],
    [-5.0291914, -0.21341089, -0.72582849, -0.65414213, -1.3804589, -0.83544946],
    [-5.0920232, -0.19299607, -0.72316407, -0.67503217, -1.3994052, -0.84691406],
    [-5.1548551, -0.17258126, -0.72049964, -0.69592221, -1.4183516, -0.85837867],
    [-5.2176869, -0.15216644, -0.71783522, -0.71681226, -1.437298, -0.86984327],
    [-5.2805188, -0.13175163, -0.7151708, -0.7377023, -1.4562443, -0.88130787],
    [-5.3433506, -0.11133682, -0.71250638, -0.75859234, -1.4751907, -0.89277247],
    [-5.4061825, -0.090922003, -0.70984196, -0.77948239, -1.4941371, -0.90423707],
    [-5.4690026, -0.070511004, -0.70717803, -0.80036853, -1.5130799, -0.91569953],
    [-5.5263499, -0.051878197, -0.70474619, -0.81943508, -1.5303724, -0.92616339],
    [-5.5736971, -0.03649451, -0.7027384, -0.83517688, -1.5446495, -0.9348026],
    [-5.6110444, -0.02435994, -0.70115467, -0.84759393, -1.5559113, -0.94161716],
    [-5.6383917, -0.015474489, -0.69999499, -0.85668622, -1.5641576, -0.94660707],
    [-5.6557389, -0.009838157, -0.69925937, -0.86245376, -1.5693885, -0.94977234],
    [-5.6630862, -0.0074509432, -0.6989478, -0.86489654, -1.571604, -0.95111296],
    [-5.6633617, -0.0073614356, -0.69893612, -0.86498813, -1.5716871, -0.95116322]
