{
  "iteration": 979,
  "label": "pre_pick",
  "planning_time_ms": 41.293321,
  "scene": {
    "block_x": 0.26140362,
    "block_y": 0.39731843,
    "bin_x": 0.39157809,
    "bin_y": 0.255912
  },
  "joint_names": ["shoulder_pan_joint", "shoulder_lift_joint", "elbow_joint", "wrist_1_joint", "wrist_2_joint", "wrist_3_joint"],
  "start_joints": [-0.45136947, -1.7008234, -0.92007318, 0.86791124, -6.0801243e-05, -7.7514049e-05],
  "goal_joints": [4.4102528, -3.2487755, 1.0018502, -2.4657776, -4.7132341, -0.3019962],
  "num_waypoints": 85,
  "trajectory": [
    [-0.45136947, -1.7008234, -0.92007318, 0.86791124, -6.0801243e-05, -7.7514049e-05],
    [-0.44636947, -1.7024155, -0.91809656, 0.86448267, -0.0049081269, -0.00038802633],
    [-0.43136947, -1.7071915, -0.91216667, 0.85419694, -0.019450104, -0.0013195632],
    [-0.40636947, -1.7151516, -0.90228354, 0.83705405, -0.043686732, -0.0028721245],
    [-0.37136947, -1.7262956, -0.88844714, 0.81305402, -0.077618012, -0.0050457105],
    [-0.32636947, -1.7406237, -0.87065749, 0.78219683, -0.12124394, -0.007840321],
    [-0.27136947, -1.7581359, -0.84891459, 0.74448249, -0.17456453, -0.011255956],
    [-0.20893867, -1.778014, -0.8242341, 0.70167273, -0.23508901, -0.015133062],
    [-0.14610682, -1.7980198, -0.79939507, 0.65858797, -0.2960023, -0.019035074],
    [-0.083274963, -1.8180256, -0.77455603, 0.61550321, -0.35691559, -0.022937086],
    [-0.02044311, -1.8380314, -0.749717, 0.57241844, -0.41782888, -0.026839099],
    [0.042388743, -1.8580372, -0.72487796, 0.52933368, -0.47874217, -0.030741111],
    [0.1052206, -1.878043, -0.70003892, 0.48624892, -0.53965546, -0.034643124],
    [0.16805245, -1.8980489, -0.67519989, 0.44316415, -0.60056875, -0.038545136],
    [0.2308843, -1.9180547, -0.65036085, 0.40007939, -0.66148204, -0.042447148],
    [0.29371616, -1.9380605, -0.62552182, 0.35699463, -0.72239533, -0.046349161],
    [0.35654801, -1.9580663, -0.60068278, 0.31390986, -0.78330862, -0.050251173],
    [0.41937986, -1.9780721, -0.57584375, 0.2708251, -0.84422192, -0.054153185],
    [0.48221171, -1.9980779, -0.55100471, 0.22774034, -0.90513521, -0.058055198],
    [0.54504357, -2.0180837, -0.52616568, 0.18465557, -0.9660485, -0.06195721],
    [0.60787542, -2.0380895, -0.50132664, 0.14157081, -1.0269618, -0.065859222],
    [0.67070727, -2.0580953, -0.47648761, 0.098486047, -1.0878751, -0.069761235],
    [0.73353913, -2.0781012, -0.45164857, 0.055401284, -1.1487884, -0.073663247],
    [0.79637098, -2.098107, -0.42680954, 0.012316521, -1.2097017, -0.07756526],
    [0.85920283, -2.1181128, -0.4019705, -0.030768243, -1.270615, -0.081467272],
    [0.92203469, -2.1381186, -0.37713146, -0.073853006, -1.3315282, -0.085369284],
    [0.98486654, -2.1581244, -0.35229243, -0.11693777, -1.3924415, -0.089271297],
    [1.0476984, -2.1781302, -0.32745339, -0.16002253, -1.4533548, -0.093173309],
    [1.1105302, -2.198136, -0.30261436, -0.2031073, -1.5142681, -0.097075321],
    [1.1733621, -2.2181418, -0.27777532, -0.24619206, -1.5751814, -0.10097733],
    [1.236194, -2.2381476, -0.25293629, -0.28927682, -1.6360947, -0.10487935],
    [1.2990258, -2.2581534, -0.22809725, -0.33236159, -1.697008, -0.10878136],
    [1.3618577, -2.2781593, -0.20325822, -0.37544635, -1.7579213, -0.11268337],
    [1.4246895, -2.2981651, -0.17841918, -0.41853111, -1.8188346, -0.11658538],
    [1.4875214, -2.3181709, -0.15358015, -0.46161588, -1.8797479, -0.1204874],
    [1.5503532, -2.3381767, -0.12874111, -0.50470064, -1.9406612, -0.12438941],
    [1.6131851, -2.3581825, -0.10390208, -0.5477854, -2.0015744, -0.12829142],
    [1.6760169, -2.3781883, -0.07906304, -0.59087017, -2.0624877, -0.13219343],
    [1.7388488, -2.3981941, -0.054224005, -0.63395493, -2.123401, -0.13609544],
    [1.8016806, -2.4181999, -0.02938497, -0.67703969, -2.1843143, -0.13999746],
    [1.8645125, -2.4382057, -0.0045459342, -0.72012446, -2.2452276, -0.14389947],
    [1.9273443, -2.4582116, 0.020293101, -0.76320922, -2.3061409, -0.14780148],
    [1.9901762, -2.4782174, 0.045132137, -0.80629398, -2.3670542, -0.15170349],
    [2.053008, -2.4982232, 0.069971172, -0.84937875, -2.4279675, -0.15560551],
    [2.1158399, -2.518229, 0.094810207, -0.89246351, -2.4888808, -0.15950752],
    [2.1786717, -2.5382348, 0.11964924, -0.93554827, -2.5497941, -0.16340953],
    [2.2415036, -2.5582406, 0.14448828, -0.97863304, -2.6107074, -0.16731154],
    [2.3043355, -2.5782464, 0.16932731, -1.0217178, -2.6716206, -0.17121356],
    [2.3671673, -2.5982522, 0.19416635, -1.0648026, -2.7325339, -0.17511557],
    [2.4299992, -2.618258, 0.21900538, -1.1078873, -2.7934472, -0.17901758],
    [2.492831, -2.6382639, 0.24384442, -1.1509721, -2.8543605, -0.18291959],
    [2.5556629, -2.6582697, 0.26868346, -1.1940569, -2.9152738, -0.18682161],
    [2.6184947, -2.6782755, 0.29352249, -1.2371416, -2.9761871, -0.19072362],
    [2.6813266, -2.6982813, 0.31836153, -1.2802264, -3.0371004, -0.19462563],
    [2.7441584, -2.7182871, 0.34320056, -1.3233111, -3.0980137, -0.19852764],
    [2.8069903, -2.7382929, 0.3680396, -1.3663959, -3.158927, -0.20242966],
    [2.8698221, -2.7582987, 0.39287863, -1.4094807, -3.2198403, -0.20633167],
    [2.932654, -2.7783045, 0.41771767, -1.4525654, -3.2807536, -0.21023368],
    [2.9954858, -2.7983103, 0.4425567, -1.4956502, -3.3416668, -0.21413569],
    [3.0583177, -2.8183162, 0.46739574, -1.538735, -3.4025801, -0.2180377],
    [3.1211495, -2.838322, 0.49223477, -1.5818197, -3.4634934, -0.22193972],
    [3.1839814, -2.8583278, 0.51707381, -1.6249045, -3.5244067, -0.22584173],
    [3.2468132, -2.8783336, 0.54191284, -1.6679893, -3.58532, -0.22974374],
    [3.3096451, -2.8983394, 0.56675188, -1.711074, -3.6462333, -0.23364575],
    [3.372477, -2.9183452, 0.59159091, -1.7541588, -3.7071466, -0.23754777],
    [3.4353088, -2.938351, 0.61642995, -1.7972435, -3.7680599, -0.24144978],
    [3.4981407, -2.9583568, 0.64126899, -1.8403283, -3.8289732, -0.24535179],
    [3.5609725, -2.9783626, 0.66610802, -1.8834131, -3.8898865, -0.2492538],
    [3.6238044, -2.9983684, 0.69094706, -1.9264978, -3.9507998, -0.25315582],
    [3.6866362, -3.0183743, 0.71578609, -1.9695826, -4.011713, -0.25705783],
    [3.7494681, -3.0383801, 0.74062513, -2.0126674, -4.0726263, -0.26095984],
    [3.8122999, -3.0583859, 0.76546416, -2.0557521, -4.1335396, -0.26486185],
    [3.8751318, -3.0783917, 0.7903032, -2.0988369, -4.1944529, -0.26876387],
    [3.9379636, -3.0983975, 0.81514223, -2.1419216, -4.2553662, -0.27266588],
    [4.0007955, -3.1184033, 0.83998127, -2.1850064, -4.3162795, -0.27656789],
    [4.0636273, -3.1384091, 0.8648203, -2.2280912, -4.3771928, -0.2804699],
    [4.1264592, -3.1584149, 0.88965934, -2.2711759, -4.4381061, -0.28437191],
    [4.189291, -3.1784207, 0.91449837, -2.3142607, -4.4990194, -0.28827393],
    [4.2501705, -3.1978049, 0.9385656, -2.3560067, -4.5580399, -0.29205469],
    [4.3017536, -3.2142291, 0.95895771, -2.391378, -4.6080479, -0.29525813],
    [4.3433367, -3.2274693, 0.97539656, -2.4198922, -4.6483613, -0.29784054],
    [4.3749198, -3.2375254, 0.98788216, -2.4415492, -4.67898, -0.29980193],
    [4.3965029, -3.2443975, 0.99641451, -2.456349, -4.699904, -0.30114229],
    [4.408086, -3.2480856, 1.0009936, -2.4642917, -4.7111334, -0.30186163],
    [4.4102528, -3.2487755, 1.0018502, -2.4657776, -4.7132341, -0.3019962]
  ]
}
