{
  "iteration": 225,
  "label": "pre_pick",
  "planning_time_ms": 148.97502,
  "scene": {
    "block_x": 0.13436617,
    "block_y": 0.48469621,
    "bin_x": 0.38703346,
    "bin_y": 0.31864252
  },
  "joint_names": ["shoulder_pan_joint", "shoulder_lift_joint", "elbow_joint", "wrist_1_joint", "wrist_2_joint", "wrist_3_joint"],
  "start_joints": [-0.45141062, -1.7007765, -0.92015603, 0.86807746, -4.7056889e-05, -0.00014440422],
  "goal_joints": [-1.5773739, -2.4722409, -0.71981868, -1.5209752, 1.5710793, -0.0068037421],
  "num_waypoints": 33,
  "trajectory": [
    [-0.45141062, -1.7007765, -0.92015603, 0.86807746, -4.7056889e-05, -0.00014440422],
    [-0.45376712, -1.7023911, -0.91973675, 0.86307746, 0.0032411216, -0.00015834141],
    [-0.46083664, -1.7072348, -0.9184789, 0.84807746, 0.013105657, -0.00020015299],
    [-0.47261917, -1.7153077, -0.91638249, 0.82307746, 0.02954655, -0.00026983896],
    [-0.48911471, -1.7266098, -0.91344752, 0.78807746, 0.0525638, -0.00036739931],
    [-0.51032326, -1.7411411, -0.90967398, 0.74307746, 0.082157407, -0.00049283405],
    [-0.53624482, -1.7589015, -0.90506188, 0.68807746, 0.11832737, -0.00064614318],
    [-0.5668794, -1.779891, -0.89961121, 0.62307746, 0.16107369, -0.00082732669],
    [-0.60222698, -1.8041098, -0.89332198, 0.54807747, 0.21039636, -0.0010363846],
    [-0.64228757, -1.8315577, -0.88619419, 0.46307749, 0.26629539, -0.0012733168],
    [-0.68706117, -1.8622347, -0.87822783, 0.3680775, 0.32877077, -0.0015381234],
    [-0.73654777, -1.8961409, -0.86942291, 0.26307753, 0.3978225, -0.0018308044],
    [-0.79074739, -1.9332763, -0.85977943, 0.14807755, 0.47345059, -0.0021513598],
    [-0.84921687, -1.9733372, -0.84937623, 0.02401786, 0.55503668, -0.0024971686],
    [-0.90844231, -2.0139161, -0.83883853, -0.10164585, 0.63767762, -0.0028474485],
    [-0.96766776, -2.054495, -0.82830082, -0.22730955, 0.72031856, -0.0031977283],
    [-1.0268932, -2.0950739, -0.81776312, -0.35297326, 0.8029595, -0.0035480082],
    [-1.0861187, -2.1356527, -0.80722541, -0.47863696, 0.88560044, -0.0038982881],
    [-1.1453441, -2.1762316, -0.79668771, -0.60430067, 0.96824138, -0.004248568],
    [-1.2045696, -2.2168105, -0.78615, -0.72996438, 1.0508823, -0.0045988478],
    [-1.2614923, -2.2558117, -0.77602201, -0.85074221, 1.1303101, -0.0049355086],
    [-1.3137023, -2.2915839, -0.76673252, -0.96152071, 1.203162, -0.0052442969],
    [-1.3611993, -2.3241269, -0.7582816, -1.0622992, 1.2694376, -0.0055252108],
    [-1.4039833, -2.3534408, -0.75066924, -1.1530777, 1.3291367, -0.0057782503],
    [-1.4420543, -2.3795255, -0.74389545, -1.2338562, 1.3822596, -0.0060034154],
    [-1.4754123, -2.402381, -0.73796022, -1.3046347, 1.428806, -0.0062007061],
    [-1.5040573, -2.4220074, -0.73286355, -1.3654132, 1.4687761, -0.0063701224],
    [-1.5279893, -2.4384046, -0.72860545, -1.4161917, 1.5021699, -0.0065116644],
    [-1.5472082, -2.4515726, -0.72518591, -1.4569702, 1.5289873, -0.0066253319],
    [-1.5617142, -2.4615115, -0.72260494, -1.4877487, 1.5492283, -0.0067111251],
    [-1.5715071, -2.4682213, -0.72086253, -1.5085272, 1.562893, -0.0067690439],
    [-1.576587, -2.4717018, -0.71995868, -1.5193057, 1.5699813, -0.0067990883],
    [-1.5773739, -2.4722409, -0.71981868, -1.5209752, 1.5710793, -0.0068037421]
  ]
}
