{
  "iteration": 838,
  "label": "pre_pick",
  "planning_time_ms": 97.682455,
  "scene": {
    "block_x": 0.1297532,
    "block_y": 0.41289248,
    "bin_x": 0.24091614,
    "bin_y": 0.33663075
  },
  "joint_names": ["shoulder_pan_joint", "shoulder_lift_joint", "elbow_joint", "wrist_1_joint", "wrist_2_joint", "wrist_3_joint"],
  "start_joints": [-0.45136057, -1.7009415, -0.92018193, 0.86818886, 8.2588703e-05, -8.264112e-05],
  "goal_joints": [4.715658, -3.3570095, 1.3402742, -2.6956621, 1.5702803, 0.0028952713],
  "num_waypoints": 90,
  "trajectory": [
    [-0.45136057, -1.7009415, -0.92018193, 0.86818886, 8.2588703e-05, -8.264112e-05],
    [-0.44636057, -1.702544, -0.91799454, 0.86474021, 0.0016020314, -7.9759466e-05],
    [-0.43136057, -1.7073516, -0.91143237, 0.85439425, 0.0061603593, -7.1114502e-05],
    [-0.40636057, -1.7153643, -0.90049542, 0.83715099, 0.013757573, -5.670623e-05],
    [-0.37136057, -1.7265821, -0.8851837, 0.81301041, 0.024393671, -3.6534649e-05],
    [-0.32636057, -1.7410049, -0.8654972, 0.78197254, 0.038068655, -1.0599759e-05],
    [-0.27136057, -1.7586328, -0.84143592, 0.74403735, 0.054782524, 2.109844e-05],
    [-0.20892979, -1.7786424, -0.81412383, 0.70097694, 0.073754521, 5.7079224e-05],
    [-0.14609794, -1.7987804, -0.78663629, 0.65763988, 0.092848401, 9.3291162e-05],
    [-0.083266087, -1.8189185, -0.75914875, 0.61430283, 0.11194228, 0.0001295031],
    [-0.020434234, -1.8390566, -0.7316612, 0.57096578, 0.13103616, 0.00016571504],
    [0.042397619, -1.8591947, -0.70417366, 0.52762872, 0.15013004, 0.00020192697],
    [0.10522947, -1.8793327, -0.67668612, 0.48429167, 0.16922392, 0.00023813891],
    [0.16806133, -1.8994708, -0.64919857, 0.44095462, 0.1883178, 0.00027435085],
    [0.23089318, -1.9196089, -0.62171103, 0.39761756, 0.20741168, 0.00031056279],
    [0.29372503, -1.939747, -0.59422349, 0.35428051, 0.22650556, 0.00034677473],
    [0.35655688, -1.9598851, -0.56673594, 0.31094346, 0.24559944, 0.00038298666],
    [0.41938874, -1.9800231, -0.5392484, 0.26760641, 0.26469332, 0.0004191986],
    [0.48222059, -2.0001612, -0.51176086, 0.22426935, 0.2837872, 0.00045541054],
    [0.54505244, -2.0202993, -0.48427331, 0.1809323, 0.30288108, 0.00049162248],
    [0.6078843, -2.0404374, -0.45678577, 0.13759525, 0.32197496, 0.00052783441],
    [0.67071615, -2.0605754, -0.42929823, 0.094258194, 0.34106884, 0.00056404635],
    [0.733548, -2.0807135, -0.40181068, 0.050921141, 0.36016271, 0.00060025829],
    [0.79637986, -2.1008516, -0.37432314, 0.0075840876, 0.37925659, 0.00063647023],
    [0.85921171, -2.1209897, -0.34683559, -0.035752965, 0.39835047, 0.00067268217],
    [0.92204356, -2.1411278, -0.31934805, -0.079090018, 0.41744435, 0.0007088941],
    [0.98487542, -2.1612658, -0.29186051, -0.12242707, 0.43653823, 0.00074510604],
    [1.0477073, -2.1814039, -0.26437296, -0.16576412, 0.45563211, 0.00078131798],
    [1.1105391, -2.201542, -0.23688542, -0.20910118, 0.47472599, 0.00081752992],
    [1.173371, -2.2216801, -0.20939788, -0.25243823, 0.49381987, 0.00085374185],
    [1.2362028, -2.2418181, -0.18191033, -0.29577528, 0.51291375, 0.00088995379],
    [1.2990347, -2.2619562, -0.15442279, -0.33911234, 0.53200763, 0.00092616573],
    [1.3618665, -2.2820943, -0.12693525, -0.38244939, 0.55110151, 0.00096237767],
    [1.4246984, -2.3022324, -0.099447703, -0.42578644, 0.57019539, 0.00099858961],
    [1.4875302, -2.3223705, -0.071960159, -0.4691235, 0.58928927, 0.0010348015],
    [1.5503621, -2.3425085, -0.044472616, -0.51246055, 0.60838315, 0.0010710135],
    [1.6131939, -2.3626466, -0.016985072, -0.5557976, 0.62747703, 0.0011072254],
    [1.6760258, -2.3827847, 0.010502471, -0.59913465, 0.64657091, 0.0011434374],
    [1.7388577, -2.4029228, 0.037990015, -0.64247171, 0.66566479, 0.0011796493],
    [1.8016895, -2.4230608, 0.065477558, -0.68580876, 0.68475867, 0.0012158612],
    [1.8645214, -2.4431989, 0.092965102, -0.72914581, 0.70385255, 0.0012520732],
    [1.9273532, -2.463337, 0.12045265, -0.77248287, 0.72294643, 0.0012882851],
    [1.9901851, -2.4834751, 0.14794019, -0.81581992, 0.74204031, 0.001324497],
    [2.0530169, -2.5036132, 0.17542773, -0.85915697, 0.76113419, 0.001360709],
    [2.1158488, -2.5237512, 0.20291528, -0.90249402, 0.78022807, 0.0013969209],
    [2.1786806, -2.5438893, 0.23040282, -0.94583108, 0.79932195, 0.0014331329],
    [2.2415125, -2.5640274, 0.25789036, -0.98916813, 0.81841582, 0.0014693448],
    [2.3043443, -2.5841655, 0.28537791, -1.0325052, 0.8375097, 0.0015055567],
    [2.3671762, -2.6043035, 0.31286545, -1.0758422, 0.85660358, 0.0015417687],
    [2.430008, -2.6244416, 0.34035299, -1.1191793, 0.87569746, 0.0015779806],
    [2.4928399, -2.6445797, 0.36784054, -1.1625163, 0.89479134, 0.0016141925],
    [2.5556717, -2.6647178, 0.39532808, -1.2058534, 0.91388522, 0.0016504045],
    [2.6185036, -2.6848559, 0.42281562, -1.2491904, 0.9329791, 0.0016866164],
    [2.6813354, -2.7049939, 0.45030317, -1.2925275, 0.95207298, 0.0017228284],
    [2.7441673, -2.725132, 0.47779071, -1.3358646, 0.97116686, 0.0017590403],
    [2.8069992, -2.7452701, 0.50527825, -1.3792016, 0.99026074, 0.0017952522],
    [2.869831, -2.7654082, 0.5327658, -1.4225387, 1.0093546, 0.0018314642],
    [2.9326629, -2.7855462, 0.56025334, -1.4658757, 1.0284485, 0.0018676761],
    [2.9954947, -2.8056843, 0.58774089, -1.5092128, 1.0475424, 0.001903888],
    [3.0583266, -2.8258224, 0.61522843, -1.5525498, 1.0666363, 0.0019401],
    [3.1211584, -2.8459605, 0.64271597, -1.5958869, 1.0857301, 0.0019763119],
    [3.1839903, -2.8660986, 0.67020352, -1.6392239, 1.104824, 0.0020125239],
    [3.2468221, -2.8862366, 0.69769106, -1.682561, 1.1239179, 0.0020487358],
    [3.309654, -2.9063747, 0.7251786, -1.725898, 1.1430118, 0.0020849477],
    [3.3724858, -2.9265128, 0.75266615, -1.7692351, 1.1621057, 0.0021211597],
    [3.4353177, -2.9466509, 0.78015369, -1.8125721, 1.1811995, 0.0021573716],
    [3.4981495, -2.9667889, 0.80764123, -1.8559092, 1.2002934, 0.0021935836],
    [3.5609814, -2.986927, 0.83512878, -1.8992462, 1.2193873, 0.0022297955],
    [3.6238132, -3.0070651, 0.86261632, -1.9425833, 1.2384812, 0.0022660074],
    [3.6866451, -3.0272032, 0.89010386, -1.9859203, 1.2575751, 0.0023022194],
    [3.749477, -3.0473413, 0.91759141, -2.0292574, 1.2766689, 0.0023384313],
    [3.8123088, -3.0674793, 0.94507895, -2.0725945, 1.2957628, 0.0023746432],
    [3.8751407, -3.0876174, 0.9725665, -2.1159315, 1.3148567, 0.0024108552],
    [3.9379725, -3.1077555, 1.000054, -2.1592686, 1.3339506, 0.0024470671],
    [4.0008044, -3.1278936, 1.0275416, -2.2026056, 1.3530445, 0.0024832791],
    [4.0636362, -3.1480316, 1.0550291, -2.2459427, 1.3721383, 0.002519491],
    [4.1264681, -3.1681697, 1.0825167, -2.2892797, 1.3912322, 0.0025557029],
    [4.1892999, -3.1883078, 1.1100042, -2.3326168, 1.4103261, 0.0025919149],
    [4.2521318, -3.2084459, 1.1374918, -2.3759538, 1.42942, 0.0026281268],
    [4.3149636, -3.228584, 1.1649793, -2.4192909, 1.4485139, 0.0026643387],
    [4.3777955, -3.248722, 1.1924668, -2.4626279, 1.4676077, 0.0027005507],
    [4.4406273, -3.2688601, 1.2199544, -2.505965, 1.4867016, 0.0027367626],
    [4.5034592, -3.2889982, 1.2474419, -2.549302, 1.5057955, 0.0027729746],
    [4.5633699, -3.3082, 1.2736516, -2.5906243, 1.5240017, 0.002807503],
    [4.6135584, -3.3242858, 1.2956079, -2.6252408, 1.5392534, 0.0028364281],
    [4.6537468, -3.3371665, 1.3131894, -2.65296, 1.5514662, 0.0028595899],
    [4.6839352, -3.3468421, 1.3263962, -2.6737819, 1.5606401, 0.0028769885],
    [4.7041236, -3.3533126, 1.3352282, -2.6877064, 1.5667751, 0.0028886237],
    [4.714312, -3.3565781, 1.3396854, -2.6947337, 1.5698713, 0.0028944956],
    [4.715658, -3.3570095, 1.3402742, -2.6956621, 1.5702803, 0.0028952713]
  ]
}
