{
  "iteration": 155,
  "label": "pre_pick",
  "planning_time_ms": 67.877161,
  "scene": {
    "block_x": 0.30782573,
    "block_y": 0.39945623,
    "bin_x": 0.42004959,
    "bin_y": 0.2877381
  },
  "joint_names": ["shoulder_pan_joint", "shoulder_lift_joint", "elbow_joint", "wrist_1_joint", "wrist_2_joint", "wrist_3_joint"],
  "start_joints": [-0.45139468, -1.7007599, -0.92013117, 0.86818585, -1.7437123e-05, -0.0001310666],
  "goal_joints": [4.3193702, -2.4819612, -0.70224093, -1.5279422, 1.5717276, -0.39242674],
  "num_waypoints": 84,
  "trajectory": [
    [-0.45139468, -1.7007599, -0.92013117, 0.86818585, -1.7437123e-05, -0.0001310666],
    [-0.44639468, -1.7015786, -0.91990281, 0.86567459, 0.0016298302, -0.00054221207],
    [-0.43139468, -1.7040349, -0.91921773, 0.8581408, 0.0065716323, -0.0017756485],
    [-0.40639468, -1.7081285, -0.91807593, 0.84558449, 0.014807969, -0.0038313758],
    [-0.37139468, -1.7138597, -0.91647741, 0.82800566, 0.026338841, -0.0067093941],
    [-0.32639468, -1.7212283, -0.91442218, 0.8054043, 0.041164247, -0.010409703],
    [-0.27139468, -1.7302345, -0.91191022, 0.77778042, 0.059284188, -0.014932304],
    [-0.20896391, -1.7404574, -0.90905888, 0.74642441, 0.079852223, -0.02006593],
    [-0.14613205, -1.7507459, -0.90618923, 0.71486696, 0.1005524, -0.025232536],
    [-0.083300199, -1.7610345, -0.90331957, 0.68330951, 0.12125257, -0.030399142],
    [-0.020468346, -1.7713231, -0.90044992, 0.65175207, 0.14195274, -0.035565749],
    [0.042363507, -1.7816116, -0.89758026, 0.62019462, 0.16265291, -0.040732355],
    [0.10519536, -1.7919002, -0.89471061, 0.58863717, 0.18335308, -0.045898961],
    [0.16802721, -1.8021887, -0.89184095, 0.55707972, 0.20405326, -0.051065568],
    [0.23085907, -1.8124773, -0.8889713, 0.52552227, 0.22475343, -0.056232174],
    [0.29369092, -1.8227659, -0.88610164, 0.49396482, 0.2454536, -0.06139878],
    [0.35652277, -1.8330544, -0.88323199, 0.46240738, 0.26615377, -0.066565387],
    [0.41935463, -1.843343, -0.88036233, 0.43084993, 0.28685394, -0.071731993],
    [0.48218648, -1.8536316, -0.87749268, 0.39929248, 0.30755412, -0.0768986],
    [0.54501833, -1.8639201, -0.87462302, 0.36773503, 0.32825429, -0.082065206],
    [0.60785018, -1.8742087, -0.87175337, 0.33617758, 0.34895446, -0.087231812],
    [0.67068204, -1.8844973, -0.86888372, 0.30462013, 0.36965463, -0.092398419],
    [0.73351389, -1.8947858, -0.86601406, 0.27306269, 0.39035481, -0.097565025],
    [0.79634574, -1.9050744, -0.86314441, 0.24150524, 0.41105498, -0.10273163],
    [0.8591776, -1.915363, -0.86027475, 0.20994779, 0.43175515, -0.10789824],
    [0.92200945, -1.9256515, -0.8574051, 0.17839034, 0.45245532, -0.11306484],
    [0.9848413, -1.9359401, -0.85453544, 0.14683289, 0.47315549, -0.11823145],
    [1.0476732, -1.9462287, -0.85166579, 0.11527544, 0.49385567, -0.12339806],
    [1.110505, -1.9565172, -0.84879613, 0.083717995, 0.51455584, -0.12856466],
    [1.1733369, -1.9668058, -0.84592648, 0.052160546, 0.53525601, -0.13373127],
    [1.2361687, -1.9770943, -0.84305682, 0.020603098, 0.55595618, -0.13889788],
    [1.2990006, -1.9873829, -0.84018717, -0.01095435, 0.57665635, -0.14406448],
    [1.3618324, -1.9976715, -0.83731751, -0.042511799, 0.59735653, -0.14923109],
    [1.4246643, -2.00796, -0.83444786, -0.074069247, 0.6180567, -0.15439769],
    [1.4874961, -2.0182486, -0.83157821, -0.1056267, 0.63875687, -0.1595643],
    [1.550328, -2.0285372, -0.82870855, -0.13718414, 0.65945704, -0.16473091],
    [1.6131598, -2.0388257, -0.8258389, -0.16874159, 0.68015721, -0.16989751],
    [1.6759917, -2.0491143, -0.82296924, -0.20029904, 0.70085739, -0.17506412],
    [1.7388235, -2.0594029, -0.82009959, -0.23185649, 0.72155756, -0.18023073],
    [1.8016554, -2.0696914, -0.81722993, -0.26341394, 0.74225773, -0.18539733],
    [1.8644872, -2.07998, -0.81436028, -0.29497139, 0.7629579, -0.19056394],
    [1.9273191, -2.0902686, -0.81149062, -0.32652883, 0.78365808, -0.19573055],
    [1.990151, -2.1005571, -0.80862097, -0.35808628, 0.80435825, -0.20089715],
    [2.0529828, -2.1108457, -0.80575131, -0.38964373, 0.82505842, -0.20606376],
    [2.1158147, -2.1211343, -0.80288166, -0.42120118, 0.84575859, -0.21123036],
    [2.1786465, -2.1314228, -0.800012, -0.45275863, 0.86645876, -0.21639697],
    [2.2414784, -2.1417114, -0.79714235, -0.48431608, 0.88715894, -0.22156358],
    [2.3043102, -2.152, -0.7942727, -0.51587352, 0.90785911, -0.22673018],
    [2.3671421, -2.1622885, -0.79140304, -0.54743097, 0.92855928, -0.23189679],
    [2.4299739, -2.1725771, -0.78853339, -0.57898842, 0.94925945, -0.2370634],
    [2.4928058, -2.1828656, -0.78566373, -0.61054587, 0.96995962, -0.24223],
    [2.5556376, -2.1931542, -0.78279408, -0.64210332, 0.9906598, -0.24739661],
    [2.6184695, -2.2034428, -0.77992442, -0.67366077, 1.01136, -0.25256322],
    [2.6813013, -2.2137313, -0.77705477, -0.70521821, 1.0320601, -0.25772982],
    [2.7441332, -2.2240199, -0.77418511, -0.73677566, 1.0527603, -0.26289643],
    [2.806965, -2.2343085, -0.77131546, -0.76833311, 1.0734605, -0.26806303],
    [2.8697969, -2.244597, -0.7684458, -0.79989056, 1.0941607, -0.27322964],
    [2.9326287, -2.2548856, -0.76557615, -0.83144801, 1.1148608, -0.27839625],
    [2.9954606, -2.2651742, -0.76270649, -0.86300546, 1.135561, -0.28356285],
    [3.0582925, -2.2754627, -0.75983684, -0.89456291, 1.1562612, -0.28872946],
    [3.1211243, -2.2857513, -0.75696719, -0.92612035, 1.1769613, -0.29389607],
    [3.1839562, -2.2960399, -0.75409753, -0.9576778, 1.1976615, -0.29906267],
    [3.246788, -2.3063284, -0.75122788, -0.98923525, 1.2183617, -0.30422928],
    [3.3096199, -2.316617, -0.74835822, -1.0207927, 1.2390619, -0.30939589],
    [3.3724517, -2.3269056, -0.74548857, -1.0523501, 1.259762, -0.31456249],
    [3.4352836, -2.3371941, -0.74261891, -1.0839076, 1.2804622, -0.3197291],
    [3.4981154, -2.3474827, -0.73974926, -1.115465, 1.3011624, -0.3248957],
    [3.5609473, -2.3577712, -0.7368796, -1.1470225, 1.3218626, -0.33006231],
    [3.6237791, -2.3680598, -0.73400995, -1.1785799, 1.3425627, -0.33522892],
    [3.686611, -2.3783484, -0.73114029, -1.2101374, 1.3632629, -0.34039552],
    [3.7494428, -2.3886369, -0.72827064, -1.2416948, 1.3839631, -0.34556213],
    [3.8122747, -2.3989255, -0.72540098, -1.2732523, 1.4046632, -0.35072874],
    [3.8751065, -2.4092141, -0.72253133, -1.3048097, 1.4253634, -0.35589534],
    [3.9379384, -2.4195026, -0.71966168, -1.3363672, 1.4460636, -0.36106195],
    [4.0007703, -2.4297912, -0.71679202, -1.3679246, 1.4667638, -0.36622856],
    [4.0636021, -2.4400798, -0.71392237, -1.3994821, 1.4874639, -0.37139516],
    [4.1264088, -2.4503642, -0.71105386, -1.4310269, 1.5081558, -0.3765597],
    [4.1835315, -2.4597179, -0.70844495, -1.4597169, 1.5269751, -0.38125685],
    [4.2306542, -2.4674341, -0.70629277, -1.4833844, 1.5424998, -0.3851317],
    [4.2677769, -2.4735129, -0.7045973, -1.5020293, 1.55473, -0.38818427],
    [4.2948996, -2.4779542, -0.70335856, -1.5156518, 1.5636657, -0.39041454],
    [4.3120222, -2.480758, -0.70257653, -1.5242517, 1.5693068, -0.39182253],
    [4.3191449, -2.4819243, -0.70225122, -1.5278291, 1.5716534, -0.39240822],
    [4.3193702, -2.4819612, -0.70224093, -1.5279422, 1.5717276, -0.39242674]
  ]
}
