{
  "iteration": 932,
  "label": "pre_pick",
  "planning_time_ms": 32.848942,
  "scene": {
    "block_x": 0.30703554,
    "block_y": 0.42772532,
    "bin_x": 0.36682008,
    "bin_y": 0.30770575
  },
  "joint_names": ["shoulder_pan_joint", "shoulder_lift_joint", "elbow_joint", "wrist_1_joint", "wrist_2_joint", "wrist_3_joint"],
  "start_joints": [-0.45123786, -1.7008816, -0.92009831, 0.86795982, -6.052117e-05, -4.1161656e-05],
  "goal_joints": [0.7017108, -0.44747416, 0.28338843, 4.8767599, -1.5700333, -0.869034],
  "num_waypoints": 46,
  "trajectory": [
    [-0.45123786, -1.7008816, -0.92009831, 0.86795982, -6.052117e-05, -4.1161656e-05],
    [-0.44979984, -1.6993183, -0.91859725, 0.87295982, -0.0020186792, -0.0011250182],
    [-0.44548577, -1.6946283, -0.91409408, 0.88795982, -0.0078931532, -0.0043765878],
    [-0.43829566, -1.6868117, -0.9065888, 0.91295982, -0.017683943, -0.0097958705],
    [-0.42822951, -1.6758685, -0.89608141, 0.94795982, -0.031391049, -0.017382866],
    [-0.41528731, -1.6617986, -0.88257191, 0.99295982, -0.049014471, -0.027137575],
    [-0.39946906, -1.6446021, -0.86606029, 1.0479598, -0.07055421, -0.039059997],
    [-0.38077478, -1.6242789, -0.84654656, 1.1129598, -0.096010263, -0.053150132],
    [-0.35920445, -1.6008291, -0.82403072, 1.1879598, -0.12538263, -0.069407977],
    [-0.33475808, -1.5742527, -0.79851278, 1.2729598, -0.15867131, -0.087833535],
    [-0.30743566, -1.5445496, -0.76999272, 1.3679598, -0.1958763, -0.10842681],
    [-0.2772372, -1.5117199, -0.73847055, 1.4729597, -0.23699761, -0.13118779],
    [-0.2441627, -1.4757636, -0.70394627, 1.5879597, -0.28203524, -0.15611648],
    [-0.20848257, -1.4369745, -0.66670214, 1.7120195, -0.33062095, -0.18300907],
    [-0.17234113, -1.397684, -0.62897649, 1.8376832, -0.37983483, -0.21024936],
    [-0.13619969, -1.3583935, -0.59125083, 1.9633469, -0.42904871, -0.23748965],
    [-0.10005825, -1.319103, -0.55352518, 2.0890106, -0.47826259, -0.26472993],
    [-0.063916815, -1.2798125, -0.51579953, 2.2146743, -0.52747647, -0.29197022],
    [-0.027775377, -1.240522, -0.47807387, 2.340338, -0.57669034, -0.3192105],
    [0.0083660615, -1.2012314, -0.44034822, 2.4660017, -0.62590422, -0.34645079],
    [0.0445075, -1.1619409, -0.40262257, 2.5916654, -0.6751181, -0.37369108],
    [0.080648938, -1.1226504, -0.36489691, 2.7173291, -0.72433198, -0.40093136],
    [0.11679038, -1.0833599, -0.32717126, 2.8429928, -0.77354586, -0.42817165],
    [0.15293182, -1.0440694, -0.28944561, 2.9686565, -0.82275974, -0.45541193],
    [0.18907325, -1.0047789, -0.25171995, 3.0943202, -0.87197361, -0.48265222],
    [0.22521469, -0.96548835, -0.2139943, 3.2199839, -0.92118749, -0.50989251],
    [0.26135613, -0.92619784, -0.17626864, 3.3456476, -0.97040137, -0.53713279],
    [0.29749757, -0.88690732, -0.13854299, 3.4713113, -1.0196153, -0.56437308],
    [0.33363901, -0.84761681, -0.10081734, 3.5969751, -1.0688291, -0.59161336],
    [0.36978045, -0.80832629, -0.063091685, 3.7226388, -1.118043, -0.61885365],
    [0.40592188, -0.76903577, -0.025366031, 3.8483025, -1.1672569, -0.64609394],
    [0.44206332, -0.72974526, 0.012359622, 3.9739662, -1.2164708, -0.67333422],
    [0.47819067, -0.69047006, 0.05007057, 4.0995809, -1.2656655, -0.70056389],
    [0.51260942, -0.65305234, 0.085998015, 4.2192548, -1.3125335, -0.72650576],
    [0.54415211, -0.61876126, 0.11892335, 4.3289287, -1.3554853, -0.75027991],
    [0.57281877, -0.58759682, 0.14884657, 4.4286026, -1.3945208, -0.77188635],
    [0.59860938, -0.55955902, 0.17576768, 4.5182765, -1.4296399, -0.79132508],
    [0.62152394, -0.53464787, 0.19968668, 4.5979504, -1.4608427, -0.80859609],
    [0.64156247, -0.51286335, 0.22060356, 4.6676243, -1.4881292, -0.8236994],
    [0.65872494, -0.49420547, 0.23851833, 4.7272982, -1.5114994, -0.83663498],
    [0.67301137, -0.47867423, 0.25343099, 4.7769721, -1.5309532, -0.84740286],
    [0.68442176, -0.46626963, 0.26534154, 4.816646, -1.5464908, -0.85600302],
    [0.69295611, -0.45699167, 0.27424998, 4.8463199, -1.558112, -0.86243547],
    [0.69861441, -0.45084035, 0.2801563, 4.8659938, -1.565817, -0.86670021],
    [0.70139666, -0.44781567, 0.28306052, 4.8756677, -1.5696056, -0.86879723],
    [0.7017108, -0.44747416, 0.28338843, 4.8767599, -1.5700333, -0.869034]
  ]
}
