{
  "iteration": 484,
  "label": "pre_pick",
  "planning_time_ms": 35.964167,
  "scene": {
    "block_x": 0.14565937,
    "block_y": 0.43794068,
    "bin_x": 0.2934355,
    "bin_y": 0.2637999
  },
  "joint_names": ["shoulder_pan_joint", "shoulder_lift_joint", "elbow_joint", "wrist_1_joint", "wrist_2_joint", "wrist_3_joint"],
  "start_joints": [-0.45127273, -1.700714, -0.92042263, 0.86851051, -0.00010545004, -0.00035581949],
  "goal_joints": [-5.31628, -0.88971919, 1.1217742, -1.8038956, 4.7123171, -0.60409736],
  "num_waypoints": 85,
  "trajectory": [
    [-0.45127273, -1.700714, -0.92042263, 0.86851051, -0.00010545004, -0.00035581949],
    [-0.45627273, -1.6998805, -0.91832376, 0.86576395, 0.0047377313, -0.00097631346],
    [-0.47127273, -1.69738, -0.91202717, 0.85752427, 0.019267275, -0.0028377954],
    [-0.49627273, -1.6932125, -0.90153286, 0.84379148, 0.043483182, -0.0059402653],
    [-0.53127273, -1.6873781, -0.88684082, 0.82456556, 0.077385452, -0.010283723],
    [-0.57627273, -1.6798766, -0.86795105, 0.79984653, 0.12097408, -0.015868169],
    [-0.63127273, -1.6707081, -0.84486356, 0.76963438, 0.17424908, -0.022693603],
    [-0.69370349, -1.6603009, -0.81865684, 0.73534042, 0.23472178, -0.030441184],
    [-0.75653534, -1.6498269, -0.79228174, 0.70082614, 0.29558299, -0.038238542],
    [-0.81936719, -1.6393528, -0.76590665, 0.66631186, 0.3564442, -0.046035899],
    [-0.88219905, -1.6288788, -0.73953156, 0.63179758, 0.41730541, -0.053833256],
    [-0.9450309, -1.6184047, -0.71315647, 0.5972833, 0.47816663, -0.061630613],
    [-1.0078628, -1.6079307, -0.68678138, 0.56276901, 0.53902784, -0.069427971],
    [-1.0706946, -1.5974566, -0.66040629, 0.52825473, 0.59988905, -0.077225328],
    [-1.1335265, -1.5869826, -0.6340312, 0.49374045, 0.66075026, -0.085022685],
    [-1.1963583, -1.5765086, -0.60765611, 0.45922617, 0.72161147, -0.092820042],
    [-1.2591902, -1.5660345, -0.58128102, 0.42471189, 0.78247269, -0.1006174],
    [-1.322022, -1.5555605, -0.55490593, 0.39019761, 0.8433339, -0.10841476],
    [-1.3848539, -1.5450864, -0.52853084, 0.35568333, 0.90419511, -0.11621211],
    [-1.4476857, -1.5346124, -0.50215575, 0.32116905, 0.96505632, -0.12400947],
    [-1.5105176, -1.5241383, -0.47578066, 0.28665476, 1.0259175, -0.13180683],
    [-1.5733494, -1.5136643, -0.44940557, 0.25214048, 1.0867787, -0.13960419],
    [-1.6361813, -1.5031902, -0.42303048, 0.2176262, 1.14764, -0.14740154],
    [-1.6990131, -1.4927162, -0.39665539, 0.18311192, 1.2085012, -0.1551989],
    [-1.761845, -1.4822421, -0.37028029, 0.14859764, 1.2693624, -0.16299626],
    [-1.8246768, -1.4717681, -0.3439052, 0.11408336, 1.3302236, -0.17079361],
    [-1.8875087, -1.4612941, -0.31753011, 0.079569077, 1.3910848, -0.17859097],
    [-1.9503405, -1.45082, -0.29115502, 0.045054796, 1.451946, -0.18638833],
    [-2.0131724, -1.440346, -0.26477993, 0.010540515, 1.5128072, -0.19418569],
    [-2.0760043, -1.4298719, -0.23840484, -0.023973767, 1.5736684, -0.20198304],
    [-2.1388361, -1.4193979, -0.21202975, -0.058488048, 1.6345297, -0.2097804],
    [-2.201668, -1.4089238, -0.18565466, -0.093002329, 1.6953909, -0.21757776],
    [-2.2644998, -1.3984498, -0.15927957, -0.12751661, 1.7562521, -0.22537512],
    [-2.3273317, -1.3879757, -0.13290448, -0.16203089, 1.8171133, -0.23317247],
    [-2.3901635, -1.3775017, -0.10652939, -0.19654517, 1.8779745, -0.24096983],
    [-2.4529954, -1.3670276, -0.080154297, -0.23105945, 1.9388357, -0.24876719],
    [-2.5158272, -1.3565536, -0.053779207, -0.26557374, 1.9996969, -0.25656454],
    [-2.5786591, -1.3460795, -0.027404116, -0.30008802, 2.0605581, -0.2643619],
    [-2.6414909, -1.3356055, -0.0010290256, -0.3346023, 2.1214194, -0.27215926],
    [-2.7043228, -1.3251315, 0.025346065, -0.36911658, 2.1822806, -0.27995662],
    [-2.7671546, -1.3146574, 0.051721156, -0.40363086, 2.2431418, -0.28775397],
    [-2.8299865, -1.3041834, 0.078096246, -0.43814514, 2.304003, -0.29555133],
    [-2.8928183, -1.2937093, 0.10447134, -0.47265942, 2.3648642, -0.30334869],
    [-2.9556502, -1.2832353, 0.13084643, -0.5071737, 2.4257254, -0.31114605],
    [-3.0184821, -1.2727612, 0.15722152, -0.54168799, 2.4865866, -0.3189434],
    [-3.0813139, -1.2622872, 0.18359661, -0.57620227, 2.5474478, -0.32674076],
    [-3.1441458, -1.2518131, 0.2099717, -0.61071655, 2.6083091, -0.33453812],
    [-3.2069776, -1.2413391, 0.23634679, -0.64523083, 2.6691703, -0.34233547],
    [-3.2698095, -1.230865, 0.26272188, -0.67974511, 2.7300315, -0.35013283],
    [-3.3326413, -1.220391, 0.28909697, -0.71425939, 2.7908927, -0.35793019],
    [-3.3954732, -1.209917, 0.31547206, -0.74877367, 2.8517539, -0.36572755],
    [-3.458305, -1.1994429, 0.34184715, -0.78328795, 2.9126151, -0.3735249],
    [-3.5211369, -1.1889689, 0.36822224, -0.81780224, 2.9734763, -0.38132226],
    [-3.5839687, -1.1784948, 0.39459733, -0.85231652, 3.0343375, -0.38911962],
    [-3.6468006, -1.1680208, 0.42097242, -0.8868308, 3.0951987, -0.39691698],
    [-3.7096324, -1.1575467, 0.44734752, -0.92134508, 3.15606, -0.40471433],
    [-3.7724643, -1.1470727, 0.47372261, -0.95585936, 3.2169212, -0.41251169],
    [-3.8352961, -1.1365986, 0.5000977, -0.99037364, 3.2777824, -0.42030905],
    [-3.898128, -1.1261246, 0.52647279, -1.0248879, 3.3386436, -0.4281064],
    [-3.9609598, -1.1156505, 0.55284788, -1.0594022, 3.3995048, -0.43590376],
    [-4.0237917, -1.1051765, 0.57922297, -1.0939165, 3.460366, -0.44370112],
    [-4.0866236, -1.0947025, 0.60559806, -1.1284308, 3.5212272, -0.45149848],
    [-4.1494554, -1.0842284, 0.63197315, -1.162945, 3.5820884, -0.45929583],
    [-4.2122873, -1.0737544, 0.65834824, -1.1974593, 3.6429497, -0.46709319],
    [-4.2751191, -1.0632803, 0.68472333, -1.2319736, 3.7038109, -0.47489055],
    [-4.337951, -1.0528063, 0.71109842, -1.2664879, 3.7646721, -0.4826879],
    [-4.4007828, -1.0423322, 0.73747351, -1.3010022, 3.8255333, -0.49048526],
    [-4.4636147, -1.0318582, 0.7638486, -1.3355165, 3.8863945, -0.49828262],
    [-4.5264465, -1.0213841, 0.79022369, -1.3700307, 3.9472557, -0.50607998],
    [-4.5892784, -1.0109101, 0.81659878, -1.404545, 4.0081169, -0.51387733],
    [-4.6521102, -1.000436, 0.84297387, -1.4390593, 4.0689781, -0.52167469],
    [-4.7149421, -0.989962, 0.86934897, -1.4735736, 4.1298394, -0.52947205],
    [-4.7777739, -0.97948795, 0.89572406, -1.5080879, 4.1907006, -0.53726941],
    [-4.8406058, -0.9690139, 0.92209915, -1.5426021, 4.2515618, -0.54506676],
    [-4.9034376, -0.95853986, 0.94847424, -1.5771164, 4.312423, -0.55286412],
    [-4.9662695, -0.94806581, 0.97484933, -1.6116307, 4.3732842, -0.56066148],
    [-5.0291014, -0.93759177, 1.0012244, -1.646145, 4.4341454, -0.56845883],
    [-5.0919332, -0.92711772, 1.0275995, -1.6806593, 4.4950066, -0.57625619],
    [-5.1531348, -0.91691543, 1.0532903, -1.7142781, 4.5542888, -0.58385124],
    [-5.2052567, -0.90822674, 1.0751696, -1.7429092, 4.6047759, -0.5903195],
    [-5.2473785, -0.90120505, 1.0928512, -1.7660472, 4.6455766, -0.59554677],
    [-5.2795003, -0.89585035, 1.1063351, -1.7836921, 4.676691, -0.59953305],
    [-5.3016222, -0.89216265, 1.1156212, -1.7958439, 4.698119, -0.60227834],
    [-5.313744, -0.89014194, 1.1207096, -1.8025026, 4.7098606, -0.60378265],
    [-5.31628, -0.88971919, 1.1217742, -1.8038956, 4.7123171, -0.60409736]
  ]
}
