{
  "iteration": 532,
  "label": "pre_pick",
  "planning_time_ms": 102.89397,
  "scene": {
    "block_x": 0.15992889,
    "block_y": 0.37769664,
    "bin_x": 0.39869559,
    "bin_y": 0.32513217
  },
  "joint_names": ["shoulder_pan_joint", "shoulder_lift_joint", "elbow_joint", "wrist_1_joint", "wrist_2_joint", "wrist_3_joint"],
  "start_joints": [-0.45131721, -1.7007427, -0.92050113, 0.86868212, 1.9978295e-05, -0.00032663261],
  "goal_joints": [4.6393787, -3.3946166, 1.4888266, -2.8074978, 1.5716938, -0.07293785],
  "num_waypoints": 89,
  "trajectory": [
    [-0.45131721, -1.7007427, -0.92050113, 0.86868212, 1.9978295e-05, -0.00032663261],
    [-0.44631721, -1.7024064, -0.91813473, 0.86507144, 0.0015636511, -0.00039795018],
    [-0.43131721, -1.7073975, -0.91103552, 0.85423938, 0.0061946697, -0.00061190291],
    [-0.40631721, -1.7157159, -0.8992035, 0.83618596, 0.013913034, -0.00096849079],
    [-0.37131721, -1.7273618, -0.88263868, 0.81091116, 0.024718744, -0.0014677138],
    [-0.32631721, -1.7423351, -0.86134105, 0.77841499, 0.0386118, -0.002109572],
    [-0.27131721, -1.7606357, -0.83531062, 0.73869746, 0.055592201, -0.0028940653],
    [-0.20888643, -1.7814089, -0.80576334, 0.69361388, 0.074866739, -0.0037845476],
    [-0.14605458, -1.8023155, -0.77602624, 0.64824068, 0.094265104, -0.0046807507],
    [-0.083222727, -1.8232221, -0.74628914, 0.60286747, 0.11366347, -0.0055769538],
    [-0.020390874, -1.8441288, -0.71655204, 0.55749426, 0.13306183, -0.0064731569],
    [0.042440979, -1.8650354, -0.68681495, 0.51212106, 0.1524602, -0.0073693599],
    [0.10527283, -1.885942, -0.65707785, 0.46674785, 0.17185856, -0.008265563],
    [0.16810469, -1.9068486, -0.62734075, 0.42137464, 0.19125693, -0.0091617661],
    [0.23093654, -1.9277552, -0.59760365, 0.37600143, 0.2106553, -0.010057969],
    [0.29376839, -1.9486618, -0.56786655, 0.33062823, 0.23005366, -0.010954172],
    [0.35660024, -1.9695685, -0.53812945, 0.28525502, 0.24945203, -0.011850375],
    [0.4194321, -1.9904751, -0.50839235, 0.23988181, 0.26885039, -0.012746578],
    [0.48226395, -2.0113817, -0.47865525, 0.19450861, 0.28824876, -0.013642782],
    [0.5450958, -2.0322883, -0.44891815, 0.1491354, 0.30764712, -0.014538985],
    [0.60792766, -2.0531949, -0.41918106, 0.10376219, 0.32704549, -0.015435188],
    [0.67075951, -2.0741016, -0.38944396, 0.058388984, 0.34644385, -0.016331391],
    [0.73359136, -2.0950082, -0.35970686, 0.013015777, 0.36584222, -0.017227594],
    [0.79642322, -2.1159148, -0.32996976, -0.03235743, 0.38524058, -0.018123797],
    [0.85925507, -2.1368214, -0.30023266, -0.077730637, 0.40463895, -0.01902],
    [0.92208692, -2.157728, -0.27049556, -0.12310384, 0.42403731, -0.019916203],
    [0.98491878, -2.1786346, -0.24075846, -0.16847705, 0.44343568, -0.020812406],
    [1.0477506, -2.1995413, -0.21102136, -0.21385026, 0.46283404, -0.021708609],
    [1.1105825, -2.2204479, -0.18128426, -0.25922347, 0.48223241, -0.022604812],
    [1.1734143, -2.2413545, -0.15154717, -0.30459667, 0.50163077, -0.023501015],
    [1.2362462, -2.2622611, -0.12181007, -0.34996988, 0.52102914, -0.024397219],
    [1.299078, -2.2831677, -0.092072968, -0.39534309, 0.5404275, -0.025293422],
    [1.3619099, -2.3040744, -0.062335869, -0.44071629, 0.55982587, -0.026189625],
    [1.4247417, -2.324981, -0.03259877, -0.4860895, 0.57922423, -0.027085828],
    [1.4875736, -2.3458876, -0.0028616713, -0.53146271, 0.5986226, -0.027982031],
    [1.5504055, -2.3667942, 0.026875428, -0.57683592, 0.61802096, -0.028878234],
    [1.6132373, -2.3877008, 0.056612526, -0.62220912, 0.63741933, -0.029774437],
    [1.6760692, -2.4086074, 0.086349625, -0.66758233, 0.65681769, -0.03067064],
    [1.738901, -2.4295141, 0.11608672, -0.71295554, 0.67621606, -0.031566843],
    [1.8017329, -2.4504207, 0.14582382, -0.75832874, 0.69561442, -0.032463046],
    [1.8645647, -2.4713273, 0.17556092, -0.80370195, 0.71501279, -0.033359249],
    [1.9273966, -2.4922339, 0.20529802, -0.84907516, 0.73441115, -0.034255452],
    [1.9902284, -2.5131405, 0.23503512, -0.89444837, 0.75380952, -0.035151656],
    [2.0530603, -2.5340472, 0.26477222, -0.93982157, 0.77320788, -0.036047859],
    [2.1158921, -2.5549538, 0.29450932, -0.98519478, 0.79260625, -0.036944062],
    [2.178724, -2.5758604, 0.32424642, -1.030568, 0.81200461, -0.037840265],
    [2.2415558, -2.596767, 0.35398352, -1.0759412, 0.83140298, -0.038736468],
    [2.3043877, -2.6176736, 0.38372061, -1.1213144, 0.85080134, -0.039632671],
    [2.3672195, -2.6385803, 0.41345771, -1.1666876, 0.87019971, -0.040528874],
    [2.4300514, -2.6594869, 0.44319481, -1.2120608, 0.88959807, -0.041425077],
    [2.4928832, -2.6803935, 0.47293191, -1.257434, 0.90899644, -0.04232128],
    [2.5557151, -2.7013001, 0.50266901, -1.3028072, 0.9283948, -0.043217483],
    [2.618547, -2.7222067, 0.53240611, -1.3481804, 0.94779317, -0.044113686],
    [2.6813788, -2.7431133, 0.56214321, -1.3935536, 0.96719154, -0.045009889],
    [2.7442107, -2.76402, 0.59188031, -1.4389269, 0.9865899, -0.045906093],
    [2.8070425, -2.7849266, 0.6216174, -1.4843001, 1.0059883, -0.046802296],
    [2.8698744, -2.8058332, 0.6513545, -1.5296733, 1.0253866, -0.047698499],
    [2.9327062, -2.8267398, 0.6810916, -1.5750465, 1.044785, -0.048594702],
    [2.9955381, -2.8476464, 0.7108287, -1.6204197, 1.0641834, -0.049490905],
    [3.0583699, -2.8685531, 0.7405658, -1.6657929, 1.0835817, -0.050387108],
    [3.1212018, -2.8894597, 0.7703029, -1.7111661, 1.1029801, -0.051283311],
    [3.1840336, -2.9103663, 0.80004, -1.7565393, 1.1223785, -0.052179514],
    [3.2468655, -2.9312729, 0.8297771, -1.8019125, 1.1417768, -0.053075717],
    [3.3096973, -2.9521795, 0.8595142, -1.8472857, 1.1611752, -0.05397192],
    [3.3725292, -2.9730861, 0.88925129, -1.8926589, 1.1805736, -0.054868123],
    [3.435361, -2.9939928, 0.91898839, -1.9380321, 1.1999719, -0.055764326],
    [3.4981929, -3.0148994, 0.94872549, -1.9834053, 1.2193703, -0.05666053],
    [3.5610248, -3.035806, 0.97846259, -2.0287785, 1.2387686, -0.057556733],
    [3.6238566, -3.0567126, 1.0081997, -2.0741518, 1.258167, -0.058452936],
    [3.6866885, -3.0776192, 1.0379368, -2.119525, 1.2775654, -0.059349139],
    [3.7495203, -3.0985259, 1.0676739, -2.1648982, 1.2969637, -0.060245342],
    [3.8123522, -3.1194325, 1.097411, -2.2102714, 1.3163621, -0.061141545],
    [3.875184, -3.1403391, 1.1271481, -2.2556446, 1.3357605, -0.062037748],
    [3.9380159, -3.1612457, 1.1568852, -2.3010178, 1.3551588, -0.062933951],
    [4.0008477, -3.1821523, 1.1866223, -2.346391, 1.3745572, -0.063830154],
    [4.0636796, -3.2030589, 1.2163594, -2.3917642, 1.3939556, -0.064726357],
    [4.1265114, -3.2239656, 1.2460965, -2.4371374, 1.4133539, -0.06562256],
    [4.1893433, -3.2448722, 1.2758336, -2.4825106, 1.4327523, -0.066518763],
    [4.2521751, -3.2657788, 1.3055707, -2.5278838, 1.4521507, -0.067414966],
    [4.315007, -3.2866854, 1.3353078, -2.573257, 1.471549, -0.06831117],
    [4.3778388, -3.307592, 1.3650449, -2.6186302, 1.4909474, -0.069207373],
    [4.4406707, -3.3284987, 1.394782, -2.6640034, 1.5103458, -0.070103576],
    [4.4987098, -3.3478105, 1.4222508, -2.7059156, 1.5282644, -0.070931417],
    [4.5467511, -3.3637958, 1.4449878, -2.740608, 1.5430964, -0.071616655],
    [4.5847924, -3.3764536, 1.462992, -2.768079, 1.5548411, -0.072159257],
    [4.6128336, -3.385784, 1.4762634, -2.7883287, 1.5634984, -0.072559225],
    [4.6308749, -3.3917871, 1.484802, -2.801357, 1.5690684, -0.072816557],
    [4.6389162, -3.3944627, 1.4886077, -2.8071639, 1.571551, -0.072931254],
    [4.6393787, -3.3946166, 1.4888266, -2.8074978, 1.5716938, -0.07293785]
  ]
}
