{
  "iteration": 376,
  "label": "pre_pick",
  "planning_time_ms": 46.824515,
  "scene": {
    "block_x": 0.24871711,
    "block_y": 0.44471942,
    "bin_x": 0.20622195,
    "bin_y": 0.32586933
  },
  "joint_names": ["shoulder_pan_joint", "shoulder_lift_joint", "elbow_joint", "wrist_1_joint", "wrist_2_joint", "wrist_3_joint"],
  "start_joints": [-0.4513907, -1.7008722, -0.92053119, 0.86872943, -8.8862761e-05, -0.00034137077],
  "goal_joints": [-1.8191418, -2.5083946, -0.65171837, 4.7311994, 1.5700047, -0.24773982],
  "num_waypoints": 45,
  "trajectory": [
    [-0.4513907, -1.7008722, -0.92053119, 0.86872943, -8.8862761e-05, -0.00034137077],
    [-0.45316126, -1.7019176, -0.92018321, 0.87372943, 0.0019436366, -0.00066163015],
    [-0.45847296, -1.7050536, -0.91913927, 0.88872943, 0.0080411348, -0.0016224083],
    [-0.46732579, -1.7102803, -0.91739937, 0.91372943, 0.018203632, -0.0032237052],
    [-0.47971974, -1.7175977, -0.91496351, 0.94872943, 0.032431128, -0.0054655209],
    [-0.49565483, -1.7270058, -0.91183168, 0.99372943, 0.050723622, -0.0083478553],
    [-0.51513105, -1.7385046, -0.9080039, 1.0487294, 0.073081115, -0.011870708],
    [-0.5381484, -1.7520941, -0.90348015, 1.1137294, 0.099503607, -0.01603408],
    [-0.56470688, -1.7677743, -0.89826044, 1.1887294, 0.1299911, -0.020837971],
    [-0.59480649, -1.7855451, -0.89234478, 1.2737294, 0.16454358, -0.02628238],
    [-0.62844723, -1.8054067, -0.88573315, 1.3687294, 0.20316107, -0.032367308],
    [-0.6656291, -1.8273589, -0.87842556, 1.4737294, 0.24584355, -0.039092754],
    [-0.70635209, -1.8514018, -0.87042201, 1.5887294, 0.29259103, -0.046458719],
    [-0.75028325, -1.8773389, -0.86178794, 1.7127891, 0.34302128, -0.054404975],
    [-0.79478241, -1.9036112, -0.85304224, 1.8384528, 0.39410356, -0.062453971],
    [-0.83928157, -1.9298836, -0.84429653, 1.9641165, 0.44518584, -0.070502967],
    [-0.88378073, -1.956156, -0.83555083, 2.0897802, 0.49626813, -0.078551963],
    [-0.92827989, -1.9824284, -0.82680513, 2.2154439, 0.54735041, -0.086600959],
    [-0.97277905, -2.0087007, -0.81805942, 2.3411076, 0.59843269, -0.094649955],
    [-1.0172782, -2.0349731, -0.80931372, 2.4667713, 0.64951497, -0.10269895],
    [-1.0617774, -2.0612455, -0.80056802, 2.592435, 0.70059725, -0.11074795],
    [-1.1062765, -2.0875179, -0.79182231, 2.7180987, 0.75167953, -0.11879694],
    [-1.1507757, -2.1137902, -0.78307661, 2.8437624, 0.80276181, -0.12684594],
    [-1.1952749, -2.1400626, -0.77433091, 2.9694261, 0.85384409, -0.13489494],
    [-1.239774, -2.166335, -0.7655852, 3.0950898, 0.90492638, -0.14294393],
    [-1.2842732, -2.1926074, -0.7568395, 3.2207535, 0.95600866, -0.15099293],
    [-1.3287723, -2.2188797, -0.7480938, 3.3464173, 1.0070909, -0.15904192],
    [-1.3732715, -2.2451521, -0.7393481, 3.472081, 1.0581732, -0.16709092],
    [-1.4177707, -2.2714245, -0.73060239, 3.5977447, 1.1092555, -0.17513992],
    [-1.4622698, -2.2976969, -0.72185669, 3.7234084, 1.1603378, -0.18318891],
    [-1.506769, -2.3239692, -0.71311099, 3.8490721, 1.2114201, -0.19123791],
    [-1.5511453, -2.3501691, -0.70438943, 3.9743888, 1.2623613, -0.19926468],
    [-1.592941, -2.3748453, -0.69617505, 4.0924181, 1.3103402, -0.20682468],
    [-1.6311956, -2.3974309, -0.68865664, 4.2004474, 1.3542541, -0.21374416],
    [-1.665909, -2.4179258, -0.68183418, 4.2984767, 1.394103, -0.22002312],
    [-1.6970814, -2.43633, -0.67570768, 4.386506, 1.4298869, -0.22566156],
    [-1.7247126, -2.4526435, -0.67027715, 4.4645353, 1.4616058, -0.23065949],
    [-1.7488026, -2.4668663, -0.66554257, 4.5325647, 1.4892597, -0.23501689],
    [-1.7693516, -2.4789984, -0.66150396, 4.590594, 1.5128486, -0.23873378],
    [-1.7863594, -2.4890399, -0.65816131, 4.6386233, 1.5323725, -0.24181014],
    [-1.799826, -2.4969906, -0.65551461, 4.6766526, 1.5478314, -0.24424599],
    [-1.8097516, -2.5028507, -0.65356388, 4.7046819, 1.5592254, -0.24604132],
    [-1.816136, -2.50662, -0.65230911, 4.7227112, 1.5665543, -0.24719613],
    [-1.8189793, -2.5082987, -0.65175031, 4.7307405, 1.5698182, -0.24771043],
    [-1.8191418, -2.5083946, -0.65171837, 4.7311994, 1.5700047, -0.24773982]
  ]
}
