{
  "iteration": 486,
  "label": "pre_pick",
  "planning_time_ms": 43.528536,
  "scene": {
    "block_x": 0.24736588,
    "block_y": 0.46768183,
    "bin_x": 0.16913283,
    "bin_y": 0.36011103
  },
  "joint_names": ["shoulder_pan_joint", "shoulder_lift_joint", "elbow_joint", "wrist_1_joint", "wrist_2_joint", "wrist_3_joint"],
  "start_joints": [-0.45128083, -1.7006896, -0.92057213, 0.86872446, -0.00010760593, -0.00044469578],
  "goal_joints": [-1.8054491, -2.9302218, 0.22029516, 4.2804826, -4.7118903, -0.23384296],
  "num_waypoints": 52,
  "trajectory": [
    [-0.45128083, -1.7006896, -0.92057213, 0.86872446, -0.00010760593, -0.00044469578],
    [-0.45271784, -1.7019944, -0.91936148, 0.87234491, -0.0051076059, -0.0006923709],
    [-0.45702884, -1.7059086, -0.91572952, 0.88320627, -0.020107606, -0.0014353962],
    [-0.46421385, -1.7124323, -0.90967625, 0.90130854, -0.045107606, -0.0026737718],
    [-0.47427287, -1.7215655, -0.90120168, 0.92665171, -0.080107606, -0.0044074976],
    [-0.48720589, -1.7333082, -0.89030579, 0.95923579, -0.12510761, -0.0066365737],
    [-0.50301291, -1.7476603, -0.87698861, 0.99906078, -0.18010761, -0.009361],
    [-0.52169393, -1.764622, -0.86125011, 1.0461267, -0.2451076, -0.012580776],
    [-0.54324896, -1.7841931, -0.84309031, 1.1004335, -0.32010759, -0.016295902],
    [-0.56767799, -1.8063737, -0.82250921, 1.1619812, -0.40510757, -0.020506378],
    [-0.59498102, -1.8311638, -0.79950679, 1.2307698, -0.50010755, -0.025212205],
    [-0.62515806, -1.8585634, -0.77408308, 1.3067993, -0.60510752, -0.030413381],
    [-0.6582091, -1.8885724, -0.74623805, 1.3900697, -0.72010749, -0.036109907],
    [-0.69386391, -1.9209456, -0.71619939, 1.4799002, -0.84416719, -0.042255207],
    [-0.72997971, -1.9537374, -0.68577234, 1.5708921, -0.9698309, -0.048479962],
    [-0.76609551, -1.9865291, -0.6553453, 1.661884, -1.0954946, -0.054704716],
    [-0.80221131, -2.0193209, -0.62491826, 1.7528759, -1.2211583, -0.060929471],
    [-0.83832711, -2.0521126, -0.59449122, 1.8438679, -1.346822, -0.067154226],
    [-0.87444291, -2.0849044, -0.56406418, 1.9348598, -1.4724857, -0.07337898],
    [-0.91055871, -2.1176961, -0.53363713, 2.0258517, -1.5981494, -0.079603735],
    [-0.94667451, -2.1504878, -0.50321009, 2.1168436, -1.7238131, -0.085828489],
    [-0.98279031, -2.1832796, -0.47278305, 2.2078355, -1.8494768, -0.092053244],
    [-1.0189061, -2.2160713, -0.44235601, 2.2988275, -1.9751405, -0.098277999],
    [-1.0550219, -2.2488631, -0.41192896, 2.3898194, -2.1008043, -0.10450275],
    [-1.0911377, -2.2816548, -0.38150192, 2.4808113, -2.226468, -0.11072751],
    [-1.1272535, -2.3144466, -0.35107488, 2.5718032, -2.3521317, -0.11695226],
    [-1.1633693, -2.3472383, -0.32064784, 2.6627952, -2.4777954, -0.12317702],
    [-1.1994851, -2.3800301, -0.29022079, 2.7537871, -2.6034591, -0.12940177],
    [-1.2356009, -2.4128218, -0.25979375, 2.844779, -2.7291228, -0.13562653],
    [-1.2717167, -2.4456135, -0.22936671, 2.9357709, -2.8547865, -0.14185128],
    [-1.3078325, -2.4784053, -0.19893967, 3.0267628, -2.9804502, -0.14807604],
    [-1.3439483, -2.511197, -0.16851263, 3.1177548, -3.1061139, -0.15430079],
    [-1.3800641, -2.5439888, -0.13808558, 3.2087467, -3.2317776, -0.16052554],
    [-1.4161799, -2.5767805, -0.10765854, 3.2997386, -3.3574413, -0.1667503],
    [-1.4522957, -2.6095723, -0.077231499, 3.3907305, -3.483105, -0.17297505],
    [-1.4884115, -2.642364, -0.046804457, 3.4817225, -3.6087687, -0.17919981],
    [-1.5245273, -2.6751558, -0.016377415, 3.5727144, -3.7344324, -0.18542456],
    [-1.5606431, -2.7079475, 0.014049628, 3.6637063, -3.8600961, -0.19164932],
    [-1.5963927, -2.7404067, 0.04416814, 3.7537756, -3.9844856, -0.19781095],
    [-1.6296207, -2.7705764, 0.072162199, 3.8374917, -4.1001011, -0.20353797],
    [-1.6599746, -2.7981366, 0.097734951, 3.9139669, -4.2057166, -0.20876963],
    [-1.6874545, -2.8230873, 0.1208864, 3.9832011, -4.3013321, -0.21350595],
    [-1.7120604, -2.8454285, 0.14161653, 4.0451945, -4.3869475, -0.21774691],
    [-1.7337924, -2.8651603, 0.15992536, 4.099947, -4.462563, -0.22149253],
    [-1.7526503, -2.8822825, 0.17581289, 4.1474585, -4.5281785, -0.22474279],
    [-1.7686342, -2.8967953, 0.1892791, 4.1877292, -4.583794, -0.22749771],
    [-1.7817441, -2.9086986, 0.20032401, 4.2207589, -4.6294095, -0.22975727],
    [-1.79198, -2.9179924, 0.20894761, 4.2465478, -4.665025, -0.23152149],
    [-1.7993419, -2.9246767, 0.21514991, 4.2650957, -4.6906404, -0.23279035],
    [-1.8038298, -2.9287515, 0.2189309, 4.2764027, -4.7062559, -0.23356386],
    [-1.8054437, -2.9302169, 0.22029058, 4.2804689, -4.7118714, -0.23384203],
    [-1.8054491, -2.9302218, 0.22029516, 4.2804826, -4.7118903, -0.23384296]
  ]
}
