{
  "iteration": 60,
  "label": "pre_pick",
  "planning_time_ms": 5008.0962,
  "scene": {
    "block_x": 0.26860946,
    "block_y": 0.40510277,
    "bin_x": 0.43152147,
    "bin_y": 0.28133543
  },
  "joint_names": ["shoulder_pan_joint", "shoulder_lift_joint", "elbow_joint", "wrist_1_joint", "wrist_2_joint", "wrist_3_joint"],
  "start_joints": [-0.45141304, -1.7008694, -0.92053755, 0.86859079, -0.00010095071, -0.0002800788],
  "goal_joints": [-1.8827384, -3.2163826, 0.91346656, -2.4099329, -4.7124847, -0.31259486],
  "num_waypoints": 52,
  "trajectory": [
    [-0.45141304, -1.7008694, -0.92053755, 0.86859079, -0.00010095071, -0.0002800788],
    [-0.45293173, -1.7024774, -0.91859161, 0.86511217, -0.0051009507, -0.00061145544],
    [-0.45748778, -1.7073015, -0.91275379, 0.85467629, -0.020100951, -0.0016055854],
    [-0.46508121, -1.7153415, -0.90302408, 0.83728317, -0.045100951, -0.0032624685],
    [-0.475712, -1.7265976, -0.88940249, 0.81293279, -0.080100951, -0.005582105],
    [-0.48938017, -1.7410697, -0.87188903, 0.78162516, -0.12510095, -0.0085644948],
    [-0.5060857, -1.7587578, -0.85048368, 0.74336028, -0.18010095, -0.012209638],
    [-0.52582861, -1.779662, -0.82518644, 0.69813815, -0.24510095, -0.016517534],
    [-0.54860888, -1.8037821, -0.79599733, 0.64595877, -0.32010094, -0.021488183],
    [-0.57442653, -1.8311183, -0.76291634, 0.58682214, -0.40510094, -0.027121586],
    [-0.60328154, -1.8616705, -0.72594346, 0.52072826, -0.50010093, -0.033417741],
    [-0.63517392, -1.8954388, -0.68507871, 0.44767714, -0.60510091, -0.040376649],
    [-0.67010367, -1.932423, -0.64032208, 0.36766876, -0.72010089, -0.047998311],
    [-0.70778519, -1.9723209, -0.5920395, 0.28135731, -0.8441606, -0.056220409],
    [-0.74595391, -2.0127346, -0.54313267, 0.19392991, -0.96982431, -0.064548812],
    [-0.78412263, -2.0531483, -0.49422584, 0.10650252, -1.095488, -0.072877215],
    [-0.82229135, -2.0935621, -0.44531901, 0.019075123, -1.2211517, -0.081205619],
    [-0.86046006, -2.1339758, -0.39641218, -0.068352272, -1.3468154, -0.089534022],
    [-0.89862878, -2.1743895, -0.34750535, -0.15577967, -1.4724791, -0.097862425],
    [-0.9367975, -2.2148033, -0.29859852, -0.24320706, -1.5981428, -0.10619083],
    [-0.97496622, -2.255217, -0.24969169, -0.33063446, -1.7238065, -0.11451923],
    [-1.0131349, -2.2956307, -0.20078486, -0.41806185, -1.8494702, -0.12284764],
    [-1.0513037, -2.3360444, -0.15187803, -0.50548925, -1.975134, -0.13117604],
    [-1.0894724, -2.3764582, -0.1029712, -0.59291664, -2.1007977, -0.13950444],
    [-1.1276411, -2.4168719, -0.05406437, -0.68034404, -2.2264614, -0.14783284],
    [-1.1658098, -2.4572856, -0.0051575393, -0.76777143, -2.3521251, -0.15616125],
    [-1.2039785, -2.4976994, 0.043749291, -0.85519883, -2.4777888, -0.16448965],
    [-1.2421472, -2.5381131, 0.092656121, -0.94262622, -2.6034525, -0.17281805],
    [-1.280316, -2.5785268, 0.14156295, -1.0300536, -2.7291162, -0.18114646],
    [-1.3184847, -2.6189405, 0.19046978, -1.117481, -2.8547799, -0.18947486],
    [-1.3566534, -2.6593543, 0.23937661, -1.2049084, -2.9804436, -0.19780326],
    [-1.3948221, -2.699768, 0.28828344, -1.2923358, -3.1061073, -0.20613167],
    [-1.4329908, -2.7401817, 0.33719027, -1.3797632, -3.231771, -0.21446007],
    [-1.4711595, -2.7805955, 0.3860971, -1.4671906, -3.3574347, -0.22278847],
    [-1.5093283, -2.8210092, 0.43500393, -1.554618, -3.4830984, -0.23111688],
    [-1.547497, -2.8614229, 0.48391076, -1.6420454, -3.6087621, -0.23944528],
    [-1.5856657, -2.9018367, 0.53281759, -1.7294728, -3.7344258, -0.24777368],
    [-1.6238344, -2.9422504, 0.58172442, -1.8169002, -3.8600895, -0.25610209],
    [-1.6616234, -2.982262, 0.63014469, -1.9034578, -3.9845031, -0.26434763],
    [-1.6967546, -3.0194596, 0.67515948, -1.9839276, -4.1001664, -0.27201326],
    [-1.7288485, -3.0534412, 0.71628239, -2.0574403, -4.2058297, -0.27901613],
    [-1.757905, -3.0842067, 0.75351342, -2.1239956, -4.301493, -0.28535624],
    [-1.7839241, -3.1117562, 0.78685257, -2.1835937, -4.3871563, -0.29103361],
    [-1.8069058, -3.1360897, 0.81629984, -2.2362346, -4.4628196, -0.29604822],
    [-1.8268502, -3.1572072, 0.84185522, -2.2819182, -4.5284829, -0.30040008],
    [-1.8437572, -3.1751086, 0.86351872, -2.3206446, -4.5841462, -0.30408918],
    [-1.8576268, -3.189794, 0.88129034, -2.3524137, -4.6298095, -0.30711553],
    [-1.8684591, -3.2012634, 0.89517008, -2.3772255, -4.6654728, -0.30947913],
    [-1.876254, -3.2095168, 0.90515793, -2.3950801, -4.6911361, -0.31117997],
    [-1.8810115, -3.2145542, 0.91125391, -2.4059775, -4.7067994, -0.31221806],
    [-1.8827317, -3.2163755, 0.913458, -2.4099176, -4.7124627, -0.3125934],
    [-1.8827384, -3.2163826, 0.91346656, -2.4099329, -4.7124847, -0.31259486]
  ]
}
