{
  "iteration": 710,
  "label": "pre_pick",
  "planning_time_ms": 89.992523,
  "scene": {
    "block_x": 0.15341454,
    "block_y": 0.45378803,
    "bin_x": 0.18974883,
    "bin_y": 0.28459885
  },
  "joint_names": ["shoulder_pan_joint", "shoulder_lift_joint", "elbow_joint", "wrist_1_joint", "wrist_2_joint", "wrist_3_joint"],
  "start_joints": [-0.45128938, -1.7007182, -0.92062734, 0.86889865, 8.5338146e-05, -0.00038191066],
  "goal_joints": [4.6662169, -3.23877, 0.9737742, 3.8362341, 1.5710551, -0.045753663],
  "num_waypoints": 89,
  "trajectory": [
    [-0.45128938, -1.7007182, -0.92062734, 0.86889865, 8.5338146e-05, -0.00038191066],
    [-0.44628938, -1.702221, -0.91877643, 0.87179785, 0.0016202359, -0.0004262406],
    [-0.43128938, -1.7067292, -0.91322372, 0.88049545, 0.0062249292, -0.00055923043],
    [-0.40628938, -1.7142429, -0.90396921, 0.89499146, 0.013899418, -0.00078088014],
    [-0.37128938, -1.724762, -0.89101289, 0.91528586, 0.024643702, -0.0010911897],
    [-0.32628938, -1.7382866, -0.87435476, 0.94137867, 0.038457782, -0.0014901592],
    [-0.27128938, -1.7548167, -0.85399483, 0.97326987, 0.055341658, -0.0019777886],
    [-0.2088586, -1.7735801, -0.83088417, 1.0094697, 0.074506629, -0.0025312991],
    [-0.14602675, -1.792464, -0.80762504, 1.0459022, 0.093794723, -0.0030883656],
    [-0.083194898, -1.811348, -0.7843659, 1.0823346, 0.11308282, -0.0036454321],
    [-0.020363045, -1.8302319, -0.76110677, 1.118767, 0.13237091, -0.0042024986],
    [0.042468808, -1.8491158, -0.73784764, 1.1551995, 0.15165901, -0.0047595651],
    [0.10530066, -1.8679998, -0.7145885, 1.1916319, 0.1709471, -0.0053166316],
    [0.16813251, -1.8868837, -0.69132937, 1.2280643, 0.19023519, -0.0058736981],
    [0.23096437, -1.9057676, -0.66807024, 1.2644967, 0.20952329, -0.0064307645],
    [0.29379622, -1.9246516, -0.64481111, 1.3009292, 0.22881138, -0.006987831],
    [0.35662807, -1.9435355, -0.62155197, 1.3373616, 0.24809948, -0.0075448975],
    [0.41945993, -1.9624194, -0.59829284, 1.373794, 0.26738757, -0.008101964],
    [0.48229178, -1.9813034, -0.57503371, 1.4102265, 0.28667566, -0.0086590305],
    [0.54512363, -2.0001873, -0.55177458, 1.4466589, 0.30596376, -0.009216097],
    [0.60795549, -2.0190712, -0.52851544, 1.4830913, 0.32525185, -0.0097731635],
    [0.67078734, -2.0379552, -0.50525631, 1.5195237, 0.34453995, -0.01033023],
    [0.73361919, -2.0568391, -0.48199718, 1.5559562, 0.36382804, -0.010887296],
    [0.79645104, -2.075723, -0.45873804, 1.5923886, 0.38311614, -0.011444363],
    [0.8592829, -2.094607, -0.43547891, 1.628821, 0.40240423, -0.012001429],
    [0.92211475, -2.1134909, -0.41221978, 1.6652535, 0.42169232, -0.012558496],
    [0.9849466, -2.1323748, -0.38896065, 1.7016859, 0.44098042, -0.013115562],
    [1.0477785, -2.1512588, -0.36570151, 1.7381183, 0.46026851, -0.013672629],
    [1.1106103, -2.1701427, -0.34244238, 1.7745507, 0.47955661, -0.014229695],
    [1.1734422, -2.1890266, -0.31918325, 1.8109832, 0.4988447, -0.014786762],
    [1.236274, -2.2079106, -0.29592412, 1.8474156, 0.51813279, -0.015343828],
    [1.2991059, -2.2267945, -0.27266498, 1.883848, 0.53742089, -0.015900895],
    [1.3619377, -2.2456784, -0.24940585, 1.9202805, 0.55670898, -0.016457961],
    [1.4247696, -2.2645624, -0.22614672, 1.9567129, 0.57599708, -0.017015028],
    [1.4876014, -2.2834463, -0.20288758, 1.9931453, 0.59528517, -0.017572094],
    [1.5504333, -2.3023302, -0.17962845, 2.0295777, 0.61457327, -0.018129161],
    [1.6132651, -2.3212142, -0.15636932, 2.0660102, 0.63386136, -0.018686227],
    [1.676097, -2.3400981, -0.13311019, 2.1024426, 0.65314945, -0.019243294],
    [1.7389288, -2.358982, -0.10985105, 2.138875, 0.67243755, -0.01980036],
    [1.8017607, -2.377866, -0.086591921, 2.1753075, 0.69172564, -0.020357427],
    [1.8645925, -2.3967499, -0.063332788, 2.2117399, 0.71101374, -0.020914493],
    [1.9274244, -2.4156338, -0.040073655, 2.2481723, 0.73030183, -0.02147156],
    [1.9902563, -2.4345178, -0.016814522, 2.2846047, 0.74958992, -0.022028626],
    [2.0530881, -2.4534017, 0.0064446104, 2.3210372, 0.76887802, -0.022585693],
    [2.11592, -2.4722856, 0.029703743, 2.3574696, 0.78816611, -0.023142759],
    [2.1787518, -2.4911696, 0.052962876, 2.393902, 0.80745421, -0.023699826],
    [2.2415837, -2.5100535, 0.076222009, 2.4303345, 0.8267423, -0.024256892],
    [2.3044155, -2.5289374, 0.099481141, 2.4667669, 0.8460304, -0.024813959],
    [2.3672474, -2.5478214, 0.12274027, 2.5031993, 0.86531849, -0.025371025],
    [2.4300792, -2.5667053, 0.14599941, 2.5396317, 0.88460658, -0.025928092],
    [2.4929111, -2.5855892, 0.16925854, 2.5760642, 0.90389468, -0.026485158],
    [2.5557429, -2.6044732, 0.19251767, 2.6124966, 0.92318277, -0.027042225],
    [2.6185748, -2.6233571, 0.21577681, 2.648929, 0.94247087, -0.027599291],
    [2.6814066, -2.642241, 0.23903594, 2.6853615, 0.96175896, -0.028156358],
    [2.7442385, -2.661125, 0.26229507, 2.7217939, 0.98104705, -0.028713424],
    [2.8070703, -2.6800089, 0.2855542, 2.7582263, 1.0003351, -0.029270491],
    [2.8699022, -2.6988928, 0.30881334, 2.7946587, 1.0196232, -0.029827557],
    [2.932734, -2.7177767, 0.33207247, 2.8310912, 1.0389113, -0.030384624],
    [2.9955659, -2.7366607, 0.3553316, 2.8675236, 1.0581994, -0.03094169],
    [3.0583978, -2.7555446, 0.37859073, 2.903956, 1.0774875, -0.031498757],
    [3.1212296, -2.7744285, 0.40184987, 2.9403885, 1.0967756, -0.032055823],
    [3.1840615, -2.7933125, 0.425109, 2.9768209, 1.1160637, -0.032612889],
    [3.2468933, -2.8121964, 0.44836813, 3.0132533, 1.1353518, -0.033169956],
    [3.3097252, -2.8310803, 0.47162727, 3.0496857, 1.1546399, -0.033727022],
    [3.372557, -2.8499643, 0.4948864, 3.0861182, 1.173928, -0.034284089],
    [3.4353889, -2.8688482, 0.51814553, 3.1225506, 1.1932161, -0.034841155],
    [3.4982207, -2.8877321, 0.54140466, 3.158983, 1.2125042, -0.035398222],
    [3.5610526, -2.9066161, 0.5646638, 3.1954154, 1.2317923, -0.035955288],
    [3.6238844, -2.9255, 0.58792293, 3.2318479, 1.2510804, -0.036512355],
    [3.6867163, -2.9443839, 0.61118206, 3.2682803, 1.2703685, -0.037069421],
    [3.7495481, -2.9632679, 0.63444119, 3.3047127, 1.2896566, -0.037626488],
    [3.81238, -2.9821518, 0.65770033, 3.3411452, 1.3089447, -0.038183554],
    [3.8752118, -3.0010357, 0.68095946, 3.3775776, 1.3282327, -0.038740621],
    [3.9380437, -3.0199197, 0.70421859, 3.41401, 1.3475208, -0.039297687],
    [4.0008756, -3.0388036, 0.72747773, 3.4504424, 1.3668089, -0.039854754],
    [4.0637074, -3.0576875, 0.75073686, 3.4868749, 1.386097, -0.04041182],
    [4.1265393, -3.0765715, 0.77399599, 3.5233073, 1.4053851, -0.040968887],
    [4.1893711, -3.0954554, 0.79725512, 3.5597397, 1.4246732, -0.041525953],
    [4.252203, -3.1143393, 0.82051426, 3.5961722, 1.4439613, -0.04208302],
    [4.3150348, -3.1332233, 0.84377339, 3.6326046, 1.4632494, -0.042640086],
    [4.3778667, -3.1521072, 0.86703252, 3.669037, 1.4825375, -0.043197153],
    [4.4406985, -3.1709911, 0.89029165, 3.7054694, 1.5018256, -0.043754219],
    [4.5020049, -3.1894166, 0.91298608, 3.7410173, 1.5206454, -0.044297761],
    [4.5543132, -3.2051377, 0.9323496, 3.7713478, 1.536703, -0.044761526],
    [4.5966215, -3.2178533, 0.94801131, 3.7958798, 1.5496908, -0.04513663],
    [4.6289298, -3.2275635, 0.95997122, 3.8146135, 1.5596087, -0.045423075],
    [4.6512381, -3.2342682, 0.96822931, 3.8275487, 1.5664569, -0.045620861],
    [4.6635464, -3.2379674, 0.97278561, 3.8346856, 1.5702353, -0.045729986],
    [4.6662169, -3.23877, 0.9737742, 3.8362341, 1.5710551, -0.045753663]
  ]
}
