{
  "iteration": 588,
  "label": "pre_pick",
  "planning_time_ms": 62.464859,
  "scene": {
    "block_x": 0.28279211,
    "block_y": 0.38557266,
    "bin_x": 0.13792158,
    "bin_y": 0.28741841
  },
  "joint_names": ["shoulder_pan_joint", "shoulder_lift_joint", "elbow_joint", "wrist_1_joint", "wrist_2_joint", "wrist_3_joint"],
  "start_joints": [-0.45124658, -1.7008444, -0.92063691, 0.86891422, -0.00010421937, -0.00047848042],
  "goal_joints": [4.3569518, -3.2423357, 0.9835139, 3.8297729, 1.5703423, -0.35528948],
  "num_waypoints": 84,
  "trajectory": [
    [-0.45124658, -1.7008444, -0.92063691, 0.86891422, -0.00010421937, -0.00047848042],
    [-0.44624658, -1.7024474, -0.91865681, 0.87199318, 0.0015288731, -0.00084744503],
    [-0.43124658, -1.7072563, -0.91271648, 0.88123009, 0.0064281504, -0.0019543388],
    [-0.40624658, -1.7152712, -0.90281594, 0.89662494, 0.014593613, -0.0037991619],
    [-0.37124658, -1.7264921, -0.88895518, 0.91817772, 0.02602526, -0.0063819141],
    [-0.32624658, -1.740919, -0.8711342, 0.94588844, 0.040723091, -0.0097025956],
    [-0.27124658, -1.7585518, -0.84935301, 0.9797571, 0.058687108, -0.013761206],
    [-0.2088158, -1.7785669, -0.82462907, 1.0182016, 0.079078153, -0.018368155],
    [-0.14598395, -1.7987105, -0.7997463, 1.056893, 0.099600198, -0.023004701],
    [-0.083152099, -1.8188542, -0.77486352, 1.0955845, 0.12012224, -0.027641247],
    [-0.020320246, -1.8389979, -0.74998074, 1.134276, 0.14064429, -0.032277793],
    [0.042511608, -1.8591415, -0.72509797, 1.1729674, 0.16116633, -0.036914339],
    [0.10534346, -1.8792852, -0.70021519, 1.2116589, 0.18168838, -0.041550885],
    [0.16817531, -1.8994289, -0.67533241, 1.2503504, 0.20221042, -0.046187431],
    [0.23100717, -1.9195725, -0.65044964, 1.2890418, 0.22273247, -0.050823977],
    [0.29383902, -1.9397162, -0.62556686, 1.3277333, 0.24325451, -0.055460523],
    [0.35667087, -1.9598599, -0.60068409, 1.3664248, 0.26377656, -0.060097069],
    [0.41950273, -1.9800035, -0.57580131, 1.4051162, 0.2842986, -0.064733615],
    [0.48233458, -2.0001472, -0.55091853, 1.4438077, 0.30482065, -0.069370161],
    [0.54516643, -2.0202909, -0.52603576, 1.4824992, 0.32534269, -0.074006707],
    [0.60799829, -2.0404346, -0.50115298, 1.5211906, 0.34586474, -0.078643253],
    [0.67083014, -2.0605782, -0.4762702, 1.5598821, 0.36638678, -0.083279799],
    [0.73366199, -2.0807219, -0.45138743, 1.5985736, 0.38690882, -0.087916345],
    [0.79649384, -2.1008656, -0.42650465, 1.637265, 0.40743087, -0.092552891],
    [0.8593257, -2.1210092, -0.40162188, 1.6759565, 0.42795291, -0.097189437],
    [0.92215755, -2.1411529, -0.3767391, 1.714648, 0.44847496, -0.10182598],
    [0.9849894, -2.1612966, -0.35185632, 1.7533394, 0.468997, -0.10646253],
    [1.0478213, -2.1814402, -0.32697355, 1.7920309, 0.48951905, -0.11109907],
    [1.1106531, -2.2015839, -0.30209077, 1.8307223, 0.51004109, -0.11573562],
    [1.173485, -2.2217276, -0.277208, 1.8694138, 0.53056314, -0.12037217],
    [1.2363168, -2.2418712, -0.25232522, 1.9081053, 0.55108518, -0.12500871],
    [1.2991487, -2.2620149, -0.22744244, 1.9467967, 0.57160723, -0.12964526],
    [1.3619805, -2.2821586, -0.20255967, 1.9854882, 0.59212927, -0.1342818],
    [1.4248124, -2.3023022, -0.17767689, 2.0241797, 0.61265132, -0.13891835],
    [1.4876442, -2.3224459, -0.15279411, 2.0628711, 0.63317336, -0.1435549],
    [1.5504761, -2.3425896, -0.12791134, 2.1015626, 0.65369541, -0.14819144],
    [1.6133079, -2.3627333, -0.10302856, 2.1402541, 0.67421745, -0.15282799],
    [1.6761398, -2.3828769, -0.078145786, 2.1789455, 0.6947395, -0.15746453],
    [1.7389716, -2.4030206, -0.05326301, 2.217637, 0.71526154, -0.16210108],
    [1.8018035, -2.4231643, -0.028380234, 2.2563285, 0.73578359, -0.16673763],
    [1.8646353, -2.4433079, -0.0034974576, 2.2950199, 0.75630563, -0.17137417],
    [1.9274672, -2.4634516, 0.021385319, 2.3337114, 0.77682767, -0.17601072],
    [1.9902991, -2.4835953, 0.046268095, 2.3724029, 0.79734972, -0.18064726],
    [2.0531309, -2.5037389, 0.071150871, 2.4110943, 0.81787176, -0.18528381],
    [2.1159628, -2.5238826, 0.096033647, 2.4497858, 0.83839381, -0.18992036],
    [2.1787946, -2.5440263, 0.12091642, 2.4884773, 0.85891585, -0.1945569],
    [2.2416265, -2.5641699, 0.1457992, 2.5271687, 0.8794379, -0.19919345],
    [2.3044583, -2.5843136, 0.17068198, 2.5658602, 0.89995994, -0.20382999],
    [2.3672902, -2.6044573, 0.19556475, 2.6045516, 0.92048199, -0.20846654],
    [2.430122, -2.624601, 0.22044753, 2.6432431, 0.94100403, -0.21310309],
    [2.4929539, -2.6447446, 0.2453303, 2.6819346, 0.96152608, -0.21773963],
    [2.5557857, -2.6648883, 0.27021308, 2.720626, 0.98204812, -0.22237618],
    [2.6186176, -2.685032, 0.29509586, 2.7593175, 1.0025702, -0.22701272],
    [2.6814494, -2.7051756, 0.31997863, 2.798009, 1.0230922, -0.23164927],
    [2.7442813, -2.7253193, 0.34486141, 2.8367004, 1.0436143, -0.23628582],
    [2.8071131, -2.745463, 0.36974419, 2.8753919, 1.0641363, -0.24092236],
    [2.869945, -2.7656066, 0.39462696, 2.9140834, 1.0846583, -0.24555891],
    [2.9327768, -2.7857503, 0.41950974, 2.9527748, 1.1051804, -0.25019545],
    [2.9956087, -2.805894, 0.44439251, 2.9914663, 1.1257024, -0.254832],
    [3.0584406, -2.8260376, 0.46927529, 3.0301578, 1.1462245, -0.25946855],
    [3.1212724, -2.8461813, 0.49415807, 3.0688492, 1.1667465, -0.26410509],
    [3.1841043, -2.866325, 0.51904084, 3.1075407, 1.1872686, -0.26874164],
    [3.2469361, -2.8864686, 0.54392362, 3.1462322, 1.2077906, -0.27337818],
    [3.309768, -2.9066123, 0.56880639, 3.1849236, 1.2283127, -0.27801473],
    [3.3725998, -2.926756, 0.59368917, 3.2236151, 1.2488347, -0.28265128],
    [3.4354317, -2.9468997, 0.61857195, 3.2623066, 1.2693567, -0.28728782],
    [3.4982635, -2.9670433, 0.64345472, 3.300998, 1.2898788, -0.29192437],
    [3.5610954, -2.987187, 0.6683375, 3.3396895, 1.3104008, -0.29656091],
    [3.6239272, -3.0073307, 0.69322028, 3.3783809, 1.3309229, -0.30119746],
    [3.6867591, -3.0274743, 0.71810305, 3.4170724, 1.3514449, -0.30583401],
    [3.7495909, -3.047618, 0.74298583, 3.4557639, 1.371967, -0.31047055],
    [3.8124228, -3.0677617, 0.7678686, 3.4944553, 1.392489, -0.3151071],
    [3.8752546, -3.0879053, 0.79275138, 3.5331468, 1.4130111, -0.31974364],
    [3.9380865, -3.108049, 0.81763416, 3.5718383, 1.4335331, -0.32438019],
    [4.0009184, -3.1281927, 0.84251693, 3.6105297, 1.4540552, -0.32901674],
    [4.0637502, -3.1483363, 0.86739971, 3.6492212, 1.4745772, -0.33365328],
    [4.1265821, -3.16848, 0.89228248, 3.6879127, 1.4950992, -0.33828983],
    [4.1882851, -3.1882618, 0.91671823, 3.725909, 1.5152526, -0.34284308],
    [4.2413655, -3.2052792, 0.93773922, 3.7585956, 1.5325896, -0.34676003],
    [4.2844459, -3.2190906, 0.9548, 3.7851243, 1.5466605, -0.34993906],
    [4.3175263, -3.2296961, 0.96790056, 3.805495, 1.5574652, -0.35238016],
    [4.3406067, -3.2370956, 0.9770409, 3.8197077, 1.5650037, -0.35408333],
    [4.3536871, -3.2412891, 0.98222102, 3.8277626, 1.569276, -0.35504858],
    [4.3569518, -3.2423357, 0.9835139, 3.8297729, 1.5703423, -0.35528948]
  ]
}
