{
  "iteration": 12,
  "label": "pick_descend",
  "planning_time_ms": 6.543129,
  "scene": {
    "block_x": 0.18311106,
    "block_y": 0.39689688,
    "bin_x": 0.4475922,
    "bin_y": 0.33353398
  },
  "joint_names": ["shoulder_pan_joint", "shoulder_lift_joint", "elbow_joint", "wrist_1_joint", "wrist_2_joint", "wrist_3_joint"],
  "start_joints": [0.83918994, 0.20683861, -1.3103797, 5.8164389, -1.5713368, -0.73136226],
  "goal_joints": [0.83906606, 0.39233092, -1.4243688, 5.7449356, -1.5713369, -0.73148614],
  "num_waypoints": 10,
  "trajectory": [
    [0.83918994, 0.20683861, -1.3103797, 5.8164389, -1.5713368, -0.73136226],
    [0.83918669, 0.21183861, -1.3140045, 5.8150637, -1.5713368, -0.73136551],
    [0.83917693, 0.22683873, -1.3247966, 5.8108557, -1.5713369, -0.73137527],
    [0.83916057, 0.25183961, -1.3421507, 5.8032089, -1.5713369, -0.73139163],
    [0.83913744, 0.28684133, -1.3650781, 5.7911345, -1.5713369, -0.73141476],
    [0.83911054, 0.32703686, -1.3894161, 5.7752769, -1.5713369, -0.73144166],
    [0.83908945, 0.35817356, -1.4067849, 5.7615091, -1.5713369, -0.73146275],
    [0.83907501, 0.37931059, -1.4178264, 5.7514135, -1.5713369, -0.73147719],
    [0.83906735, 0.39044771, -1.4234249, 5.7458749, -1.5713369, -0.73148485],
    [0.83906606, 0.39233092, -1.4243688, 5.7449356, -1.5713369, -0.73148614]
  ]
}
