{
  "iteration": 954,
  "label": "pre_pick",
  "planning_time_ms": 63.104184,
  "scene": {
    "block_x": 0.35985299,
    "block_y": 0.38451286,
    "bin_x": 0.2418873,
    "bin_y": 0.29199183
  },
  "joint_names": ["shoulder_pan_joint", "shoulder_lift_joint", "elbow_joint", "wrist_1_joint", "wrist_2_joint", "wrist_3_joint"],
  "start_joints": [-0.45132952, -1.7007448, -0.92058232, 0.86865279, 5.0758492e-05, -0.00043809763],
  "goal_joints": [-5.7121855, -0.17587953, -0.29944762, 5.1869632, -1.5702691, -1.0005973],
  "num_waypoints": 92,
  "trajectory": [
    [-0.45132952, -1.7007448, -0.92058232, 0.86865279, 5.0758492e-05, -0.00043809763],
    [-0.45632952, -1.6992955, -0.91999198, 0.87275698, -0.0014416982, -0.0013886646],
    [-0.47132952, -1.6949478, -0.91822098, 0.88506955, -0.0059190681, -0.0042403654],
    [-0.49632952, -1.6877015, -0.91526929, 0.9055905, -0.013381351, -0.0089932002],
    [-0.53132952, -1.6775567, -0.91113694, 0.93431983, -0.023828548, -0.015647169],
    [-0.57632952, -1.6645134, -0.90582392, 0.97125754, -0.037260658, -0.024202271],
    [-0.63132952, -1.6485716, -0.89933022, 1.0164036, -0.053677681, -0.034658508],
    [-0.6937603, -1.6304759, -0.89195919, 1.0676492, -0.072312726, -0.046527434],
    [-0.75659215, -1.6122641, -0.88454081, 1.119224, -0.091067489, -0.058472611],
    [-0.81942401, -1.5940522, -0.87712242, 1.1707987, -0.10982225, -0.070417787],
    [-0.88225586, -1.5758403, -0.86970404, 1.2223735, -0.12857702, -0.082362964],
    [-0.94508771, -1.5576284, -0.86228566, 1.2739483, -0.14733178, -0.09430814],
    [-1.0079196, -1.5394165, -0.85486728, 1.325523, -0.16608654, -0.10625332],
    [-1.0707514, -1.5212046, -0.84744889, 1.3770978, -0.18484131, -0.11819849],
    [-1.1335833, -1.5029927, -0.84003051, 1.4286726, -0.20359607, -0.13014367],
    [-1.1964151, -1.4847809, -0.83261213, 1.4802474, -0.22235083, -0.14208885],
    [-1.259247, -1.466569, -0.82519374, 1.5318221, -0.2411056, -0.15403402],
    [-1.3220788, -1.4483571, -0.81777536, 1.5833969, -0.25986036, -0.1659792],
    [-1.3849107, -1.4301452, -0.81035698, 1.6349717, -0.27861512, -0.17792438],
    [-1.4477425, -1.4119333, -0.80293859, 1.6865464, -0.29736989, -0.18986955],
    [-1.5105744, -1.3937214, -0.79552021, 1.7381212, -0.31612465, -0.20181473],
    [-1.5734062, -1.3755095, -0.78810183, 1.789696, -0.33487941, -0.21375991],
    [-1.6362381, -1.3572976, -0.78068345, 1.8412708, -0.35363418, -0.22570508],
    [-1.6990699, -1.3390858, -0.77326506, 1.8928455, -0.37238894, -0.23765026],
    [-1.7619018, -1.3208739, -0.76584668, 1.9444203, -0.3911437, -0.24959544],
    [-1.8247337, -1.302662, -0.7584283, 1.9959951, -0.40989847, -0.26154061],
    [-1.8875655, -1.2844501, -0.75100991, 2.0475698, -0.42865323, -0.27348579],
    [-1.9503974, -1.2662382, -0.74359153, 2.0991446, -0.44740799, -0.28543097],
    [-2.0132292, -1.2480263, -0.73617315, 2.1507194, -0.46616276, -0.29737614],
    [-2.0760611, -1.2298144, -0.72875477, 2.2022942, -0.48491752, -0.30932132],
    [-2.1388929, -1.2116026, -0.72133638, 2.2538689, -0.50367228, -0.3212665],
    [-2.2017248, -1.1933907, -0.713918, 2.3054437, -0.52242705, -0.33321167],
    [-2.2645566, -1.1751788, -0.70649962, 2.3570185, -0.54118181, -0.34515685],
    [-2.3273885, -1.1569669, -0.69908123, 2.4085932, -0.55993657, -0.35710202],
    [-2.3902203, -1.138755, -0.69166285, 2.460168, -0.57869134, -0.3690472],
    [-2.4530522, -1.1205431, -0.68424447, 2.5117428, -0.5974461, -0.38099238],
    [-2.515884, -1.1023312, -0.67682609, 2.5633176, -0.61620087, -0.39293755],
    [-2.5787159, -1.0841194, -0.6694077, 2.6148923, -0.63495563, -0.40488273],
    [-2.6415477, -1.0659075, -0.66198932, 2.6664671, -0.65371039, -0.41682791],
    [-2.7043796, -1.0476956, -0.65457094, 2.7180419, -0.67246516, -0.42877308],
    [-2.7672115, -1.0294837, -0.64715255, 2.7696166, -0.69121992, -0.44071826],
    [-2.8300433, -1.0112718, -0.63973417, 2.8211914, -0.70997468, -0.45266344],
    [-2.8928752, -0.99305993, -0.63231579, 2.8727662, -0.72872945, -0.46460861],
    [-2.955707, -0.97484804, -0.62489741, 2.924341, -0.74748421, -0.47655379],
    [-3.0185389, -0.95663616, -0.61747902, 2.9759157, -0.76623897, -0.48849897],
    [-3.0813707, -0.93842427, -0.61006064, 3.0274905, -0.78499374, -0.50044414],
    [-3.1442026, -0.92021238, -0.60264226, 3.0790653, -0.8037485, -0.51238932],
    [-3.2070344, -0.9020005, -0.59522387, 3.13064, -0.82250326, -0.5243345],
    [-3.2698663, -0.88378861, -0.58780549, 3.1822148, -0.84125803, -0.53627967],
    [-3.3326981, -0.86557673, -0.58038711, 3.2337896, -0.86001279, -0.54822485],
    [-3.39553, -0.84736484, -0.57296873, 3.2853644, -0.87876755, -0.56017003],
    [-3.4583618, -0.82915295, -0.56555034, 3.3369391, -0.89752232, -0.5721152],
    [-3.5211937, -0.81094107, -0.55813196, 3.3885139, -0.91627708, -0.58406038],
    [-3.5840255, -0.79272918, -0.55071358, 3.4400887, -0.93503184, -0.59600556],
    [-3.6468574, -0.7745173, -0.54329519, 3.4916634, -0.95378661, -0.60795073],
    [-3.7096892, -0.75630541, -0.53587681, 3.5432382, -0.97254137, -0.61989591],
    [-3.7725211, -0.73809352, -0.52845843, 3.594813, -0.99129613, -0.63184109],
    [-3.835353, -0.71988164, -0.52104004, 3.6463878, -1.0100509, -0.64378626],
    [-3.8981848, -0.70166975, -0.51362166, 3.6979625, -1.0288057, -0.65573144],
    [-3.9610167, -0.68345787, -0.50620328, 3.7495373, -1.0475604, -0.66767662],
    [-4.0238485, -0.66524598, -0.4987849, 3.8011121, -1.0663152, -0.67962179],
    [-4.0866804, -0.64703409, -0.49136651, 3.8526868, -1.08507, -0.69156697],
    [-4.1495122, -0.62882221, -0.48394813, 3.9042616, -1.1038247, -0.70351215],
    [-4.2123441, -0.61061032, -0.47652975, 3.9558364, -1.1225795, -0.71545732],
    [-4.2751759, -0.59239844, -0.46911136, 4.0074112, -1.1413342, -0.7274025],
    [-4.3380078, -0.57418655, -0.46169298, 4.0589859, -1.160089, -0.73934767],
    [-4.4008396, -0.55597466, -0.4542746, 4.1105607, -1.1788438, -0.75129285],
    [-4.4636715, -0.53776278, -0.44685622, 4.1621355, -1.1975985, -0.76323803],
    [-4.5265033, -0.51955089, -0.43943783, 4.2137103, -1.2163533, -0.7751832],
    [-4.5893352, -0.501339, -0.43201945, 4.265285, -1.2351081, -0.78712838],
    [-4.652167, -0.48312712, -0.42460107, 4.3168598, -1.2538628, -0.79907356],
    [-4.7149989, -0.46491523, -0.41718268, 4.3684346, -1.2726176, -0.81101873],
    [-4.7778307, -0.44670335, -0.4097643, 4.4200093, -1.2913723, -0.82296391],
    [-4.8406626, -0.42849146, -0.40234592, 4.4715841, -1.3101271, -0.83490909],
    [-4.9034945, -0.41027957, -0.39492754, 4.5231589, -1.3288819, -0.84685426],
    [-4.9663263, -0.39206769, -0.38750915, 4.5747337, -1.3476366, -0.85879944],
    [-5.0291582, -0.3738558, -0.38009077, 4.6263084, -1.3663914, -0.87074462],
    [-5.09199, -0.35564392, -0.37267239, 4.6778832, -1.3851462, -0.88268979],
    [-5.1548219, -0.33743203, -0.365254, 4.729458, -1.4039009, -0.89463497],
    [-5.2176537, -0.31922014, -0.35783562, 4.7810327, -1.4226557, -0.90658015],
    [-5.2804856, -0.30100826, -0.35041724, 4.8326075, -1.4414105, -0.91852532],
    [-5.3433174, -0.28279637, -0.34299886, 4.8841823, -1.4601652, -0.9304705],
    [-5.4061493, -0.26458449, -0.33558047, 4.9357571, -1.47892, -0.94241568],
    [-5.4689811, -0.2463726, -0.32816209, 4.9873318, -1.4976747, -0.95436085],
    [-5.5314461, -0.22826705, -0.32078702, 5.0386055, -1.51632, -0.96623628],
    [-5.5865692, -0.21228955, -0.31427879, 5.0838526, -1.5327738, -0.97671592],
    [-5.6316923, -0.19921057, -0.30895123, 5.1208914, -1.5462426, -0.98529443],
    [-5.6668154, -0.1890301, -0.30480434, 5.1497217, -1.5567266, -0.9919718],
    [-5.6919385, -0.18174813, -0.30183813, 5.1703437, -1.5642256, -0.99674804],
    [-5.7070616, -0.17736468, -0.30005258, 5.1827574, -1.5687397, -0.99962315],
    [-5.7121848, -0.17587975, -0.29944771, 5.1869626, -1.5702689, -1.0005971],
    [-5.7121855, -0.17587953, -0.29944762, 5.1869632, -1.5702691, -1.0005973]
  ]
}
