{
  "iteration": 461,
  "label": "pre_pick",
  "planning_time_ms": 236.80701,
  "scene": {
    "block_x": 0.14809232,
    "block_y": 0.4857226,
    "bin_x": 0.36079994,
    "bin_y": 0.38646836
  },
  "joint_names": ["shoulder_pan_joint", "shoulder_lift_joint", "elbow_joint", "wrist_1_joint", "wrist_2_joint", "wrist_3_joint"],
  "start_joints": [-0.45140125, -1.7008334, -0.9205631, 0.86855609, -4.4071391e-05, -0.00029469924],
  "goal_joints": [-1.6023737, -3.1131389, 0.64770594, 4.0356039, 1.5703565, -0.032040112],
  "num_waypoints": 39,
  "trajectory": [
    [-0.45140125, -1.7008334, -0.9205631, 0.86855609, -4.4071391e-05, -0.00029469924],
    [-0.45321836, -1.7030631, -0.91808718, 0.87355609, 0.00243521, -0.00034481755],
    [-0.45866968, -1.7097522, -0.91065943, 0.88855609, 0.0098730542, -0.00049517246],
    [-0.46775521, -1.7209006, -0.89827985, 0.91355609, 0.022269461, -0.00074576398],
    [-0.48047495, -1.7365085, -0.88094843, 0.94855609, 0.039624431, -0.0010965921],
    [-0.49682891, -1.7565756, -0.85866519, 0.99355609, 0.061937963, -0.0015476569],
    [-0.51681707, -1.7811022, -0.83143011, 1.0485561, 0.089210059, -0.0020989582],
    [-0.54043945, -1.8100881, -0.7992432, 1.1135561, 0.12144071, -0.0027504961],
    [-0.56769604, -1.8435335, -0.76210446, 1.1885561, 0.15862993, -0.0035022706],
    [-0.59858684, -1.8814381, -0.72001389, 1.2735561, 0.20077771, -0.0043542816],
    [-0.63311185, -1.9238022, -0.67297149, 1.368556, 0.24788405, -0.0053065293],
    [-0.67127107, -1.9706256, -0.62097726, 1.473556, 0.29994895, -0.0063590135],
    [-0.7130645, -2.0219084, -0.56403119, 1.588556, 0.3569724, -0.0075117342],
    [-0.75815046, -2.0772313, -0.50259888, 1.7126158, 0.41848822, -0.0087552672],
    [-0.80381932, -2.1332695, -0.44037231, 1.8382795, 0.48079935, -0.010014878],
    [-0.84948817, -2.1893077, -0.37814575, 1.9639432, 0.54311049, -0.011274488],
    [-0.89515703, -2.2453458, -0.31591919, 2.0896069, 0.60542163, -0.012534098],
    [-0.94082589, -2.301384, -0.25369262, 2.2152706, 0.66773277, -0.013793709],
    [-0.98649475, -2.3574222, -0.19146606, 2.3409343, 0.7300439, -0.015053319],
    [-1.0321636, -2.4134603, -0.1292395, 2.466598, 0.79235504, -0.016312929],
    [-1.0778325, -2.4694985, -0.067012934, 2.5922617, 0.85466618, -0.01757254],
    [-1.1235013, -2.5255366, -0.0047863709, 2.7179254, 0.91697732, -0.01883215],
    [-1.1691702, -2.5815748, 0.057440192, 2.8435891, 0.97928845, -0.020091761],
    [-1.214839, -2.637613, 0.11966676, 2.9692528, 1.0415996, -0.021351371],
    [-1.2605079, -2.6936511, 0.18189332, 3.0949165, 1.1039107, -0.022610981],
    [-1.3061768, -2.7496893, 0.24411988, 3.2205802, 1.1662219, -0.023870592],
    [-1.3506901, -2.8043096, 0.30477201, 3.3430644, 1.2269564, -0.025098332],
    [-1.3916438, -2.854562, 0.3605739, 3.4557538, 1.2828342, -0.026227892],
    [-1.4289633, -2.9003551, 0.41142396, 3.5584432, 1.3337533, -0.027257215],
    [-1.4626486, -2.9416887, 0.45732219, 3.6511326, 1.3797139, -0.028186302],
    [-1.4926997, -2.978563, 0.49826858, 3.7338219, 1.420716, -0.029015153],
    [-1.5191166, -3.0109779, 0.53426314, 3.8065113, 1.4567595, -0.029743766],
    [-1.5418992, -3.0389335, 0.56530587, 3.8692007, 1.4878444, -0.030372143],
    [-1.5610476, -3.0624297, 0.59139676, 3.9218901, 1.5139707, -0.030900284],
    [-1.5765619, -3.0814665, 0.61253582, 3.9645794, 1.5351385, -0.031328187],
    [-1.5884419, -3.0960439, 0.62872306, 3.9972688, 1.5513478, -0.031655855],
    [-1.5966877, -3.1061619, 0.63995845, 4.0199582, 1.5625984, -0.031883285],
    [-1.6012993, -3.1118206, 0.64624202, 4.0326475, 1.5688905, -0.032010479],
    [-1.6023737, -3.1131389, 0.64770594, 4.0356039, 1.5703565, -0.032040112]
  ]
}
