{
  "iteration": 252,
  "label": "pre_pick",
  "planning_time_ms": 248.77709,
  "scene": {
    "block_x": 0.12098289,
    "block_y": 0.48161127,
    "bin_x": 0.15067885,
    "bin_y": 0.29543065
  },
  "joint_names": ["shoulder_pan_joint", "shoulder_lift_joint", "elbow_joint", "wrist_1_joint", "wrist_2_joint", "wrist_3_joint"],
  "start_joints": [-0.45121419, -1.7008489, -0.9200772, 0.86796889, -1.2765416e-05, -3.2022624e-05],
  "goal_joints": [-1.5492938, -2.4433087, -0.77555276, 4.790527, -4.7120093, 0.02155875],
  "num_waypoints": 52,
  "trajectory": [
    [-0.45121419, -1.7008489, -0.9200772, 0.86796889, -1.2765416e-05, -3.2022624e-05],
    [-0.45237938, -1.7016367, -0.91992384, 0.8721312, -0.0050127654, -9.112195e-06],
    [-0.45587497, -1.7040003, -0.91946377, 0.88461813, -0.020012765, 5.9619091e-05],
    [-0.46170095, -1.7079395, -0.91869698, 0.90542968, -0.045012765, 0.00017417124],
    [-0.46985732, -1.7134543, -0.91762348, 0.93456585, -0.080012765, 0.00033454424],
    [-0.48034408, -1.7205449, -0.91624325, 0.97202664, -0.12501277, 0.0005407381],
    [-0.49316123, -1.7292111, -0.91455632, 1.017812, -0.18001277, 0.00079275281],
    [-0.50830877, -1.7394531, -0.91256266, 1.0719221, -0.24501277, 0.0010905884],
    [-0.52578671, -1.7512706, -0.91026229, 1.1343567, -0.32001276, 0.0014342448],
    [-0.54559503, -1.7646639, -0.90765521, 1.205116, -0.40501274, 0.001823722],
    [-0.56773374, -1.7796329, -0.90474141, 1.2841999, -0.50001272, 0.0022590201],
    [-0.59220285, -1.7961775, -0.90152089, 1.3716083, -0.6050127, 0.002740139],
    [-0.61900234, -1.8142978, -0.89799366, 1.4673415, -0.72001267, 0.0032670787],
    [-0.6479131, -1.8338457, -0.89418855, 1.5706164, -0.84407238, 0.0038355309],
    [-0.67719767, -1.8536462, -0.89033424, 1.6752267, -0.96973608, 0.0044113328],
    [-0.70648223, -1.8734468, -0.88647994, 1.779837, -1.0953998, 0.0049871347],
    [-0.73576679, -1.8932474, -0.88262563, 1.8844472, -1.2210635, 0.0055629365],
    [-0.76505135, -1.913048, -0.87877132, 1.9890575, -1.3467272, 0.0061387384],
    [-0.79433591, -1.9328485, -0.87491702, 2.0936677, -1.4723909, 0.0067145403],
    [-0.82362047, -1.9526491, -0.87106271, 2.198278, -1.5980546, 0.0072903422],
    [-0.85290503, -1.9724497, -0.86720841, 2.3028883, -1.7237183, 0.007866144],
    [-0.88218959, -1.9922503, -0.8633541, 2.4074985, -1.849382, 0.0084419459],
    [-0.91147415, -2.0120509, -0.85949979, 2.5121088, -1.9750457, 0.0090177478],
    [-0.94075871, -2.0318514, -0.85564549, 2.616719, -2.1007094, 0.0095935497],
    [-0.97004327, -2.051652, -0.85179118, 2.7213293, -2.2263731, 0.010169352],
    [-0.99932784, -2.0714526, -0.84793687, 2.8259396, -2.3520369, 0.010745153],
    [-1.0286124, -2.0912532, -0.84408257, 2.9305498, -2.4777006, 0.011320955],
    [-1.057897, -2.1110537, -0.84022826, 3.0351601, -2.6033643, 0.011896757],
    [-1.0871815, -2.1308543, -0.83637396, 3.1397704, -2.729028, 0.012472559],
    [-1.1164661, -2.1506549, -0.83251965, 3.2443806, -2.8546917, 0.013048361],
    [-1.1457506, -2.1704555, -0.82866534, 3.3489909, -2.9803554, 0.013624163],
    [-1.1750352, -2.190256, -0.82481104, 3.4536011, -3.1060191, 0.014199965],
    [-1.2043198, -2.2100566, -0.82095673, 3.5582114, -3.2316828, 0.014775767],
    [-1.2336043, -2.2298572, -0.81710242, 3.6628217, -3.3573465, 0.015351568],
    [-1.2628889, -2.2496578, -0.81324812, 3.7674319, -3.4830102, 0.01592737],
    [-1.2921734, -2.2694583, -0.80939381, 3.8720422, -3.6086739, 0.016503172],
    [-1.321458, -2.2892589, -0.80553951, 3.9766524, -3.7343376, 0.017078974],
    [-1.3507426, -2.3090595, -0.8016852, 4.0812627, -3.8600013, 0.017654776],
    [-1.3797322, -2.3286606, -0.79786971, 4.1848193, -3.9843994, 0.018224779],
    [-1.4066791, -2.3468806, -0.79432308, 4.281079, -4.1000319, 0.018754617],
    [-1.4312956, -2.3635249, -0.79108316, 4.369014, -4.2056644, 0.019238634],
    [-1.4535817, -2.3785935, -0.78814996, 4.4486245, -4.3012969, 0.01967683],
    [-1.4735374, -2.3920865, -0.78552348, 4.5199103, -4.3869294, 0.020069205],
    [-1.4911627, -2.4040037, -0.78320371, 4.5828714, -4.4625618, 0.02041576],
    [-1.5064577, -2.4143453, -0.78119065, 4.637508, -4.5281943, 0.020716494],
    [-1.5194222, -2.4231112, -0.77948432, 4.6838199, -4.5838268, 0.020971407],
    [-1.5300564, -2.4303014, -0.7780847, 4.7218072, -4.6294593, 0.021180499],
    [-1.5383602, -2.435916, -0.77699179, 4.7514699, -4.6650918, 0.02134377],
    [-1.5443335, -2.4399548, -0.7762056, 4.772808, -4.6907243, 0.02146122],
    [-1.5479765, -2.442418, -0.77572613, 4.7858215, -4.7063568, 0.021532849],
    [-1.5492891, -2.4433055, -0.77555337, 4.7905103, -4.7119893, 0.021558658],
    [-1.5492938, -2.4433087, -0.77555276, 4.790527, -4.7120093, 0.02155875]
  ]
}
