{
  "iteration": 334,
  "label": "pre_pick",
  "planning_time_ms": 51.042585,
  "scene": {
    "block_x": 0.13088823,
    "block_y": 0.4876774,
    "bin_x": 0.44392453,
    "bin_y": 0.257125
  },
  "joint_names": ["shoulder_pan_joint", "shoulder_lift_joint", "elbow_joint", "wrist_1_joint", "wrist_2_joint", "wrist_3_joint"],
  "start_joints": [-0.45136248, -1.7008636, -0.91997382, 0.86786326, -7.7853901e-05, -9.4963715e-05],
  "goal_joints": [1.0542692, -0.0078402139, -0.69826796, 5.4182312, -1.5695178, -0.51714846],
  "num_waypoints": 50,
  "trajectory": [
    [-0.45136248, -1.7008636, -0.91997382, 0.86786326, -7.7853901e-05, -9.4963715e-05],
    [-0.44970807, -1.6990033, -0.91973021, 0.87286326, -0.0018023737, -0.00066310843],
    [-0.44474485, -1.6934224, -0.91899937, 0.88786326, -0.0069759333, -0.0023675426],
    [-0.43647282, -1.6841208, -0.91778131, 0.91286326, -0.015598533, -0.0052082661],
    [-0.42489197, -1.6710986, -0.91607601, 0.94786326, -0.027670171, -0.0091852791],
    [-0.41000232, -1.6543558, -0.9138835, 0.99286326, -0.04319085, -0.014298582],
    [-0.39180384, -1.6338923, -0.91120375, 1.0478633, -0.062160568, -0.020548173],
    [-0.37029656, -1.6097082, -0.90803678, 1.1128633, -0.084579326, -0.027934055],
    [-0.34548046, -1.5818035, -0.90438259, 1.1878632, -0.11044712, -0.036456224],
    [-0.31735556, -1.5501782, -0.90024116, 1.2728632, -0.13976395, -0.046114683],
    [-0.28592184, -1.5148322, -0.89561251, 1.3678632, -0.17252982, -0.05690943],
    [-0.25117931, -1.4757656, -0.89049664, 1.4728632, -0.20874474, -0.068840467],
    [-0.21312796, -1.4329783, -0.88489354, 1.5878632, -0.24840869, -0.081907794],
    [-0.1720789, -1.3868203, -0.87884902, 1.711923, -0.29119739, -0.096004575],
    [-0.13049913, -1.3400655, -0.87272636, 1.8375867, -0.3345393, -0.11028361],
    [-0.088919363, -1.2933107, -0.86660369, 1.9632504, -0.37788122, -0.12456264],
    [-0.047339592, -1.2465558, -0.86048102, 2.0889141, -0.42122313, -0.13884168],
    [-0.0057598211, -1.199801, -0.85435836, 2.2145778, -0.46456504, -0.15312071],
    [0.03581995, -1.1530462, -0.84823569, 2.3402415, -0.50790695, -0.16739974],
    [0.077399721, -1.1062914, -0.84211303, 2.4659052, -0.55124886, -0.18167878],
    [0.11897949, -1.0595366, -0.83599036, 2.5915689, -0.59459077, -0.19595781],
    [0.16055926, -1.0127818, -0.8298677, 2.7172326, -0.63793268, -0.21023685],
    [0.20213903, -0.96602697, -0.82374503, 2.8428963, -0.68127459, -0.22451588],
    [0.2437188, -0.91927216, -0.81762237, 2.96856, -0.7246165, -0.23879492],
    [0.28529858, -0.87251735, -0.8114997, 3.0942237, -0.76795842, -0.25307395],
    [0.32687835, -0.82576253, -0.80537703, 3.2198874, -0.81130033, -0.26735298],
    [0.36845812, -0.77900772, -0.79925437, 3.3455511, -0.85464224, -0.28163202],
    [0.41003789, -0.73225291, -0.7931317, 3.4712148, -0.89798415, -0.29591105],
    [0.45161766, -0.6854981, -0.78700904, 3.5968785, -0.94132606, -0.31019009],
    [0.49319743, -0.63874329, -0.78088637, 3.7225423, -0.98466797, -0.32446912],
    [0.5347772, -0.59198847, -0.77476371, 3.848206, -1.0280099, -0.33874815],
    [0.57635697, -0.54523366, -0.76864104, 3.9738697, -1.0713518, -0.35302719],
    [0.61793674, -0.49847885, -0.76251838, 4.0995334, -1.1146937, -0.36730622],
    [0.65951651, -0.45172404, -0.75639571, 4.2251971, -1.1580356, -0.38158526],
    [0.70109629, -0.40496922, -0.75027304, 4.3508608, -1.2013775, -0.39586429],
    [0.74267606, -0.35821441, -0.74415038, 4.4765245, -1.2447194, -0.41014332],
    [0.78425583, -0.3114596, -0.73802771, 4.6021882, -1.2880613, -0.42442236],
    [0.82480486, -0.26586382, -0.73205683, 4.7247368, -1.3303288, -0.43834742],
    [0.8621185, -0.22390609, -0.72656235, 4.8375073, -1.3692238, -0.45116141],
    [0.89612334, -0.185669, -0.7215551, 4.9402777, -1.4046698, -0.46283912],
    [0.92681936, -0.15115253, -0.71703508, 5.0330482, -1.4366667, -0.47338053],
    [0.95420657, -0.1203567, -0.71300229, 5.1158187, -1.4652146, -0.48278565],
    [0.97828496, -0.09328149, -0.70945672, 5.1885892, -1.4903134, -0.49105449],
    [0.99905454, -0.069926914, -0.70639837, 5.2513597, -1.5119632, -0.49818703],
    [1.0165153, -0.050292968, -0.70382726, 5.3041302, -1.5301639, -0.50418329],
    [1.0306673, -0.034379652, -0.70174337, 5.3469007, -1.5449156, -0.50904325],
    [1.0415104, -0.022186966, -0.7001467, 5.3796712, -1.5562183, -0.51276693],
    [1.0490447, -0.013714909, -0.69903726, 5.4024417, -1.5640719, -0.51535431],
    [1.0532703, -0.0089634819, -0.69841505, 5.4152122, -1.5684765, -0.51680541],
    [1.0542692, -0.0078402139, -0.69826796, 5.4182312, -1.5695178, -0.51714846]
  ]
}
