{
  "iteration": 858,
  "label": "pre_pick",
  "planning_time_ms": 5012.7238,
  "scene": {
    "block_x": 0.29366308,
    "block_y": 0.43090337,
    "bin_x": 0.44446435,
    "bin_y": 0.38087181
  },
  "joint_names": ["shoulder_pan_joint", "shoulder_lift_joint", "elbow_joint", "wrist_1_joint", "wrist_2_joint", "wrist_3_joint"],
  "start_joints": [-0.45131086, -1.7008777, -0.92009132, 0.8679429, 5.1204887e-05, -0.00012220872],
  "goal_joints": [4.3686116, -3.0108931, 0.40414495, -2.1065704, 1.5709739, -0.34376645],
  "num_waypoints": 84,
  "trajectory": [
    [-0.45131086, -1.7008777, -0.92009132, 0.8679429, 5.1204887e-05, -0.00012220872],
    [-0.44631086, -1.7022367, -0.91871761, 0.86485726, 0.0016808189, -0.00047869188],
    [-0.43131086, -1.7063135, -0.91459648, 0.85560032, 0.006569661, -0.0015481414],
    [-0.40631086, -1.7131083, -0.90772792, 0.8401721, 0.014717731, -0.0033305572],
    [-0.37131086, -1.722621, -0.89811194, 0.81857259, 0.026125029, -0.0058259394],
    [-0.32631086, -1.7348517, -0.88574854, 0.79080179, 0.040791555, -0.0090342879],
    [-0.27131086, -1.7498002, -0.87063772, 0.75685971, 0.05871731, -0.012955603],
    [-0.20888009, -1.7667684, -0.85348535, 0.71833187, 0.079064923, -0.017406707],
    [-0.14604823, -1.7838456, -0.83622278, 0.67955652, 0.099543257, -0.021886406],
    [-0.083216381, -1.8009228, -0.81896022, 0.64078117, 0.12002159, -0.026366106],
    [-0.020384528, -1.8179999, -0.80169766, 0.60200582, 0.14049992, -0.030845805],
    [0.042447325, -1.8350771, -0.78443509, 0.56323047, 0.16097826, -0.035325505],
    [0.10527918, -1.8521543, -0.76717253, 0.52445512, 0.18145659, -0.039805205],
    [0.16811103, -1.8692315, -0.74990997, 0.48567977, 0.20193493, -0.044284904],
    [0.23094288, -1.8863087, -0.7326474, 0.44690442, 0.22241326, -0.048764604],
    [0.29377474, -1.9033859, -0.71538484, 0.40812907, 0.24289159, -0.053244303],
    [0.35660659, -1.920463, -0.69812227, 0.36935372, 0.26336993, -0.057724003],
    [0.41943844, -1.9375402, -0.68085971, 0.33057837, 0.28384826, -0.062203702],
    [0.4822703, -1.9546174, -0.66359715, 0.29180302, 0.30432659, -0.066683402],
    [0.54510215, -1.9716946, -0.64633458, 0.25302767, 0.32480493, -0.071163102],
    [0.607934, -1.9887718, -0.62907202, 0.21425232, 0.34528326, -0.075642801],
    [0.67076586, -2.0058489, -0.61180946, 0.17547696, 0.3657616, -0.080122501],
    [0.73359771, -2.0229261, -0.59454689, 0.13670161, 0.38623993, -0.0846022],
    [0.79642956, -2.0400033, -0.57728433, 0.097926264, 0.40671826, -0.0890819],
    [0.85926141, -2.0570805, -0.56002177, 0.059150913, 0.4271966, -0.0935616],
    [0.92209327, -2.0741577, -0.5427592, 0.020375563, 0.44767493, -0.098041299],
    [0.98492512, -2.0912348, -0.52549664, -0.018399788, 0.46815326, -0.102521],
    [1.047757, -2.108312, -0.50823407, -0.057175138, 0.4886316, -0.1070007],
    [1.1105888, -2.1253892, -0.49097151, -0.095950489, 0.50910993, -0.1114804],
    [1.1734207, -2.1424664, -0.47370895, -0.13472584, 0.52958827, -0.1159601],
    [1.2362525, -2.1595436, -0.45644638, -0.17350119, 0.5500666, -0.1204398],
    [1.2990844, -2.1766208, -0.43918382, -0.21227654, 0.57054493, -0.1249195],
    [1.3619162, -2.1936979, -0.42192126, -0.25105189, 0.59102327, -0.1293992],
    [1.4247481, -2.2107751, -0.40465869, -0.28982724, 0.6115016, -0.1338789],
    [1.4875799, -2.2278523, -0.38739613, -0.32860259, 0.63197993, -0.1383586],
    [1.5504118, -2.2449295, -0.37013357, -0.36737794, 0.65245827, -0.14283829],
    [1.6132437, -2.2620067, -0.352871, -0.40615329, 0.6729366, -0.14731799],
    [1.6760755, -2.2790838, -0.33560844, -0.44492864, 0.69341494, -0.15179769],
    [1.7389074, -2.296161, -0.31834587, -0.48370399, 0.71389327, -0.15627739],
    [1.8017392, -2.3132382, -0.30108331, -0.52247934, 0.7343716, -0.16075709],
    [1.8645711, -2.3303154, -0.28382075, -0.56125469, 0.75484994, -0.16523679],
    [1.9274029, -2.3473926, -0.26655818, -0.60003004, 0.77532827, -0.16971649],
    [1.9902348, -2.3644698, -0.24929562, -0.6388054, 0.79580661, -0.17419619],
    [2.0530666, -2.3815469, -0.23203306, -0.67758075, 0.81628494, -0.17867589],
    [2.1158985, -2.3986241, -0.21477049, -0.7163561, 0.83676327, -0.18315559],
    [2.1787303, -2.4157013, -0.19750793, -0.75513145, 0.85724161, -0.18763529],
    [2.2415622, -2.4327785, -0.18024537, -0.7939068, 0.87771994, -0.19211499],
    [2.304394, -2.4498557, -0.1629828, -0.83268215, 0.89819827, -0.19659469],
    [2.3672259, -2.4669328, -0.14572024, -0.8714575, 0.91867661, -0.20107439],
    [2.4300577, -2.48401, -0.12845767, -0.91023285, 0.93915494, -0.20555409],
    [2.4928896, -2.5010872, -0.11119511, -0.9490082, 0.95963328, -0.21003379],
    [2.5557214, -2.5181644, -0.093932547, -0.98778355, 0.98011161, -0.21451349],
    [2.6185533, -2.5352416, -0.076669983, -1.0265589, 1.0005899, -0.21899319],
    [2.6813852, -2.5523188, -0.05940742, -1.0653343, 1.0210683, -0.22347289],
    [2.744217, -2.5693959, -0.042144856, -1.1041096, 1.0415466, -0.22795259],
    [2.8070489, -2.5864731, -0.024882293, -1.142885, 1.0620249, -0.23243229],
    [2.8698807, -2.6035503, -0.0076197289, -1.1816603, 1.0825033, -0.23691199],
    [2.9327126, -2.6206275, 0.0096428347, -1.2204357, 1.1029816, -0.24139169],
    [2.9955444, -2.6377047, 0.026905398, -1.259211, 1.1234599, -0.24587139],
    [3.0583763, -2.6547818, 0.044167962, -1.2979864, 1.1439383, -0.25035108],
    [3.1212081, -2.671859, 0.061430526, -1.3367617, 1.1644166, -0.25483078],
    [3.18404, -2.6889362, 0.078693089, -1.3755371, 1.1848949, -0.25931048],
    [3.2468718, -2.7060134, 0.095955653, -1.4143124, 1.2053733, -0.26379018],
    [3.3097037, -2.7230906, 0.11321822, -1.4530878, 1.2258516, -0.26826988],
    [3.3725355, -2.7401678, 0.13048078, -1.4918631, 1.2463299, -0.27274958],
    [3.4353674, -2.7572449, 0.14774334, -1.5306385, 1.2668083, -0.27722928],
    [3.4981992, -2.7743221, 0.16500591, -1.5694138, 1.2872866, -0.28170898],
    [3.5610311, -2.7913993, 0.18226847, -1.6081892, 1.3077649, -0.28618868],
    [3.6238629, -2.8084765, 0.19953103, -1.6469645, 1.3282433, -0.29066838],
    [3.6866948, -2.8255537, 0.2167936, -1.6857399, 1.3487216, -0.29514808],
    [3.7495267, -2.8426308, 0.23405616, -1.7245152, 1.3692, -0.29962778],
    [3.8123585, -2.859708, 0.25131873, -1.7632906, 1.3896783, -0.30410748],
    [3.8751904, -2.8767852, 0.26858129, -1.8020659, 1.4101566, -0.30858718],
    [3.9380222, -2.8938624, 0.28584385, -1.8408413, 1.430635, -0.31306688],
    [4.0008541, -2.9109396, 0.30310642, -1.8796166, 1.4511133, -0.31754658],
    [4.0636859, -2.9280168, 0.32036898, -1.918392, 1.4715916, -0.32202628],
    [4.1265178, -2.9450939, 0.33763154, -1.9571673, 1.49207, -0.32650598],
    [4.1889333, -2.962058, 0.35477973, -1.9956858, 1.5124126, -0.330956],
    [4.2438797, -2.9769919, 0.36987582, -2.0295947, 1.5303209, -0.33487349],
    [4.288826, -2.989208, 0.38222448, -2.0573324, 1.5449699, -0.33807801],
    [4.3237724, -2.9987061, 0.39182572, -2.0788988, 1.5563597, -0.34056957],
    [4.3487188, -3.0054863, 0.39867954, -2.094294, 1.5644903, -0.34234816],
    [4.3636651, -3.0095486, 0.40278594, -2.1035178, 1.5693617, -0.34341379],
    [4.3686116, -3.0108931, 0.40414495, -2.1065704, 1.5709739, -0.34376645]
  ]
}
