{
  "iteration": 25,
  "label": "pre_pick",
  "planning_time_ms": 41.407876,
  "scene": {
    "block_x": 0.13167654,
    "block_y": 0.426435,
    "bin_x": 0.42102774,
    "bin_y": 0.29698842
  },
  "joint_names": ["shoulder_pan_joint", "shoulder_lift_joint", "elbow_joint", "wrist_1_joint", "wrist_2_joint", "wrist_3_joint"],
  "start_joints": [-0.45121293, -1.7007784, -0.92001448, 0.86806468, -4.374164e-05, -0.00015747228],
  "goal_joints": [-5.3064179, 0.18764643, -1.244046, -0.51471531, 4.7118724, -0.59321967],
  "num_waypoints": 85,
  "trajectory": [
    [-0.45121293, -1.7007784, -0.92001448, 0.86806468, -4.374164e-05, -0.00015747228],
    [-0.45621293, -1.6988336, -0.92034817, 0.86664066, 0.0048086962, -0.00076822116],
    [-0.47121293, -1.6929994, -0.92134926, 0.86236861, 0.01936601, -0.0026004678],
    [-0.49621293, -1.6832757, -0.92301773, 0.85524852, 0.043628199, -0.0056542122],
    [-0.53121293, -1.6696625, -0.9253536, 0.84528039, 0.077595265, -0.0099294543],
    [-0.57621293, -1.6521598, -0.92835685, 0.83246423, 0.12126721, -0.015426194],
    [-0.63121293, -1.6307676, -0.93202749, 0.81680003, 0.17464402, -0.022144432],
    [-0.6936437, -1.6064853, -0.93619406, 0.79901952, 0.23523231, -0.029770337],
    [-0.75647555, -1.5820469, -0.9403874, 0.78112478, 0.29620985, -0.037445234],
    [-0.81930741, -1.5576086, -0.94458073, 0.76323004, 0.35718738, -0.04512013],
    [-0.88213926, -1.5331702, -0.94877406, 0.7453353, 0.41816491, -0.052795027],
    [-0.94497111, -1.5087318, -0.9529674, 0.72744056, 0.47914245, -0.060469924],
    [-1.007803, -1.4842935, -0.95716073, 0.70954582, 0.54011998, -0.06814482],
    [-1.0706348, -1.4598551, -0.96135407, 0.69165108, 0.60109751, -0.075819717],
    [-1.1334667, -1.4354168, -0.9655474, 0.67375634, 0.66207504, -0.083494614],
    [-1.1962985, -1.4109784, -0.96974074, 0.6558616, 0.72305258, -0.09116951],
    [-1.2591304, -1.3865401, -0.97393407, 0.63796686, 0.78403011, -0.098844407],
    [-1.3219622, -1.3621017, -0.97812741, 0.62007212, 0.84500764, -0.1065193],
    [-1.3847941, -1.3376633, -0.98232074, 0.60217738, 0.90598517, -0.1141942],
    [-1.4476259, -1.313225, -0.98651408, 0.58428264, 0.96696271, -0.1218691],
    [-1.5104578, -1.2887866, -0.99070741, 0.5663879, 1.0279402, -0.12954399],
    [-1.5732896, -1.2643483, -0.99490074, 0.54849316, 1.0889178, -0.13721889],
    [-1.6361215, -1.2399099, -0.99909408, 0.53059842, 1.1498953, -0.14489379],
    [-1.6989534, -1.2154716, -1.0032874, 0.51270368, 1.2108728, -0.15256868],
    [-1.7617852, -1.1910332, -1.0074807, 0.49480894, 1.2718504, -0.16024358],
    [-1.8246171, -1.1665949, -1.0116741, 0.4769142, 1.3328279, -0.16791848],
    [-1.8874489, -1.1421565, -1.0158674, 0.45901946, 1.3938054, -0.17559337],
    [-1.9502808, -1.1177181, -1.0200608, 0.44112472, 1.454783, -0.18326827],
    [-2.0131126, -1.0932798, -1.0242541, 0.42322998, 1.5157605, -0.19094317],
    [-2.0759445, -1.0688414, -1.0284474, 0.40533524, 1.576738, -0.19861806],
    [-2.1387763, -1.0444031, -1.0326408, 0.3874405, 1.6377156, -0.20629296],
    [-2.2016082, -1.0199647, -1.0368341, 0.36954576, 1.6986931, -0.21396786],
    [-2.26444, -0.99552636, -1.0410274, 0.35165102, 1.7596706, -0.22164275],
    [-2.3272719, -0.971088, -1.0452208, 0.33375628, 1.8206482, -0.22931765],
    [-2.3901037, -0.94664965, -1.0494141, 0.31586154, 1.8816257, -0.23699255],
    [-2.4529356, -0.92221129, -1.0536074, 0.2979668, 1.9426032, -0.24466744],
    [-2.5157674, -0.89777294, -1.0578008, 0.28007206, 2.0035808, -0.25234234],
    [-2.5785993, -0.87333458, -1.0619941, 0.26217732, 2.0645583, -0.26001724],
    [-2.6414311, -0.84889622, -1.0661874, 0.24428258, 2.1255358, -0.26769213],
    [-2.704263, -0.82445787, -1.0703808, 0.22638784, 2.1865134, -0.27536703],
    [-2.7670949, -0.80001951, -1.0745741, 0.2084931, 2.2474909, -0.28304193],
    [-2.8299267, -0.77558116, -1.0787674, 0.19059836, 2.3084684, -0.29071682],
    [-2.8927586, -0.7511428, -1.0829608, 0.17270362, 2.369446, -0.29839172],
    [-2.9555904, -0.72670444, -1.0871541, 0.15480889, 2.4304235, -0.30606662],
    [-3.0184223, -0.70226609, -1.0913474, 0.13691415, 2.491401, -0.31374151],
    [-3.0812541, -0.67782773, -1.0955408, 0.11901941, 2.5523786, -0.32141641],
    [-3.144086, -0.65338937, -1.0997341, 0.10112467, 2.6133561, -0.32909131],
    [-3.2069178, -0.62895102, -1.1039274, 0.083229926, 2.6743336, -0.33676621],
    [-3.2697497, -0.60451266, -1.1081208, 0.065335186, 2.7353112, -0.3444411],
    [-3.3325815, -0.58007431, -1.1123141, 0.047440447, 2.7962887, -0.352116],
    [-3.3954134, -0.55563595, -1.1165074, 0.029545707, 2.8572662, -0.3597909],
    [-3.4582452, -0.53119759, -1.1207008, 0.011650967, 2.9182438, -0.36746579],
    [-3.5210771, -0.50675924, -1.1248941, -0.0062437725, 2.9792213, -0.37514069],
    [-3.5839089, -0.48232088, -1.1290874, -0.024138512, 3.0401988, -0.38281559],
    [-3.6467408, -0.45788253, -1.1332808, -0.042033252, 3.1011764, -0.39049048],
    [-3.7095726, -0.43344417, -1.1374741, -0.059927992, 3.1621539, -0.39816538],
    [-3.7724045, -0.40900581, -1.1416675, -0.077822731, 3.2231314, -0.40584028],
    [-3.8352364, -0.38456746, -1.1458608, -0.095717471, 3.284109, -0.41351517],
    [-3.8980682, -0.3601291, -1.1500541, -0.11361221, 3.3450865, -0.42119007],
    [-3.9609001, -0.33569074, -1.1542475, -0.13150695, 3.406064, -0.42886497],
    [-4.0237319, -0.31125239, -1.1584408, -0.14940169, 3.4670416, -0.43653986],
    [-4.0865638, -0.28681403, -1.1626341, -0.16729643, 3.5280191, -0.44421476],
    [-4.1493956, -0.26237568, -1.1668275, -0.18519117, 3.5889966, -0.45188966],
    [-4.2122275, -0.23793732, -1.1710208, -0.20308591, 3.6499742, -0.45956455],
    [-4.2750593, -0.21349896, -1.1752141, -0.22098065, 3.7109517, -0.46723945],
    [-4.3378912, -0.18906061, -1.1794075, -0.23887539, 3.7719292, -0.47491435],
    [-4.400723, -0.16462225, -1.1836008, -0.25677013, 3.8329068, -0.48258924],
    [-4.4635549, -0.1401839, -1.1877941, -0.27466487, 3.8938843, -0.49026414],
    [-4.5263867, -0.11574554, -1.1919875, -0.29255961, 3.9548618, -0.49793904],
    [-4.5892186, -0.091307183, -1.1961808, -0.31045435, 4.0158394, -0.50561393],
    [-4.6520504, -0.066868827, -1.2003741, -0.32834909, 4.0768169, -0.51328883],
    [-4.7148823, -0.042430471, -1.2045675, -0.34624383, 4.1377944, -0.52096373],
    [-4.7777142, -0.017992114, -1.2087608, -0.36413857, 4.1987719, -0.52863862],
    [-4.840546, 0.0064462418, -1.2129541, -0.38203331, 4.2597495, -0.53631352],
    [-4.9033779, 0.030884598, -1.2171475, -0.39992805, 4.320727, -0.54398842],
    [-4.9662097, 0.055322954, -1.2213408, -0.41782279, 4.3817045, -0.55166331],
    [-5.0290416, 0.07976131, -1.2255341, -0.43571753, 4.4426821, -0.55933821],
    [-5.0918734, 0.10419967, -1.2297275, -0.45361227, 4.5036596, -0.56701311],
    [-5.1520625, 0.12761014, -1.2337444, -0.47075435, 4.5620724, -0.57436519],
    [-5.2026243, 0.14727605, -1.2371189, -0.48515452, 4.611142, -0.5805413],
    [-5.243186, 0.16305248, -1.2398259, -0.49670665, 4.6505066, -0.58549591],
    [-5.2737478, 0.17493943, -1.2418656, -0.50541074, 4.6801664, -0.58922902],
    [-5.2943095, 0.18293689, -1.2432379, -0.5112668, 4.7001213, -0.59174063],
    [-5.3048713, 0.18704486, -1.2439427, -0.51427482, 4.7103714, -0.59303074],
    [-5.3064179, 0.18764643, -1.244046, -0.51471531, 4.7118724, -0.59321967]
  ]
}
