{
  "iteration": 778,
  "label": "pre_pick",
  "planning_time_ms": 48.949785,
  "scene": {
    "block_x": 0.29965784,
    "block_y": 0.42728818,
    "bin_x": 0.13897772,
    "bin_y": 0.26733148
  },
  "joint_names": ["shoulder_pan_joint", "shoulder_lift_joint", "elbow_joint", "wrist_1_joint", "wrist_2_joint", "wrist_3_joint"],
  "start_joints": [-0.45140026, -1.7007843, -0.92020014, 0.86820667, 8.2736503e-05, -0.00023848942],
  "goal_joints": [0.71018331, -0.12285739, -0.42058335, -1.0286172, -1.5705638, -0.86064956],
  "num_waypoints": 34,
  "trajectory": [
    [-0.45140026, -1.7007843, -0.92020014, 0.86820667, 8.2736503e-05, -0.00023848942],
    [-0.44833835, -1.6966249, -0.91888316, 0.86320667, -0.004057465, -0.0025065205],
    [-0.43915259, -1.6841468, -0.91493221, 0.84820667, -0.01647807, -0.0093106136],
    [-0.42384301, -1.6633498, -0.9083473, 0.82320667, -0.037179077, -0.020650769],
    [-0.40240959, -1.6342341, -0.89912842, 0.78820667, -0.066160488, -0.036526986],
    [-0.37485233, -1.5967995, -0.88727557, 0.74320667, -0.1034223, -0.056939266],
    [-0.34117124, -1.5510462, -0.87278877, 0.68820668, -0.14896451, -0.081887603],
    [-0.30136633, -1.4969741, -0.855668, 0.62320669, -0.20278712, -0.111372],
    [-0.25604937, -1.4354143, -0.83617641, 0.54920575, -0.26406288, -0.14493929],
    [-0.209796, -1.3725825, -0.81628205, 0.47367567, -0.32660483, -0.1792002],
    [-0.16354262, -1.3097506, -0.79638769, 0.39814558, -0.38914679, -0.21346112],
    [-0.11728924, -1.2469188, -0.77649333, 0.3226155, -0.45168874, -0.24772203],
    [-0.071035869, -1.1840869, -0.75659896, 0.24708541, -0.5142307, -0.28198295],
    [-0.024782492, -1.1212551, -0.7367046, 0.17155533, -0.57677265, -0.31624386],
    [0.021470884, -1.0584232, -0.71681024, 0.096025241, -0.63931461, -0.35050478],
    [0.06772426, -0.99559136, -0.69691588, 0.020495155, -0.70185656, -0.3847657],
    [0.11397764, -0.93275951, -0.67702152, -0.05503493, -0.76439852, -0.41902661],
    [0.16023101, -0.86992766, -0.65712716, -0.13056502, -0.82694047, -0.45328753],
    [0.20648439, -0.8070958, -0.6372328, -0.2060951, -0.88948242, -0.48754844],
    [0.25273776, -0.74426395, -0.61733843, -0.28162519, -0.95202438, -0.52180936],
    [0.29899114, -0.6814321, -0.59744407, -0.35715527, -1.0145663, -0.55607028],
    [0.34524452, -0.61860024, -0.57754971, -0.43268536, -1.0771083, -0.59033119],
    [0.39149789, -0.55576839, -0.55765535, -0.50821544, -1.1396502, -0.62459211],
    [0.43775127, -0.49293654, -0.53776099, -0.58374553, -1.2021922, -0.65885302],
    [0.48400465, -0.43010469, -0.51786663, -0.65927561, -1.2647342, -0.69311394],
    [0.53025802, -0.36727283, -0.49797227, -0.7348057, -1.3272761, -0.72737485],
    [0.57410503, -0.30770986, -0.47911293, -0.80640627, -1.3865643, -0.75985332],
    [0.61186764, -0.2564121, -0.46287059, -0.86807124, -1.4376253, -0.78782493],
    [0.64350641, -0.21343312, -0.44926222, -0.91973621, -1.480406, -0.81126048],
    [0.66902135, -0.17877293, -0.43828781, -0.96140117, -1.5149063, -0.83015997],
    [0.68841245, -0.15243152, -0.42994737, -0.99306614, -1.5411262, -0.8445234],
    [0.70167972, -0.1344089, -0.42424089, -1.0147311, -1.5590656, -0.85435076],
    [0.70882315, -0.12470507, -0.42116838, -1.0263961, -1.5687247, -0.85964206],
    [0.71018331, -0.12285739, -0.42058335, -1.0286172, -1.5705638, -0.86064956]
  ]
}
