{
  "iteration": 628,
  "label": "pre_pick",
  "planning_time_ms": 5020.0347,
  "scene": {
    "block_x": 0.13766752,
    "block_y": 0.47827393,
    "bin_x": 0.26474648,
    "bin_y": 0.33942377
  },
  "joint_names": ["shoulder_pan_joint", "shoulder_lift_joint", "elbow_joint", "wrist_1_joint", "wrist_2_joint", "wrist_3_joint"],
  "start_joints": [-0.45124143, -1.7007383, -0.92036783, 0.86859214, 5.6160106e-05, -0.00026631842],
  "goal_joints": [-5.2519817, -0.69988412, 0.77792993, 4.6343492, 4.7115393, -0.53997778],
  "num_waypoints": 88,
  "trajectory": [
    [-0.45124143, -1.7007383, -0.92036783, 0.86859214, 5.6160106e-05, -0.00026631842],
    [-0.45473928, -1.7019319, -0.91903943, 0.87359214, 0.00082027739, -0.00047553365],
    [-0.46523282, -1.7055125, -0.91505423, 0.88859214, 0.0031126293, -0.0011031794],
    [-0.48272207, -1.7114803, -0.90841224, 0.91359214, 0.0069332157, -0.0021492556],
    [-0.50720701, -1.7198352, -0.89911346, 0.94859214, 0.012282037, -0.0036137622],
    [-0.53868765, -1.7305773, -0.88715788, 0.99359214, 0.019159092, -0.0054966994],
    [-0.57716399, -1.7437064, -0.8725455, 1.0485921, 0.027564382, -0.007798067],
    [-0.62263603, -1.7592226, -0.85527633, 1.1135921, 0.037497907, -0.010517865],
    [-0.67510375, -1.777126, -0.83535036, 1.1885921, 0.048959664, -0.013656093],
    [-0.73456594, -1.7974161, -0.81276807, 1.2735903, 0.061949386, -0.017212678],
    [-0.79739779, -1.8188559, -0.78890606, 1.3634053, 0.075675223, -0.020970811],
    [-0.86022964, -1.8402958, -0.76504405, 1.4532203, 0.08940106, -0.024728943],
    [-0.9230615, -1.8617357, -0.74118204, 1.5430353, 0.1031269, -0.028487076],
    [-0.98589335, -1.8831756, -0.71732003, 1.6328503, 0.11685273, -0.032245209],
    [-1.0487252, -1.9046155, -0.69345802, 1.7226653, 0.13057857, -0.036003342],
    [-1.1115571, -1.9260553, -0.66959601, 1.8124803, 0.14430441, -0.039761475],
    [-1.1743889, -1.9474952, -0.645734, 1.9022953, 0.15803025, -0.043519608],
    [-1.2370344, -1.9688715, -0.62194275, 1.9918439, 0.17171538, -0.047266597],
    [-1.2947539, -1.9885669, -0.60002231, 2.074351, 0.1843244, -0.050718944],
    [-1.3454776, -2.0058752, -0.58075866, 2.1468581, 0.19540518, -0.05375286],
    [-1.3902476, -2.0201768, -0.56380226, 2.2097104, 0.20653862, -0.056523983],
    [-1.4358624, -2.0286396, -0.54681503, 2.2665805, 0.22636076, -0.059932045],
    [-1.4836435, -2.030979, -0.5293299, 2.3184945, 0.25618089, -0.064126466],
    [-1.5329226, -2.0268617, -0.51160565, 2.3643737, 0.29599915, -0.069077349],
    [-1.5866417, -2.0179722, -0.49249281, 2.409222, 0.34551351, -0.074895514],
    [-1.648602, -2.0076674, -0.47045022, 2.4608901, 0.40269575, -0.081611213],
    [-1.7114339, -1.9972176, -0.44809758, 2.513285, 0.46068229, -0.088421372],
    [-1.7742657, -1.9867678, -0.42574495, 2.5656798, 0.51866883, -0.095231531],
    [-1.8370976, -1.976318, -0.40339232, 2.6180747, 0.57665538, -0.10204169],
    [-1.8999294, -1.9658683, -0.38103968, 2.6704696, 0.63464192, -0.10885185],
    [-1.9627613, -1.9554185, -0.35868705, 2.7228644, 0.69262846, -0.11566201],
    [-2.0255931, -1.9449687, -0.33633441, 2.7752593, 0.75061501, -0.12247217],
    [-2.088425, -1.9345189, -0.31398178, 2.8276541, 0.80860155, -0.12928233],
    [-2.1512569, -1.9240691, -0.29162914, 2.880049, 0.86658809, -0.13609249],
    [-2.2140887, -1.9136193, -0.26927651, 2.9324438, 0.92457464, -0.14290264],
    [-2.2769206, -1.9031696, -0.24692387, 2.9848387, 0.98256118, -0.1497128],
    [-2.3397524, -1.8927198, -0.22457124, 3.0372336, 1.0405477, -0.15652296],
    [-2.4025843, -1.88227, -0.2022186, 3.0896284, 1.0985343, -0.16333312],
    [-2.4654161, -1.8718202, -0.17986597, 3.1420233, 1.1565208, -0.17014328],
    [-2.528248, -1.8613704, -0.15751333, 3.1944181, 1.2145074, -0.17695344],
    [-2.5910798, -1.8509207, -0.1351607, 3.246813, 1.2724939, -0.1837636],
    [-2.6539117, -1.8404709, -0.11280807, 3.2992078, 1.3304804, -0.19057376],
    [-2.7167435, -1.8300211, -0.09045543, 3.3516027, 1.388467, -0.19738392],
    [-2.7795754, -1.8195713, -0.068102796, 3.4039975, 1.4464535, -0.20419408],
    [-2.8424072, -1.8079976, -0.045803355, 3.4550736, 1.506, -0.2111118],
    [-2.9052391, -1.7904154, -0.023788305, 3.499099, 1.5738859, -0.21860458],
    [-2.9670522, -1.7660337, -0.002465538, 3.5340975, 1.650504, -0.2266539],
    [-3.0294878, -1.7369204, 0.018859649, 3.5641844, 1.7341199, -0.23521362],
    [-3.0923196, -1.7076025, 0.040319232, 3.5944389, 1.8182942, -0.24382957],
    [-3.1551515, -1.6782846, 0.061778815, 3.6246934, 1.9024684, -0.25244552],
    [-3.2179833, -1.6489666, 0.083238398, 3.6549479, 1.9866427, -0.26106147],
    [-3.2808152, -1.6196487, 0.10469798, 3.6852024, 2.070817, -0.26967742],
    [-3.343647, -1.5903308, 0.12615757, 3.7154569, 2.1549912, -0.27829337],
    [-3.4064789, -1.5610129, 0.14761715, 3.7457114, 2.2391655, -0.28690932],
    [-3.4693108, -1.5316949, 0.16907673, 3.7759659, 2.3233397, -0.29552527],
    [-3.5321426, -1.502377, 0.19053631, 3.8062204, 2.407514, -0.30414122],
    [-3.5949745, -1.4730591, 0.2119959, 3.8364749, 2.4916883, -0.31275717],
    [-3.6578063, -1.4437412, 0.23345548, 3.8667294, 2.5758625, -0.32137312],
    [-3.7206382, -1.4144232, 0.25491506, 3.8969839, 2.6600368, -0.32998907],
    [-3.78347, -1.3851053, 0.27637465, 3.9272384, 2.744211, -0.33860502],
    [-3.8463019, -1.3557874, 0.29783423, 3.9574929, 2.8283853, -0.34722097],
    [-3.9091337, -1.3264695, 0.31929381, 3.9877474, 2.9125595, -0.35583692],
    [-3.9719656, -1.2971515, 0.3407534, 4.0180019, 2.9967338, -0.36445287],
    [-4.0347974, -1.2678336, 0.36221298, 4.0482564, 3.0809081, -0.37306882],
    [-4.0976293, -1.2385157, 0.38367256, 4.0785109, 3.1650823, -0.38168477],
    [-4.1604611, -1.2091977, 0.40513215, 4.1087654, 3.2492566, -0.39030072],
    [-4.223293, -1.1798798, 0.42659173, 4.1390199, 3.3334308, -0.39891667],
    [-4.2861248, -1.1505619, 0.44805131, 4.1692744, 3.4176051, -0.40753262],
    [-4.3489567, -1.121244, 0.4695109, 4.1995289, 3.5017794, -0.41614857],
    [-4.4117886, -1.091926, 0.49097048, 4.2297834, 3.5859536, -0.42476453],
    [-4.4746204, -1.0626081, 0.51243006, 4.2600379, 3.6701279, -0.43338048],
    [-4.5374523, -1.0332902, 0.53388965, 4.2902924, 3.7543021, -0.44199643],
    [-4.6002841, -1.0039723, 0.55534923, 4.3205469, 3.8384764, -0.45061238],
    [-4.663116, -0.97465433, 0.57680881, 4.3508014, 3.9226507, -0.45922833],
    [-4.7259478, -0.9453364, 0.5982684, 4.3810559, 4.0068249, -0.46784428],
    [-4.7887797, -0.91601847, 0.61972798, 4.4113104, 4.0909992, -0.47646023],
    [-4.8516115, -0.88670055, 0.64118756, 4.4415649, 4.1751734, -0.48507618],
    [-4.9144434, -0.85738262, 0.66264715, 4.4718194, 4.2593477, -0.49369213],
    [-4.9772752, -0.82806469, 0.68410673, 4.5020739, 4.343522, -0.50230808],
    [-5.0374947, -0.79996571, 0.70467409, 4.5310705, 4.4241965, -0.5105658],
    [-5.0903494, -0.77530325, 0.72272605, 4.5565208, 4.4950045, -0.51781361],
    [-5.1357395, -0.7541238, 0.73822859, 4.5783769, 4.5558126, -0.52403782],
    [-5.1736651, -0.73642735, 0.75118171, 4.5966386, 4.6066206, -0.52923846],
    [-5.2041262, -0.7222139, 0.7615854, 4.6113061, 4.6474286, -0.5334155],
    [-5.2271229, -0.71148346, 0.76943967, 4.6223794, 4.6782366, -0.53656897],
    [-5.242655, -0.70423602, 0.77474451, 4.6298583, 4.6990446, -0.53869884],
    [-5.2507227, -0.70047158, 0.77749993, 4.633743, 4.7098526, -0.53980513],
    [-5.2519817, -0.69988412, 0.77792993, 4.6343492, 4.7115393, -0.53997778]
  ]
}
