{
  "iteration": 430,
  "label": "pre_pick",
  "planning_time_ms": 59.257703,
  "scene": {
    "block_x": 0.27845075,
    "block_y": 0.42123233,
    "bin_x": 0.34216726,
    "bin_y": 0.31397851
  },
  "joint_names": ["shoulder_pan_joint", "shoulder_lift_joint", "elbow_joint", "wrist_1_joint", "wrist_2_joint", "wrist_3_joint"],
  "start_joints": [-0.45124811, -1.7008206, -0.92005281, 0.86805758, 7.1248685e-05, -6.9335264e-05],
  "goal_joints": [4.3910948, -2.4851198, -0.69608606, 4.7522698, 1.5716947, -0.32173274],
  "num_waypoints": 85,
  "trajectory": [
    [-0.45124811, -1.7008206, -0.92005281, 0.86805758, 7.1248685e-05, -6.9335264e-05],
    [-0.44624811, -1.7016305, -0.91982155, 0.87206826, 0.0016940411, -0.00040147139],
    [-0.43124811, -1.70406, -0.91912777, 0.88410028, 0.0065624184, -0.0013978798],
    [-0.40624811, -1.7081091, -0.91797148, 0.90415365, 0.014676381, -0.0030585604],
    [-0.37124811, -1.713778, -0.91635267, 0.93222837, 0.026035928, -0.0053835133],
    [-0.32624811, -1.7210665, -0.91427134, 0.96832444, 0.040641059, -0.0083727385],
    [-0.27124811, -1.7299747, -0.91172749, 1.0124419, 0.058491776, -0.012026236],
    [-0.20881733, -1.7400864, -0.90883996, 1.0625198, 0.078754214, -0.016173339],
    [-0.14598548, -1.7502631, -0.90593388, 1.1129194, 0.099146825, -0.020347085],
    [-0.083153625, -1.7604397, -0.9030278, 1.163319, 0.11953944, -0.024520831],
    [-0.020321772, -1.7706164, -0.90012172, 1.2137186, 0.13993205, -0.028694576],
    [0.042510081, -1.7807931, -0.89721563, 1.2641183, 0.16032466, -0.032868322],
    [0.10534193, -1.7909698, -0.89430955, 1.3145179, 0.18071727, -0.037042068],
    [0.16817379, -1.8011465, -0.89140347, 1.3649175, 0.20110988, -0.041215813],
    [0.23100564, -1.8113231, -0.88849739, 1.4153171, 0.22150249, -0.045389559],
    [0.29383749, -1.8214998, -0.88559131, 1.4657167, 0.2418951, -0.049563305],
    [0.35666935, -1.8316765, -0.88268522, 1.5161164, 0.26228771, -0.05373705],
    [0.4195012, -1.8418532, -0.87977914, 1.566516, 0.28268032, -0.057910796],
    [0.48233305, -1.8520298, -0.87687306, 1.6169156, 0.30307294, -0.062084542],
    [0.54516491, -1.8622065, -0.87396698, 1.6673152, 0.32346555, -0.066258288],
    [0.60799676, -1.8723832, -0.8710609, 1.7177149, 0.34385816, -0.070432033],
    [0.67082861, -1.8825599, -0.86815481, 1.7681145, 0.36425077, -0.074605779],
    [0.73366047, -1.8927366, -0.86524873, 1.8185141, 0.38464338, -0.078779525],
    [0.79649232, -1.9029132, -0.86234265, 1.8689137, 0.40503599, -0.08295327],
    [0.85932417, -1.9130899, -0.85943657, 1.9193133, 0.4254286, -0.087127016],
    [0.92215602, -1.9232666, -0.85653049, 1.969713, 0.44582121, -0.091300762],
    [0.98498788, -1.9334433, -0.8536244, 2.0201126, 0.46621382, -0.095474508],
    [1.0478197, -1.94362, -0.85071832, 2.0705122, 0.48660644, -0.099648253],
    [1.1106516, -1.9537966, -0.84781224, 2.1209118, 0.50699905, -0.103822],
    [1.1734834, -1.9639733, -0.84490616, 2.1713115, 0.52739166, -0.10799574],
    [1.2363153, -1.97415, -0.84200008, 2.2217111, 0.54778427, -0.11216949],
    [1.2991471, -1.9843267, -0.83909399, 2.2721107, 0.56817688, -0.11634324],
    [1.361979, -1.9945034, -0.83618791, 2.3225103, 0.58856949, -0.12051698],
    [1.4248108, -2.00468, -0.83328183, 2.3729099, 0.6089621, -0.12469073],
    [1.4876427, -2.0148567, -0.83037575, 2.4233096, 0.62935471, -0.12886447],
    [1.5504746, -2.0250334, -0.82746967, 2.4737092, 0.64974732, -0.13303822],
    [1.6133064, -2.0352101, -0.82456358, 2.5241088, 0.67013994, -0.13721196],
    [1.6761383, -2.0453868, -0.8216575, 2.5745084, 0.69053255, -0.14138571],
    [1.7389701, -2.0555634, -0.81875142, 2.6249081, 0.71092516, -0.14555946],
    [1.801802, -2.0657401, -0.81584534, 2.6753077, 0.73131777, -0.1497332],
    [1.8646338, -2.0759168, -0.81293925, 2.7257073, 0.75171038, -0.15390695],
    [1.9274657, -2.0860935, -0.81003317, 2.7761069, 0.77210299, -0.15808069],
    [1.9902975, -2.0962702, -0.80712709, 2.8265065, 0.7924956, -0.16225444],
    [2.0531294, -2.1064468, -0.80422101, 2.8769062, 0.81288821, -0.16642818],
    [2.1159612, -2.1166235, -0.80131493, 2.9273058, 0.83328082, -0.17060193],
    [2.1787931, -2.1268002, -0.79840884, 2.9777054, 0.85367344, -0.17477568],
    [2.2416249, -2.1369769, -0.79550276, 3.028105, 0.87406605, -0.17894942],
    [2.3044568, -2.1471536, -0.79259668, 3.0785047, 0.89445866, -0.18312317],
    [2.3672886, -2.1573302, -0.7896906, 3.1289043, 0.91485127, -0.18729691],
    [2.4301205, -2.1675069, -0.78678452, 3.1793039, 0.93524388, -0.19147066],
    [2.4929524, -2.1776836, -0.78387843, 3.2297035, 0.95563649, -0.1956444],
    [2.5557842, -2.1878603, -0.78097235, 3.2801031, 0.9760291, -0.19981815],
    [2.6186161, -2.1980369, -0.77806627, 3.3305028, 0.99642171, -0.2039919],
    [2.6814479, -2.2082136, -0.77516019, 3.3809024, 1.0168143, -0.20816564],
    [2.7442798, -2.2183903, -0.77225411, 3.431302, 1.0372069, -0.21233939],
    [2.8071116, -2.228567, -0.76934802, 3.4817016, 1.0575995, -0.21651313],
    [2.8699435, -2.2387437, -0.76644194, 3.5321013, 1.0779922, -0.22068688],
    [2.9327753, -2.2489203, -0.76353586, 3.5825009, 1.0983848, -0.22486062],
    [2.9956072, -2.259097, -0.76062978, 3.6329005, 1.1187774, -0.22903437],
    [3.058439, -2.2692737, -0.7577237, 3.6833001, 1.13917, -0.23320812],
    [3.1212709, -2.2794504, -0.75481761, 3.7336997, 1.1595626, -0.23738186],
    [3.1841027, -2.2896271, -0.75191153, 3.7840994, 1.1799552, -0.24155561],
    [3.2469346, -2.2998037, -0.74900545, 3.834499, 1.2003478, -0.24572935],
    [3.3097664, -2.3099804, -0.74609937, 3.8848986, 1.2207404, -0.2499031],
    [3.3725983, -2.3201571, -0.74319329, 3.9352982, 1.241133, -0.25407684],
    [3.4354301, -2.3303338, -0.7402872, 3.9856979, 1.2615257, -0.25825059],
    [3.498262, -2.3405105, -0.73738112, 4.0360975, 1.2819183, -0.26242434],
    [3.5610939, -2.3506871, -0.73447504, 4.0864971, 1.3023109, -0.26659808],
    [3.6239257, -2.3608638, -0.73156896, 4.1368967, 1.3227035, -0.27077183],
    [3.6867576, -2.3710405, -0.72866288, 4.1872963, 1.3430961, -0.27494557],
    [3.7495894, -2.3812172, -0.72575679, 4.237696, 1.3634887, -0.27911932],
    [3.8124213, -2.3913939, -0.72285071, 4.2880956, 1.3838813, -0.28329306],
    [3.8752531, -2.4015705, -0.71994463, 4.3384952, 1.4042739, -0.28746681],
    [3.938085, -2.4117472, -0.71703855, 4.3888948, 1.4246665, -0.29164056],
    [4.0009168, -2.4219239, -0.71413247, 4.4392945, 1.4450592, -0.2958143],
    [4.0637487, -2.4321006, -0.71122638, 4.4896941, 1.4654518, -0.29998805],
    [4.1265805, -2.4422773, -0.7083203, 4.5400937, 1.4858444, -0.30416179],
    [4.1894124, -2.4524539, -0.70541422, 4.5904933, 1.506237, -0.30833554],
    [4.2479037, -2.4619276, -0.70270889, 4.6374113, 1.5252209, -0.31222096],
    [4.2964184, -2.4697854, -0.70046501, 4.6763266, 1.5409667, -0.31544365],
    [4.3349331, -2.4760235, -0.69868363, 4.7072206, 1.553467, -0.31800208],
    [4.3634478, -2.4806419, -0.69736478, 4.7300932, 1.5627217, -0.31989623],
    [4.3819624, -2.4836407, -0.69650845, 4.7449444, 1.5687307, -0.3211261],
    [4.3904771, -2.4850198, -0.69611463, 4.7517744, 1.5714943, -0.32169171],
    [4.3910948, -2.4851198, -0.69608606, 4.7522698, 1.5716947, -0.32173274]
  ]
}
