{
  "iteration": 2,
  "label": "place_retreat",
  "planning_time_ms": 181.8517,
  "scene": {
    "block_x": 0.16204056,
    "block_y": 0.42118944,
    "bin_x": 0.2622114,
    "bin_y": 0.30686316
  },
  "joint_names": ["shoulder_pan_joint", "shoulder_lift_joint", "elbow_joint", "wrist_1_joint", "wrist_2_joint", "wrist_3_joint"],
  "start_joints": [-1.9500087, -2.0335475, -1.5843669, -1.0940643, 1.571933, -0.38007783],
  "goal_joints": [0.5335824, -1.1428702, 1.5349452, -1.963366, 4.7119081, -1.036231],
  "num_waypoints": 57,
  "trajectory": [
    [-1.9500087, -2.0335475, -1.5843669, -1.0940643, 1.571933, -0.38007783],
    [-1.9460539, -2.0321292, -1.5793998, -1.0954485, 1.576933, -0.38112267],
    [-1.9341895, -2.0278744, -1.5644985, -1.0996013, 1.591933, -0.38425718],
    [-1.9144156, -2.020783, -1.539663, -1.1065225, 1.616933, -0.38948138],
    [-1.886732, -2.0108549, -1.5048934, -1.1162123, 1.651933, -0.39679524],
    [-1.8511388, -1.9980904, -1.4601895, -1.1286705, 1.696933, -0.40619879],
    [-1.8076361, -1.9824892, -1.4055514, -1.1438973, 1.751933, -0.41769201],
    [-1.7580268, -1.9646981, -1.3432437, -1.1612614, 1.8146535, -0.43079856],
    [-1.7080002, -1.9467573, -1.2804118, -1.1787716, 1.8779016, -0.44401536],
    [-1.6579735, -1.9288165, -1.21758, -1.1962819, 1.9411497, -0.45723215],
    [-1.6079469, -1.9108757, -1.1547481, -1.2137921, 2.0043977, -0.47044895],
    [-1.5579203, -1.8929349, -1.0919163, -1.2313023, 2.0676458, -0.48366575],
    [-1.5078937, -1.8749941, -1.0290844, -1.2488125, 2.1308938, -0.49688255],
    [-1.4578671, -1.8570534, -0.96625257, -1.2663227, 2.1941419, -0.51009935],
    [-1.4078405, -1.8391126, -0.90342071, -1.2838329, 2.25739, -0.52331615],
    [-1.3578138, -1.8211718, -0.84058886, -1.3013432, 2.320638, -0.53653294],
    [-1.3077872, -1.803231, -0.77775701, -1.3188534, 2.3838861, -0.54974974],
    [-1.2577606, -1.7852902, -0.71492515, -1.3363636, 2.4471342, -0.56296654],
    [-1.207734, -1.7673494, -0.6520933, -1.3538738, 2.5103822, -0.57618334],
    [-1.1577074, -1.7494086, -0.58926145, -1.371384, 2.5736303, -0.58940014],
    [-1.1076808, -1.7314679, -0.52642959, -1.3888943, 2.6368784, -0.60261694],
    [-1.0576541, -1.7135271, -0.46359774, -1.4064045, 2.7001264, -0.61583373],
    [-1.0076275, -1.6955863, -0.40076589, -1.4239147, 2.7633745, -0.62905053],
    [-0.95760091, -1.6776455, -0.33793403, -1.4414249, 2.8266225, -0.64226733],
    [-0.90757429, -1.6597047, -0.27510218, -1.4589351, 2.8898706, -0.65548413],
    [-0.85754768, -1.6417639, -0.21227033, -1.4764453, 2.9531187, -0.66870093],
    [-0.80752106, -1.6238232, -0.14943848, -1.4939556, 3.0163667, -0.68191773],
    [-0.75749444, -1.6058824, -0.086606622, -1.5114658, 3.0796148, -0.69513452],
    [-0.70746783, -1.5879416, -0.023774769, -1.528976, 3.1428629, -0.70835132],
    [-0.65744121, -1.5700008, 0.039057084, -1.5464862, 3.2061109, -0.72156812],
    [-0.60741459, -1.55206, 0.10188894, -1.5639964, 3.269359, -0.73478492],
    [-0.55738798, -1.5341192, 0.16472079, -1.5815067, 3.3326071, -0.74800172],
    [-0.50736136, -1.5161784, 0.22755264, -1.5990169, 3.3958551, -0.76121852],
    [-0.45733474, -1.4982377, 0.2903845, -1.6165271, 3.4591032, -0.77443531],
    [-0.40730813, -1.4802969, 0.35321635, -1.6340373, 3.5223512, -0.78765211],
    [-0.35728151, -1.4623561, 0.4160482, -1.6515475, 3.5855993, -0.80086891],
    [-0.30725489, -1.4444153, 0.47888006, -1.6690578, 3.6488474, -0.81408571],
    [-0.25722827, -1.4264745, 0.54171191, -1.686568, 3.7120954, -0.82730251],
    [-0.20720166, -1.4085337, 0.60454376, -1.7040782, 3.7753435, -0.84051931],
    [-0.15717504, -1.390593, 0.66737561, -1.7215884, 3.8385916, -0.8537361],
    [-0.10714842, -1.3726522, 0.73020747, -1.7390986, 3.9018396, -0.8669529],
    [-0.057121807, -1.3547114, 0.79303932, -1.7566088, 3.9650877, -0.8801697],
    [-0.0070951904, -1.3367706, 0.85587117, -1.7741191, 4.0283358, -0.8933865],
    [0.042931427, -1.3188298, 0.91870303, -1.7916293, 4.0915838, -0.9066033],
    [0.092958043, -1.300889, 0.98153488, -1.8091395, 4.1548319, -0.9198201],
    [0.14298466, -1.2829482, 1.0443667, -1.8266497, 4.2180799, -0.93303689],
    [0.19301128, -1.2650075, 1.1071986, -1.8441599, 4.281328, -0.94625369],
    [0.24303789, -1.2470667, 1.1700304, -1.8616702, 4.3445761, -0.95947049],
    [0.29306451, -1.2291259, 1.2328623, -1.8791804, 4.4078241, -0.97268729],
    [0.34309113, -1.2111851, 1.2956941, -1.8966906, 4.4710722, -0.98590409],
    [0.39262045, -1.1934227, 1.3579014, -1.9140267, 4.5336915, -0.9989895],
    [0.4358875, -1.177906, 1.4122435, -1.929171, 4.5883936, -1.0104205],
    [0.47124495, -1.165226, 1.4566513, -1.9415467, 4.6330956, -1.0197617],
    [0.49869282, -1.1553825, 1.491125, -1.951154, 4.6677976, -1.0270133],
    [0.5182311, -1.1483756, 1.5156644, -1.9579927, 4.6924996, -1.0321752],
    [0.52985979, -1.1442052, 1.5302697, -1.962063, 4.7072016, -1.0352475],
    [0.5335824, -1.1428702, 1.5349452, -1.963366, 4.7119081, -1.036231]
  ]
}
