{
  "iteration": 538,
  "label": "pre_pick",
  "planning_time_ms": 107.95983,
  "scene": {
    "block_x": 0.22815766,
    "block_y": 0.40853506,
    "bin_x": 0.41286024,
    "bin_y": 0.3739036
  },
  "joint_names": ["shoulder_pan_joint", "shoulder_lift_joint", "elbow_joint", "wrist_1_joint", "wrist_2_joint", "wrist_3_joint"],
  "start_joints": [-0.4514187, -1.7007677, -0.92017546, 0.86821552, 3.7461788e-05, -0.00025635775],
  "goal_joints": [4.4880096, -3.2758052, 1.0790846, -2.5146863, -4.7130582, -0.22509166],
  "num_waypoints": 86,
  "trajectory": [
    [-0.4514187, -1.7007677, -0.92017546, 0.86821552, 3.7461788e-05, -0.00025635775],
    [-0.4464187, -1.7023621, -0.91815168, 0.86479113, -0.0047334301, -0.00048395019],
    [-0.4314187, -1.7071452, -0.91208035, 0.85451798, -0.019046106, -0.0011667275],
    [-0.4064187, -1.7151169, -0.90196147, 0.83739605, -0.042900565, -0.0023046897],
    [-0.3714187, -1.7262774, -0.88779503, 0.81342534, -0.076296809, -0.0038978368],
    [-0.3264187, -1.7406265, -0.86958104, 0.78260587, -0.11923484, -0.0059461688],
    [-0.2714187, -1.7581644, -0.84731949, 0.74493762, -0.17171465, -0.0084496856],
    [-0.20898794, -1.7780717, -0.82205031, 0.70218022, -0.23128473, -0.011291439],
    [-0.14615609, -1.798107, -0.79661878, 0.65914812, -0.29123752, -0.01415145],
    [-0.083324233, -1.8181422, -0.77118725, 0.61611601, -0.35119032, -0.017011461],
    [-0.02049238, -1.8381774, -0.74575572, 0.57308391, -0.41114311, -0.019871472],
    [0.042339473, -1.8582126, -0.72032419, 0.5300518, -0.47109591, -0.022731483],
    [0.10517133, -1.8782478, -0.69489266, 0.4870197, -0.53104871, -0.025591494],
    [0.16800318, -1.898283, -0.66946113, 0.4439876, -0.5910015, -0.028451505],
    [0.23083503, -1.9183183, -0.6440296, 0.40095549, -0.6509543, -0.031311516],
    [0.29366689, -1.9383535, -0.61859807, 0.35792339, -0.71090709, -0.034171527],
    [0.35649874, -1.9583887, -0.59316655, 0.31489129, -0.77085989, -0.037031538],
    [0.41933059, -1.9784239, -0.56773502, 0.27185918, -0.83081268, -0.039891549],
    [0.48216244, -1.9984591, -0.54230349, 0.22882708, -0.89076548, -0.04275156],
    [0.5449943, -2.0184943, -0.51687196, 0.18579497, -0.95071828, -0.045611571],
    [0.60782615, -2.0385296, -0.49144043, 0.14276287, -1.0106711, -0.048471582],
    [0.670658, -2.0585648, -0.4660089, 0.099730767, -1.0706239, -0.051331593],
    [0.73348986, -2.0786, -0.44057737, 0.056698663, -1.1305767, -0.054191604],
    [0.79632171, -2.0986352, -0.41514584, 0.013666559, -1.1905295, -0.057051615],
    [0.85915356, -2.1186704, -0.38971431, -0.029365545, -1.2504823, -0.059911625],
    [0.92198542, -2.1387057, -0.36428278, -0.072397648, -1.310435, -0.062771636],
    [0.98481727, -2.1587409, -0.33885125, -0.11542975, -1.3703878, -0.065631647],
    [1.0476491, -2.1787761, -0.31341972, -0.15846186, -1.4303406, -0.068491658],
    [1.110481, -2.1988113, -0.28798819, -0.20149396, -1.4902934, -0.071351669],
    [1.1733128, -2.2188465, -0.26255666, -0.24452606, -1.5502462, -0.07421168],
    [1.2361447, -2.2388817, -0.23712513, -0.28755817, -1.610199, -0.077071691],
    [1.2989765, -2.258917, -0.2116936, -0.33059027, -1.6701518, -0.079931702],
    [1.3618084, -2.2789522, -0.18626207, -0.37362238, -1.7301046, -0.082791713],
    [1.4246402, -2.2989874, -0.16083054, -0.41665448, -1.7900574, -0.085651724],
    [1.4874721, -2.3190226, -0.13539901, -0.45968658, -1.8500102, -0.088511735],
    [1.5503039, -2.3390578, -0.10996748, -0.50271869, -1.909963, -0.091371746],
    [1.6131358, -2.359093, -0.084535955, -0.54575079, -1.9699158, -0.094231757],
    [1.6759677, -2.3791283, -0.059104426, -0.58878289, -2.0298686, -0.097091768],
    [1.7387995, -2.3991635, -0.033672897, -0.631815, -2.0898214, -0.099951779],
    [1.8016314, -2.4191987, -0.0082413671, -0.6748471, -2.1497742, -0.10281179],
    [1.8644632, -2.4392339, 0.017190162, -0.71787921, -2.209727, -0.1056718],
    [1.9272951, -2.4592691, 0.042621692, -0.76091131, -2.2696798, -0.10853181],
    [1.9901269, -2.4793044, 0.068053221, -0.80394341, -2.3296326, -0.11139182],
    [2.0529588, -2.4993396, 0.093484751, -0.84697552, -2.3895854, -0.11425183],
    [2.1157906, -2.5193748, 0.11891628, -0.89000762, -2.4495382, -0.11711184],
    [2.1786225, -2.53941, 0.14434781, -0.93303972, -2.509491, -0.11997186],
    [2.2414543, -2.5594452, 0.16977934, -0.97607183, -2.5694438, -0.12283187],
    [2.3042862, -2.5794804, 0.19521087, -1.0191039, -2.6293966, -0.12569188],
    [2.367118, -2.5995157, 0.2206424, -1.062136, -2.6893494, -0.12855189],
    [2.4299499, -2.6195509, 0.24607393, -1.1051681, -2.7493021, -0.1314119],
    [2.4927817, -2.6395861, 0.27150546, -1.1482002, -2.8092549, -0.13427191],
    [2.5556136, -2.6596213, 0.29693699, -1.1912323, -2.8692077, -0.13713192],
    [2.6184454, -2.6796565, 0.32236852, -1.2342645, -2.9291605, -0.13999193],
    [2.6812773, -2.6996918, 0.34780005, -1.2772966, -2.9891133, -0.14285194],
    [2.7441092, -2.719727, 0.37323158, -1.3203287, -3.0490661, -0.14571195],
    [2.806941, -2.7397622, 0.3986631, -1.3633608, -3.1090189, -0.14857196],
    [2.8697729, -2.7597974, 0.42409463, -1.4063929, -3.1689717, -0.15143198],
    [2.9326047, -2.7798326, 0.44952616, -1.449425, -3.2289245, -0.15429199],
    [2.9954366, -2.7998678, 0.47495769, -1.4924571, -3.2888773, -0.157152],
    [3.0582684, -2.8199031, 0.50038922, -1.5354892, -3.3488301, -0.16001201],
    [3.1211003, -2.8399383, 0.52582075, -1.5785213, -3.4087829, -0.16287202],
    [3.1839321, -2.8599735, 0.55125228, -1.6215534, -3.4687357, -0.16573203],
    [3.246764, -2.8800087, 0.57668381, -1.6645855, -3.5286885, -0.16859204],
    [3.3095958, -2.9000439, 0.60211534, -1.7076176, -3.5886413, -0.17145205],
    [3.3724277, -2.9200791, 0.62754687, -1.7506497, -3.6485941, -0.17431206],
    [3.4352595, -2.9401144, 0.6529784, -1.7936818, -3.7085469, -0.17717207],
    [3.4980914, -2.9601496, 0.67840993, -1.8367139, -3.7684997, -0.18003209],
    [3.5609232, -2.9801848, 0.70384146, -1.879746, -3.8284525, -0.1828921],
    [3.6237551, -3.00022, 0.72927299, -1.9227781, -3.8884053, -0.18575211],
    [3.686587, -3.0202552, 0.75470452, -1.9658102, -3.9483581, -0.18861212],
    [3.7494188, -3.0402905, 0.78013605, -2.0088423, -4.0083109, -0.19147213],
    [3.8122507, -3.0603257, 0.80556758, -2.0518744, -4.0682637, -0.19433214],
    [3.8750825, -3.0803609, 0.83099911, -2.0949065, -4.1282164, -0.19719215],
    [3.9379144, -3.1003961, 0.85643064, -2.1379386, -4.1881692, -0.20005216],
    [4.0007462, -3.1204313, 0.88186216, -2.1809707, -4.248122, -0.20291217],
    [4.0635781, -3.1404665, 0.90729369, -2.2240028, -4.3080748, -0.20577218],
    [4.1264099, -3.1605018, 0.93272522, -2.2670349, -4.3680276, -0.20863219],
    [4.1892418, -3.180537, 0.95815675, -2.310067, -4.4279804, -0.21149221],
    [4.2520736, -3.2005722, 0.98358828, -2.3530991, -4.4879332, -0.21435222],
    [4.3141584, -3.2203692, 1.0087174, -2.3956196, -4.5471731, -0.21717822],
    [4.3681247, -3.2375774, 1.0305606, -2.4325799, -4.5986666, -0.21963468],
    [4.412091, -3.251597, 1.0483562, -2.4626914, -4.6406183, -0.22163596],
    [4.4460572, -3.2624278, 1.0621042, -2.4859541, -4.6730282, -0.22318206],
    [4.4700235, -3.27007, 1.0718047, -2.5023681, -4.6958963, -0.22427297],
    [4.4839898, -3.2745234, 1.0774576, -2.5119333, -4.7092227, -0.22490869],
    [4.4880096, -3.2758052, 1.0790846, -2.5146863, -4.7130582, -0.22509166]
  ]
}
