{
  "iteration": 277,
  "label": "pre_pick",
  "planning_time_ms": 41.293062,
  "scene": {
    "block_x": 0.18644632,
    "block_y": 0.38265161,
    "bin_x": 0.43574673,
    "bin_y": 0.27429014
  },
  "joint_names": ["shoulder_pan_joint", "shoulder_lift_joint", "elbow_joint", "wrist_1_joint", "wrist_2_joint", "wrist_3_joint"],
  "start_joints": [-0.45129287, -1.7008355, -0.9199794, 0.86793292, 4.6883461e-05, -0.00018286586],
  "goal_joints": [0.80848623, 0.22951641, -1.3919149, -0.40800888, 4.7124158, -0.76299617],
  "num_waypoints": 52,
  "trajectory": [
    [-0.45129287, -1.7008355, -0.9199794, 0.86793292, 4.6883461e-05, -0.00018286586],
    [-0.4499562, -1.6987874, -0.92048014, 0.8665791, 0.0050468835, -0.00099223935],
    [-0.44594618, -1.6926428, -0.92198237, 0.86251764, 0.020046883, -0.0034203598],
    [-0.43926282, -1.682402, -0.92448607, 0.85574853, 0.045046883, -0.0074672273],
    [-0.42990611, -1.6680647, -0.92799126, 0.84627177, 0.080046883, -0.013132842],
    [-0.41787605, -1.6496312, -0.93249793, 0.83408737, 0.12504688, -0.020417203],
    [-0.40317265, -1.6271012, -0.93800609, 0.81919533, 0.18004688, -0.029320312],
    [-0.3857959, -1.6004749, -0.94451572, 0.80159564, 0.24504688, -0.039842167],
    [-0.36574581, -1.5697523, -0.95202684, 0.78128831, 0.32004687, -0.051982768],
    [-0.34302238, -1.5349333, -0.96053944, 0.75827334, 0.40504686, -0.065742115],
    [-0.3176256, -1.496018, -0.97005352, 0.73255073, 0.50004684, -0.081120209],
    [-0.28955548, -1.4530063, -0.98056909, 0.70412047, 0.60504682, -0.098117049],
    [-0.25881201, -1.4058983, -0.99208613, 0.67298257, 0.72004679, -0.11673263],
    [-0.22564657, -1.3550791, -1.0045105, 0.63939162, 0.84410649, -0.13681476],
    [-0.19205231, -1.3036028, -1.0170955, 0.60536636, 0.9697702, -0.15715654],
    [-0.15845806, -1.2521265, -1.0296805, 0.5713411, 1.0954339, -0.17749831],
    [-0.12486381, -1.2006503, -1.0422655, 0.53731584, 1.2210976, -0.19784008],
    [-0.091269558, -1.149174, -1.0548505, 0.50329059, 1.3467613, -0.21818186],
    [-0.057675306, -1.0976977, -1.0674355, 0.46926533, 1.472425, -0.23852363],
    [-0.024081054, -1.0462214, -1.0800205, 0.43524007, 1.5980887, -0.25886541],
    [0.0095131978, -0.99474517, -1.0926055, 0.40121481, 1.7237524, -0.27920718],
    [0.04310745, -0.9432689, -1.1051905, 0.36718955, 1.8494161, -0.29954896],
    [0.076701702, -0.89179263, -1.1177755, 0.33316429, 1.9750798, -0.31989073],
    [0.11029595, -0.84031636, -1.1303605, 0.29913903, 2.1007436, -0.34023251],
    [0.14389021, -0.78884009, -1.1429455, 0.26511377, 2.2264073, -0.36057428],
    [0.17748446, -0.73736381, -1.1555305, 0.23108851, 2.352071, -0.38091606],
    [0.21107871, -0.68588754, -1.1681155, 0.19706325, 2.4777347, -0.40125783],
    [0.24467296, -0.63441127, -1.1807005, 0.16303799, 2.6033984, -0.42159961],
    [0.27826721, -0.582935, -1.1932855, 0.12901273, 2.7290621, -0.44194138],
    [0.31186147, -0.53145873, -1.2058705, 0.094987475, 2.8547258, -0.46228315],
    [0.34545572, -0.47998246, -1.2184555, 0.060962216, 2.9803895, -0.48262493],
    [0.37904997, -0.42850619, -1.2310405, 0.026936957, 3.1060532, -0.5029667],
    [0.41264422, -0.37702992, -1.2436255, -0.0070883026, 3.2317169, -0.52330848],
    [0.44623847, -0.32555365, -1.2562105, -0.041113562, 3.3573806, -0.54365025],
    [0.47983273, -0.27407738, -1.2687955, -0.075138821, 3.4830443, -0.56399203],
    [0.51342698, -0.2226011, -1.2813805, -0.10916408, 3.608708, -0.5843338],
    [0.54702123, -0.17112483, -1.2939655, -0.14318934, 3.7343717, -0.60467558],
    [0.58061548, -0.11964856, -1.3065505, -0.1772146, 3.8600354, -0.62501735],
    [0.61387536, -0.068684658, -1.3190102, -0.21090119, 3.9844484, -0.64515666],
    [0.64479584, -0.021305383, -1.3305936, -0.24221838, 4.1001105, -0.66387943],
    [0.67304298, 0.021977539, -1.3411755, -0.27082792, 4.2057726, -0.68098345],
    [0.69861677, 0.061164111, -1.3507559, -0.29672982, 4.3014347, -0.69646873],
    [0.72151722, 0.09625433, -1.3593348, -0.31992408, 4.3870969, -0.71033526],
    [0.74174433, 0.1272482, -1.3669122, -0.34041069, 4.462759, -0.72258305],
    [0.75929808, 0.15414572, -1.3734882, -0.35818966, 4.5284211, -0.73321209],
    [0.77417849, 0.17694688, -1.3790626, -0.37326098, 4.5840833, -0.74222238],
    [0.78638556, 0.19565169, -1.3836356, -0.38562466, 4.6297454, -0.74961392],
    [0.79591928, 0.21026016, -1.3872071, -0.3952807, 4.6654075, -0.75538672],
    [0.80277965, 0.22077227, -1.3897771, -0.40222909, 4.6910697, -0.75954077],
    [0.80696668, 0.22718803, -1.3913457, -0.40646984, 4.7067318, -0.76207607],
    [0.80848037, 0.22950744, -1.3919127, -0.40800294, 4.7123939, -0.76299263],
    [0.80848623, 0.22951641, -1.3919149, -0.40800888, 4.7124158, -0.76299617]
  ]
}
