{
  "iteration": 249,
  "label": "pre_pick",
  "planning_time_ms": 5019.3576,
  "scene": {
    "block_x": 0.19399687,
    "block_y": 0.40503348,
    "bin_x": 0.27521846,
    "bin_y": 0.2924502
  },
  "joint_names": ["shoulder_pan_joint", "shoulder_lift_joint", "elbow_joint", "wrist_1_joint", "wrist_2_joint", "wrist_3_joint"],
  "start_joints": [-0.45125277, -1.7008149, -0.92063167, 0.86865739, 7.1291069e-05, -0.00033265737],
  "goal_joints": [-1.7211819, -2.1917203, -1.2241123, -1.2968811, -4.7127115, -0.15077593],
  "num_waypoints": 89,
  "trajectory": [
    [-0.45125277, -1.7008149, -0.92063167, 0.86865739, 7.1291069e-05, -0.00033265737],
    [-0.45481744, -1.6973376, -0.91891818, 0.86365739, -0.00040690042, -0.0018879165],
    [-0.46551147, -1.6869055, -0.91377769, 0.84865739, -0.0018414749, -0.0065536937],
    [-0.48333484, -1.6695189, -0.90521022, 0.82365739, -0.0042324323, -0.014329989],
    [-0.50828757, -1.6451775, -0.89321575, 0.78865739, -0.0075797727, -0.025216803],
    [-0.54036965, -1.6138815, -0.8777943, 0.74365739, -0.011883496, -0.039214135],
    [-0.57958108, -1.5756308, -0.85894586, 0.68865739, -0.017143602, -0.056321985],
    [-0.62592185, -1.5304255, -0.83667043, 0.6236574, -0.023360091, -0.07654035],
    [-0.67939197, -1.4782655, -0.81096801, 0.54865741, -0.030532962, -0.099869234],
    [-0.73986691, -1.4192723, -0.78189846, 0.4638321, -0.038645511, -0.1262543],
    [-0.80269876, -1.3579799, -0.75169597, 0.37570085, -0.047074233, -0.15366768],
    [-0.86553061, -1.2966876, -0.72149348, 0.28756961, -0.055502955, -0.18108107],
    [-0.92836247, -1.2353952, -0.691291, 0.19943837, -0.063931677, -0.20849445],
    [-0.99119432, -1.1741028, -0.66108851, 0.11130712, -0.072360399, -0.23590784],
    [-1.0540262, -1.1128105, -0.63088602, 0.023175878, -0.080789121, -0.26332122],
    [-1.116858, -1.0515181, -0.60068353, -0.064955367, -0.089217844, -0.2907346],
    [-1.1796899, -0.99022574, -0.57048105, -0.15308661, -0.097646566, -0.31814799],
    [-1.2425217, -0.92893338, -0.54027856, -0.24121786, -0.10607529, -0.34556137],
    [-1.3053536, -0.86764102, -0.51007607, -0.3293491, -0.11450401, -0.37297475],
    [-1.3681854, -0.80634865, -0.47987359, -0.41748034, -0.12293273, -0.40038814],
    [-1.4310173, -0.74505629, -0.4496711, -0.50561159, -0.13136145, -0.42780152],
    [-1.4938491, -0.68376393, -0.41946861, -0.59374283, -0.13979018, -0.45521491],
    [-1.556681, -0.62247156, -0.38926612, -0.68187408, -0.1482189, -0.48262829],
    [-1.6195129, -0.5611792, -0.35906364, -0.77000532, -0.15664762, -0.51004167],
    [-1.6823447, -0.49988683, -0.32886115, -0.85813657, -0.16507634, -0.53745506],
    [-1.7451766, -0.43859447, -0.29865866, -0.94626781, -0.17350507, -0.56486844],
    [-1.8080084, -0.37730211, -0.26845617, -1.0343991, -0.18193379, -0.59228182],
    [-1.8708403, -0.31600974, -0.23825369, -1.1225303, -0.19036251, -0.61969521],
    [-1.9336721, -0.25471738, -0.2080512, -1.2106615, -0.19879123, -0.64710859],
    [-1.996504, -0.19342501, -0.17784871, -1.2987928, -0.20721995, -0.67452198],
    [-2.0593358, -0.13213265, -0.14764622, -1.386924, -0.21564868, -0.70193536],
    [-2.1194901, -0.073452226, -0.1187308, -1.4712996, -0.22371821, -0.72818054],
    [-2.1725785, -0.021664662, -0.093211906, -1.5457641, -0.23083987, -0.75134284],
    [-2.2185374, 0.023168233, -0.071120004, -1.6102285, -0.23700514, -0.77139463],
    [-2.257367, 0.061046458, -0.052455091, -1.664693, -0.24221403, -0.7883359],
    [-2.2890673, 0.091970015, -0.037217168, -1.7091574, -0.24646653, -0.80216664],
    [-2.3136382, 0.1159389, -0.025406234, -1.7436219, -0.24976265, -0.81288688],
    [-2.3313743, 0.1330136, -0.017000564, -1.7685498, -0.25273757, -0.82057216],
    [-2.3470641, 0.14508808, -0.011165758, -1.7912749, -0.26332696, -0.82666366],
    [-2.3615376, 0.15210718, -0.0079597847, -1.8131534, -0.28391316, -0.8313217],
    [-2.373015, 0.15225509, -0.0082802415, -1.8317067, -0.31446682, -0.83375119],
    [-2.3784303, 0.14433252, -0.012654308, -1.8422362, -0.34987161, -0.8330325],
    [-2.3767731, 0.12982078, -0.02026422, -1.8427765, -0.38351332, -0.82930043],
    [-2.3711407, 0.10987548, -0.030606971, -1.8380865, -0.42070724, -0.82347095],
    [-2.3639939, 0.084567647, -0.043730487, -1.8321355, -0.46790115, -0.81607415],
    [-2.3553327, 0.053897299, -0.059634767, -1.8249235, -0.52509506, -0.80711002],
    [-2.3451572, 0.017864438, -0.078319807, -1.8164507, -0.59228896, -0.79657858],
    [-2.3334674, -0.02353094, -0.099785611, -1.8067168, -0.66948285, -0.78447982],
    [-2.3202632, -0.070288837, -0.12403218, -1.795722, -0.75667675, -0.77081373],
    [-2.3055447, -0.12240925, -0.15105951, -1.7834662, -0.85387063, -0.75558032],
    [-2.2893118, -0.17989218, -0.1808676, -1.7699495, -0.96106452, -0.7387796],
    [-2.2717558, -0.24206045, -0.21310531, -1.755331, -1.0769956, -0.72060947],
    [-2.2540124, -0.3048923, -0.24568711, -1.7405565, -1.1941641, -0.7022454],
    [-2.236269, -0.36772416, -0.27826892, -1.725782, -1.3113326, -0.68388132],
    [-2.2185256, -0.43055601, -0.31085073, -1.7110075, -1.4285012, -0.66551725],
    [-2.2007822, -0.49338786, -0.34343254, -1.696233, -1.5456697, -0.64715317],
    [-2.1830388, -0.55621972, -0.37601434, -1.6814585, -1.6628382, -0.6287891],
    [-2.1652954, -0.61905157, -0.40859615, -1.666684, -1.7800067, -0.61042503],
    [-2.147552, -0.68188342, -0.44117796, -1.6519095, -1.8971753, -0.59206095],
    [-2.1298086, -0.74471528, -0.47375977, -1.6371349, -2.0143438, -0.57369688],
    [-2.1120653, -0.80754713, -0.50634157, -1.6223604, -2.1315123, -0.5553328],
    [-2.0943219, -0.87037898, -0.53892338, -1.6075859, -2.2486808, -0.53696873],
    [-2.0765785, -0.93321083, -0.57150519, -1.5928114, -2.3658494, -0.51860465],
    [-2.0588351, -0.99604269, -0.604087, -1.5780369, -2.4830179, -0.50024058],
    [-2.0410917, -1.0588745, -0.6366688, -1.5632624, -2.6001864, -0.48187651],
    [-2.0233483, -1.1217064, -0.66925061, -1.5484879, -2.7173549, -0.46351243],
    [-2.0056049, -1.1845382, -0.70183242, -1.5337134, -2.8345235, -0.44514836],
    [-1.9878615, -1.2473701, -0.73441423, -1.5189389, -2.951692, -0.42678428],
    [-1.9701181, -1.310202, -0.76699603, -1.5041644, -3.0688605, -0.40842021],
    [-1.9523747, -1.3730338, -0.79957784, -1.4893899, -3.1860291, -0.39005614],
    [-1.9346313, -1.4358657, -0.83215965, -1.4746154, -3.3031976, -0.37169206],
    [-1.9168879, -1.4986975, -0.86474146, -1.4598409, -3.4203661, -0.35332799],
    [-1.8991446, -1.5615294, -0.89732327, -1.4450664, -3.5375346, -0.33496391],
    [-1.8814012, -1.6243612, -0.92990507, -1.4302919, -3.6547032, -0.31659984],
    [-1.8636578, -1.6871931, -0.96248688, -1.4155174, -3.7718717, -0.29823576],
    [-1.8459144, -1.7500249, -0.99506869, -1.4007429, -3.8890402, -0.27987169],
    [-1.828171, -1.8128568, -1.0276505, -1.3859684, -4.0062087, -0.26150762],
    [-1.8109475, -1.8738476, -1.0592776, -1.3716268, -4.1199441, -0.24368162],
    [-1.7952161, -1.9295547, -1.0881648, -1.3585276, -4.2238264, -0.22739993],
    [-1.7809991, -1.9798992, -1.1142713, -1.3466894, -4.3177087, -0.21268556],
    [-1.7682964, -2.0248813, -1.137597, -1.3361122, -4.4015909, -0.19953852],
    [-1.757108, -2.0645008, -1.1581419, -1.3267959, -4.4754732, -0.18795879],
    [-1.747434, -2.0987578, -1.175906, -1.3187406, -4.5393554, -0.17794639],
    [-1.7392744, -2.1276522, -1.1908894, -1.3119462, -4.5932377, -0.16950131],
    [-1.7326291, -2.1511842, -1.203092, -1.3064129, -4.63712, -0.16262355],
    [-1.7274981, -2.1693536, -1.2125139, -1.3021404, -4.6710022, -0.15731311],
    [-1.7238815, -2.1821605, -1.219155, -1.299129, -4.6948845, -0.15356999],
    [-1.7217793, -2.1896049, -1.2230153, -1.2973785, -4.7087667, -0.15139419],
    [-1.7211819, -2.1917203, -1.2241123, -1.2968811, -4.7127115, -0.15077593]
  ]
}
