{
  "iteration": 2,
  "label": "place_above_bin",
  "planning_time_ms": 138.26494,
  "scene": {
    "block_x": 0.16204056,
    "block_y": 0.42118944,
    "bin_x": 0.2622114,
    "bin_y": 0.30686316
  },
  "joint_names": ["shoulder_pan_joint", "shoulder_lift_joint", "elbow_joint", "wrist_1_joint", "wrist_2_joint", "wrist_3_joint"],
  "start_joints": [0.9167828, -0.85724479, 1.3136125, -2.0285134, 4.7116645, -0.65441958],
  "goal_joints": [-1.9500066, -2.0335282, -1.5843452, -1.0941059, 1.5719272, -0.38007575],
  "num_waypoints": 54,
  "trajectory": [
    [0.9167828, -0.85724479, 1.3136125, -2.0285134, 4.7116645, -0.65441958],
    [0.91221746, -0.859118, 1.3089976, -2.0270254, 4.7066645, -0.65398269],
    [0.89852146, -0.86473766, 1.2951527, -2.0225613, 4.6916645, -0.65267202],
    [0.8756948, -0.87410376, 1.2720778, -2.0151211, 4.6666645, -0.65048757],
    [0.84373747, -0.8872163, 1.239773, -2.0047049, 4.6316645, -0.64742934],
    [0.80264947, -0.90407527, 1.1982383, -1.9913126, 4.5866645, -0.64349734],
    [0.7524308, -0.92468069, 1.1474737, -1.9749442, 4.5316645, -0.63869155],
    [0.69325088, -0.94896303, 1.0876503, -1.955655, 4.46685, -0.63302819],
    [0.6310948, -0.97446653, 1.0248185, -1.9353957, 4.398776, -0.62708003],
    [0.56893872, -0.99997003, 0.96198662, -1.9151364, 4.3307021, -0.62113186],
    [0.50678264, -1.0254735, 0.89915476, -1.8948771, 4.2626281, -0.6151837],
    [0.44462656, -1.050977, 0.83632291, -1.8746178, 4.1945541, -0.60923553],
    [0.38247048, -1.0764805, 0.77349106, -1.8543585, 4.1264801, -0.60328737],
    [0.3203144, -1.101984, 0.7106592, -1.8340993, 4.0584061, -0.5973392],
    [0.25815832, -1.1274875, 0.64782735, -1.81384, 3.9903322, -0.59139104],
    [0.19600225, -1.152991, 0.5849955, -1.7935807, 3.9222582, -0.58544287],
    [0.13384617, -1.1784945, 0.52216364, -1.7733214, 3.8541842, -0.57949471],
    [0.071690087, -1.203998, 0.45933179, -1.7530621, 3.7861102, -0.57354654],
    [0.0095340084, -1.2295015, 0.39649994, -1.7328028, 3.7180363, -0.56759838],
    [-0.052622071, -1.255005, 0.33366808, -1.7125435, 3.6499623, -0.56165021],
    [-0.11477815, -1.2805085, 0.27083623, -1.6922843, 3.5818883, -0.55570205],
    [-0.17693423, -1.306012, 0.20800438, -1.672025, 3.5138143, -0.54975388],
    [-0.23909031, -1.3315155, 0.14517253, -1.6517657, 3.4457403, -0.54380572],
    [-0.30124639, -1.357019, 0.082340672, -1.6315064, 3.3776664, -0.53785755],
    [-0.36340247, -1.3825225, 0.019508819, -1.6112471, 3.3095924, -0.53190939],
    [-0.42555854, -1.408026, -0.043323034, -1.5909878, 3.2415184, -0.52596122],
    [-0.48771462, -1.4335295, -0.10615489, -1.5707285, 3.1734444, -0.52001306],
    [-0.5498707, -1.459033, -0.16898674, -1.5504693, 3.1053705, -0.51406489],
    [-0.61202678, -1.4845365, -0.23181859, -1.53021, 3.0372965, -0.50811673],
    [-0.67418286, -1.51004, -0.29465045, -1.5099507, 2.9692225, -0.50216856],
    [-0.73633894, -1.5355435, -0.3574823, -1.4896914, 2.9011485, -0.4962204],
    [-0.79849502, -1.561047, -0.42031415, -1.4694321, 2.8330746, -0.49027223],
    [-0.8606511, -1.5865505, -0.48314601, -1.4491728, 2.7650006, -0.48432407],
    [-0.92280718, -1.612054, -0.54597786, -1.4289135, 2.6969266, -0.4783759],
    [-0.98496325, -1.6375575, -0.60880971, -1.4086543, 2.6288526, -0.47242774],
    [-1.0471193, -1.663061, -0.67164156, -1.388395, 2.5607786, -0.46647957],
    [-1.1092754, -1.6885645, -0.73447342, -1.3681357, 2.4927047, -0.46053141],
    [-1.1714315, -1.714068, -0.79730527, -1.3478764, 2.4246307, -0.45458324],
    [-1.2335876, -1.7395715, -0.86013712, -1.3276171, 2.3565567, -0.44863508],
    [-1.2957436, -1.765075, -0.92296898, -1.3073578, 2.2884827, -0.44268691],
    [-1.3578997, -1.7905785, -0.98580083, -1.2870985, 2.2204088, -0.43673875],
    [-1.4200558, -1.816082, -1.0486327, -1.2668393, 2.1523348, -0.43079058],
    [-1.4822119, -1.8415855, -1.1114645, -1.24658, 2.0842608, -0.42484242],
    [-1.544368, -1.867089, -1.1742964, -1.2263207, 2.0161868, -0.41889425],
    [-1.606524, -1.8925925, -1.2371282, -1.2060614, 1.9481129, -0.41294609],
    [-1.6686801, -1.918096, -1.2999601, -1.1858021, 1.8800389, -0.40699792],
    [-1.7308362, -1.9435995, -1.3627919, -1.1655428, 1.8119649, -0.40104976],
    [-1.7894764, -1.9676604, -1.4220697, -1.1464295, 1.7477416, -0.39543805],
    [-1.8390544, -1.9880029, -1.4721867, -1.13027, 1.6934433, -0.39069358],
    [-1.8795016, -2.004599, -1.5130737, -1.1170865, 1.649145, -0.38682289],
    [-1.9108183, -2.0174487, -1.5447308, -1.1068791, 1.6148467, -0.38382597],
    [-1.9330042, -2.0265519, -1.567158, -1.0996477, 1.5905484, -0.38170284],
    [-1.9460595, -2.0319086, -1.5803552, -1.0953925, 1.5762501, -0.38045348],
    [-1.9500066, -2.0335282, -1.5843452, -1.0941059, 1.5719272, -0.38007575]
  ]
}
