{
  "iteration": 913,
  "label": "pre_pick",
  "planning_time_ms": 55.237073,
  "scene": {
    "block_x": 0.20822615,
    "block_y": 0.44125651,
    "bin_x": 0.43925718,
    "bin_y": 0.25652427
  },
  "joint_names": ["shoulder_pan_joint", "shoulder_lift_joint", "elbow_joint", "wrist_1_joint", "wrist_2_joint", "wrist_3_joint"],
  "start_joints": [-0.45133967, -1.7008136, -0.92049137, 0.868428, -8.2519668e-05, -0.00035898557],
  "goal_joints": [-1.7374644, -2.3891894, -0.87471611, -1.4494434, -4.712148, -0.16609444],
  "num_waypoints": 59,
  "trajectory": [
    [-0.45133967, -1.7008136, -0.92049137, 0.868428, -8.2519668e-05, -0.00035898557],
    [-0.45231262, -1.7006386, -0.92232401, 0.86549596, -0.0050825197, 0.00075537751],
    [-0.45523147, -1.7001135, -0.92782193, 0.85669982, -0.02008252, 0.0040984668],
    [-0.46009623, -1.6992383, -0.93698513, 0.84203958, -0.04508252, 0.0096702822],
    [-0.46690689, -1.6980131, -0.94981361, 0.82151526, -0.08008252, 0.017470824],
    [-0.47566345, -1.6964378, -0.96630737, 0.79512684, -0.12508252, 0.027500091],
    [-0.48636592, -1.6945125, -0.98646641, 0.76287433, -0.18008252, 0.039758085],
    [-0.49901429, -1.6922371, -1.0102907, 0.72475772, -0.24508252, 0.054244805],
    [-0.51360856, -1.6896116, -1.0377803, 0.68077703, -0.32008251, 0.070960249],
    [-0.53014873, -1.6866361, -1.0689352, 0.63093225, -0.40508249, 0.089904417],
    [-0.5486348, -1.6833106, -1.1037554, 0.57522337, -0.50008247, 0.11107731],
    [-0.56906678, -1.6796349, -1.1422408, 0.51365041, -0.60508245, 0.13447893],
    [-0.59144466, -1.6756092, -1.1843915, 0.44621335, -0.72008243, 0.16010928],
    [-0.61558548, -1.6712664, -1.2298629, 0.37346357, -0.84414217, 0.1877588],
    [-0.64003842, -1.6668674, -1.2759222, 0.2997732, -0.96980587, 0.21576579],
    [-0.66449136, -1.6624684, -1.3219814, 0.22608283, -1.0954696, 0.24377279],
    [-0.68894429, -1.6580694, -1.3680407, 0.15239247, -1.2211333, 0.27177979],
    [-0.71339723, -1.6536704, -1.4141, 0.078702101, -1.346797, 0.29978679],
    [-0.73785017, -1.6492714, -1.4601593, 0.0050117339, -1.4724607, 0.32779379],
    [-0.76230311, -1.6448724, -1.5062185, -0.068678633, -1.5981244, 0.35580079],
    [-0.78675605, -1.6404734, -1.5522778, -0.142369, -1.7237881, 0.38380779],
    [-0.811146, -1.6360857, -1.5982184, -0.21586957, -1.8491282, 0.41174265],
    [-0.8341309, -1.6319508, -1.6415125, -0.28513592, -1.9672476, 0.43806825],
    [-0.8551699, -1.628166, -1.6811413, -0.34853818, -2.0753671, 0.46216511],
    [-0.87426299, -1.6247312, -1.7171049, -0.40607634, -2.1734865, 0.48403325],
    [-0.89141019, -1.6216465, -1.7494031, -0.45775041, -2.261606, 0.50367267],
    [-0.90661147, -1.6189118, -1.7780361, -0.50356039, -2.3397254, 0.52108335],
    [-0.91986686, -1.6165272, -1.8030038, -0.54350627, -2.4078449, 0.53626532],
    [-0.93117634, -1.6144927, -1.8243062, -0.57758807, -2.4659644, 0.54921855],
    [-0.94203572, -1.6143193, -1.8399834, -0.60729805, -2.5180985, 0.5584844],
    [-0.95538283, -1.6191167, -1.8458054, -0.63532694, -2.5718396, 0.56094524],
    [-0.97081419, -1.6287282, -1.8416276, -0.66084725, -2.6255873, 0.55654754],
    [-0.98781524, -1.642885, -1.8274503, -0.68292032, -2.6774426, 0.5453457],
    [-1.0064466, -1.6612191, -1.8043463, -0.70233392, -2.728454, 0.52804556],
    [-1.0285774, -1.6832576, -1.7762028, -0.72495187, -2.7885083, 0.50703121],
    [-1.0543934, -1.7089659, -1.7433728, -0.75133606, -2.8585625, 0.48251763],
    [-1.0838944, -1.738344, -1.7058566, -0.78148651, -2.9386167, 0.45450482],
    [-1.1170806, -1.7713918, -1.6636539, -0.81540322, -3.0286709, 0.42299279],
    [-1.1539519, -1.8081094, -1.6167649, -0.85308617, -3.1287251, 0.38798153],
    [-1.1945083, -1.8484968, -1.5651896, -0.89453537, -3.2387793, 0.34947104],
    [-1.2387499, -1.8925539, -1.5089279, -0.93975083, -3.3588335, 0.30746132],
    [-1.2850518, -1.9386628, -1.4500461, -0.98707196, -3.4844786, 0.26349522],
    [-1.3313606, -1.9847785, -1.3911555, -1.0344001, -3.6101423, 0.21952261],
    [-1.3776693, -2.0308942, -1.332265, -1.0817282, -3.735806, 0.17555],
    [-1.4239781, -2.07701, -1.2733745, -1.1290564, -3.8614697, 0.13157739],
    [-1.4698006, -2.1226415, -1.2151023, -1.1758876, -3.985814, 0.08806648],
    [-1.5123737, -2.1650371, -1.1609624, -1.2193979, -4.1013407, 0.047641047],
    [-1.5512617, -2.203763, -1.1115088, -1.2591419, -4.2068674, 0.010714842],
    [-1.5864646, -2.2388191, -1.0667415, -1.2951197, -4.302394, -0.022712132],
    [-1.6179823, -2.2702054, -1.0266607, -1.3273312, -4.3879207, -0.052639878],
    [-1.6458149, -2.297922, -0.99126614, -1.3557764, -4.4634474, -0.079068394],
    [-1.6699624, -2.3219688, -0.96055799, -1.3804554, -4.5289741, -0.10199768],
    [-1.6904247, -2.3423458, -0.93453619, -1.4013682, -4.5845007, -0.12142774],
    [-1.7072019, -2.3590531, -0.91320076, -1.4185147, -4.6300274, -0.13735857],
    [-1.7202939, -2.3720906, -0.89655168, -1.4318949, -4.6655541, -0.14979017],
    [-1.7297008, -2.3814583, -0.88458896, -1.4415089, -4.6910808, -0.15872253],
    [-1.7354226, -2.3871562, -0.87731261, -1.4473567, -4.7066074, -0.16415568],
    [-1.7374593, -2.3891844, -0.87472261, -1.4494382, -4.7121341, -0.16608959],
    [-1.7374644, -2.3891894, -0.87471611, -1.4494434, -4.712148, -0.16609444]
  ]
}
