{
  "iteration": 105,
  "label": "pre_pick",
  "planning_time_ms": 47.118598,
  "scene": {
    "block_x": 0.35707568,
    "block_y": 0.35799678,
    "bin_x": 0.1733194,
    "bin_y": 0.38292456
  },
  "joint_names": ["shoulder_pan_joint", "shoulder_lift_joint", "elbow_joint", "wrist_1_joint", "wrist_2_joint", "wrist_3_joint"],
  "start_joints": [-0.45125054, -1.7009418, -0.9201097, 0.86797736, -9.1441607e-05, -0.00014582849],
  "goal_joints": [0.52644499, -0.65650583, 0.69550726, -1.6089793, -1.5704975, -1.044083],
  "num_waypoints": 37,
  "trajectory": [
    [-0.45125054, -1.7009418, -0.9201097, 0.86797736, -9.1441607e-05, -0.00014582849],
    [-0.44927696, -1.6988335, -0.91684841, 0.86297736, -0.003261473, -0.0022531265],
    [-0.44335621, -1.6925086, -0.90706452, 0.84797736, -0.012771567, -0.0085750207],
    [-0.4334883, -1.6819671, -0.89075805, 0.82297736, -0.028621725, -0.019111511],
    [-0.41967322, -1.667209, -0.86792899, 0.78797736, -0.050811945, -0.033862597],
    [-0.40191098, -1.6482342, -0.83857734, 0.74297736, -0.079342228, -0.05282828],
    [-0.38020158, -1.6250429, -0.80270311, 0.68797736, -0.11421257, -0.076008558],
    [-0.35454502, -1.5976349, -0.76030629, 0.62297737, -0.15542297, -0.10340343],
    [-0.32494129, -1.5660103, -0.71138688, 0.54797738, -0.20297344, -0.1350129],
    [-0.2913904, -1.5301691, -0.65594489, 0.4629774, -0.25686396, -0.17083695],
    [-0.25415822, -1.4903954, -0.59441967, 0.36865102, -0.31666748, -0.21059171],
    [-0.21613534, -1.4497769, -0.53158781, 0.27232139, -0.37774107, -0.25119076],
    [-0.17811245, -1.4091585, -0.46875596, 0.17599177, -0.43881466, -0.29178981],
    [-0.14008956, -1.3685401, -0.40592411, 0.079662141, -0.49988825, -0.33238885],
    [-0.10206667, -1.3279216, -0.34309225, -0.016667485, -0.56096183, -0.3729879],
    [-0.064043786, -1.2873032, -0.2802604, -0.11299711, -0.62203542, -0.41358695],
    [-0.026020899, -1.2466847, -0.21742855, -0.20932674, -0.68310901, -0.45418599],
    [0.012001989, -1.2060663, -0.1545967, -0.30565636, -0.7441826, -0.49478504],
    [0.050024876, -1.1654478, -0.091764843, -0.40198599, -0.80525619, -0.53538409],
    [0.088047763, -1.1248294, -0.02893299, -0.49831561, -0.86632978, -0.57598313],
    [0.12607065, -1.0842109, 0.033898863, -0.59464524, -0.92740336, -0.61658218],
    [0.16409354, -1.0435925, 0.096730717, -0.69097487, -0.98847695, -0.65718123],
    [0.20211643, -1.002974, 0.15956257, -0.78730449, -1.0495505, -0.69778028],
    [0.24013931, -0.9623556, 0.22239442, -0.88363412, -1.1106241, -0.73837932],
    [0.2781622, -0.92173715, 0.28522628, -0.97996374, -1.1716977, -0.77897837],
    [0.31618509, -0.88111871, 0.34805813, -1.0762934, -1.2327713, -0.81957742],
    [0.3540458, -0.84067351, 0.41062199, -1.1722121, -1.2935844, -0.8600033],
    [0.38896363, -0.80337209, 0.46832281, -1.2606752, -1.3496705, -0.89728691],
    [0.41993429, -0.77028727, 0.51950104, -1.3391383, -1.3994166, -0.93035592],
    [0.44695778, -0.74141907, 0.56415668, -1.4076013, -1.4428226, -0.95921033],
    [0.47003411, -0.71676748, 0.60228972, -1.4660644, -1.4798886, -0.98385015],
    [0.48916328, -0.6963325, 0.63390019, -1.5145274, -1.5106145, -1.0042754],
    [0.50434528, -0.68011413, 0.65898806, -1.5529905, -1.5350003, -1.020486],
    [0.51558012, -0.66811236, 0.67755334, -1.5814536, -1.553046, -1.032482],
    [0.52286779, -0.66032721, 0.68959604, -1.5999166, -1.5647517, -1.0402635],
    [0.5262083, -0.65675867, 0.69511614, -1.6083797, -1.5701174, -1.0438303],
    [0.52644499, -0.65650583, 0.69550726, -1.6089793, -1.5704975, -1.044083]
  ]
}
