{
  "iteration": 281,
  "label": "pre_pick",
  "planning_time_ms": 67.821257,
  "scene": {
    "block_x": 0.22699044,
    "block_y": 0.45670735,
    "bin_x": 0.3732788,
    "bin_y": 0.34784737
  },
  "joint_names": ["shoulder_pan_joint", "shoulder_lift_joint", "elbow_joint", "wrist_1_joint", "wrist_2_joint", "wrist_3_joint"],
  "start_joints": [-0.45130909, -1.7007867, -0.92027837, 0.86836101, 4.2586992e-05, -0.00036085321],
  "goal_joints": [-1.7706547, -2.5309199, -0.6080485, 4.7102582, -4.7118348, -0.19907611],
  "num_waypoints": 52,
  "trajectory": [
    [-0.45130909, -1.7007867, -0.92027837, 0.86836101, 4.2586992e-05, -0.00036085321],
    [-0.45270911, -1.7016676, -0.91994704, 0.87243784, -0.004957413, -0.00057171954],
    [-0.45690917, -1.7043103, -0.91895308, 0.8846683, -0.019957413, -0.0012043185],
    [-0.46390928, -1.7087148, -0.91729647, 0.90505241, -0.044957413, -0.0022586502],
    [-0.47370943, -1.714881, -0.91497721, 0.93359017, -0.079957413, -0.0037347144],
    [-0.48630962, -1.7228091, -0.91199531, 0.97028157, -0.12495741, -0.0056325114],
    [-0.50170985, -1.7324989, -0.90835077, 1.0151266, -0.17995741, -0.007952041],
    [-0.51991013, -1.7439506, -0.90404358, 1.0681253, -0.24495741, -0.010693303],
    [-0.54091044, -1.757164, -0.89907375, 1.1292776, -0.3199574, -0.013856298],
    [-0.5647108, -1.7721392, -0.89344128, 1.1985836, -0.40495738, -0.017441024],
    [-0.59131119, -1.7888762, -0.88714616, 1.2760432, -0.49995737, -0.021447484],
    [-0.62071163, -1.8073749, -0.88018839, 1.3616564, -0.60495734, -0.025875676],
    [-0.65291211, -1.8276355, -0.87256798, 1.4554233, -0.71995731, -0.0307256],
    [-0.68764935, -1.8494922, -0.86434724, 1.5565772, -0.84401701, -0.035957603],
    [-0.72283572, -1.8716315, -0.85602021, 1.6590389, -0.96968071, -0.041257251],
    [-0.75802209, -1.8937708, -0.84769317, 1.7615006, -1.0953444, -0.0465569],
    [-0.79320846, -1.9159101, -0.83936614, 1.8639623, -1.2210081, -0.051856549],
    [-0.82839483, -1.9380494, -0.83103911, 1.966424, -1.3466718, -0.057156198],
    [-0.8635812, -1.9601886, -0.82271207, 2.0688857, -1.4723355, -0.062455847],
    [-0.89876757, -1.9823279, -0.81438504, 2.1713475, -1.5979992, -0.067755496],
    [-0.93395395, -2.0044672, -0.806058, 2.2738092, -1.723663, -0.073055144],
    [-0.96914032, -2.0266065, -0.79773097, 2.3762709, -1.8493267, -0.078354793],
    [-1.0043267, -2.0487458, -0.78940394, 2.4787326, -1.9749904, -0.083654442],
    [-1.0395131, -2.0708851, -0.7810769, 2.5811943, -2.1006541, -0.088954091],
    [-1.0746994, -2.0930244, -0.77274987, 2.683656, -2.2263178, -0.09425374],
    [-1.1098858, -2.1151637, -0.76442284, 2.7861178, -2.3519815, -0.099553389],
    [-1.1450722, -2.137303, -0.7560958, 2.8885795, -2.4776452, -0.10485304],
    [-1.1802585, -2.1594422, -0.74776877, 2.9910412, -2.6033089, -0.11015269],
    [-1.2154449, -2.1815815, -0.73944173, 3.0935029, -2.7289726, -0.11545234],
    [-1.2506313, -2.2037208, -0.7311147, 3.1959646, -2.8546363, -0.12075198],
    [-1.2858177, -2.2258601, -0.72278767, 3.2984263, -2.9803, -0.12605163],
    [-1.321004, -2.2479994, -0.71446063, 3.400888, -3.1059637, -0.13135128],
    [-1.3561904, -2.2701387, -0.7061336, 3.5033498, -3.2316274, -0.13665093],
    [-1.3913768, -2.292278, -0.69780657, 3.6058115, -3.3572911, -0.14195058],
    [-1.4265631, -2.3144173, -0.68947953, 3.7082732, -3.4829548, -0.14725023],
    [-1.4617495, -2.3365565, -0.6811525, 3.8107349, -3.6086185, -0.15254988],
    [-1.4969359, -2.3586958, -0.67282546, 3.9131966, -3.7342822, -0.15784953],
    [-1.5321222, -2.3808351, -0.66449843, 4.0156583, -3.859946, -0.16314917],
    [-1.5669529, -2.4027506, -0.65625558, 4.1170842, -3.9843392, -0.16839525],
    [-1.5993278, -2.4231209, -0.64859389, 4.2113591, -4.0999622, -0.17327145],
    [-1.6289027, -2.4417295, -0.64159484, 4.2974803, -4.2055853, -0.17772591],
    [-1.6556776, -2.4585762, -0.63525844, 4.3754479, -4.3012083, -0.18175865],
    [-1.6796524, -2.4736612, -0.62958468, 4.4452619, -4.3868313, -0.18536965],
    [-1.7008271, -2.4869844, -0.62457356, 4.5069222, -4.4624543, -0.18855892],
    [-1.7192019, -2.4985458, -0.62022509, 4.5604289, -4.5280773, -0.19132646],
    [-1.7347765, -2.5083454, -0.61653926, 4.6057819, -4.5837003, -0.19367226],
    [-1.7475512, -2.5163832, -0.61351608, 4.6429813, -4.6293234, -0.19559633],
    [-1.7575258, -2.5226592, -0.61115554, 4.672027, -4.6649464, -0.19709867],
    [-1.7647003, -2.5271734, -0.60945764, 4.6929191, -4.6905694, -0.19817928],
    [-1.7690748, -2.5299259, -0.60842239, 4.7056576, -4.7061924, -0.19883815],
    [-1.7706493, -2.5309165, -0.60804979, 4.7102424, -4.7118154, -0.19907529],
    [-1.7706547, -2.5309199, -0.6080485, 4.7102582, -4.7118348, -0.19907611]
  ]
}
