{
  "iteration": 282,
  "label": "pre_pick",
  "planning_time_ms": 36.10609,
  "scene": {
    "block_x": 0.22512898,
    "block_y": 0.46327412,
    "bin_x": 0.13434449,
    "bin_y": 0.37411468
  },
  "joint_names": ["shoulder_pan_joint", "shoulder_lift_joint", "elbow_joint", "wrist_1_joint", "wrist_2_joint", "wrist_3_joint"],
  "start_joints": [-0.45131449, -1.7007705, -0.92037803, 0.86850368, 4.1155544e-05, -0.00042014338],
  "goal_joints": [-1.7654501, -3.0615756, 0.52181572, -2.1722957, 1.5709614, -0.19428652],
  "num_waypoints": 38,
  "trajectory": [
    [-0.45131449, -1.7007705, -0.92037803, 0.86850368, 4.1155544e-05, -0.00042014338],
    [-0.45347533, -1.703008, -0.91800662, 0.86350368, 0.0026242266, -0.00073891872],
    [-0.45995785, -1.7097208, -0.91089241, 0.84850368, 0.01037344, -0.0016952448],
    [-0.47076204, -1.7209087, -0.89903538, 0.82350368, 0.023288795, -0.0032891215],
    [-0.48588791, -1.7365717, -0.88243554, 0.78850368, 0.041370293, -0.0055205489],
    [-0.50533547, -1.7567099, -0.86109289, 0.74350368, 0.064617933, -0.008389527],
    [-0.5291047, -1.7813233, -0.83500743, 0.68850368, 0.093031715, -0.011896056],
    [-0.5571956, -1.8104118, -0.80417916, 0.62350369, 0.12661163, -0.016040135],
    [-0.58960818, -1.8439754, -0.76860808, 0.5485037, 0.16535769, -0.020821764],
    [-0.62634244, -1.8820143, -0.72829419, 0.46350372, 0.20926989, -0.026240944],
    [-0.66739837, -1.9245282, -0.6832375, 0.36850374, 0.25834823, -0.032297674],
    [-0.71277598, -1.9715174, -0.63343799, 0.26350377, 0.31259271, -0.038991954],
    [-0.76247526, -2.0229816, -0.57889568, 0.1485038, 0.37200333, -0.046323785],
    [-0.81608987, -2.0785003, -0.5200565, 0.024444086, 0.43609434, -0.054233221],
    [-0.87039768, -2.1347367, -0.46045657, -0.10121962, 0.501014, -0.062244919],
    [-0.92470549, -2.1909732, -0.40085665, -0.22688333, 0.56593366, -0.070256618],
    [-0.9790133, -2.2472097, -0.34125673, -0.35254703, 0.63085331, -0.078268316],
    [-1.0333211, -2.3034461, -0.2816568, -0.47821074, 0.69577297, -0.086280014],
    [-1.0876289, -2.3596826, -0.22205688, -0.60387444, 0.76069263, -0.094291713],
    [-1.1419367, -2.4159191, -0.16245696, -0.72953815, 0.82561228, -0.10230341],
    [-1.1962445, -2.4721555, -0.10285703, -0.85520186, 0.89053194, -0.11031511],
    [-1.2505523, -2.528392, -0.043257108, -0.98086556, 0.9554516, -0.11832681],
    [-1.3048602, -2.5846285, 0.016342816, -1.1065293, 1.0203713, -0.12633851],
    [-1.359168, -2.6408649, 0.075942739, -1.232193, 1.0852909, -0.1343502],
    [-1.4134758, -2.6971014, 0.13554266, -1.3578567, 1.1502106, -0.1423619],
    [-1.4663934, -2.7518983, 0.19361696, -1.4803037, 1.2134684, -0.15016852],
    [-1.515074, -2.8023078, 0.24704134, -1.5929465, 1.2716613, -0.15735007],
    [-1.559433, -2.8482421, 0.29572291, -1.6955894, 1.3246881, -0.16389407],
    [-1.5994702, -2.8897012, 0.33966167, -1.7882322, 1.3725487, -0.16980053],
    [-1.6351858, -2.9266851, 0.37885761, -1.8708751, 1.4152432, -0.17506943],
    [-1.6665797, -2.9591939, 0.41331074, -1.9435179, 1.4527715, -0.17970078],
    [-1.6936519, -2.9872276, 0.44302107, -2.0061608, 1.4851337, -0.18369458],
    [-1.7164025, -3.0107861, 0.46798858, -2.0588036, 1.5123297, -0.18705082],
    [-1.7348314, -3.0298694, 0.48821328, -2.1014465, 1.5343596, -0.18976952],
    [-1.7489385, -3.0444776, 0.50369516, -2.1340894, 1.5512234, -0.19185067],
    [-1.7587241, -3.0546106, 0.51443424, -2.1567322, 1.562921, -0.19329427],
    [-1.7641879, -3.0602685, 0.52043051, -2.1693751, 1.5694525, -0.19410031],
    [-1.7654501, -3.0615756, 0.52181572, -2.1722957, 1.5709614, -0.19428652]
  ]
}
