{
  "iteration": 487,
  "label": "pre_pick",
  "planning_time_ms": 50.871229,
  "scene": {
    "block_x": 0.19750367,
    "block_y": 0.44403555,
    "bin_x": 0.23729039,
    "bin_y": 0.25072387
  },
  "joint_names": ["shoulder_pan_joint", "shoulder_lift_joint", "elbow_joint", "wrist_1_joint", "wrist_2_joint", "wrist_3_joint"],
  "start_joints": [-0.45128624, -1.7006734, -0.92067181, 0.86886707, -0.00010904264, -0.00050392235],
  "goal_joints": [0.88484411, 0.069221506, -0.89772755, -0.74253621, 4.7135483, -0.6865903],
  "num_waypoints": 52,
  "trajectory": [
    [-0.45128624, -1.7006734, -0.92067181, 0.86886707, -0.00010904264, -0.00050392235],
    [-0.44986894, -1.6987959, -0.92064747, 0.86715778, 0.0048909574, -0.0012316867],
    [-0.44561705, -1.6931637, -0.92057446, 0.8620299, 0.019890957, -0.0034149798],
    [-0.43853056, -1.6837766, -0.92045277, 0.85348344, 0.044890957, -0.0070538017],
    [-0.42860949, -1.6706348, -0.9202824, 0.8415184, 0.079890957, -0.012148152],
    [-0.41585381, -1.6537381, -0.92006336, 0.82613477, 0.12489096, -0.018698032],
    [-0.40026355, -1.6330865, -0.91979564, 0.80733256, 0.17989096, -0.02670344],
    [-0.38183869, -1.6086802, -0.91947924, 0.78511176, 0.24489096, -0.036164377],
    [-0.36057924, -1.580519, -0.91911417, 0.75947239, 0.31989095, -0.047080841],
    [-0.3364852, -1.548603, -0.91870043, 0.73041443, 0.40489093, -0.059452833],
    [-0.30955656, -1.5129322, -0.918238, 0.69793789, 0.49989092, -0.073280354],
    [-0.27979333, -1.4735066, -0.9177269, 0.66204277, 0.6048909, -0.088563403],
    [-0.24719551, -1.4303261, -0.91716713, 0.62272906, 0.71989087, -0.10530198],
    [-0.21202963, -1.3837439, -0.91656325, 0.58031822, 0.84395056, -0.12335922],
    [-0.17640908, -1.3365594, -0.91595157, 0.53735903, 0.96961427, -0.14164994],
    [-0.14078852, -1.2893749, -0.91533989, 0.49439983, 1.095278, -0.15994065],
    [-0.10516797, -1.2421904, -0.91472821, 0.45144064, 1.2209417, -0.17823136],
    [-0.06954741, -1.1950059, -0.91411652, 0.40848145, 1.3466054, -0.19652208],
    [-0.033926855, -1.1478214, -0.91350484, 0.36552226, 1.4722691, -0.21481279],
    [0.0016937002, -1.1006369, -0.91289316, 0.32256307, 1.5979328, -0.23310351],
    [0.037314255, -1.0534524, -0.91228148, 0.27960388, 1.7235965, -0.25139422],
    [0.072934811, -1.0062679, -0.9116698, 0.23664469, 1.8492602, -0.26968493],
    [0.10855537, -0.95908345, -0.91105811, 0.1936855, 1.9749239, -0.28797565],
    [0.14417592, -0.91189896, -0.91044643, 0.1507263, 2.1005876, -0.30626636],
    [0.17979648, -0.86471446, -0.90983475, 0.10776711, 2.2262513, -0.32455707],
    [0.21541703, -0.81752996, -0.90922307, 0.064807921, 2.351915, -0.34284779],
    [0.25103759, -0.77034547, -0.90861139, 0.02184873, 2.4775787, -0.3611385],
    [0.28665814, -0.72316097, -0.9079997, -0.021110461, 2.6032424, -0.37942921],
    [0.3222787, -0.67597647, -0.90738802, -0.064069652, 2.7289062, -0.39771993],
    [0.35789925, -0.62879198, -0.90677634, -0.10702884, 2.8545699, -0.41601064],
    [0.39351981, -0.58160748, -0.90616466, -0.14998803, 2.9802336, -0.43430136],
    [0.42914036, -0.53442299, -0.90555297, -0.19294723, 3.1058973, -0.45259207],
    [0.46476092, -0.48723849, -0.90494129, -0.23590642, 3.231561, -0.47088278],
    [0.50038147, -0.44005399, -0.90432961, -0.27886561, 3.3572247, -0.4891735],
    [0.53600203, -0.3928695, -0.90371793, -0.3218248, 3.4828884, -0.50746421],
    [0.57162258, -0.345685, -0.90310625, -0.36478399, 3.6085521, -0.52575492],
    [0.60724314, -0.29850051, -0.90249456, -0.40774318, 3.7342158, -0.54404564],
    [0.64286369, -0.25131601, -0.90188288, -0.45070237, 3.8598795, -0.56233635],
    [0.67814409, -0.2045821, -0.90127704, -0.49325132, 3.9843432, -0.5804524],
    [0.71095866, -0.16111453, -0.90071354, -0.53282644, 4.1001078, -0.59730227],
    [0.74093865, -0.12140177, -0.90019872, -0.56898298, 4.2058725, -0.61269662],
    [0.76808404, -0.085443837, -0.89973258, -0.60172093, 4.3016372, -0.62663545],
    [0.79239483, -0.053240727, -0.89931511, -0.63104029, 4.3874018, -0.63911874],
    [0.81387104, -0.02479244, -0.89894631, -0.65694108, 4.4631665, -0.6501465],
    [0.83251264, -9.8975764e-05, -0.8986262, -0.67942328, 4.5289311, -0.65971874],
    [0.84831966, 0.020839666, -0.89835476, -0.69848689, 4.5846958, -0.66783544],
    [0.86129208, 0.038023484, -0.89813199, -0.71413192, 4.6304604, -0.67449662],
    [0.87142991, 0.05145248, -0.8979579, -0.72635837, 4.6662251, -0.67970227],
    [0.87873314, 0.061126652, -0.89783249, -0.73516624, 4.6919898, -0.68345239],
    [0.88320178, 0.067046002, -0.89775576, -0.74055552, 4.7077544, -0.68574698],
    [0.88483583, 0.069210529, -0.8977277, -0.74252621, 4.7135191, -0.68658604],
    [0.88484411, 0.069221506, -0.89772755, -0.74253621, 4.7135483, -0.6865903]
  ]
}
