{
  "iteration": 71,
  "label": "pre_pick",
  "planning_time_ms": 46.624338,
  "scene": {
    "block_x": 0.17856776,
    "block_y": 0.37443194,
    "bin_x": 0.33714403,
    "bin_y": 0.36463631
  },
  "joint_names": ["shoulder_pan_joint", "shoulder_lift_joint", "elbow_joint", "wrist_1_joint", "wrist_2_joint", "wrist_3_joint"],
  "start_joints": [-0.45139361, -1.7009189, -0.92029579, 0.86839038, 3.6777497e-05, -0.00025767464],
  "goal_joints": [-5.4719652, -1.0903645, 1.4532279, -1.9331985, 4.7124483, -0.75931574],
  "num_waypoints": 88,
  "trajectory": [
    [-0.45139361, -1.7009189, -0.92029579, 0.86839038, 3.6777497e-05, -0.00025767464],
    [-0.45639361, -1.7003109, -0.91793199, 0.86560028, 0.0047298801, -0.0010136225],
    [-0.47139361, -1.6984867, -0.9108406, 0.85722995, 0.018809188, -0.0032814661],
    [-0.49639361, -1.6954464, -0.89902161, 0.8432794, 0.042274701, -0.0070612054],
    [-0.53139361, -1.6911901, -0.88247502, 0.82374863, 0.075126419, -0.01235284],
    [-0.57639361, -1.6857176, -0.86120083, 0.79863765, 0.11736434, -0.019156371],
    [-0.63139361, -1.679029, -0.83519905, 0.76794644, 0.16898847, -0.027471797],
    [-0.69382443, -1.6714368, -0.80568428, 0.73310868, 0.22758733, -0.036910687],
    [-0.75665629, -1.6637958, -0.77597991, 0.69804713, 0.28656259, -0.046410208],
    [-0.81948814, -1.6561547, -0.74627555, 0.66298558, 0.34553786, -0.055909729],
    [-0.88231999, -1.6485137, -0.71657118, 0.62792403, 0.40451313, -0.06540925],
    [-0.94515185, -1.6408727, -0.68686682, 0.59286248, 0.46348839, -0.074908771],
    [-1.0079837, -1.6332317, -0.65716245, 0.55780093, 0.52246366, -0.084408292],
    [-1.0708156, -1.6255907, -0.62745809, 0.52273938, 0.58143893, -0.093907813],
    [-1.1336474, -1.6179497, -0.59775372, 0.48767783, 0.64041419, -0.10340733],
    [-1.1964793, -1.6103086, -0.56804936, 0.45261628, 0.69938946, -0.11290685],
    [-1.2593111, -1.6026676, -0.538345, 0.41755473, 0.75836473, -0.12240638],
    [-1.322143, -1.5950266, -0.50864063, 0.38249318, 0.81733999, -0.1319059],
    [-1.3849748, -1.5873856, -0.47893627, 0.34743163, 0.87631526, -0.14140542],
    [-1.4478067, -1.5797446, -0.4492319, 0.31237008, 0.93529053, -0.15090494],
    [-1.5106385, -1.5721036, -0.41952754, 0.27730853, 0.99426579, -0.16040446],
    [-1.5734704, -1.5644626, -0.38982317, 0.24224699, 1.0532411, -0.16990398],
    [-1.6363022, -1.5568215, -0.36011881, 0.20718544, 1.1122163, -0.1794035],
    [-1.6991341, -1.5491805, -0.33041444, 0.17212389, 1.1711916, -0.18890302],
    [-1.7619659, -1.5415395, -0.30071008, 0.13706234, 1.2301669, -0.19840254],
    [-1.8247978, -1.5338985, -0.27100571, 0.10200079, 1.2891421, -0.20790206],
    [-1.8876296, -1.5262575, -0.24130135, 0.066939238, 1.3481174, -0.21740159],
    [-1.9504615, -1.5186165, -0.21159698, 0.031877689, 1.4070927, -0.22690111],
    [-2.0132933, -1.5109754, -0.18189262, -0.0031838608, 1.4660679, -0.23640063],
    [-2.0761252, -1.5033344, -0.15218825, -0.03824541, 1.5250432, -0.24590015],
    [-2.1389571, -1.4956934, -0.12248389, -0.07330696, 1.5840185, -0.25539967],
    [-2.2017889, -1.4880524, -0.092779522, -0.10836851, 1.6429937, -0.26489919],
    [-2.2646208, -1.4804114, -0.063075157, -0.14343006, 1.701969, -0.27439871],
    [-2.3274526, -1.4727704, -0.033370792, -0.17849161, 1.7609443, -0.28389823],
    [-2.3902845, -1.4651294, -0.0036664273, -0.21355316, 1.8199195, -0.29339775],
    [-2.4531163, -1.4574883, 0.026037938, -0.24861471, 1.8788948, -0.30289727],
    [-2.5159482, -1.4498473, 0.055742302, -0.28367626, 1.9378701, -0.31239679],
    [-2.57878, -1.4422063, 0.085446667, -0.31873781, 1.9968453, -0.32189632],
    [-2.6416119, -1.4345653, 0.11515103, -0.35379936, 2.0558206, -0.33139584],
    [-2.7044437, -1.4269243, 0.1448554, -0.3888609, 2.1147959, -0.34089536],
    [-2.7672756, -1.4192833, 0.17455976, -0.42392245, 2.1737711, -0.35039488],
    [-2.8301074, -1.4116422, 0.20426413, -0.458984, 2.2327464, -0.3598944],
    [-2.8929393, -1.4040012, 0.23396849, -0.49404555, 2.2917217, -0.36939392],
    [-2.9557711, -1.3963602, 0.26367286, -0.5291071, 2.3506969, -0.37889344],
    [-3.018603, -1.3887192, 0.29337722, -0.56416865, 2.4096722, -0.38839296],
    [-3.0814348, -1.3810782, 0.32308159, -0.5992302, 2.4686475, -0.39789248],
    [-3.1442667, -1.3734372, 0.35278595, -0.63429175, 2.5276227, -0.407392],
    [-3.2070986, -1.3657962, 0.38249032, -0.6693533, 2.586598, -0.41689152],
    [-3.2699304, -1.3581551, 0.41219468, -0.70441485, 2.6455733, -0.42639105],
    [-3.3327623, -1.3505141, 0.44189905, -0.7394764, 2.7045485, -0.43589057],
    [-3.3955941, -1.3428731, 0.47160341, -0.77453795, 2.7635238, -0.44539009],
    [-3.458426, -1.3352321, 0.50130778, -0.8095995, 2.8224991, -0.45488961],
    [-3.5212578, -1.3275911, 0.53101214, -0.84466105, 2.8814743, -0.46438913],
    [-3.5840897, -1.3199501, 0.56071651, -0.8797226, 2.9404496, -0.47388865],
    [-3.6469215, -1.312309, 0.59042087, -0.91478415, 2.9994249, -0.48338817],
    [-3.7097534, -1.304668, 0.62012523, -0.9498457, 3.0584001, -0.49288769],
    [-3.7725852, -1.297027, 0.6498296, -0.98490724, 3.1173754, -0.50238721],
    [-3.8354171, -1.289386, 0.67953396, -1.0199688, 3.1763507, -0.51188673],
    [-3.8982489, -1.281745, 0.70923833, -1.0550303, 3.2353259, -0.52138626],
    [-3.9610808, -1.274104, 0.73894269, -1.0900919, 3.2943012, -0.53088578],
    [-4.0239126, -1.266463, 0.76864706, -1.1251534, 3.3532765, -0.5403853],
    [-4.0867445, -1.2588219, 0.79835142, -1.160215, 3.4122517, -0.54988482],
    [-4.1495764, -1.2511809, 0.82805579, -1.1952765, 3.471227, -0.55938434],
    [-4.2124082, -1.2435399, 0.85776015, -1.2303381, 3.5302023, -0.56888386],
    [-4.2752401, -1.2358989, 0.88746452, -1.2653996, 3.5891775, -0.57838338],
    [-4.3380719, -1.2282579, 0.91716888, -1.3004612, 3.6481528, -0.5878829],
    [-4.4009038, -1.2206169, 0.94687325, -1.3355227, 3.7071281, -0.59738242],
    [-4.4637356, -1.2129758, 0.97657761, -1.3705843, 3.7661033, -0.60688194],
    [-4.5265675, -1.2053348, 1.006282, -1.4056458, 3.8250786, -0.61638146],
    [-4.5893993, -1.1976938, 1.0359863, -1.4407074, 3.8840539, -0.62588099],
    [-4.6522312, -1.1900528, 1.0656907, -1.4757689, 3.9430291, -0.63538051],
    [-4.715063, -1.1824118, 1.0953951, -1.5108305, 4.0020044, -0.64488003],
    [-4.7778949, -1.1747708, 1.1250994, -1.545892, 4.0609797, -0.65437955],
    [-4.8407267, -1.1671297, 1.1548038, -1.5809536, 4.1199549, -0.66387907],
    [-4.9035586, -1.1594887, 1.1845082, -1.6160151, 4.1789302, -0.67337859],
    [-4.9663904, -1.1518477, 1.2142125, -1.6510767, 4.2379055, -0.68287811],
    [-5.0292223, -1.1442067, 1.2439169, -1.6861382, 4.2968807, -0.69237763],
    [-5.0920541, -1.1365657, 1.2736213, -1.7211998, 4.355856, -0.70187715],
    [-5.154886, -1.1289247, 1.3033256, -1.7562613, 4.4148313, -0.71137667],
    [-5.2177179, -1.1212837, 1.33303, -1.7913229, 4.4738065, -0.72087619],
    [-5.2805045, -1.1136481, 1.362713, -1.8263592, 4.5327393, -0.73036888],
    [-5.3373851, -1.1067309, 1.3896038, -1.8580998, 4.5861287, -0.73896864],
    [-5.3842658, -1.1010297, 1.4117671, -1.8842603, 4.6301318, -0.7460565],
    [-5.4211464, -1.0965446, 1.4292028, -1.9048405, 4.6647488, -0.75163247],
    [-5.4480271, -1.0932756, 1.4419109, -1.9198405, 4.6899795, -0.75569655],
    [-5.4649077, -1.0912228, 1.4498914, -1.9292602, 4.705824, -0.75824872],
    [-5.4717884, -1.090386, 1.4531443, -1.9330998, 4.7122823, -0.75928901],
    [-5.4719652, -1.0903645, 1.4532279, -1.9331985, 4.7124483, -0.75931574]
  ]
}
