{
  "iteration": 13,
  "label": "pre_pick",
  "planning_time_ms": 270.12249,
  "scene": {
    "block_x": 0.13762041,
    "block_y": 0.3754408,
    "bin_x": 0.21758833,
    "bin_y": 0.26195306
  },
  "joint_names": ["shoulder_pan_joint", "shoulder_lift_joint", "elbow_joint", "wrist_1_joint", "wrist_2_joint", "wrist_3_joint"],
  "start_joints": [-0.4512632, -1.7008894, -0.92011516, 0.86831328, -3.3504767e-05, -9.8325168e-05],
  "goal_joints": [4.6979383, -3.4092844, 1.553646, 3.4265095, -4.7125966, -0.015091744],
  "num_waypoints": 90,
  "trajectory": [
    [-0.4512632, -1.7008894, -0.92011516, 0.86831328, -3.3504767e-05, -9.8325168e-05],
    [-0.4462632, -1.7024594, -0.91752623, 0.87094653, -0.0045561838, -0.00010326916],
    [-0.4312632, -1.7071694, -0.90975942, 0.87884627, -0.018124221, -0.00011810113],
    [-0.4062632, -1.7150193, -0.89681475, 0.8920125, -0.040737616, -0.00014282108],
    [-0.3712632, -1.7260093, -0.87869221, 0.91044523, -0.072396369, -0.00017742901],
    [-0.3262632, -1.7401392, -0.8553918, 0.93414445, -0.11310048, -0.00022192491],
    [-0.2712632, -1.7574092, -0.82691352, 0.96311016, -0.16284995, -0.0002763088],
    [-0.20883245, -1.7770123, -0.79458769, 0.99598927, -0.2193208, -0.00033804021],
    [-0.14600059, -1.7967414, -0.76205418, 1.0290796, -0.27615447, -0.00040016822],
    [-0.083168741, -1.8164706, -0.72952067, 1.06217, -0.33298813, -0.00046229622],
    [-0.020336888, -1.8361997, -0.69698716, 1.0952603, -0.38982179, -0.00052442423],
    [0.042494965, -1.8559288, -0.66445365, 1.1283507, -0.44665545, -0.00058655224],
    [0.10532682, -1.8756579, -0.63192014, 1.161441, -0.50348911, -0.00064868025],
    [0.16815867, -1.895387, -0.59938663, 1.1945314, -0.56032277, -0.00071080826],
    [0.23099052, -1.9151161, -0.56685312, 1.2276217, -0.61715643, -0.00077293626],
    [0.29382238, -1.9348452, -0.53431961, 1.2607121, -0.67399009, -0.00083506427],
    [0.35665423, -1.9545744, -0.5017861, 1.2938024, -0.73082375, -0.00089719228],
    [0.41948608, -1.9743035, -0.46925259, 1.3268928, -0.78765741, -0.00095932029],
    [0.48231794, -1.9940326, -0.43671908, 1.3599831, -0.84449107, -0.0010214483],
    [0.54514979, -2.0137617, -0.40418557, 1.3930735, -0.90132473, -0.0010835763],
    [0.60798164, -2.0334908, -0.37165205, 1.4261638, -0.95815839, -0.0011457043],
    [0.6708135, -2.0532199, -0.33911854, 1.4592542, -1.0149921, -0.0012078323],
    [0.73364535, -2.072949, -0.30658503, 1.4923445, -1.0718257, -0.0012699603],
    [0.7964772, -2.0926782, -0.27405152, 1.5254349, -1.1286594, -0.0013320883],
    [0.85930905, -2.1124073, -0.24151801, 1.5585252, -1.185493, -0.0013942163],
    [0.92214091, -2.1321364, -0.2089845, 1.5916156, -1.2423267, -0.0014563444],
    [0.98497276, -2.1518655, -0.17645099, 1.6247059, -1.2991604, -0.0015184724],
    [1.0478046, -2.1715946, -0.14391748, 1.6577963, -1.355994, -0.0015806004],
    [1.1106365, -2.1913237, -0.11138397, 1.6908866, -1.4128277, -0.0016427284],
    [1.1734683, -2.2110528, -0.07885046, 1.723977, -1.4696613, -0.0017048564],
    [1.2363002, -2.230782, -0.046316949, 1.7570673, -1.526495, -0.0017669844],
    [1.299132, -2.2505111, -0.013783439, 1.7901577, -1.5833287, -0.0018291124],
    [1.3619639, -2.2702402, 0.018750072, 1.823248, -1.6401623, -0.0018912404],
    [1.4247957, -2.2899693, 0.051283582, 1.8563384, -1.696996, -0.0019533684],
    [1.4876276, -2.3096984, 0.083817093, 1.8894288, -1.7538296, -0.0020154964],
    [1.5504594, -2.3294275, 0.1163506, 1.9225191, -1.8106633, -0.0020776244],
    [1.6132913, -2.3491566, 0.14888411, 1.9556095, -1.867497, -0.0021397524],
    [1.6761231, -2.3688858, 0.18141762, 1.9886998, -1.9243306, -0.0022018805],
    [1.738955, -2.3886149, 0.21395113, 2.0217902, -1.9811643, -0.0022640085],
    [1.8017869, -2.408344, 0.24648465, 2.0548805, -2.0379979, -0.0023261365],
    [1.8646187, -2.4280731, 0.27901816, 2.0879709, -2.0948316, -0.0023882645],
    [1.9274506, -2.4478022, 0.31155167, 2.1210612, -2.1516653, -0.0024503925],
    [1.9902824, -2.4675313, 0.34408518, 2.1541516, -2.2084989, -0.0025125205],
    [2.0531143, -2.4872604, 0.37661869, 2.1872419, -2.2653326, -0.0025746485],
    [2.1159461, -2.5069895, 0.4091522, 2.2203323, -2.3221663, -0.0026367765],
    [2.178778, -2.5267187, 0.44168571, 2.2534226, -2.3789999, -0.0026989045],
    [2.2416098, -2.5464478, 0.47421922, 2.286513, -2.4358336, -0.0027610325],
    [2.3044417, -2.5661769, 0.50675273, 2.3196033, -2.4926672, -0.0028231605],
    [2.3672735, -2.585906, 0.53928624, 2.3526937, -2.5495009, -0.0028852885],
    [2.4301054, -2.6056351, 0.57181975, 2.385784, -2.6063346, -0.0029474166],
    [2.4929372, -2.6253642, 0.60435326, 2.4188744, -2.6631682, -0.0030095446],
    [2.5557691, -2.6450933, 0.63688677, 2.4519647, -2.7200019, -0.0030716726],
    [2.6186009, -2.6648225, 0.66942028, 2.4850551, -2.7768355, -0.0031338006],
    [2.6814328, -2.6845516, 0.70195379, 2.5181454, -2.8336692, -0.0031959286],
    [2.7442646, -2.7042807, 0.7344873, 2.5512358, -2.8905029, -0.0032580566],
    [2.8070965, -2.7240098, 0.76702081, 2.5843261, -2.9473365, -0.0033201846],
    [2.8699284, -2.7437389, 0.79955432, 2.6174165, -3.0041702, -0.0033823126],
    [2.9327602, -2.763468, 0.83208784, 2.6505068, -3.0610038, -0.0034444406],
    [2.9955921, -2.7831971, 0.86462135, 2.6835972, -3.1178375, -0.0035065686],
    [3.0584239, -2.8029263, 0.89715486, 2.7166875, -3.1746712, -0.0035686966],
    [3.1212558, -2.8226554, 0.92968837, 2.7497779, -3.2315048, -0.0036308246],
    [3.1840876, -2.8423845, 0.96222188, 2.7828682, -3.2883385, -0.0036929527],
    [3.2469195, -2.8621136, 0.99475539, 2.8159586, -3.3451721, -0.0037550807],
    [3.3097513, -2.8818427, 1.0272889, 2.8490489, -3.4020058, -0.0038172087],
    [3.3725832, -2.9015718, 1.0598224, 2.8821393, -3.4588395, -0.0038793367],
    [3.435415, -2.9213009, 1.0923559, 2.9152296, -3.5156731, -0.0039414647],
    [3.4982469, -2.9410301, 1.1248894, 2.94832, -3.5725068, -0.0040035927],
    [3.5610787, -2.9607592, 1.1574229, 2.9814103, -3.6293404, -0.0040657207],
    [3.6239106, -2.9804883, 1.1899565, 3.0145007, -3.6861741, -0.0041278487],
    [3.6867424, -3.0002174, 1.22249, 3.047591, -3.7430078, -0.0041899767],
    [3.7495743, -3.0199465, 1.2550235, 3.0806814, -3.7998414, -0.0042521047],
    [3.8124061, -3.0396756, 1.287557, 3.1137717, -3.8566751, -0.0043142327],
    [3.875238, -3.0594047, 1.3200905, 3.1468621, -3.9135087, -0.0043763607],
    [3.9380699, -3.0791339, 1.352624, 3.1799524, -3.9703424, -0.0044384888],
    [4.0009017, -3.098863, 1.3851575, 3.2130428, -4.0271761, -0.0045006168],
    [4.0637336, -3.1185921, 1.417691, 3.2461331, -4.0840097, -0.0045627448],
    [4.1265654, -3.1398602, 1.4469898, 3.276641, -4.1417667, -0.0047913233],
    [4.1893973, -3.1649189, 1.4683216, 3.3007883, -4.2017978, -0.0054298688],
    [4.2522291, -3.193677, 1.4818777, 3.3187279, -4.2640483, -0.0064685278],
    [4.315061, -3.2240713, 1.4919949, 3.3339219, -4.3272804, -0.0076841472],
    [4.3778928, -3.2544656, 1.5021122, 3.3491159, -4.3905125, -0.0088997666],
    [4.4407247, -3.2848599, 1.5122294, 3.36431, -4.4537446, -0.010115386],
    [4.5035336, -3.3152431, 1.5223429, 3.3794985, -4.5169536, -0.011330562],
    [4.5607222, -3.3429075, 1.5315514, 3.3933278, -4.5745065, -0.012437],
    [4.6079741, -3.3657651, 1.5391599, 3.4047543, -4.6220593, -0.01335119],
    [4.6452892, -3.3838159, 1.5451684, 3.4137779, -4.6596122, -0.014073133],
    [4.6726677, -3.39706, 1.5495769, 3.4203985, -4.6871651, -0.014602829],
    [4.6901094, -3.4054973, 1.5523854, 3.4246163, -4.7047179, -0.014940278],
    [4.6976145, -3.4091278, 1.5535938, 3.4264312, -4.7122708, -0.01508548],
    [4.6979383, -3.4092844, 1.553646, 3.4265095, -4.7125966, -0.015091744]
  ]
}
