{
  "iteration": 600,
  "label": "pre_pick",
  "planning_time_ms": 61.247452,
  "scene": {
    "block_x": 0.15074211,
    "block_y": 0.47053795,
    "bin_x": 0.32456376,
    "bin_y": 0.2528991
  },
  "joint_names": ["shoulder_pan_joint", "shoulder_lift_joint", "elbow_joint", "wrist_1_joint", "wrist_2_joint", "wrist_3_joint"],
  "start_joints": [-0.45127214, -1.7009516, -0.92003389, 0.86784244, -5.4285689e-05, 8.8649916e-06],
  "goal_joints": [-1.6083034, -2.4244664, -0.81025748, 4.8055584, -4.7118862, -0.037569569],
  "num_waypoints": 52,
  "trajectory": [
    [-0.45127214, -1.7009516, -0.92003389, 0.86784244, -5.4285689e-05, 8.8649916e-06],
    [-0.45249993, -1.7017193, -0.9199174, 0.87202098, -0.0050542857, -3.101168e-05],
    [-0.45618331, -1.7040226, -0.91956792, 0.8845566, -0.020054286, -0.00015064169],
    [-0.46232228, -1.7078614, -0.91898547, 0.9054493, -0.045054286, -0.00035002505],
    [-0.47091683, -1.7132358, -0.91817004, 0.93469909, -0.080054286, -0.00062916175],
    [-0.48196697, -1.7201457, -0.91712163, 0.97230595, -0.12505429, -0.00098805179],
    [-0.4954727, -1.7285911, -0.91584024, 1.0182699, -0.18005429, -0.0014266952],
    [-0.51143401, -1.738572, -0.91432587, 1.0725909, -0.24505429, -0.0019450919],
    [-0.52985091, -1.7500884, -0.91257852, 1.135269, -0.32005428, -0.0025432419],
    [-0.5507234, -1.7631404, -0.91059818, 1.2063042, -0.40505426, -0.0032211452],
    [-0.57405147, -1.7777279, -0.90838487, 1.2856964, -0.50005424, -0.0039788018],
    [-0.59983512, -1.793851, -0.90593858, 1.3734458, -0.60505422, -0.0048162117],
    [-0.62807436, -1.8115095, -0.90325931, 1.4695522, -0.72005419, -0.0057333749],
    [-0.6585383, -1.8305593, -0.90036896, 1.5732299, -0.8441139, -0.0067227926],
    [-0.68939612, -1.8498553, -0.89744124, 1.6782481, -0.96977761, -0.0077250026],
    [-0.72025393, -1.8691513, -0.89451353, 1.7832662, -1.0954413, -0.0087272127],
    [-0.75111174, -1.8884473, -0.89158581, 1.8882844, -1.221105, -0.0097294227],
    [-0.78196956, -1.9077433, -0.88865809, 1.9933026, -1.3467687, -0.010731633],
    [-0.81282737, -1.9270393, -0.88573038, 2.0983208, -1.4724324, -0.011733843],
    [-0.84368519, -1.9463353, -0.88280266, 2.2033389, -1.5980961, -0.012736053],
    [-0.874543, -1.9656313, -0.87987494, 2.3083571, -1.7237598, -0.013738263],
    [-0.90540081, -1.9849273, -0.87694722, 2.4133753, -1.8494235, -0.014740473],
    [-0.93625863, -2.0042233, -0.87401951, 2.5183935, -1.9750873, -0.015742683],
    [-0.96711644, -2.0235194, -0.87109179, 2.6234116, -2.100751, -0.016744893],
    [-0.99797425, -2.0428154, -0.86816407, 2.7284298, -2.2264147, -0.017747103],
    [-1.0288321, -2.0621114, -0.86523636, 2.833448, -2.3520784, -0.018749313],
    [-1.0596899, -2.0814074, -0.86230864, 2.9384662, -2.4777421, -0.019751523],
    [-1.0905477, -2.1007034, -0.85938092, 3.0434843, -2.6034058, -0.020753733],
    [-1.1214055, -2.1199994, -0.85645321, 3.1485025, -2.7290695, -0.021755943],
    [-1.1522633, -2.1392954, -0.85352549, 3.2535207, -2.8547332, -0.022758153],
    [-1.1831211, -2.1585914, -0.85059777, 3.3585389, -2.9803969, -0.023760364],
    [-1.213979, -2.1778874, -0.84767006, 3.463557, -3.1060606, -0.024762574],
    [-1.2448368, -2.1971834, -0.84474234, 3.5685752, -3.2317243, -0.025764784],
    [-1.2756946, -2.2164795, -0.84181462, 3.6735934, -3.357388, -0.026766994],
    [-1.3065524, -2.2357755, -0.83888691, 3.7786116, -3.4830517, -0.027769204],
    [-1.3374102, -2.2550715, -0.83595919, 3.8836297, -3.6087154, -0.028771414],
    [-1.368268, -2.2743675, -0.83303147, 3.9886479, -3.7343791, -0.029773624],
    [-1.3991258, -2.2936635, -0.83010376, 4.0936661, -3.8600428, -0.030775834],
    [-1.4296712, -2.3127641, -0.82720568, 4.197621, -3.9844343, -0.031767897],
    [-1.4580626, -2.3305178, -0.82451198, 4.2942451, -4.1000537, -0.032690001],
    [-1.4839983, -2.346736, -0.82205125, 4.3825121, -4.2056731, -0.033532351],
    [-1.5074785, -2.3614186, -0.81982351, 4.462422, -4.3012925, -0.034294947],
    [-1.5285031, -2.3745657, -0.81782875, 4.5339748, -4.3869119, -0.03497779],
    [-1.5470721, -2.3861773, -0.81606696, 4.5971705, -4.4625313, -0.03558088],
    [-1.5631855, -2.3962533, -0.81453816, 4.6520092, -4.5281506, -0.036104217],
    [-1.5768433, -2.4047938, -0.81324234, 4.6984907, -4.58377, -0.0365478],
    [-1.5880456, -2.4117988, -0.8121795, 4.7366152, -4.6293894, -0.03691163],
    [-1.5967922, -2.4172682, -0.81134963, 4.7663826, -4.6650088, -0.037195707],
    [-1.6030833, -2.4212022, -0.81075275, 4.787793, -4.6906282, -0.03740003],
    [-1.6069188, -2.4236006, -0.81038885, 4.8008462, -4.7062476, -0.0375246],
    [-1.6082986, -2.4244635, -0.81025793, 4.8055424, -4.711867, -0.037569416],
    [-1.6083034, -2.4244664, -0.81025748, 4.8055584, -4.7118862, -0.037569569]
  ]
}
