{
  "iteration": 48,
  "label": "pre_pick",
  "planning_time_ms": 60.410522,
  "scene": {
    "block_x": 0.25517252,
    "block_y": 0.43660233,
    "bin_x": 0.13209613,
    "bin_y": 0.27945386
  },
  "joint_names": ["shoulder_pan_joint", "shoulder_lift_joint", "elbow_joint", "wrist_1_joint", "wrist_2_joint", "wrist_3_joint"],
  "start_joints": [-0.45123374, -1.7008476, -0.92035997, 0.86854519, -0.00010411445, -0.00025553126],
  "goal_joints": [-1.8355563, -2.4980358, -0.67111735, -1.5433733, 1.5705903, -0.26482612],
  "num_waypoints": 34,
  "trajectory": [
    [-0.45123374, -1.7008476, -0.92035997, 0.86854519, -0.00010411445, -0.00025553126],
    [-0.4541035, -1.7025002, -0.91984328, 0.86354519, 0.0031519957, -0.00080399629],
    [-0.46271276, -1.707458, -0.91829321, 0.84854519, 0.012920326, -0.0024493914],
    [-0.47706153, -1.715721, -0.91570976, 0.82354519, 0.029200877, -0.0051917165],
    [-0.49714981, -1.7272893, -0.91209294, 0.78854519, 0.051993648, -0.0090309717],
    [-0.52297759, -1.7421627, -0.90744273, 0.74354519, 0.081298639, -0.013967157],
    [-0.55454489, -1.7603413, -0.90175915, 0.68854519, 0.11711585, -0.020000272],
    [-0.59185169, -1.7818251, -0.89504218, 0.6235452, 0.15944528, -0.027130317],
    [-0.63489799, -1.8066141, -0.88729184, 0.54854521, 0.20828692, -0.035357291],
    [-0.6836838, -1.8347084, -0.87850812, 0.46354522, 0.26364079, -0.044681195],
    [-0.73820911, -1.8661078, -0.86869102, 0.36854524, 0.32550687, -0.055102028],
    [-0.7984659, -1.9008078, -0.85784199, 0.26355926, 0.39387605, -0.066618256],
    [-0.86129776, -1.9369907, -0.84652932, 0.15408672, 0.46516698, -0.078626628],
    [-0.92412961, -1.9731736, -0.83521666, 0.044614175, 0.53645791, -0.090635],
    [-0.98696146, -2.0093565, -0.823904, -0.064858367, 0.60774884, -0.10264337],
    [-1.0497933, -2.0455394, -0.81259133, -0.17433091, 0.67903977, -0.11465174],
    [-1.1126252, -2.0817223, -0.80127867, -0.28380345, 0.7503307, -0.12666012],
    [-1.175457, -2.1179052, -0.789966, -0.39327599, 0.82162163, -0.13866849],
    [-1.2382889, -2.1540881, -0.77865334, -0.50274853, 0.89291256, -0.15067686],
    [-1.3011207, -2.1902711, -0.76734068, -0.61222107, 0.96420349, -0.16268523],
    [-1.3639526, -2.226454, -0.75602801, -0.72169362, 1.0354944, -0.1746936],
    [-1.4267844, -2.2626369, -0.74471535, -0.83116616, 1.1067854, -0.18670198],
    [-1.4896163, -2.2988198, -0.73340268, -0.9406387, 1.1780763, -0.19871035],
    [-1.5497601, -2.3334547, -0.72257399, -1.0454279, 1.2463173, -0.21020499],
    [-1.6041674, -2.3647862, -0.71277814, -1.1402222, 1.3080494, -0.22060326],
    [-1.6528352, -2.3928124, -0.70401567, -1.2250165, 1.3632694, -0.22990461],
    [-1.6957634, -2.4175335, -0.69628658, -1.2998109, 1.4119771, -0.23810902],
    [-1.7329522, -2.4389493, -0.68959087, -1.3646052, 1.4541726, -0.24521651],
    [-1.7644014, -2.45706, -0.68392854, -1.4193995, 1.4898559, -0.25122706],
    [-1.7901112, -2.4718654, -0.67929959, -1.4641939, 1.5190269, -0.25614069],
    [-1.8100814, -2.4833657, -0.67570401, -1.4989882, 1.5416858, -0.25995738],
    [-1.8243122, -2.4915607, -0.67314182, -1.5237825, 1.5578324, -0.26267715],
    [-1.8328034, -2.4964505, -0.671613, -1.5385769, 1.5674668, -0.26429998],
    [-1.8355563, -2.4980358, -0.67111735, -1.5433733, 1.5705903, -0.26482612]
  ]
}
