{
  "iteration": 624,
  "label": "pre_pick",
  "planning_time_ms": 44.575888,
  "scene": {
    "block_x": 0.1673443,
    "block_y": 0.44657266,
    "bin_x": 0.15310564,
    "bin_y": 0.25556008
  },
  "joint_names": ["shoulder_pan_joint", "shoulder_lift_joint", "elbow_joint", "wrist_1_joint", "wrist_2_joint", "wrist_3_joint"],
  "start_joints": [-0.45122522, -1.7007871, -0.92006884, 0.8681641, 6.0455004e-05, -8.8394906e-05],
  "goal_joints": [0.93860159, 0.10581246, -0.99761139, -0.67959702, -1.5713278, -0.632082],
  "num_waypoints": 37,
  "trajectory": [
    [-0.45122522, -1.7007871, -0.92006884, 0.8681641, 6.0455004e-05, -8.8394906e-05],
    [-0.44737869, -1.6957871, -0.92028345, 0.86388047, -0.004288567, -0.0018375196],
    [-0.43583911, -1.6807871, -0.92092727, 0.85102957, -0.017335633, -0.0070848938],
    [-0.41660647, -1.6557871, -0.92200032, 0.82961142, -0.039080743, -0.015830517],
    [-0.38968078, -1.6207871, -0.92350258, 0.799626, -0.069523897, -0.028074391],
    [-0.35506204, -1.5757871, -0.92543407, 0.76107333, -0.10866509, -0.043816513],
    [-0.31275025, -1.5207871, -0.92779477, 0.7139534, -0.15650433, -0.063056882],
    [-0.26472193, -1.4583564, -0.93047441, 0.66046733, -0.21080688, -0.084896718],
    [-0.21638505, -1.3955245, -0.93317127, 0.60663764, -0.2654583, -0.10687687],
    [-0.16804817, -1.3326927, -0.93586812, 0.55280795, -0.32010972, -0.12885702],
    [-0.11971128, -1.2698608, -0.93856498, 0.49897826, -0.37476114, -0.15083717],
    [-0.0713744, -1.207029, -0.94126184, 0.44514857, -0.42941256, -0.17281732],
    [-0.023037516, -1.1441971, -0.9439587, 0.39131888, -0.48406399, -0.19479747],
    [0.025299367, -1.0813653, -0.94665556, 0.33748918, -0.53871541, -0.21677762],
    [0.073636251, -1.0185334, -0.94935241, 0.28365949, -0.59336683, -0.23875777],
    [0.12197313, -0.95570155, -0.95204927, 0.2298298, -0.64801825, -0.26073791],
    [0.17031002, -0.8928697, -0.95474613, 0.17600011, -0.70266967, -0.28271806],
    [0.2186469, -0.83003785, -0.95744299, 0.12217042, -0.7573211, -0.30469821],
    [0.26698378, -0.76720599, -0.96013985, 0.068340726, -0.81197252, -0.32667836],
    [0.31532067, -0.70437414, -0.9628367, 0.014511034, -0.86662394, -0.34865851],
    [0.36365755, -0.64154229, -0.96553356, -0.039318658, -0.92127536, -0.37063866],
    [0.41199444, -0.57871043, -0.96823042, -0.09314835, -0.97592678, -0.39261881],
    [0.46033132, -0.51587858, -0.97092728, -0.14697804, -1.0305782, -0.41459896],
    [0.5086682, -0.45304673, -0.97362414, -0.20080773, -1.0852296, -0.43657911],
    [0.55700509, -0.39021488, -0.97632099, -0.25463742, -1.1398811, -0.45855926],
    [0.60534197, -0.32738302, -0.97901785, -0.30846712, -1.1945325, -0.48053941],
    [0.65367885, -0.26455117, -0.98171471, -0.36229681, -1.2491839, -0.50251956],
    [0.70201574, -0.20171932, -0.98441157, -0.4161265, -1.3038353, -0.52449971],
    [0.75035262, -0.13888746, -0.98710843, -0.46995619, -1.3584867, -0.54647986],
    [0.79845469, -0.076360834, -0.98979218, -0.52352439, -1.4128727, -0.56835323],
    [0.84104431, -0.020999704, -0.99216838, -0.57095372, -1.461026, -0.58771994],
    [0.87594087, 0.024361425, -0.99411537, -0.60981578, -1.5004813, -0.60358839],
    [0.90314438, 0.059722554, -0.99563313, -0.64011059, -1.5312386, -0.6159586],
    [0.92265483, 0.085083684, -0.99672168, -0.66183813, -1.5532978, -0.62483055],
    [0.93447223, 0.10044481, -0.997381, -0.67499841, -1.566659, -0.63020426],
    [0.93859658, 0.10580594, -0.99761111, -0.67959143, -1.5713221, -0.63207972],
    [0.93860159, 0.10581246, -0.99761139, -0.67959702, -1.5713278, -0.632082]
  ]
}
