{
  "iteration": 9,
  "label": "pick_descend",
  "planning_time_ms": 6.696642,
  "scene": {
    "block_x": 0.14773033,
    "block_y": 0.46673565,
    "bin_x": 0.36177461,
    "bin_y": 0.36495905
  },
  "joint_names": ["shoulder_pan_joint", "shoulder_lift_joint", "elbow_joint", "wrist_1_joint", "wrist_2_joint", "wrist_3_joint"],
  "start_joints": [4.6768847, -2.3911658, -0.87219656, -1.4482533, 1.5712354, -0.034720186],
  "goal_joints": [4.6768594, -2.4465971, -1.010707, -1.2543115, 1.5712354, -0.034745502],
  "num_waypoints": 10,
  "trajectory": [
    [4.6768847, -2.3911658, -0.87219656, -1.4482533, 1.5712354, -0.034720186],
    [4.6768841, -2.392003, -0.87635941, -1.4432533, 1.5712354, -0.034720792],
    [4.6768823, -2.3945849, -0.88877766, -1.4282531, 1.5712354, -0.034722614],
    [4.6768792, -2.3995236, -0.90884027, -1.4032517, 1.5712354, -0.034725702],
    [4.6768747, -2.4078337, -0.93553316, -1.3682488, 1.5712354, -0.034730137],
    [4.6768693, -2.4198261, -0.96498866, -1.3268009, 1.5712354, -0.034735559],
    [4.6768648, -2.431119, -0.9867715, -1.2937251, 1.5712354, -0.034740022],
    [4.6768617, -2.4399311, -1.0010351, -1.2706495, 1.5712354, -0.03474321],
    [4.6768598, -2.4452565, -1.0087861, -1.257573, 1.5712354, -0.034745044],
    [4.6768594, -2.4465971, -1.010707, -1.2543115, 1.5712354, -0.034745502]
  ]
}
