{
  "iteration": 883,
  "label": "pre_pick",
  "planning_time_ms": 44.695182,
  "scene": {
    "block_x": 0.27784079,
    "block_y": 0.37590264,
    "bin_x": 0.20148771,
    "bin_y": 0.27358474
  },
  "joint_names": ["shoulder_pan_joint", "shoulder_lift_joint", "elbow_joint", "wrist_1_joint", "wrist_2_joint", "wrist_3_joint"],
  "start_joints": [-0.45137341, -1.7008591, -0.92031818, 0.86833292, 8.4737663e-05, -0.00012094191],
  "goal_joints": [4.3586861, -2.2759945, -1.0795482, 4.9267455, 1.5704869, -0.35312234],
  "num_waypoints": 84,
  "trajectory": [
    [-0.45137341, -1.7008591, -0.92031818, 0.86833292, 8.4737663e-05, -0.00012094191],
    [-0.44637341, -1.701457, -0.92048369, 0.87255159, 0.0017171521, -0.00048788269],
    [-0.43137341, -1.7032505, -0.92098025, 0.88520761, 0.0066143954, -0.001588705],
    [-0.40637341, -1.7062398, -0.92180784, 0.90630096, 0.014776468, -0.0034234089],
    [-0.37137341, -1.7104247, -0.92296646, 0.93583167, 0.026203369, -0.0059919944],
    [-0.32637341, -1.7158053, -0.92445612, 0.97379971, 0.040895099, -0.0092944614],
    [-0.27137341, -1.7223816, -0.92627681, 1.0202051, 0.058851658, -0.01333081],
    [-0.20894263, -1.7298464, -0.92834349, 1.0728801, 0.079234237, -0.017912489],
    [-0.14611078, -1.7373592, -0.93042345, 1.1258935, 0.099747762, -0.022523603],
    [-0.083278926, -1.7448719, -0.93250341, 1.1789069, 0.12026129, -0.027134717],
    [-0.020447073, -1.7523847, -0.93458337, 1.2319203, 0.14077481, -0.031745831],
    [0.04238478, -1.7598975, -0.93666332, 1.2849337, 0.16128834, -0.036356945],
    [0.10521663, -1.7674102, -0.93874328, 1.3379471, 0.18180186, -0.040968059],
    [0.16804849, -1.774923, -0.94082324, 1.3909605, 0.20231539, -0.045579173],
    [0.23088034, -1.7824357, -0.94290319, 1.4439739, 0.22282891, -0.050190286],
    [0.29371219, -1.7899485, -0.94498315, 1.4969873, 0.24334244, -0.0548014],
    [0.35654405, -1.7974613, -0.94706311, 1.5500006, 0.26385596, -0.059412514],
    [0.4193759, -1.804974, -0.94914307, 1.603014, 0.28436949, -0.064023628],
    [0.48220775, -1.8124868, -0.95122302, 1.6560274, 0.30488301, -0.068634742],
    [0.5450396, -1.8199995, -0.95330298, 1.7090408, 0.32539654, -0.073245856],
    [0.60787146, -1.8275123, -0.95538294, 1.7620542, 0.34591006, -0.077856969],
    [0.67070331, -1.835025, -0.95746289, 1.8150676, 0.36642359, -0.082468083],
    [0.73353516, -1.8425378, -0.95954285, 1.868081, 0.38693711, -0.087079197],
    [0.79636702, -1.8500506, -0.96162281, 1.9210944, 0.40745064, -0.091690311],
    [0.85919887, -1.8575633, -0.96370277, 1.9741078, 0.42796416, -0.096301425],
    [0.92203072, -1.8650761, -0.96578272, 2.0271212, 0.44847768, -0.10091254],
    [0.98486258, -1.8725888, -0.96786268, 2.0801346, 0.46899121, -0.10552365],
    [1.0476944, -1.8801016, -0.96994264, 2.133148, 0.48950473, -0.11013477],
    [1.1105263, -1.8876144, -0.9720226, 2.1861614, 0.51001826, -0.11474588],
    [1.1733581, -1.8951271, -0.97410255, 2.2391748, 0.53053178, -0.11935699],
    [1.23619, -1.9026399, -0.97618251, 2.2921882, 0.55104531, -0.12396811],
    [1.2990218, -1.9101526, -0.97826247, 2.3452016, 0.57155883, -0.12857922],
    [1.3618537, -1.9176654, -0.98034242, 2.398215, 0.59207236, -0.13319034],
    [1.4246855, -1.9251782, -0.98242238, 2.4512283, 0.61258588, -0.13780145],
    [1.4875174, -1.9326909, -0.98450234, 2.5042417, 0.63309941, -0.14241256],
    [1.5503493, -1.9402037, -0.9865823, 2.5572551, 0.65361293, -0.14702368],
    [1.6131811, -1.9477164, -0.98866225, 2.6102685, 0.67412646, -0.15163479],
    [1.676013, -1.9552292, -0.99074221, 2.6632819, 0.69463998, -0.1562459],
    [1.7388448, -1.962742, -0.99282217, 2.7162953, 0.71515351, -0.16085702],
    [1.8016767, -1.9702547, -0.99490212, 2.7693087, 0.73566703, -0.16546813],
    [1.8645085, -1.9777675, -0.99698208, 2.8223221, 0.75618056, -0.17007925],
    [1.9273404, -1.9852802, -0.99906204, 2.8753355, 0.77669408, -0.17469036],
    [1.9901722, -1.992793, -1.001142, 2.9283489, 0.79720761, -0.17930147],
    [2.0530041, -2.0003058, -1.003222, 2.9813623, 0.81772113, -0.18391259],
    [2.1158359, -2.0078185, -1.0053019, 3.0343757, 0.83823466, -0.1885237],
    [2.1786678, -2.0153313, -1.0073819, 3.0873891, 0.85874818, -0.19313482],
    [2.2414996, -2.022844, -1.0094618, 3.1404025, 0.87926171, -0.19774593],
    [2.3043315, -2.0303568, -1.0115418, 3.1934159, 0.89977523, -0.20235704],
    [2.3671633, -2.0378696, -1.0136217, 3.2464293, 0.92028876, -0.20696816],
    [2.4299952, -2.0453823, -1.0157017, 3.2994427, 0.94080228, -0.21157927],
    [2.492827, -2.0528951, -1.0177817, 3.352456, 0.96131581, -0.21619038],
    [2.5556589, -2.0604078, -1.0198616, 3.4054694, 0.98182933, -0.2208015],
    [2.6184908, -2.0679206, -1.0219416, 3.4584828, 1.0023429, -0.22541261],
    [2.6813226, -2.0754334, -1.0240215, 3.5114962, 1.0228564, -0.23002373],
    [2.7441545, -2.0829461, -1.0261015, 3.5645096, 1.0433699, -0.23463484],
    [2.8069863, -2.0904589, -1.0281814, 3.617523, 1.0638834, -0.23924595],
    [2.8698182, -2.0979716, -1.0302614, 3.6705364, 1.084397, -0.24385707],
    [2.93265, -2.1054844, -1.0323414, 3.7235498, 1.1049105, -0.24846818],
    [2.9954819, -2.1129972, -1.0344213, 3.7765632, 1.125424, -0.2530793],
    [3.0583137, -2.1205099, -1.0365013, 3.8295766, 1.1459375, -0.25769041],
    [3.1211456, -2.1280227, -1.0385812, 3.88259, 1.1664511, -0.26230152],
    [3.1839774, -2.1355354, -1.0406612, 3.9356034, 1.1869646, -0.26691264],
    [3.2468093, -2.1430482, -1.0427411, 3.9886168, 1.2074781, -0.27152375],
    [3.3096411, -2.150561, -1.0448211, 4.0416302, 1.2279916, -0.27613486],
    [3.372473, -2.1580737, -1.0469011, 4.0946436, 1.2485052, -0.28074598],
    [3.4353048, -2.1655865, -1.048981, 4.147657, 1.2690187, -0.28535709],
    [3.4981367, -2.1730992, -1.051061, 4.2006704, 1.2895322, -0.28996821],
    [3.5609686, -2.180612, -1.0531409, 4.2536838, 1.3100457, -0.29457932],
    [3.6238004, -2.1881248, -1.0552209, 4.3066971, 1.3305593, -0.29919043],
    [3.6866323, -2.1956375, -1.0573008, 4.3597105, 1.3510728, -0.30380155],
    [3.7494641, -2.2031503, -1.0593808, 4.4127239, 1.3715863, -0.30841266],
    [3.812296, -2.210663, -1.0614608, 4.4657373, 1.3920998, -0.31302378],
    [3.8751278, -2.2181758, -1.0635407, 4.5187507, 1.4126134, -0.31763489],
    [3.9379597, -2.2256885, -1.0656207, 4.5717641, 1.4331269, -0.322246],
    [4.0007915, -2.2332013, -1.0677006, 4.6247775, 1.4536404, -0.32685712],
    [4.0636234, -2.2407141, -1.0697806, 4.6777909, 1.4741539, -0.33146823],
    [4.1264552, -2.2482268, -1.0718605, 4.7308043, 1.4946675, -0.33607934],
    [4.1882946, -2.2556209, -1.0739076, 4.7829803, 1.514857, -0.34061762],
    [4.2416713, -2.2620031, -1.0756746, 4.828016, 1.5322835, -0.34453484],
    [4.2850479, -2.2671896, -1.0771105, 4.8646144, 1.5464452, -0.34771817],
    [4.3184245, -2.2711805, -1.0782154, 4.8927754, 1.5573421, -0.35016762],
    [4.3418011, -2.2739756, -1.0789893, 4.912499, 1.5649742, -0.35188318],
    [4.3551777, -2.275575, -1.0794321, 4.9237853, 1.5693414, -0.35286487],
    [4.3586861, -2.2759945, -1.0795482, 4.9267455, 1.5704869, -0.35312234]
  ]
}
