{
  "iteration": 741,
  "label": "pre_pick",
  "planning_time_ms": 5160.2342,
  "scene": {
    "block_x": 0.22073934,
    "block_y": 0.35221996,
    "bin_x": 0.38838807,
    "bin_y": 0.29126713
  },
  "joint_names": ["shoulder_pan_joint", "shoulder_lift_joint", "elbow_joint", "wrist_1_joint", "wrist_2_joint", "wrist_3_joint"],
  "start_joints": [-0.45131111, -1.7009274, -0.91996003, 0.86777263, -5.7694529e-05, -8.2586397e-05],
  "goal_joints": [4.4726199, -3.3872155, 1.4553557, -2.7799965, 1.5701621, -0.2393898],
  "num_waypoints": 86,
  "trajectory": [
    [-0.45131111, -1.7009274, -0.91996003, 0.86777263, -5.7694529e-05, -8.2586397e-05],
    [-0.44631111, -1.7026398, -0.91754802, 0.8640685, 0.0015367833, -0.00032559062],
    [-0.43131111, -1.7077768, -0.91031198, 0.85295613, 0.0063202169, -0.0010546033],
    [-0.40631111, -1.7163385, -0.89825193, 0.83443552, 0.014292606, -0.0022696244],
    [-0.37131111, -1.7283249, -0.88136784, 0.80850666, 0.025453951, -0.003970654],
    [-0.32631111, -1.7437359, -0.85965974, 0.77516955, 0.039804252, -0.0061576921],
    [-0.27131111, -1.7625716, -0.83312761, 0.7344242, 0.057343508, -0.0088307385],
    [-0.20888034, -1.7839522, -0.80301086, 0.68817395, 0.077252406, -0.011864927],
    [-0.14604848, -1.8054701, -0.77270063, 0.64162657, 0.097289205, -0.014918608],
    [-0.083216631, -1.826988, -0.7423904, 0.59507919, 0.117326, -0.017972289],
    [-0.020384778, -1.8485059, -0.71208017, 0.5485318, 0.1373628, -0.02102597],
    [0.042447075, -1.8700237, -0.68176994, 0.50198442, 0.1573996, -0.024079652],
    [0.10527893, -1.8915416, -0.65145971, 0.45543704, 0.1774364, -0.027133333],
    [0.16811078, -1.9130595, -0.62114947, 0.40888966, 0.1974732, -0.030187014],
    [0.23094263, -1.9345774, -0.59083924, 0.36234228, 0.21751, -0.033240695],
    [0.29377449, -1.9560953, -0.56052901, 0.3157949, 0.2375468, -0.036294376],
    [0.35660634, -1.9776132, -0.53021878, 0.26924752, 0.2575836, -0.039348057],
    [0.41943819, -1.9991311, -0.49990855, 0.22270014, 0.2776204, -0.042401739],
    [0.48227005, -2.020649, -0.46959832, 0.17615275, 0.2976572, -0.04545542],
    [0.5451019, -2.0421669, -0.43928808, 0.12960537, 0.317694, -0.048509101],
    [0.60793375, -2.0636848, -0.40897785, 0.083057992, 0.3377308, -0.051562782],
    [0.67076561, -2.0852026, -0.37866762, 0.036510611, 0.3577676, -0.054616463],
    [0.73359746, -2.1067205, -0.34835739, -0.01003677, 0.3778044, -0.057670144],
    [0.79642931, -2.1282384, -0.31804716, -0.056584152, 0.3978412, -0.060723826],
    [0.85926116, -2.1497563, -0.28773693, -0.10313153, 0.417878, -0.063777507],
    [0.92209302, -2.1712742, -0.2574267, -0.14967891, 0.4379148, -0.066831188],
    [0.98492487, -2.1927921, -0.22711646, -0.1962263, 0.4579516, -0.069884869],
    [1.0477567, -2.21431, -0.19680623, -0.24277368, 0.4779884, -0.07293855],
    [1.1105886, -2.2358279, -0.166496, -0.28932106, 0.4980252, -0.075992231],
    [1.1734204, -2.2573458, -0.13618577, -0.33586844, 0.518062, -0.079045913],
    [1.2362523, -2.2788637, -0.10587554, -0.38241582, 0.5380988, -0.082099594],
    [1.2990841, -2.3003815, -0.075565307, -0.4289632, 0.5581356, -0.085153275],
    [1.361916, -2.3218994, -0.045255075, -0.47551058, 0.57817239, -0.088206956],
    [1.4247478, -2.3434173, -0.014944844, -0.52205796, 0.59820919, -0.091260637],
    [1.4875797, -2.3649352, 0.015365388, -0.56860535, 0.61824599, -0.094314318],
    [1.5504115, -2.3864531, 0.045675619, -0.61515273, 0.63828279, -0.097368],
    [1.6132434, -2.407971, 0.075985851, -0.66170011, 0.65831959, -0.10042168],
    [1.6760753, -2.4294889, 0.10629608, -0.70824749, 0.67835639, -0.10347536],
    [1.7389071, -2.4510068, 0.13660631, -0.75479487, 0.69839319, -0.10652904],
    [1.801739, -2.4725247, 0.16691655, -0.80134225, 0.71842999, -0.10958272],
    [1.8645708, -2.4940426, 0.19722678, -0.84788963, 0.73846679, -0.11263641],
    [1.9274027, -2.5155604, 0.22753701, -0.89443701, 0.75850359, -0.11569009],
    [1.9902345, -2.5370783, 0.25784724, -0.9409844, 0.77854039, -0.11874377],
    [2.0530664, -2.5585962, 0.28815747, -0.98753178, 0.79857719, -0.12179745],
    [2.1158982, -2.5801141, 0.3184677, -1.0340792, 0.81861399, -0.12485113],
    [2.1787301, -2.601632, 0.34877793, -1.0806265, 0.83865079, -0.12790481],
    [2.2415619, -2.6231499, 0.37908817, -1.1271739, 0.85868759, -0.13095849],
    [2.3043938, -2.6446678, 0.4093984, -1.1737213, 0.87872439, -0.13401217],
    [2.3672256, -2.6661857, 0.43970863, -1.2202687, 0.89876119, -0.13706585],
    [2.4300575, -2.6877036, 0.47001886, -1.2668161, 0.91879799, -0.14011954],
    [2.4928893, -2.7092215, 0.50032909, -1.3133634, 0.93883479, -0.14317322],
    [2.5557212, -2.7307393, 0.53063932, -1.3599108, 0.95887159, -0.1462269],
    [2.6185531, -2.7522572, 0.56094955, -1.4064582, 0.97890839, -0.14928058],
    [2.6813849, -2.7737751, 0.59125979, -1.4530056, 0.99894519, -0.15233426],
    [2.7442168, -2.795293, 0.62157002, -1.499553, 1.018982, -0.15538794],
    [2.8070486, -2.8168109, 0.65188025, -1.5461004, 1.0390188, -0.15844162],
    [2.8698805, -2.8383288, 0.68219048, -1.5926477, 1.0590556, -0.1614953],
    [2.9327123, -2.8598467, 0.71250071, -1.6391951, 1.0790924, -0.16454899],
    [2.9955442, -2.8813646, 0.74281094, -1.6857425, 1.0991292, -0.16760267],
    [3.058376, -2.9028825, 0.77312118, -1.7322899, 1.119166, -0.17065635],
    [3.1212079, -2.9244004, 0.80343141, -1.7788373, 1.1392028, -0.17371003],
    [3.1840397, -2.9459182, 0.83374164, -1.8253846, 1.1592396, -0.17676371],
    [3.2468716, -2.9674361, 0.86405187, -1.871932, 1.1792764, -0.17981739],
    [3.3097034, -2.988954, 0.8943621, -1.9184794, 1.1993132, -0.18287107],
    [3.3725353, -3.0104719, 0.92467233, -1.9650268, 1.21935, -0.18592475],
    [3.4353671, -3.0319898, 0.95498256, -2.0115742, 1.2393868, -0.18897843],
    [3.498199, -3.0535077, 0.9852928, -2.0581215, 1.2594236, -0.19203212],
    [3.5610308, -3.0750256, 1.015603, -2.1046689, 1.2794604, -0.1950858],
    [3.6238627, -3.0965435, 1.0459133, -2.1512163, 1.2994972, -0.19813948],
    [3.6866946, -3.1180614, 1.0762235, -2.1977637, 1.319534, -0.20119316],
    [3.7495264, -3.1395793, 1.1065337, -2.2443111, 1.3395708, -0.20424684],
    [3.8123583, -3.1610971, 1.136844, -2.2908585, 1.3596076, -0.20730052],
    [3.8751901, -3.182615, 1.1671542, -2.3374058, 1.3796444, -0.2103542],
    [3.938022, -3.2041329, 1.1974644, -2.3839532, 1.3996812, -0.21340788],
    [4.0008538, -3.2256508, 1.2277746, -2.4305006, 1.419718, -0.21646157],
    [4.0636857, -3.2471687, 1.2580849, -2.477048, 1.4397548, -0.21951525],
    [4.1265175, -3.2686866, 1.2883951, -2.5235954, 1.4597916, -0.22256893],
    [4.1893494, -3.2902045, 1.3187053, -2.5701427, 1.4798284, -0.22562261],
    [4.2521812, -3.3117224, 1.3490156, -2.6166901, 1.4998652, -0.22867629],
    [4.3130084, -3.3325537, 1.3783587, -2.6617524, 1.5192627, -0.23163254],
    [4.3645082, -3.3501908, 1.4032024, -2.6999047, 1.5356857, -0.23413548],
    [4.406008, -3.3644031, 1.423222, -2.7306488, 1.5489199, -0.2361524],
    [4.4375079, -3.3751908, 1.4384176, -2.7539846, 1.558965, -0.23768332],
    [4.4590077, -3.3825538, 1.4487891, -2.7699122, 1.5658212, -0.23872823],
    [4.4705075, -3.3864921, 1.4543367, -2.7784316, 1.5694885, -0.23928713],
    [4.4726199, -3.3872155, 1.4553557, -2.7799965, 1.5701621, -0.2393898]
  ]
}
