{
  "iteration": 39,
  "label": "pre_pick",
  "planning_time_ms": 32.83004,
  "scene": {
    "block_x": 0.13190725,
    "block_y": 0.38957708,
    "bin_x": 0.17281901,
    "bin_y": 0.27407601
  },
  "joint_names": ["shoulder_pan_joint", "shoulder_lift_joint", "elbow_joint", "wrist_1_joint", "wrist_2_joint", "wrist_3_joint"],
  "start_joints": [-0.45138463, -1.7008333, -0.92048915, 0.86877661, 7.0020223e-05, -0.00039386041],
  "goal_joints": [0.92369109, -1.1096583, 1.483872, -1.9459395, 4.7122665, -0.64632859],
  "num_waypoints": 52,
  "trajectory": [
    [-0.45138463, -1.7008333, -0.92048915, 0.86877661, 7.0020223e-05, -0.00039386041],
    [-0.44992557, -1.700206, -0.91793794, 0.86578998, 0.0050700202, -0.0010792464],
    [-0.44554839, -1.6983242, -0.9102843, 0.8568301, 0.02007002, -0.0031354046],
    [-0.43825309, -1.6951878, -0.89752825, 0.84189695, 0.04507002, -0.0065623348],
    [-0.42803967, -1.6907968, -0.87966978, 0.82099055, 0.08007002, -0.011360037],
    [-0.41490813, -1.6851513, -0.85670888, 0.79411089, 0.12507002, -0.017528511],
    [-0.39885846, -1.6782512, -0.82864557, 0.76125798, 0.18007002, -0.025067758],
    [-0.37989068, -1.6700965, -0.79547983, 0.72243181, 0.24507002, -0.033977776],
    [-0.35800478, -1.6606873, -0.75721168, 0.67763239, 0.32007, -0.044258564],
    [-0.33320076, -1.6500235, -0.71384111, 0.62685972, 0.40506998, -0.055910124],
    [-0.30547862, -1.6381051, -0.66536812, 0.57011378, 0.50006996, -0.068932456],
    [-0.27483837, -1.6249322, -0.61179271, 0.5073946, 0.60506993, -0.083325559],
    [-0.24127999, -1.6105047, -0.55311488, 0.43870216, 0.7200699, -0.099089434],
    [-0.2054899, -1.5951178, -0.49053484, 0.36544151, 0.84271764, -0.11590164],
    [-0.1695558, -1.5796689, -0.42770298, 0.29188607, 0.9658589, -0.1327815],
    [-0.1336217, -1.5642201, -0.36487113, 0.21833064, 1.0890001, -0.14966136],
    [-0.097687596, -1.5487712, -0.30203928, 0.1447752, 1.2121414, -0.16654122],
    [-0.061753495, -1.5333224, -0.23920742, 0.071219762, 1.3352826, -0.18342108],
    [-0.025819394, -1.5178735, -0.17637557, -0.0023356753, 1.4584239, -0.20030094],
    [0.010114707, -1.5024247, -0.11354372, -0.075891112, 1.5815652, -0.2171808],
    [0.046048809, -1.4869758, -0.050711865, -0.14944655, 1.7047064, -0.23406066],
    [0.08198291, -1.471527, 0.012119988, -0.22300199, 1.8278477, -0.25094051],
    [0.11791701, -1.4560781, 0.074951841, -0.29655742, 1.9509889, -0.26782037],
    [0.15385111, -1.4406293, 0.13778369, -0.37011286, 2.0741302, -0.28470023],
    [0.18978521, -1.4251804, 0.20061555, -0.4436683, 2.1972714, -0.30158009],
    [0.22571932, -1.4097316, 0.2634474, -0.51722373, 2.3204127, -0.31845995],
    [0.26165342, -1.3942827, 0.32627925, -0.59077917, 2.4435539, -0.33533981],
    [0.29758752, -1.3788339, 0.38911111, -0.66433461, 2.5666952, -0.35221967],
    [0.33352162, -1.363385, 0.45194296, -0.73789004, 2.6898364, -0.36909953],
    [0.36945572, -1.3479362, 0.51477481, -0.81144548, 2.8129777, -0.38597939],
    [0.40538982, -1.3324873, 0.57760667, -0.88500092, 2.9361189, -0.40285924],
    [0.44132392, -1.3170385, 0.64043852, -0.95855635, 3.0592602, -0.4197391],
    [0.47725802, -1.3015896, 0.70327037, -1.0321118, 3.1824014, -0.43661896],
    [0.51319213, -1.2861407, 0.76610222, -1.1056672, 3.3055427, -0.45349882],
    [0.54912623, -1.2706919, 0.82893408, -1.1792227, 3.4286839, -0.47037868],
    [0.58506033, -1.255243, 0.89176593, -1.2527781, 3.5518252, -0.48725854],
    [0.62099443, -1.2397942, 0.95459778, -1.3263335, 3.6749664, -0.5041384],
    [0.65692853, -1.2243453, 1.0174296, -1.399889, 3.7981077, -0.52101826],
    [0.69286263, -1.2088965, 1.0802615, -1.4734444, 3.9212489, -0.53789812],
    [0.72801194, -1.193785, 1.1417211, -1.5453934, 4.0417008, -0.55440932],
    [0.76034682, -1.1798836, 1.1982596, -1.6115814, 4.152508, -0.56959846],
    [0.78976358, -1.1672367, 1.2496957, -1.6717962, 4.2533152, -0.58341684],
    [0.81626223, -1.1558443, 1.2960294, -1.7260377, 4.3441225, -0.59586444],
    [0.83984275, -1.1457065, 1.3372606, -1.7743059, 4.4249297, -0.60694127],
    [0.86050515, -1.1368233, 1.3733895, -1.8166009, 4.4957369, -0.61664733],
    [0.87824943, -1.1291947, 1.4044159, -1.8529226, 4.5565441, -0.62498261],
    [0.8930756, -1.1228206, 1.4303399, -1.8832711, 4.6073514, -0.63194712],
    [0.90498364, -1.1177011, 1.4511614, -1.9076463, 4.6481586, -0.63754086],
    [0.91397356, -1.1138361, 1.4668806, -1.9260482, 4.6789658, -0.64176383],
    [0.92004536, -1.1112257, 1.4774973, -1.9384769, 4.6997731, -0.64461603],
    [0.92319904, -1.1098699, 1.4830116, -1.9449323, 4.7105803, -0.64609745],
    [0.92369109, -1.1096583, 1.483872, -1.9459395, 4.7122665, -0.64632859]
  ]
}
