{
  "iteration": 89,
  "label": "pre_pick",
  "planning_time_ms": 60.273945,
  "scene": {
    "block_x": 0.18241823,
    "block_y": 0.45140874,
    "bin_x": 0.40209602,
    "bin_y": 0.36719572
  },
  "joint_names": ["shoulder_pan_joint", "shoulder_lift_joint", "elbow_joint", "wrist_1_joint", "wrist_2_joint", "wrist_3_joint"],
  "start_joints": [-0.45134659, -1.7008049, -0.91994993, 0.86777311, 2.8083067e-05, 1.2611621e-05],
  "goal_joints": [0.92004205, 0.068821358, -0.89669107, -0.74272466, -1.5699217, -0.65039768],
  "num_waypoints": 36,
  "trajectory": [
    [-0.45134659, -1.7008049, -0.91994993, 0.86777311, 2.8083067e-05, 1.2611621e-05],
    [-0.4474718, -1.6958049, -0.91988422, 0.86322272, -0.0044077401, -0.0018250936],
    [-0.43584741, -1.6808049, -0.91968707, 0.84957155, -0.017715209, -0.0073382094],
    [-0.41647342, -1.6558049, -0.91935848, 0.8268196, -0.039894325, -0.016526736],
    [-0.38934984, -1.6208049, -0.91889846, 0.79496687, -0.070945087, -0.029390672],
    [-0.35447666, -1.5758049, -0.91830701, 0.75401337, -0.1108675, -0.04593002],
    [-0.31185389, -1.5208049, -0.91758413, 0.70395909, -0.15966155, -0.066144776],
    [-0.26347256, -1.4583741, -0.91676358, 0.6471422, -0.21504794, -0.089090654],
    [-0.21478042, -1.3955423, -0.91593775, 0.58996032, -0.27079013, -0.11218394],
    [-0.16608828, -1.3327104, -0.91511193, 0.53277844, -0.32653233, -0.13527722],
    [-0.11739614, -1.2698786, -0.91428611, 0.47559656, -0.38227453, -0.15837051],
    [-0.068703997, -1.2070467, -0.91346029, 0.41841468, -0.43801673, -0.1814638],
    [-0.020011857, -1.1442148, -0.91263446, 0.36123279, -0.49375892, -0.20455708],
    [0.028680284, -1.081383, -0.91180864, 0.30405091, -0.54950112, -0.22765037],
    [0.077372424, -1.0185511, -0.91098282, 0.24686903, -0.60524332, -0.25074365],
    [0.12606456, -0.95571929, -0.910157, 0.18968715, -0.66098552, -0.27383694],
    [0.1747567, -0.89288744, -0.90933117, 0.13250527, -0.71672771, -0.29693022],
    [0.22344884, -0.83005558, -0.90850535, 0.075323385, -0.77246991, -0.32002351],
    [0.27214098, -0.76722373, -0.90767953, 0.018141503, -0.82821211, -0.34311679],
    [0.32083312, -0.70439188, -0.90685371, -0.039040378, -0.88395431, -0.36621008],
    [0.36952527, -0.64156002, -0.90602788, -0.09622226, -0.9396965, -0.38930336],
    [0.41821741, -0.57872817, -0.90520206, -0.15340414, -0.9954387, -0.41239665],
    [0.46690955, -0.51589632, -0.90437624, -0.21058602, -1.0511809, -0.43548993],
    [0.51560169, -0.45306446, -0.90355042, -0.26776791, -1.1069231, -0.45858322],
    [0.56429383, -0.39023261, -0.90272459, -0.32494979, -1.1626653, -0.4816765],
    [0.61298597, -0.32740076, -0.90189877, -0.38213167, -1.2184075, -0.50476979],
    [0.66167811, -0.2645689, -0.90107295, -0.43931355, -1.2741497, -0.52786307],
    [0.71037025, -0.20173705, -0.90024712, -0.49649543, -1.3298919, -0.55095636],
    [0.75906239, -0.1389052, -0.8994213, -0.55367731, -1.3856341, -0.57404964],
    [0.80504954, -0.079563829, -0.89864136, -0.60768258, -1.4382796, -0.59586003],
    [0.84339193, -0.030087194, -0.89799107, -0.65271018, -1.4821736, -0.61404473],
    [0.87398472, 0.0093894408, -0.89747221, -0.68863699, -1.5171958, -0.62855401],
    [0.89682792, 0.038866076, -0.89708479, -0.71546302, -1.5433465, -0.63938789],
    [0.91192152, 0.058342711, -0.8968288, -0.73318828, -1.5606255, -0.64654635],
    [0.91926553, 0.067819345, -0.89670424, -0.74181275, -1.5690328, -0.6500294],
    [0.92004205, 0.068821358, -0.89669107, -0.74272466, -1.5699217, -0.65039768]
  ]
}
