{
  "iteration": 780,
  "label": "pre_pick",
  "planning_time_ms": 81.710311,
  "scene": {
    "block_x": 0.20739614,
    "block_y": 0.40693813,
    "bin_x": 0.40585854,
    "bin_y": 0.2542245
  },
  "joint_names": ["shoulder_pan_joint", "shoulder_lift_joint", "elbow_joint", "wrist_1_joint", "wrist_2_joint", "wrist_3_joint"],
  "start_joints": [-0.45140837, -1.7007599, -0.92034963, 0.86842069, 8.0591704e-05, -0.00032744773],
  "goal_joints": [0.81398882, -0.90965262, 1.1560386, 4.4652167, -1.5705238, -0.75723747],
  "num_waypoints": 45,
  "trajectory": [
    [-0.45140837, -1.7007599, -0.92034963, 0.86842069, 8.0591704e-05, -0.00032744773],
    [-0.44964931, -1.6996602, -0.91746319, 0.87342069, -0.0021027465, -0.0013796481],
    [-0.44437212, -1.696361, -0.90880386, 0.88842069, -0.008652761, -0.0045362493],
    [-0.43557681, -1.6908623, -0.89437166, 0.91342069, -0.019569452, -0.0097972512],
    [-0.42326338, -1.6831641, -0.87416657, 0.94842069, -0.034852819, -0.017162654],
    [-0.40743183, -1.6732665, -0.84818859, 0.99342069, -0.054502863, -0.026632457],
    [-0.38808215, -1.6611693, -0.81643774, 1.0484207, -0.078519582, -0.038206662],
    [-0.36521435, -1.6468727, -0.778914, 1.1134207, -0.10690297, -0.051885265],
    [-0.33882843, -1.6303766, -0.73561739, 1.1884207, -0.13965304, -0.067668267],
    [-0.30892439, -1.6116811, -0.6865479, 1.2734206, -0.17676978, -0.085555669],
    [-0.27550223, -1.5907861, -0.63170553, 1.3684206, -0.21825319, -0.10554747],
    [-0.23858567, -1.5677064, -0.57112921, 1.4733531, -0.26407383, -0.12762948],
    [-0.20029454, -1.5437673, -0.50829736, 1.5821928, -0.31160058, -0.1505337],
    [-0.16200341, -1.5198283, -0.44546551, 1.6910324, -0.35912733, -0.17343793],
    [-0.12371228, -1.4958893, -0.38263365, 1.7998721, -0.40665408, -0.19634215],
    [-0.085421152, -1.4719502, -0.3198018, 1.9087117, -0.45418083, -0.21924637],
    [-0.047130022, -1.4480112, -0.25696995, 2.0175514, -0.50170758, -0.2421506],
    [-0.0088388917, -1.4240721, -0.19413809, 2.126391, -0.54923434, -0.26505482],
    [0.029452238, -1.4001331, -0.13130624, 2.2352307, -0.59676109, -0.28795904],
    [0.067743368, -1.3761941, -0.068474387, 2.3440703, -0.64428784, -0.31086327],
    [0.1060345, -1.352255, -0.0056425341, 2.45291, -0.69181459, -0.33376749],
    [0.14432563, -1.328316, 0.057189319, 2.5617496, -0.73934134, -0.35667172],
    [0.18261676, -1.3043769, 0.12002117, 2.6705892, -0.78686809, -0.37957594],
    [0.22090789, -1.2804379, 0.18285303, 2.7794289, -0.83439484, -0.40248016],
    [0.25919902, -1.2564989, 0.24568488, 2.8882685, -0.88192159, -0.42538439],
    [0.29749015, -1.2325598, 0.30851673, 2.9971082, -0.92944834, -0.44828861],
    [0.33578128, -1.2086208, 0.37134858, 3.1059478, -0.97697509, -0.47119283],
    [0.37407241, -1.1846818, 0.43418044, 3.2147875, -1.0245018, -0.49409706],
    [0.41236354, -1.1607427, 0.49701229, 3.3236271, -1.0720286, -0.51700128],
    [0.45065467, -1.1368037, 0.55984414, 3.4324668, -1.1195553, -0.5399055],
    [0.4889458, -1.1128646, 0.622676, 3.5413064, -1.1670821, -0.56280973],
    [0.52723693, -1.0889256, 0.68550785, 3.6501461, -1.2146088, -0.58571395],
    [0.56552806, -1.0649866, 0.7483397, 3.7589857, -1.2621356, -0.60861818],
    [0.60381919, -1.0410475, 0.81117156, 3.8678254, -1.3096623, -0.6315224],
    [0.64051187, -1.0181078, 0.87138052, 3.9721215, -1.3552051, -0.6534705],
    [0.67369028, -0.99736516, 0.92582291, 4.0664287, -1.396386, -0.67331649],
    [0.70335056, -0.978822, 0.97449242, 4.1507358, -1.4332002, -0.69105809],
    [0.72949272, -0.96247832, 1.017389, 4.2250429, -1.4656477, -0.70669528],
    [0.75211676, -0.94833411, 1.0545128, 4.28935, -1.4937285, -0.72022808],
    [0.77122267, -0.93638938, 1.0858637, 4.3436571, -1.5174427, -0.73165647],
    [0.78681046, -0.92664413, 1.1114416, 4.3879642, -1.5367902, -0.74098046],
    [0.79888012, -0.91909835, 1.1312467, 4.4222713, -1.551771, -0.74820005],
    [0.80743166, -0.91375206, 1.1452789, 4.4465784, -1.5623851, -0.75331524],
    [0.81246508, -0.91060524, 1.1535383, 4.4608856, -1.5686325, -0.75632603],
    [0.81398882, -0.90965262, 1.1560386, 4.4652167, -1.5705238, -0.75723747]
  ]
}
