{
  "iteration": 482,
  "label": "pre_pick",
  "planning_time_ms": 49.830833,
  "scene": {
    "block_x": 0.15491017,
    "block_y": 0.4889753,
    "bin_x": 0.43131944,
    "bin_y": 0.35619963
  },
  "joint_names": ["shoulder_pan_joint", "shoulder_lift_joint", "elbow_joint", "wrist_1_joint", "wrist_2_joint", "wrist_3_joint"],
  "start_joints": [-0.45126192, -1.7007466, -0.92022329, 0.86822519, -0.00010257464, -0.00023724947],
  "goal_joints": [1.0115726, -0.59082371, 0.56988596, -1.5502536, 4.7118819, -0.55924037],
  "num_waypoints": 52,
  "trajectory": [
    [-0.45126192, -1.7007466, -0.92022329, 0.86822519, -0.00010257464, -0.00023724947],
    [-0.44970967, -1.6995688, -0.9186421, 0.86565888, 0.0048974254, -0.00083042112],
    [-0.44505293, -1.6960355, -0.91389853, 0.85795997, 0.019897425, -0.0026099361],
    [-0.43729168, -1.6901467, -0.90599258, 0.84512844, 0.044897425, -0.0055757943],
    [-0.42642594, -1.6819023, -0.89492424, 0.82716429, 0.079897425, -0.0097279958],
    [-0.4124557, -1.6713024, -0.88069352, 0.80406754, 0.12489743, -0.015066541],
    [-0.39538096, -1.658347, -0.86330043, 0.77583817, 0.17989743, -0.021591429],
    [-0.37520173, -1.6430361, -0.84274495, 0.74247619, 0.24489743, -0.02930266],
    [-0.351918, -1.6253696, -0.81902709, 0.70398161, 0.31989741, -0.038200233],
    [-0.32552977, -1.6053476, -0.79214685, 0.66035442, 0.4048974, -0.04828415],
    [-0.29603704, -1.58297, -0.76210423, 0.61159461, 0.49989738, -0.059554409],
    [-0.26343982, -1.5582369, -0.72889923, 0.5577022, 0.60489736, -0.072011011],
    [-0.22773811, -1.5311483, -0.69253186, 0.49867717, 0.71989733, -0.085653956],
    [-0.18922379, -1.5019257, -0.65329944, 0.43500212, 0.84395707, -0.1003717],
    [-0.15021152, -1.4723252, -0.61355978, 0.37050382, 0.96962077, -0.11527973],
    [-0.11119925, -1.4427247, -0.57382012, 0.30600551, 1.0952845, -0.13018776],
    [-0.072186978, -1.4131242, -0.53408046, 0.24150721, 1.2209482, -0.14509579],
    [-0.033174707, -1.3835237, -0.4943408, 0.1770089, 1.3466119, -0.16000382],
    [0.0058375633, -1.3539232, -0.45460115, 0.1125106, 1.4722756, -0.17491185],
    [0.044849834, -1.3243228, -0.41486149, 0.048012291, 1.5979393, -0.18981988],
    [0.083862104, -1.2947223, -0.37512183, -0.016486014, 1.723603, -0.20472791],
    [0.12287437, -1.2651218, -0.33538217, -0.080984319, 1.8492667, -0.21963594],
    [0.16188664, -1.2355213, -0.29564252, -0.14548262, 1.9749304, -0.23454397],
    [0.20089892, -1.2059208, -0.25590286, -0.20998093, 2.1005941, -0.24945199],
    [0.23991119, -1.1763203, -0.2161632, -0.27447923, 2.2262578, -0.26436002],
    [0.27892346, -1.1467199, -0.17642354, -0.33897754, 2.3519215, -0.27926805],
    [0.31793573, -1.1171194, -0.13668388, -0.40347584, 2.4775852, -0.29417608],
    [0.356948, -1.0875189, -0.096944227, -0.46797415, 2.603249, -0.30908411],
    [0.39596027, -1.0579184, -0.057204569, -0.53247245, 2.7289127, -0.32399214],
    [0.43497254, -1.0283179, -0.017464912, -0.59697076, 2.8545764, -0.33890017],
    [0.47398481, -0.99871743, 0.022274746, -0.66146906, 2.9802401, -0.3538082],
    [0.51299708, -0.96911695, 0.062014404, -0.72596737, 3.1059038, -0.36871623],
    [0.55200935, -0.93951646, 0.10175406, -0.79046567, 3.2315675, -0.38362426],
    [0.59102162, -0.90991598, 0.14149372, -0.85496398, 3.3572312, -0.39853229],
    [0.63003389, -0.8803155, 0.18123338, -0.91946229, 3.4828949, -0.41344032],
    [0.66904616, -0.85071501, 0.22097303, -0.98396059, 3.6085586, -0.42834835],
    [0.70805843, -0.82111453, 0.26071269, -1.0484589, 3.7342223, -0.44325638],
    [0.7470707, -0.79151404, 0.30045235, -1.1129572, 3.859886, -0.45816441],
    [0.7856899, -0.7622118, 0.33979161, -1.1768056, 3.9842836, -0.47292223],
    [0.82158768, -0.73497443, 0.37635871, -1.2361548, 4.0999151, -0.4866401],
    [0.85438097, -0.71009259, 0.40976343, -1.2903714, 4.2055466, -0.49917163],
    [0.88406976, -0.68756628, 0.44000577, -1.3394553, 4.3011782, -0.51051681],
    [0.91065405, -0.6673955, 0.46708573, -1.3834067, 4.3868097, -0.52067565],
    [0.93413384, -0.64958025, 0.4910033, -1.4222254, 4.4624412, -0.52964814],
    [0.95450914, -0.63412054, 0.5117585, -1.4559115, 4.5280728, -0.5374343],
    [0.97177994, -0.62101635, 0.52935131, -1.4844651, 4.5837043, -0.54403411],
    [0.98594623, -0.6102677, 0.54378174, -1.5078859, 4.6293358, -0.54944757],
    [0.99700804, -0.60187458, 0.55504979, -1.5261742, 4.6649674, -0.5536747],
    [1.0049653, -0.59583699, 0.56315546, -1.5393299, 4.6905989, -0.55671548],
    [1.0098181, -0.59215493, 0.56809875, -1.547353, 4.7062304, -0.55856991],
    [1.0115665, -0.59082841, 0.56987965, -1.5502434, 4.711862, -0.55923801],
    [1.0115726, -0.59082371, 0.56988596, -1.5502536, 4.7118819, -0.55924037]
  ]
}
