{
  "iteration": 893,
  "label": "pre_pick",
  "planning_time_ms": 22.431344,
  "scene": {
    "block_x": 0.2957897,
    "block_y": 0.38938376,
    "bin_x": 0.25115525,
    "bin_y": 0.26003906
  },
  "joint_names": ["shoulder_pan_joint", "shoulder_lift_joint", "elbow_joint", "wrist_1_joint", "wrist_2_joint", "wrist_3_joint"],
  "start_joints": [-0.45139192, -1.7007336, -0.92044311, 0.86835756, 9.0833768e-05, -0.00026188666],
  "goal_joints": [-1.9496172, -2.3920358, -0.8696905, -1.4512676, 1.5699431, -0.37976748],
  "num_waypoints": 35,
  "trajectory": [
    [-0.45139192, -1.7007336, -0.92044311, 0.86835756, 9.0833768e-05, -0.00026188666],
    [-0.45462137, -1.7022237, -0.92033371, 0.86335756, 0.0034746827, -0.0010799188],
    [-0.46430974, -1.7066941, -0.92000551, 0.84835756, 0.013626229, -0.0035340152],
    [-0.48045702, -1.7141447, -0.91945852, 0.82335756, 0.030545474, -0.0076241759],
    [-0.5030632, -1.7245755, -0.91869273, 0.78835756, 0.054232416, -0.013350401],
    [-0.5321283, -1.7379865, -0.91770815, 0.74335756, 0.084687056, -0.02071269],
    [-0.56765231, -1.7543778, -0.91650477, 0.68835756, 0.12190939, -0.029711044],
    [-0.60963523, -1.7737493, -0.91508259, 0.62335757, 0.16589942, -0.04034546],
    [-0.65807705, -1.796101, -0.91344162, 0.54835759, 0.21665714, -0.052615939],
    [-0.71297778, -1.821433, -0.91158185, 0.46335761, 0.27418256, -0.066522483],
    [-0.77409831, -1.8496349, -0.90951138, 0.36872784, 0.33822513, -0.082004521],
    [-0.83693016, -1.8786264, -0.90738294, 0.27144851, 0.40406084, -0.097920044],
    [-0.89976201, -1.9076179, -0.9052545, 0.17416918, 0.46989655, -0.11383557],
    [-0.96259387, -1.9366094, -0.90312606, 0.076889854, 0.53573226, -0.12975109],
    [-1.0254257, -1.9656009, -0.90099762, -0.020389475, 0.60156797, -0.14566662],
    [-1.0882576, -1.9945924, -0.89886919, -0.1176688, 0.66740368, -0.16158214],
    [-1.1510894, -2.0235839, -0.89674075, -0.21494813, 0.73323939, -0.17749766],
    [-1.2139213, -2.0525754, -0.89461231, -0.31222746, 0.7990751, -0.19341319],
    [-1.2767531, -2.0815669, -0.89248387, -0.40950679, 0.86491081, -0.20932871],
    [-1.339585, -2.1105584, -0.89035543, -0.50678612, 0.93074652, -0.22524423],
    [-1.4024168, -2.1395499, -0.88822699, -0.60406545, 0.99658223, -0.24115976],
    [-1.4652487, -2.1685414, -0.88609855, -0.70134478, 1.0624179, -0.25707528],
    [-1.5280805, -2.1975329, -0.88397012, -0.79862411, 1.1282537, -0.2729908],
    [-1.5909124, -2.2265244, -0.88184168, -0.89590344, 1.1940894, -0.28890633],
    [-1.6536667, -2.2554801, -0.87971587, -0.99306264, 1.2598438, -0.3048022],
    [-1.7122679, -2.2825195, -0.87773074, -1.0837919, 1.3212466, -0.3196461],
    [-1.7644102, -2.3065787, -0.87596441, -1.1645212, 1.3758818, -0.33285393],
    [-1.8100937, -2.3276577, -0.87441688, -1.2352505, 1.4237492, -0.3444257],
    [-1.8493182, -2.3457565, -0.87308814, -1.2959799, 1.464849, -0.3543614],
    [-1.8820838, -2.360875, -0.8719782, -1.3467092, 1.499181, -0.36266104],
    [-1.9083905, -2.3730132, -0.87108706, -1.3874385, 1.5267454, -0.36932462],
    [-1.9282383, -2.3821713, -0.87041471, -1.4181678, 1.5475421, -0.37435213],
    [-1.9416271, -2.3883491, -0.86996116, -1.4388971, 1.561571, -0.37774358],
    [-1.9485571, -2.3915467, -0.86972641, -1.4496264, 1.5688323, -0.37949896],
    [-1.9496172, -2.3920358, -0.8696905, -1.4512676, 1.5699431, -0.37976748]
  ]
}
