{
  "iteration": 847,
  "label": "pre_pick",
  "planning_time_ms": 52.307264,
  "scene": {
    "block_x": 0.21876583,
    "block_y": 0.42246241,
    "bin_x": 0.44668334,
    "bin_y": 0.30339898
  },
  "joint_names": ["shoulder_pan_joint", "shoulder_lift_joint", "elbow_joint", "wrist_1_joint", "wrist_2_joint", "wrist_3_joint"],
  "start_joints": [-0.45125755, -1.7008058, -0.91996686, 0.8678612, -8.5762115e-05, -7.2068218e-05],
  "goal_joints": [-1.7687488, -2.3248439, -0.99234144, 4.8870041, 1.5712025, -0.19856312],
  "num_waypoints": 46,
  "trajectory": [
    [-0.45125755, -1.7008058, -0.91996686, 0.8678612, -8.5762115e-05, -7.2068218e-05],
    [-0.45289657, -1.7015821, -0.9200569, 0.8728612, 0.0018689933, -0.00031900029],
    [-0.45781364, -1.7039111, -0.92032701, 0.8878612, 0.0077332596, -0.0010597965],
    [-0.46600874, -1.7077928, -0.92077719, 0.9128612, 0.017507037, -0.0022944568],
    [-0.47748188, -1.7132271, -0.92140746, 0.9478612, 0.031190325, -0.0040229813],
    [-0.49223306, -1.7202141, -0.92221779, 0.9928612, 0.048783123, -0.00624537],
    [-0.51026228, -1.7287537, -0.9232082, 1.0478612, 0.070285433, -0.0089616227],
    [-0.53156954, -1.7388461, -0.92437869, 1.1128612, 0.095697254, -0.01217174],
    [-0.55615485, -1.750491, -0.92572925, 1.1878612, 0.12501858, -0.015875721],
    [-0.58401818, -1.7636887, -0.92725988, 1.2728612, 0.15824942, -0.020073565],
    [-0.61515956, -1.778439, -0.92897059, 1.3678612, 0.19538977, -0.024765274],
    [-0.64957898, -1.794742, -0.93086137, 1.4728612, 0.23643963, -0.029950846],
    [-0.68727644, -1.8125976, -0.93293223, 1.5878611, 0.28139899, -0.035630283],
    [-0.72794371, -1.8318599, -0.93516623, 1.7119208, 0.32990026, -0.041757146],
    [-0.76913678, -1.8513713, -0.93742912, 1.8375845, 0.37902863, -0.047963226],
    [-0.81032985, -1.8708826, -0.939692, 1.9632482, 0.42815699, -0.054169306],
    [-0.85152292, -1.890394, -0.94195489, 2.0889119, 0.47728535, -0.060375386],
    [-0.89271599, -1.9099054, -0.94421777, 2.2145757, 0.52641371, -0.066581466],
    [-0.93390906, -1.9294167, -0.94648066, 2.3402394, 0.57554208, -0.072787545],
    [-0.97510213, -1.9489281, -0.94874354, 2.4659031, 0.62467044, -0.078993625],
    [-1.0162952, -1.9684394, -0.95100643, 2.5915668, 0.6737988, -0.085199705],
    [-1.0574883, -1.9879508, -0.95326931, 2.7172305, 0.72292716, -0.091405785],
    [-1.0986813, -2.0074622, -0.9555322, 2.8428942, 0.77205552, -0.097611865],
    [-1.1398744, -2.0269735, -0.95779508, 2.9685579, 0.82118389, -0.10381794],
    [-1.1810675, -2.0464849, -0.96005797, 3.0942216, 0.87031225, -0.11002402],
    [-1.2222605, -2.0659962, -0.96232085, 3.2198853, 0.91944061, -0.1162301],
    [-1.2634536, -2.0855076, -0.96458374, 3.345549, 0.96856897, -0.12243618],
    [-1.3046467, -2.105019, -0.96684662, 3.4712127, 1.0176973, -0.12864226],
    [-1.3458398, -2.1245303, -0.96910951, 3.5968764, 1.0668257, -0.13484834],
    [-1.3870328, -2.1440417, -0.97137239, 3.7225401, 1.1159541, -0.14105442],
    [-1.4282259, -2.163553, -0.97363528, 3.8482038, 1.1650824, -0.1472605],
    [-1.469419, -2.1830644, -0.97589816, 3.9738675, 1.2142108, -0.15346658],
    [-1.5106116, -2.2025755, -0.97816102, 4.0995299, 1.2633386, -0.15967259],
    [-1.550111, -2.2212847, -0.98033087, 4.2200268, 1.310447, -0.16562351],
    [-1.5863323, -2.2384412, -0.98232064, 4.3305238, 1.3536459, -0.17108055],
    [-1.6192756, -2.254045, -0.98413034, 4.4310207, 1.3929353, -0.17604374],
    [-1.6489409, -2.2680961, -0.98575996, 4.5215177, 1.4283152, -0.18051306],
    [-1.6753281, -2.2805946, -0.9872095, 4.6020146, 1.4597856, -0.18448851],
    [-1.6984373, -2.2915404, -0.98847897, 4.6725115, 1.4873464, -0.1879701],
    [-1.7182684, -2.3009335, -0.98956837, 4.7330085, 1.5109978, -0.19095783],
    [-1.7348215, -2.308774, -0.99047769, 4.7835054, 1.5307396, -0.1934517],
    [-1.7480966, -2.3150618, -0.99120694, 4.8240024, 1.5465719, -0.19545169],
    [-1.7580936, -2.319797, -0.99175611, 4.8544993, 1.5584947, -0.19695783],
    [-1.7648126, -2.3229795, -0.99212521, 4.8749963, 1.566508, -0.1979701],
    [-1.7682535, -2.3246093, -0.99231423, 4.8854932, 1.5706118, -0.19848851],
    [-1.7687488, -2.3248439, -0.99234144, 4.8870041, 1.5712025, -0.19856312]
  ]
}
