{
  "iteration": 13,
  "label": "place_above_bin",
  "planning_time_ms": 121.63771,
  "scene": {
    "block_x": 0.13762041,
    "block_y": 0.3754408,
    "bin_x": 0.21758833,
    "bin_y": 0.26195306
  },
  "joint_names": ["shoulder_pan_joint", "shoulder_lift_joint", "elbow_joint", "wrist_1_joint", "wrist_2_joint", "wrist_3_joint"],
  "start_joints": [0.89108935, 0.4630032, -1.6651481, -0.36861812, -1.5701783, -0.67859231],
  "goal_joints": [-5.7950206, -0.67640718, 0.82835099, -4.8639348, 1.5716385, 2.0590965],
  "num_waypoints": 119,
  "trajectory": [
    [0.89108935, 0.4630032, -1.6651481, -0.36861812, -1.5701783, -0.67859231],
    [0.88762053, 0.4580032, -1.6607355, -0.37156093, -1.5693402, -0.68126877],
    [0.87721406, 0.4430032, -1.6474976, -0.38038935, -1.566826, -0.68929814],
    [0.85986994, 0.4180032, -1.6254345, -0.39510339, -1.5626357, -0.70268042],
    [0.83558818, 0.3830032, -1.5945462, -0.41570305, -1.5567692, -0.72141562],
    [0.80436878, 0.3380032, -1.5548326, -0.44218832, -1.5492265, -0.74550373],
    [0.76621663, 0.28301026, -1.5063001, -0.47455505, -1.5400089, -0.77494097],
    [0.72842774, 0.22854094, -1.4582296, -0.5066136, -1.5308791, -0.80409793],
    [0.6975765, 0.18407162, -1.4189844, -0.53278653, -1.5234254, -0.82790197],
    [0.67303035, 0.1494139, -1.3882715, -0.5535103, -1.5173651, -0.84616899],
    [0.64475069, 0.12194529, -1.3617021, -0.5756605, -1.5081448, -0.85563584],
    [0.61080446, 0.10177522, -1.3388658, -0.60047602, -1.4947773, -0.85510318],
    [0.57316093, 0.09010696, -1.3211108, -0.62651268, -1.4780322, -0.84457112],
    [0.53120259, 0.084786659, -1.3067576, -0.65446936, -1.4579871, -0.82569041],
    [0.4794901, 0.078564426, -1.2893046, -0.68887883, -1.4332221, -0.80210928],
    [0.41853058, 0.071229559, -1.2687307, -0.72944126, -1.4040286, -0.77431146],
    [0.35569873, 0.063669405, -1.2475248, -0.77124954, -1.3739384, -0.74565984],
    [0.29286688, 0.056109252, -1.226319, -0.81305782, -1.3438483, -0.71700823],
    [0.23003502, 0.048549098, -1.2051132, -0.8548661, -1.3137581, -0.68835661],
    [0.16720317, 0.040988944, -1.1839073, -0.89667438, -1.283668, -0.659705],
    [0.10437132, 0.033428791, -1.1627015, -0.93848266, -1.2535778, -0.63105339],
    [0.041539465, 0.025868637, -1.1414957, -0.98029094, -1.2234877, -0.60240177],
    [-0.021292388, 0.018308483, -1.1202898, -1.0220992, -1.1933975, -0.57375016],
    [-0.084124241, 0.01074833, -1.099084, -1.0639075, -1.1633074, -0.54509854],
    [-0.14695609, 0.0031881758, -1.0778782, -1.1057158, -1.1332172, -0.51644693],
    [-0.20978795, -0.0043719778, -1.0566723, -1.1475241, -1.1031271, -0.48779531],
    [-0.2726198, -0.011932132, -1.0354665, -1.1893323, -1.0730369, -0.4591437],
    [-0.33545165, -0.019492285, -1.0142607, -1.2311406, -1.0429468, -0.43049208],
    [-0.39828351, -0.027052439, -0.99305483, -1.2729489, -1.0128566, -0.40184047],
    [-0.46111536, -0.034612593, -0.971849, -1.3147572, -0.9827665, -0.37318886],
    [-0.52394721, -0.042172746, -0.95064316, -1.3565655, -0.95267635, -0.34453724],
    [-0.58677907, -0.0497329, -0.92943733, -1.3983738, -0.9225862, -0.31588563],
    [-0.64961092, -0.057293054, -0.9082315, -1.440182, -0.89249605, -0.28723401],
    [-0.71244277, -0.064853207, -0.88702567, -1.4819903, -0.86240591, -0.2585824],
    [-0.77527463, -0.072413361, -0.86581983, -1.5237986, -0.83231576, -0.22993078],
    [-0.83810648, -0.079973515, -0.844614, -1.5656069, -0.80222561, -0.20127917],
    [-0.90093833, -0.087533668, -0.82340817, -1.6074152, -0.77213546, -0.17262755],
    [-0.96377018, -0.095093822, -0.80220234, -1.6492234, -0.74204531, -0.14397594],
    [-1.026602, -0.10265398, -0.7809965, -1.6910317, -0.71195516, -0.11532433],
    [-1.0894339, -0.11021413, -0.75979067, -1.73284, -0.68186502, -0.086672711],
    [-1.1522657, -0.11777428, -0.73858484, -1.7746483, -0.65177487, -0.058021096],
    [-1.2150976, -0.12533444, -0.71737901, -1.8164566, -0.62168472, -0.029369482],
    [-1.2779294, -0.13289459, -0.69617317, -1.8582648, -0.59159457, -0.00071786753],
    [-1.3407613, -0.14045474, -0.67496734, -1.9000731, -0.56150442, 0.027933747],
    [-1.4035932, -0.1480149, -0.65376151, -1.9418814, -0.53141428, 0.056585361],
    [-1.466425, -0.15557505, -0.63255567, -1.9836897, -0.50132413, 0.085236976],
    [-1.5292569, -0.1631352, -0.61134984, -2.025498, -0.47123398, 0.11388859],
    [-1.5920887, -0.17069536, -0.59014401, -2.0673063, -0.44114383, 0.1425402],
    [-1.6549206, -0.17825551, -0.56893818, -2.1091145, -0.41105368, 0.17119182],
    [-1.7177524, -0.18581567, -0.54773234, -2.1509228, -0.38096353, 0.19984343],
    [-1.7805843, -0.19337582, -0.52652651, -2.1927311, -0.35087339, 0.22849505],
    [-1.8434161, -0.20093597, -0.50532068, -2.2345394, -0.32078324, 0.25714666],
    [-1.906248, -0.20849613, -0.48411485, -2.2763477, -0.29069309, 0.28579828],
    [-1.9690798, -0.21605628, -0.46290901, -2.3181559, -0.26060294, 0.31444989],
    [-2.0319117, -0.22361643, -0.44170318, -2.3599642, -0.23051279, 0.34310151],
    [-2.0947435, -0.23117659, -0.42049735, -2.4017725, -0.20042265, 0.37175312],
    [-2.1575754, -0.23873674, -0.39929152, -2.4435808, -0.1703325, 0.40040473],
    [-2.2204072, -0.2462969, -0.37808568, -2.4853891, -0.14024235, 0.42905635],
    [-2.2832391, -0.25385705, -0.35687985, -2.5271973, -0.1101522, 0.45770796],
    [-2.346071, -0.2614172, -0.33567402, -2.5690056, -0.080062053, 0.48635958],
    [-2.4089028, -0.26897736, -0.31446819, -2.6108139, -0.049971905, 0.51501119],
    [-2.4717347, -0.27653751, -0.29326235, -2.6526222, -0.019881757, 0.54366281],
    [-2.5345665, -0.28409766, -0.27205652, -2.6944305, 0.010208392, 0.57231442],
    [-2.5973984, -0.29165782, -0.25085069, -2.7362388, 0.04029854, 0.60096604],
    [-2.6602302, -0.29921797, -0.22964485, -2.778047, 0.070388688, 0.62961765],
    [-2.7230621, -0.30677812, -0.20843902, -2.8198553, 0.10047884, 0.65826927],
    [-2.7858939, -0.31433828, -0.18723319, -2.8616636, 0.13056898, 0.68692088],
    [-2.8487258, -0.32189843, -0.16602736, -2.9034719, 0.16065913, 0.71557249],
    [-2.9115576, -0.32945859, -0.14482152, -2.9452802, 0.19074928, 0.74422411],
    [-2.9743895, -0.33701874, -0.12361569, -2.9870884, 0.22083943, 0.77287572],
    [-3.0372213, -0.34457889, -0.10240986, -3.0288967, 0.25092958, 0.80152734],
    [-3.1000532, -0.35213905, -0.081204026, -3.070705, 0.28101973, 0.83017895],
    [-3.162885, -0.3596992, -0.059998194, -3.1125133, 0.31110987, 0.85883057],
    [-3.2257169, -0.36725935, -0.038792361, -3.1543216, 0.34120002, 0.88748218],
    [-3.2885487, -0.37481951, -0.017586528, -3.1961298, 0.37129017, 0.9161338],
    [-3.3513806, -0.38237966, 0.0036193041, -3.2379381, 0.40138032, 0.94478541],
    [-3.4142125, -0.38993982, 0.024825137, -3.2797464, 0.43147047, 0.97343702],
    [-3.4770443, -0.39749997, 0.046030969, -3.3215547, 0.46156061, 1.0020886],
    [-3.5398762, -0.40506012, 0.067236802, -3.363363, 0.49165076, 1.0307403],
    [-3.602708, -0.41262028, 0.088442635, -3.4051712, 0.52174091, 1.0593919],
    [-3.6655399, -0.42018043, 0.10964847, -3.4469795, 0.55183106, 1.0880435],
    [-3.7283717, -0.42774058, 0.1308543, -3.4887878, 0.58192121, 1.1166951],
    [-3.7912036, -0.43530074, 0.15206013, -3.5305961, 0.61201136, 1.1453467],
    [-3.8540354, -0.44286089, 0.17326597, -3.5724044, 0.6421015, 1.1739983],
    [-3.9168673, -0.45042104, 0.1944718, -3.6142127, 0.67219165, 1.2026499],
    [-3.9796991, -0.4579812, 0.21567763, -3.6560209, 0.7022818, 1.2313016],
    [-4.042531, -0.46554135, 0.23688346, -3.6978292, 0.73237195, 1.2599532],
    [-4.1053628, -0.47310151, 0.2580893, -3.7396375, 0.7624621, 1.2886048],
    [-4.1681947, -0.48066166, 0.27929513, -3.7814458, 0.79255224, 1.3172564],
    [-4.2310265, -0.48822181, 0.30050096, -3.8232541, 0.82264239, 1.345908],
    [-4.2938584, -0.49578197, 0.32170679, -3.8650623, 0.85273254, 1.3745596],
    [-4.3566903, -0.50334212, 0.34291263, -3.9068706, 0.88282269, 1.4032112],
