{
  "iteration": 198,
  "label": "pre_pick",
  "planning_time_ms": 51.964258,
  "scene": {
    "block_x": 0.19595775,
    "block_y": 0.40367215,
    "bin_x": 0.42549668,
    "bin_y": 0.36512757
  },
  "joint_names": ["shoulder_pan_joint", "shoulder_lift_joint", "elbow_joint", "wrist_1_joint", "wrist_2_joint", "wrist_3_joint"],
  "start_joints": [-0.45140015, -1.7008316, -0.92026741, 0.86821694, -8.2734348e-05, -0.00015566363],
  "goal_joints": [-1.723826, -2.1939241, -1.2205282, -1.2985989, 1.5709436, -0.15294855],
  "num_waypoints": 32,
  "trajectory": [
    [-0.45140015, -1.7008316, -0.92026741, 0.86821694, -8.2734348e-05, -0.00015566363],
    [-0.45433632, -1.7019694, -0.92096027, 0.86321694, 0.0035424614, -0.00050823833],
    [-0.46314481, -1.7053829, -0.92303886, 0.84821694, 0.014418049, -0.0015659624],
    [-0.47782564, -1.711072, -0.92650317, 0.82321694, 0.032544027, -0.0033288359],
    [-0.4983788, -1.7190368, -0.9313532, 0.78821694, 0.057920398, -0.0057968588],
    [-0.52480429, -1.7292773, -0.93758896, 0.74321694, 0.09054716, -0.0089700311],
    [-0.5571021, -1.7417934, -0.94521043, 0.68821694, 0.13042431, -0.012848353],
    [-0.59527225, -1.7565851, -0.95421764, 0.62321695, 0.17755185, -0.017431823],
    [-0.63931472, -1.7736525, -0.96461056, 0.54821697, 0.23192978, -0.022720443],
    [-0.68922952, -1.7929956, -0.97638921, 0.46321698, 0.29355809, -0.028714211],
    [-0.74501665, -1.8146143, -0.98955358, 0.36821701, 0.3624368, -0.035413129],
    [-0.80641122, -1.838406, -1.0040412, 0.2636681, 0.43823885, -0.042785389],
    [-0.86924308, -1.8627547, -1.0188679, 0.15667165, 0.51581546, -0.050330237],
    [-0.93207493, -1.8871034, -1.0336947, 0.049675201, 0.59339208, -0.057875085],
    [-0.99490678, -1.9114521, -1.0485214, -0.057321249, 0.67096869, -0.065419933],
    [-1.0577386, -1.9358008, -1.0633482, -0.1643177, 0.74854531, -0.072964782],
    [-1.1205705, -1.9601495, -1.0781749, -0.27131415, 0.82612192, -0.08050963],
    [-1.1834023, -1.9844982, -1.0930017, -0.3783106, 0.90369854, -0.088054478],
    [-1.2462342, -2.0088469, -1.1078284, -0.48530705, 0.98127515, -0.095599326],
    [-1.309066, -2.0331956, -1.1226552, -0.5923035, 1.0588518, -0.10314417],
    [-1.3718979, -2.0575443, -1.1374819, -0.69929995, 1.1364284, -0.11068902],
    [-1.4330838, -2.0812552, -1.1519203, -0.80349355, 1.2119728, -0.11803623],
    [-1.4885828, -2.1027623, -1.1650166, -0.89800288, 1.2804958, -0.12470055],
    [-1.5382095, -2.1219937, -1.1767273, -0.98251221, 1.3417684, -0.13065972],
    [-1.5819638, -2.1389494, -1.1870522, -1.0570215, 1.3957905, -0.13591374],
    [-1.6198459, -2.1536295, -1.1959914, -1.1215309, 1.4425623, -0.14046261],
    [-1.6518555, -2.166034, -1.2035449, -1.1760402, 1.4820837, -0.14430633],
    [-1.6779929, -2.1761628, -1.2097127, -1.2205495, 1.5143547, -0.1474449],
    [-1.6982579, -2.1840159, -1.2144947, -1.2550589, 1.5393753, -0.14987833],
    [-1.7126506, -2.1895934, -1.217891, -1.2795682, 1.5571456, -0.1516066],
    [-1.721171, -2.1928952, -1.2199016, -1.2940775, 1.5676654, -0.15262973],
    [-1.723826, -2.1939241, -1.2205282, -1.2985989, 1.5709436, -0.15294855]
  ]
}
