{
  "iteration": 232,
  "label": "pre_pick",
  "planning_time_ms": 58.506104,
  "scene": {
    "block_x": 0.22256853,
    "block_y": 0.38446454,
    "bin_x": 0.37038704,
    "bin_y": 0.31462817
  },
  "joint_names": ["shoulder_pan_joint", "shoulder_lift_joint", "elbow_joint", "wrist_1_joint", "wrist_2_joint", "wrist_3_joint"],
  "start_joints": [-0.45125003, -1.7009445, -0.92006117, 0.86784891, 1.4866662e-05, 8.5778992e-06],
  "goal_joints": [-1.7977216, -3.3329174, 1.2565894, -2.6352843, -4.711334, -0.22775963],
  "num_waypoints": 52,
  "trajectory": [
    [-0.45125003, -1.7009445, -0.92006117, 0.86784891, 1.4866662e-05, 8.5778992e-06],
    [-0.45267899, -1.7026764, -0.91775116, 0.86413115, -0.0049851333, -0.00023314503],
    [-0.45696589, -1.7078723, -0.91082114, 0.85297787, -0.019985133, -0.00095831382],
    [-0.46411072, -1.7165321, -0.8992711, 0.83438907, -0.044985133, -0.0021669285],
    [-0.47411349, -1.7286558, -0.88310105, 0.80836475, -0.079985133, -0.003858989],
    [-0.48697418, -1.7442434, -0.86231098, 0.7749049, -0.12498513, -0.0060344954],
    [-0.50269281, -1.763295, -0.83690089, 0.73400954, -0.17998513, -0.0086934476],
    [-0.52126936, -1.7858105, -0.80687079, 0.68567866, -0.24498512, -0.011835845],
    [-0.54270385, -1.8117898, -0.77222068, 0.62991227, -0.31998511, -0.015461688],
    [-0.56699627, -1.8412331, -0.73295056, 0.56671036, -0.40498509, -0.019570977],
    [-0.59414662, -1.8741404, -0.68906042, 0.49607293, -0.49998506, -0.024163712],
    [-0.6241549, -1.9105115, -0.64055027, 0.41799998, -0.60498504, -0.029239892],
    [-0.65702111, -1.9503466, -0.5874201, 0.33249151, -0.71998502, -0.034799519],
    [-0.69247655, -1.9933199, -0.53010429, 0.24024661, -0.84404479, -0.040797137],
    [-0.72839038, -2.0368487, -0.47204746, 0.14680911, -0.9697085, -0.046872297],
    [-0.76430422, -2.0803776, -0.41399063, 0.053371599, -1.0953722, -0.052947457],
    [-0.80021805, -2.1239065, -0.35593381, -0.040065909, -1.2210359, -0.059022617],
    [-0.83613189, -2.1674354, -0.29787698, -0.13350342, -1.3466996, -0.065097776],
    [-0.87204572, -2.2109643, -0.23982015, -0.22694092, -1.4723633, -0.071172936],
    [-0.90795956, -2.2544932, -0.18176332, -0.32037843, -1.598027, -0.077248096],
    [-0.94387339, -2.2980221, -0.12370649, -0.41381594, -1.7236907, -0.083323256],
    [-0.97978723, -2.3415509, -0.065649663, -0.50725345, -1.8493544, -0.089398416],
    [-1.0157011, -2.3850798, -0.0075928344, -0.60069096, -1.9750181, -0.095473576],
    [-1.0516149, -2.4286087, 0.050463994, -0.69412846, -2.1006819, -0.10154874],
    [-1.0875287, -2.4721376, 0.10852082, -0.78756597, -2.2263456, -0.1076239],
    [-1.1234426, -2.5156665, 0.16657765, -0.88100348, -2.3520093, -0.11369906],
    [-1.1593564, -2.5591954, 0.22463448, -0.97444099, -2.477673, -0.11977422],
    [-1.1952702, -2.6027243, 0.28269131, -1.0678785, -2.6033367, -0.12584938],
    [-1.2311841, -2.6462531, 0.34074814, -1.161316, -2.7290004, -0.13192453],
    [-1.2670979, -2.689782, 0.39880497, -1.2547535, -2.8546641, -0.13799969],
    [-1.3030117, -2.7333109, 0.45686179, -1.348191, -2.9803278, -0.14407485],
    [-1.3389256, -2.7768398, 0.51491862, -1.4416285, -3.1059915, -0.15015001],
    [-1.3748394, -2.8203687, 0.57297545, -1.535066, -3.2316552, -0.15622517],
    [-1.4107532, -2.8638976, 0.63103228, -1.6285035, -3.3573189, -0.16230033],
    [-1.4466671, -2.9074265, 0.68908911, -1.7219411, -3.4829826, -0.16837549],
    [-1.4825809, -2.9509554, 0.74714594, -1.8153786, -3.6086463, -0.17445065],
    [-1.5184947, -2.9944842, 0.80520277, -1.9088161, -3.73431, -0.18052581],
    [-1.5544086, -3.0380131, 0.86325959, -2.0022536, -3.8599737, -0.18660097],
    [-1.5899532, -3.0810946, 0.92071965, -2.0947306, -3.9843457, -0.19261369],
    [-1.6229855, -3.1211309, 0.97411823, -2.1806711, -4.0999267, -0.1982014],
    [-1.6531598, -3.1577033, 1.0228968, -2.259176, -4.2055076, -0.20330567],
    [-1.6804762, -3.1908117, 1.0670553, -2.3302454, -4.3010886, -0.20792649],
    [-1.7049347, -3.2204563, 1.1065939, -2.3938793, -4.3866695, -0.21206386],
    [-1.7265352, -3.2466369, 1.1415124, -2.4500777, -4.4622505, -0.21571779],
    [-1.7452778, -3.2693536, 1.1718109, -2.4988405, -4.5278314, -0.21888828],
    [-1.7611624, -3.2886064, 1.1974894, -2.5401679, -4.5834124, -0.22157532],
    [-1.7741892, -3.3043953, 1.2185478, -2.5740597, -4.6289933, -0.22377891],
    [-1.784358, -3.3167202, 1.2349863, -2.600516, -4.6645743, -0.22549905],
    [-1.7916688, -3.3255812, 1.2468047, -2.6195367, -4.6901552, -0.22673575],
    [-1.7961217, -3.3309784, 1.2540032, -2.631122, -4.7057362, -0.22748901],
    [-1.7977167, -3.3329116, 1.2565816, -2.6352717, -4.7113171, -0.22775882],
    [-1.7977216, -3.3329174, 1.2565894, -2.6352843, -4.711334, -0.22775963]
  ]
}
