{
  "iteration": 152,
  "label": "pre_pick",
  "planning_time_ms": 48.865377,
  "scene": {
    "block_x": 0.28164465,
    "block_y": 0.37001195,
    "bin_x": 0.42063768,
    "bin_y": 0.26430266
  },
  "joint_names": ["shoulder_pan_joint", "shoulder_lift_joint", "elbow_joint", "wrist_1_joint", "wrist_2_joint", "wrist_3_joint"],
  "start_joints": [-0.45138117, -1.7008006, -0.91988203, 0.86782907, -1.3848609e-05, 1.7303443e-05],
  "goal_joints": [4.347821, -2.2684148, -1.0928185, 4.9323369, -4.7115505, -0.36376846],
  "num_waypoints": 84,
  "trajectory": [
    [-0.45138117, -1.7008006, -0.91988203, 0.86782907, -1.3848609e-05, 1.7303443e-05],
    [-0.44638117, -1.701392, -0.9200622, 0.87206363, -0.0049225152, -0.00036170306],
    [-0.43138117, -1.703166, -0.92060271, 0.88476733, -0.019648515, -0.0014987226],
    [-0.40638117, -1.7061229, -0.92150358, 0.90594016, -0.044191848, -0.0033937551],
    [-0.37138117, -1.7102624, -0.92276478, 0.93558213, -0.078552515, -0.0060468006],
    [-0.32638117, -1.7155847, -0.92438633, 0.97369322, -0.12273051, -0.0094578592],
    [-0.27138117, -1.7220897, -0.92636822, 1.0202735, -0.17672585, -0.013626931],
    [-0.20895039, -1.7294735, -0.92861788, 1.0731469, -0.23801622, -0.018359265],
    [-0.14611854, -1.7369048, -0.93088199, 1.12636, -0.29970034, -0.023122001],
    [-0.083286685, -1.7443361, -0.9331461, 1.1795732, -0.36138447, -0.027884737],
    [-0.020454832, -1.7517674, -0.93541021, 1.2327863, -0.42306859, -0.032647473],
    [0.042377021, -1.7591987, -0.93767432, 1.2859994, -0.48475271, -0.03741021],
    [0.10520887, -1.76663, -0.93993842, 1.3392125, -0.54643684, -0.042172946],
    [0.16804073, -1.7740612, -0.94220253, 1.3924257, -0.60812096, -0.046935682],
    [0.23087258, -1.7814925, -0.94446664, 1.4456388, -0.66980509, -0.051698418],
    [0.29370443, -1.7889238, -0.94673075, 1.4988519, -0.73148921, -0.056461154],
    [0.35653629, -1.7963551, -0.94899486, 1.5520651, -0.79317333, -0.061223891],
    [0.41936814, -1.8037864, -0.95125897, 1.6052782, -0.85485746, -0.065986627],
    [0.48219999, -1.8112177, -0.95352308, 1.6584913, -0.91654158, -0.070749363],
    [0.54503185, -1.818649, -0.95578719, 1.7117044, -0.97822571, -0.075512099],
    [0.6078637, -1.8260803, -0.9580513, 1.7649176, -1.0399098, -0.080274836],
    [0.67069555, -1.8335115, -0.96031541, 1.8181307, -1.101594, -0.085037572],
    [0.7335274, -1.8409428, -0.96257952, 1.8713438, -1.1632781, -0.089800308],
    [0.79635926, -1.8483741, -0.96484363, 1.924557, -1.2249622, -0.094563044],
    [0.85919111, -1.8558054, -0.96710774, 1.9777701, -1.2866463, -0.09932578],
    [0.92202296, -1.8632367, -0.96937185, 2.0309832, -1.3483305, -0.10408852],
    [0.98485482, -1.870668, -0.97163595, 2.0841963, -1.4100146, -0.10885125],
    [1.0476867, -1.8780993, -0.97390006, 2.1374095, -1.4716987, -0.11361399],
    [1.1105185, -1.8855306, -0.97616417, 2.1906226, -1.5333828, -0.11837673],
    [1.1733504, -1.8929618, -0.97842828, 2.2438357, -1.5950669, -0.12313946],
    [1.2361822, -1.9003931, -0.98069239, 2.2970489, -1.6567511, -0.1279022],
    [1.2990141, -1.9078244, -0.9829565, 2.350262, -1.7184352, -0.13266493],
    [1.3618459, -1.9152557, -0.98522061, 2.4034751, -1.7801193, -0.13742767],
    [1.4246778, -1.922687, -0.98748472, 2.4566882, -1.8418034, -0.14219041],
    [1.4875096, -1.9301183, -0.98974883, 2.5099014, -1.9034876, -0.14695314],
    [1.5503415, -1.9375496, -0.99201294, 2.5631145, -1.9651717, -0.15171588],
    [1.6131733, -1.9449809, -0.99427705, 2.6163276, -2.0268558, -0.15647862],
    [1.6760052, -1.9524122, -0.99654116, 2.6695408, -2.0885399, -0.16124135],
    [1.7388371, -1.9598434, -0.99880527, 2.7227539, -2.1502241, -0.16600409],
    [1.8016689, -1.9672747, -1.0010694, 2.775967, -2.2119082, -0.17076682],
    [1.8645008, -1.974706, -1.0033335, 2.8291801, -2.2735923, -0.17552956],
    [1.9273326, -1.9821373, -1.0055976, 2.8823933, -2.3352764, -0.1802923],
    [1.9901645, -1.9895686, -1.0078617, 2.9356064, -2.3969606, -0.18505503],
    [2.0529963, -1.9969999, -1.0101258, 2.9888195, -2.4586447, -0.18981777],
    [2.1158282, -2.0044312, -1.0123899, 3.0420327, -2.5203288, -0.1945805],
    [2.17866, -2.0118625, -1.014654, 3.0952458, -2.5820129, -0.19934324],
    [2.2414919, -2.0192937, -1.0169181, 3.1484589, -2.6436971, -0.20410598],
    [2.3043237, -2.026725, -1.0191822, 3.201672, -2.7053812, -0.20886871],
    [2.3671556, -2.0341563, -1.0214464, 3.2548852, -2.7670653, -0.21363145],
    [2.4299874, -2.0415876, -1.0237105, 3.3080983, -2.8287494, -0.21839419],
    [2.4928193, -2.0490189, -1.0259746, 3.3613114, -2.8904336, -0.22315692],
    [2.5556511, -2.0564502, -1.0282387, 3.4145245, -2.9521177, -0.22791966],
    [2.618483, -2.0638815, -1.0305028, 3.4677377, -3.0138018, -0.23268239],
    [2.6813148, -2.0713128, -1.0327669, 3.5209508, -3.0754859, -0.23744513],
    [2.7441467, -2.078744, -1.035031, 3.5741639, -3.13717, -0.24220787],
    [2.8069786, -2.0861753, -1.0372951, 3.6273771, -3.1988542, -0.2469706],
    [2.8698104, -2.0936066, -1.0395592, 3.6805902, -3.2605383, -0.25173334],
    [2.9326423, -2.1010379, -1.0418233, 3.7338033, -3.3222224, -0.25649608],
    [2.9954741, -2.1084692, -1.0440875, 3.7870164, -3.3839065, -0.26125881],
    [3.058306, -2.1159005, -1.0463516, 3.8402296, -3.4455907, -0.26602155],
    [3.1211378, -2.1233318, -1.0486157, 3.8934427, -3.5072748, -0.27078428],
    [3.1839697, -2.1307631, -1.0508798, 3.9466558, -3.5689589, -0.27554702],
    [3.2468015, -2.1381944, -1.0531439, 3.999869, -3.630643, -0.28030976],
    [3.3096334, -2.1456256, -1.055408, 4.0530821, -3.6923272, -0.28507249],
    [3.3724652, -2.1530569, -1.0576721, 4.1062952, -3.7540113, -0.28983523],
    [3.4352971, -2.1604882, -1.0599362, 4.1595083, -3.8156954, -0.29459797],
    [3.4981289, -2.1679195, -1.0622003, 4.2127215, -3.8773795, -0.2993607],
    [3.5609608, -2.1753508, -1.0644644, 4.2659346, -3.9390637, -0.30412344],
    [3.6237926, -2.1827821, -1.0667285, 4.3191477, -4.0007478, -0.30888617],
    [3.6866245, -2.1902134, -1.0689927, 4.3723609, -4.0624319, -0.31364891],
    [3.7494564, -2.1976447, -1.0712568, 4.425574, -4.124116, -0.31841165],
    [3.8122882, -2.2050759, -1.0735209, 4.4787871, -4.1858002, -0.32317438],
    [3.8751201, -2.2125072, -1.075785, 4.5320002, -4.2474843, -0.32793712],
    [3.9379519, -2.2199385, -1.0780491, 4.5852134, -4.3091684, -0.33269986],
    [4.0007838, -2.2273698, -1.0803132, 4.6384265, -4.3708525, -0.33746259],
    [4.0636156, -2.2348011, -1.0825773, 4.6916396, -4.4325366, -0.34222533],
    [4.1264475, -2.2422324, -1.0848414, 4.7448528, -4.4942208, -0.34698806],
    [4.1873677, -2.2494376, -1.0870366, 4.7964469, -4.5540282, -0.3516059],
    [4.2390163, -2.2555462, -1.0888978, 4.8401888, -4.6047334, -0.35552093],
    [4.2806649, -2.2604721, -1.0903986, 4.8754616, -4.6456212, -0.35867795],
    [4.3123136, -2.2642153, -1.091539, 4.9022652, -4.6766917, -0.36107695],
    [4.3339622, -2.2667757, -1.0923191, 4.9205997, -4.6979449, -0.36271795],
    [4.3456108, -2.2681534, -1.0927388, 4.9304651, -4.7093807, -0.36360093],
    [4.347821, -2.2684148, -1.0928185, 4.9323369, -4.7115505, -0.36376846]
  ]
}
