{
  "iteration": 491,
  "label": "pre_pick",
  "planning_time_ms": 5151.8988,
  "scene": {
    "block_x": 0.2602966,
    "block_y": 0.45539776,
    "bin_x": 0.42061069,
    "bin_y": 0.3246159
  },
  "joint_names": ["shoulder_pan_joint", "shoulder_lift_joint", "elbow_joint", "wrist_1_joint", "wrist_2_joint", "wrist_3_joint"],
  "start_joints": [-0.45138121, -1.7008606, -0.92015349, 0.86826158, 5.0101682e-05, -8.6446664e-05],
  "goal_joints": [-5.4790992, -0.15124562, -0.35572984, 5.2191231, 4.7112635, -0.76723974],
  "num_waypoints": 119,
  "trajectory": [
    [-0.45138121, -1.7008606, -0.92015349, 0.86826158, 5.0101682e-05, -8.6446664e-05],
    [-0.4547985, -1.7004713, -0.92052106, 0.86733991, 0.0050501017, 8.912987e-06],
    [-0.46505034, -1.6993034, -0.92162375, 0.86457492, 0.020050102, 0.00029499194],
    [-0.48213674, -1.6973569, -0.92346157, 0.85996661, 0.045050102, 0.0007717902],
    [-0.5060577, -1.6946318, -0.92603451, 0.85351497, 0.080050102, 0.0014393078],
    [-0.53681323, -1.6911281, -0.92934259, 0.84522, 0.1250501, 0.0022975446],
    [-0.57440332, -1.6868458, -0.93338579, 0.83508171, 0.1800501, 0.0033465008],
    [-0.61882796, -1.681785, -0.93816412, 0.82310009, 0.2450501, 0.0045861762],
    [-0.67008717, -1.6759455, -0.94367758, 0.80927514, 0.3200501, 0.0060165709],
    [-0.72818093, -1.6693274, -0.94992617, 0.79360687, 0.40505008, 0.0076376847],
    [-0.79088513, -1.6621841, -0.95667066, 0.77669513, 0.49679585, 0.0093874535],
    [-0.85371699, -1.6550263, -0.96342887, 0.75974897, 0.58872838, 0.011140784],
    [-0.91654884, -1.6478685, -0.97018709, 0.7428028, 0.68066091, 0.012894115],
    [-0.97938069, -1.6407107, -0.97694531, 0.72585664, 0.77259345, 0.014647446],
    [-1.0422125, -1.6335528, -0.98370353, 0.70891048, 0.86452598, 0.016400777],
    [-1.1050444, -1.626395, -0.99046174, 0.69196431, 0.95645852, 0.018154108],
    [-1.1678763, -1.6192372, -0.99721996, 0.67501815, 1.0483911, 0.019907439],
    [-1.2307081, -1.6120793, -1.0039782, 0.65807198, 1.1403236, 0.02166077],
    [-1.29354, -1.6049215, -1.0107364, 0.64112582, 1.2322561, 0.023414101],
    [-1.3563718, -1.5977637, -1.0174946, 0.62417965, 1.3241887, 0.025167431],
    [-1.4192037, -1.5906059, -1.0242528, 0.60723349, 1.4161212, 0.026920762],
    [-1.4820355, -1.583448, -1.031011, 0.59028732, 1.5080537, 0.028674093],
    [-1.5448674, -1.5762902, -1.0377693, 0.57334116, 1.5999863, 0.030427424],
    [-1.6076992, -1.5691324, -1.0445275, 0.55639499, 1.6919188, 0.032180755],
    [-1.6705311, -1.5619745, -1.0512857, 0.53944883, 1.7838513, 0.033934086],
    [-1.7333629, -1.5548167, -1.0580439, 0.52250266, 1.8757839, 0.035687417],
    [-1.7961948, -1.5476589, -1.0648021, 0.5055565, 1.9677164, 0.037440748],
    [-1.8590266, -1.5405011, -1.0715603, 0.48861033, 2.0596489, 0.039194078],
    [-1.9218585, -1.5333432, -1.0783186, 0.47166417, 2.1515815, 0.040947409],
    [-1.9846903, -1.5261854, -1.0850768, 0.454718, 2.243514, 0.04270074],
    [-2.0475222, -1.5190276, -1.091835, 0.43777184, 2.3354465, 0.044454071],
    [-2.110354, -1.5118697, -1.0985932, 0.42082568, 2.4273791, 0.046207402],
    [-2.1731859, -1.5047119, -1.1053514, 0.40387951, 2.5193116, 0.047960733],
    [-2.2360178, -1.4975541, -1.1121097, 0.38693335, 2.6112441, 0.049714064],
    [-2.2988496, -1.4903962, -1.1188679, 0.36998718, 2.7031767, 0.051467395],
    [-2.3616815, -1.4832384, -1.1256261, 0.35304102, 2.7951092, 0.053220726],
    [-2.4245133, -1.4760806, -1.1323843, 0.33609485, 2.8870417, 0.054974056],
    [-2.4873452, -1.4689228, -1.1391425, 0.31914869, 2.9789743, 0.056727387],
    [-2.550177, -1.4617649, -1.1459007, 0.30220252, 3.0709068, 0.058480718],
    [-2.6130089, -1.4546071, -1.152659, 0.28525636, 3.1628393, 0.060234049],
    [-2.6758407, -1.4474493, -1.1594172, 0.26831019, 3.2547719, 0.06198738],
    [-2.7386726, -1.4402914, -1.1661754, 0.25136403, 3.3467044, 0.063740711],
    [-2.8015044, -1.4331336, -1.1729336, 0.23441786, 3.4386369, 0.065494042],
    [-2.8643363, -1.4259758, -1.1796918, 0.2174717, 3.5305695, 0.067247373],
    [-2.9271681, -1.418818, -1.18645, 0.20052553, 3.622502, 0.069000703],
    [-2.99, -1.4116601, -1.1932083, 0.18357937, 3.7144346, 0.070754034],
    [-3.0528318, -1.4045023, -1.1999665, 0.16663321, 3.8063671, 0.072507365],
    [-3.1156637, -1.3973445, -1.2067247, 0.14968704, 3.8982996, 0.074260696],
    [-3.1784955, -1.3901866, -1.2134829, 0.13274088, 3.9902322, 0.076014027],
    [-3.2413274, -1.3830288, -1.2202411, 0.11579471, 4.0821647, 0.077767358],
    [-3.3041593, -1.375871, -1.2269993, 0.098848546, 4.1740972, 0.079520689],
    [-3.3669911, -1.3687132, -1.2337576, 0.081902382, 4.2660298, 0.08127402],
    [-3.429823, -1.3615553, -1.2405158, 0.064956217, 4.3579623, 0.08302735],
    [-3.4926548, -1.3543975, -1.247274, 0.048010052, 4.4498948, 0.084780681],
    [-3.5554867, -1.3472397, -1.2540322, 0.031063887, 4.5418274, 0.086534012],
    [-3.6183185, -1.3400818, -1.2607904, 0.014117723, 4.6337599, 0.088287343],
    [-3.6809432, -1.3329476, -1.2675264, -0.0027725555, 4.7253892, 0.090034892],
    [-3.7386748, -1.3263708, -1.273736, -0.018343148, 4.8098593, 0.091645899],
    [-3.7895718, -1.3205726, -1.2792105, -0.032070414, 4.8843294, 0.093066188],
    [-3.8336343, -1.315553, -1.2839499, -0.043954353, 4.9487995, 0.094295757],
    [-3.8708622, -1.311312, -1.2879541, -0.053994967, 5.0032696, 0.095334606],
    [-3.9012555, -1.3078495, -1.2912232, -0.062192255, 5.0477397, 0.096182737],
    [-3.9285751, -1.3039639, -1.2938066, -0.065488913, 5.0854131, 0.096623335],
    [-3.9582251, -1.2978079, -1.2957198, -0.058859178, 5.120536, 0.096294862],
    [-3.989122, -1.2895467, -1.2968655, -0.042230307, 5.1516471, 0.09518443],
    [-4.0199966, -1.27939, -1.2971372, -0.01560336, 5.177083, 0.093283754],
    [-4.0488008, -1.267833, -1.2964347, 0.020196314, 5.1946252, 0.090644558],
    [-4.072464, -1.2560618, -1.294812, 0.061593121, 5.2022676, 0.087529162],
    [-4.0927493, -1.2438333, -1.2924392, 0.10833422, 5.2024642, 0.083969169],
    [-4.1168817, -1.2291237, -1.289542, 0.16479308, 5.2022163, 0.07966659],
    [-4.1452884, -1.2118087, -1.2861316, 0.23125194, 5.2019243, 0.074601938],
    [-4.1779694, -1.1918883, -1.282208, 0.30771078, 5.2015885, 0.068775213],
    [-4.2149247, -1.1693625, -1.2777713, 0.39416963, 5.2012087, 0.062186415],
    [-4.2561544, -1.1442313, -1.2728214, 0.49062847, 5.200785, 0.054835544],
    [-4.3016584, -1.1164948, -1.2673583, 0.59708731, 5.2003174, 0.0467226],
    [-4.3514367, -1.0861529, -1.2613821, 0.71354614, 5.1998059, 0.037847583],
    [-4.4047716, -1.0536432, -1.2549789, 0.8383257, 5.1992578, 0.028338466],
    [-4.4584844, -1.0209031, -1.2485304, 0.96398941, 5.1987058, 0.01876197],
    [-4.5119973, -0.98827353, -1.2420708, 1.0892704, 5.1981342, 0.009193628],
    [-4.5590076, -0.95771001, -1.2304874, 1.2136523, 5.1939734, -0.0038455151],
    [-4.5960198, -0.93003734, -1.2101369, 1.3388072, 5.1837434, -0.02291847],
    [-4.6251888, -0.90465173, -1.1829687, 1.4644234, 5.1687893, -0.046677847],
    [-4.6537678, -0.87943645, -1.1552824, 1.5900871, 5.1534767, -0.070793884],
    [-4.6823468, -0.85422117, -1.127596, 1.7157508, 5.138164, -0.094909922],
    [-4.7109258, -0.82900589, -1.0999097, 1.8414145, 5.1228514, -0.11902596],
    [-4.7395048, -0.80379061, -1.0722233, 1.9670782, 5.1075387, -0.143142],
    [-4.7680838, -0.77857533, -1.044537, 2.0927419, 5.0922261, -0.16725803],
    [-4.7966628, -0.75336005, -1.0168507, 2.2184056, 5.0769134, -0.19137407],
    [-4.8252418, -0.72814477, -0.98916432, 2.3440693, 5.0616008, -0.21549011],
    [-4.8538208, -0.70292949, -0.96147797, 2.4697331, 5.0462882, -0.23960615],
    [-4.8823998, -0.67771421, -0.93379163, 2.5953968, 5.0309755, -0.26372218],
    [-4.9109788, -0.65249893, -0.90610529, 2.7210605, 5.0156629, -0.28783822],
    [-4.9395578, -0.62728365, -0.87841894, 2.8467242, 5.0003502, -0.31195426],
    [-4.9681368, -0.60206837, -0.8507326, 2.9723879, 4.9850376, -0.3360703],
