{
  "iteration": 262,
  "label": "pre_pick",
  "planning_time_ms": 45.835732,
  "scene": {
    "block_x": 0.14337945,
    "block_y": 0.47705307,
    "bin_x": 0.3377354,
    "bin_y": 0.2527572
  },
  "joint_names": ["shoulder_pan_joint", "shoulder_lift_joint", "elbow_joint", "wrist_1_joint", "wrist_2_joint", "wrist_3_joint"],
  "start_joints": [-0.45124661, -1.7007513, -0.92067515, 0.86882483, -2.1364584e-05, -0.00038771567],
  "goal_joints": [-1.5963228, -3.1556844, 0.75439476, -2.3118822, 1.5717381, -0.024769421],
  "num_waypoints": 40,
  "trajectory": [
    [-0.45124661, -1.7007513, -0.92067515, 0.86882483, -2.1364584e-05, -0.00038771567],
    [-0.45304664, -1.7030384, -0.91804198, 0.86382483, 0.002449406, -0.00042604316],
    [-0.45844674, -1.7098998, -0.91014246, 0.84882483, 0.0098617179, -0.00054102564],
    [-0.46744691, -1.7213354, -0.8969766, 0.82382483, 0.022215571, -0.00073266311],
    [-0.48004715, -1.7373453, -0.8785444, 0.78882483, 0.039510965, -0.0010009556],
    [-0.49624746, -1.7579294, -0.85484584, 0.74382483, 0.061747901, -0.001345903],
    [-0.51604783, -1.7830877, -0.82588095, 0.68882483, 0.088926378, -0.0017675054],
    [-0.53944828, -1.8128203, -0.79164971, 0.62382484, 0.12104639, -0.0022657628],
    [-0.56644878, -1.8471271, -0.75215214, 0.54882485, 0.15810795, -0.0028406751],
    [-0.59704936, -1.8860082, -0.70738821, 0.46382486, 0.20011104, -0.0034922424],
    [-0.63125, -1.9294635, -0.65735795, 0.36882489, 0.24705567, -0.0042204646],
    [-0.66905071, -1.9774931, -0.60206135, 0.26382491, 0.29894184, -0.0050253418],
    [-0.71044285, -2.0300859, -0.54151102, 0.14884891, 0.35575771, -0.0059066901],
    [-0.75339465, -2.0846604, -0.47867917, 0.029540628, 0.41471439, -0.0068212476],
    [-0.79634644, -2.1392349, -0.41584732, -0.089767655, 0.47367107, -0.0077358051],
    [-0.83929824, -2.1938095, -0.35301546, -0.20907594, 0.53262775, -0.0086503626],
    [-0.88225003, -2.248384, -0.29018361, -0.32838422, 0.59158443, -0.0095649201],
    [-0.92520183, -2.3029585, -0.22735176, -0.4476925, 0.65054111, -0.010479478],
    [-0.96815363, -2.357533, -0.1645199, -0.56700079, 0.70949779, -0.011394035],
    [-1.0111054, -2.4121076, -0.10168805, -0.68630907, 0.76845447, -0.012308593],
    [-1.0540572, -2.4666821, -0.038856199, -0.80561735, 0.82741115, -0.01322315],
    [-1.097009, -2.5212566, 0.023975654, -0.92492564, 0.88636783, -0.014137708],
    [-1.1399608, -2.5758311, 0.086807507, -1.0442339, 0.94532451, -0.015052265],
    [-1.1829126, -2.6304056, 0.14963936, -1.1635422, 1.0042812, -0.015966822],
    [-1.2258644, -2.6849802, 0.21247121, -1.2828505, 1.0632379, -0.01688138],
    [-1.2688162, -2.7395547, 0.27530307, -1.4021588, 1.1221945, -0.017795937],
    [-1.311768, -2.7941292, 0.33813492, -1.5214671, 1.1811512, -0.018710495],
    [-1.3545112, -2.8484387, 0.4006616, -1.6401959, 1.2398216, -0.01962061],
    [-1.3944374, -2.8991689, 0.45906745, -1.7510998, 1.2946252, -0.020470745],
    [-1.4307635, -2.9453248, 0.51220694, -1.8520038, 1.3444873, -0.021244224],
    [-1.4634895, -2.9869065, 0.5600801, -1.9429077, 1.3894079, -0.021941048],
    [-1.4926155, -3.0239139, 0.60268691, -2.0238117, 1.4293869, -0.022561217],
    [-1.5181414, -3.0563471, 0.64002737, -2.0947156, 1.4644244, -0.023104731],
    [-1.5400672, -3.0842061, 0.67210149, -2.1556196, 1.4945203, -0.02357159],
    [-1.558393, -3.1074908, 0.69890927, -2.2065235, 1.5196747, -0.023961794],
    [-1.5731187, -3.1262013, 0.7204507, -2.2474275, 1.5398876, -0.024275344],
    [-1.5842443, -3.1403375, 0.73672579, -2.2783314, 1.5551589, -0.024512238],
    [-1.5917699, -3.1498995, 0.74773453, -2.2992354, 1.5654887, -0.024672477],
    [-1.5956954, -3.1548872, 0.75347693, -2.3101393, 1.5708769, -0.024756061],
    [-1.5963228, -3.1556844, 0.75439476, -2.3118822, 1.5717381, -0.024769421]
  ]
}
