{
  "iteration": 286,
  "label": "pre_pick",
  "planning_time_ms": 35.029066,
  "scene": {
    "block_x": 0.13067925,
    "block_y": 0.46132168,
    "bin_x": 0.35967762,
    "bin_y": 0.32437537
  },
  "joint_names": ["shoulder_pan_joint", "shoulder_lift_joint", "elbow_joint", "wrist_1_joint", "wrist_2_joint", "wrist_3_joint"],
  "start_joints": [-0.45139053, -1.7008215, -0.92015416, 0.86799548, 1.2324218e-05, -9.8828207e-05],
  "goal_joints": [1.0259948, -0.79528978, 0.95395795, -1.730169, -1.5712194, -0.54430826],
  "num_waypoints": 40,
  "trajectory": [
    [-0.45139053, -1.7008215, -0.92015416, 0.86799548, 1.2324218e-05, -9.8828207e-05],
    [-0.44854739, -1.6990788, -0.91654755, 0.86299548, -0.00301141, -0.0011461242],
    [-0.440018, -1.6938509, -0.90572773, 0.84799548, -0.012082613, -0.0042880121],
    [-0.42580233, -1.6851377, -0.88769469, 0.82299548, -0.027201284, -0.0095244919],
    [-0.4059004, -1.6729393, -0.86244844, 0.78799548, -0.048367423, -0.016855564],
    [-0.3803122, -1.6572555, -0.82998896, 0.74299548, -0.075581031, -0.026281227],
    [-0.34903774, -1.6380865, -0.79031628, 0.68799549, -0.10884211, -0.037801482],
    [-0.31207703, -1.6154322, -0.74343039, 0.62299551, -0.14815064, -0.051416326],
    [-0.26943005, -1.5892927, -0.68933129, 0.54799553, -0.19350664, -0.067125761],
    [-0.22133488, -1.5598138, -0.62832099, 0.46341425, -0.2446569, -0.084842087],
    [-0.17180377, -1.5294548, -0.56548913, 0.37630767, -0.29733433, -0.10308736],
    [-0.12227266, -1.4990957, -0.50265728, 0.2892011, -0.35001175, -0.12133263],
    [-0.072741543, -1.4687367, -0.43982543, 0.20209452, -0.40268918, -0.13957791],
    [-0.023210429, -1.4383777, -0.37699357, 0.11498795, -0.45536661, -0.15782318],
    [0.026320685, -1.4080186, -0.31416172, 0.027881369, -0.50804403, -0.17606845],
    [0.075851798, -1.3776596, -0.25132987, -0.059225207, -0.56072146, -0.19431373],
    [0.12538291, -1.3473006, -0.18849801, -0.14633178, -0.61339889, -0.212559],
    [0.17491403, -1.3169415, -0.12566616, -0.23343836, -0.66607631, -0.23080427],
    [0.22444514, -1.2865825, -0.062834308, -0.32054493, -0.71875374, -0.24904954],
    [0.27397625, -1.2562234, -2.4547563e-06, -0.40765151, -0.77143117, -0.26729482],
    [0.32350737, -1.2258644, 0.062829398, -0.49475809, -0.82410859, -0.28554009],
    [0.37303848, -1.1955054, 0.12566125, -0.58186466, -0.87678602, -0.30378536],
    [0.4225696, -1.1651463, 0.1884931, -0.66897124, -0.92946345, -0.32203064],
    [0.47210071, -1.1347873, 0.25132496, -0.75607781, -0.98214088, -0.34027591],
    [0.52163182, -1.1044283, 0.31415681, -0.84318439, -1.0348183, -0.35852118],
    [0.57116294, -1.0740692, 0.37698866, -0.93029097, -1.0874957, -0.37676646],
    [0.62069405, -1.0437102, 0.43982052, -1.0173975, -1.1401732, -0.39501173],
    [0.67022516, -1.0133512, 0.50265237, -1.1045041, -1.1928506, -0.413257],
    [0.71975628, -0.98299214, 0.56548422, -1.1916107, -1.245528, -0.43150228],
    [0.76928739, -0.95263311, 0.62831608, -1.2787173, -1.2982054, -0.44974755],
    [0.81873383, -0.92232597, 0.69104051, -1.3656749, -1.3507928, -0.46796163],
    [0.86444049, -0.89431106, 0.74902092, -1.4460557, -1.3994028, -0.48479813],
    [0.90446088, -0.86978141, 0.79978811, -1.5164365, -1.4419654, -0.49954003],
    [0.93879501, -0.84873705, 0.84334209, -1.5768173, -1.4784805, -0.51218735],
    [0.96744288, -0.83117795, 0.87968285, -1.6271981, -1.5089481, -0.52274007],
    [0.99040447, -0.81710413, 0.90881039, -1.6675789, -1.5333683, -0.5311982],
    [1.0076798, -0.80651559, 0.93072472, -1.6979597, -1.551741, -0.53756174],
    [1.0192689, -0.79941232, 0.94542583, -1.7183405, -1.5640662, -0.54183069],
    [1.0251717, -0.79579433, 0.95291373, -1.7287213, -1.570344, -0.54400504],
    [1.0259948, -0.79528978, 0.95395795, -1.730169, -1.5712194, -0.54430826]
  ]
}
