{
  "iteration": 560,
  "label": "pre_pick",
  "planning_time_ms": 60.631955,
  "scene": {
    "block_x": 0.30554959,
    "block_y": 0.37471762,
    "bin_x": 0.12695516,
    "bin_y": 0.37628398
  },
  "joint_names": ["shoulder_pan_joint", "shoulder_lift_joint", "elbow_joint", "wrist_1_joint", "wrist_2_joint", "wrist_3_joint"],
  "start_joints": [-0.45132286, -1.7007559, -0.92029622, 0.86824618, -5.9533258e-05, -0.00011819736],
  "goal_joints": [-5.6681046, 0.085191544, -0.93993329, -0.71718387, 4.7127363, -0.95500809],
  "num_waypoints": 91,
  "trajectory": [
    [-0.45132286, -1.7007559, -0.92029622, 0.86824618, -5.9533258e-05, -0.00011819736],
    [-0.45632286, -1.6990442, -0.92031504, 0.86672663, 0.0044574238, -0.0010334071],
    [-0.47132286, -1.693909, -0.9203715, 0.86216798, 0.018008295, -0.0037790363],
    [-0.49632286, -1.6853503, -0.92046561, 0.85457024, 0.04059308, -0.0083550849],
    [-0.53132286, -1.6733682, -0.92059736, 0.84393341, 0.072211779, -0.014761553],
    [-0.57632286, -1.6579626, -0.92076675, 0.83025748, 0.11286439, -0.022998441],
    [-0.63132286, -1.6391335, -0.92097378, 0.81354245, 0.16255092, -0.033065748],
    [-0.69375363, -1.6177606, -0.92120878, 0.79456914, 0.21895035, -0.044493198],
    [-0.75658549, -1.5962503, -0.92144529, 0.77547393, 0.2757121, -0.055994063],
    [-0.81941734, -1.57474, -0.9216818, 0.75637873, 0.33247386, -0.067494927],
    [-0.88224919, -1.5532298, -0.92191832, 0.73728353, 0.38923561, -0.078995792],
    [-0.94508105, -1.5317195, -0.92215483, 0.71818832, 0.44599737, -0.090496657],
    [-1.0079129, -1.5102092, -0.92239134, 0.69909312, 0.50275913, -0.10199752],
    [-1.0707448, -1.4886989, -0.92262785, 0.67999792, 0.55952088, -0.11349839],
    [-1.1335766, -1.4671887, -0.92286437, 0.66090271, 0.61628264, -0.12499925],
    [-1.1964085, -1.4456784, -0.92310088, 0.64180751, 0.6730444, -0.13650012],
    [-1.2592403, -1.4241681, -0.92333739, 0.62271231, 0.72980615, -0.14800098],
    [-1.3220722, -1.4026579, -0.9235739, 0.60361711, 0.78656791, -0.15950184],
    [-1.384904, -1.3811476, -0.92381042, 0.5845219, 0.84332967, -0.17100271],
    [-1.4477359, -1.3596373, -0.92404693, 0.5654267, 0.90009142, -0.18250357],
    [-1.5105677, -1.3381271, -0.92428344, 0.5463315, 0.95685318, -0.19400444],
    [-1.5733996, -1.3166168, -0.92451995, 0.52723629, 1.0136149, -0.2055053],
    [-1.6362314, -1.2951065, -0.92475647, 0.50814109, 1.0703767, -0.21700617],
    [-1.6990633, -1.2735962, -0.92499298, 0.48904589, 1.1271384, -0.22850703],
    [-1.7618951, -1.252086, -0.92522949, 0.46995068, 1.1839002, -0.2400079],
    [-1.824727, -1.2305757, -0.925466, 0.45085548, 1.240662, -0.25150876],
    [-1.8875588, -1.2090654, -0.92570252, 0.43176028, 1.2974237, -0.26300963],
    [-1.9503907, -1.1875552, -0.92593903, 0.41266507, 1.3541855, -0.27451049],
    [-2.0132225, -1.1660449, -0.92617554, 0.39356987, 1.4109472, -0.28601136],
    [-2.0760544, -1.1445346, -0.92641205, 0.37447467, 1.467709, -0.29751222],
    [-2.1388863, -1.1230243, -0.92664857, 0.35537947, 1.5244707, -0.30901309],
    [-2.2017181, -1.1015141, -0.92688508, 0.33628426, 1.5812325, -0.32051395],
    [-2.26455, -1.0800038, -0.92712159, 0.31718906, 1.6379943, -0.33201481],
    [-2.3273818, -1.0584935, -0.9273581, 0.29809386, 1.694756, -0.34351568],
    [-2.3902137, -1.0369833, -0.92759462, 0.27899865, 1.7515178, -0.35501654],
    [-2.4530455, -1.015473, -0.92783113, 0.25990345, 1.8082795, -0.36651741],
    [-2.5158774, -0.99396272, -0.92806764, 0.24080825, 1.8650413, -0.37801827],
    [-2.5787092, -0.97245245, -0.92830415, 0.22171304, 1.921803, -0.38951914],
    [-2.6415411, -0.95094218, -0.92854067, 0.20261784, 1.9785648, -0.40102],
    [-2.7043729, -0.92943191, -0.92877718, 0.18352264, 2.0353265, -0.41252087],
    [-2.7672048, -0.90792164, -0.92901369, 0.16442743, 2.0920883, -0.42402173],
    [-2.8300366, -0.88641137, -0.9292502, 0.14533223, 2.1488501, -0.4355226],
    [-2.8928685, -0.8649011, -0.92948672, 0.12623703, 2.2056118, -0.44702346],
    [-2.9557003, -0.84339083, -0.92972323, 0.10714183, 2.2623736, -0.45852433],
    [-3.0185322, -0.82188055, -0.92995974, 0.088046622, 2.3191353, -0.47002519],
    [-3.081364, -0.80037028, -0.93019625, 0.068951419, 2.3758971, -0.48152605],
    [-3.1441959, -0.77886001, -0.93043276, 0.049856216, 2.4326588, -0.49302692],
    [-3.2070278, -0.75734974, -0.93066928, 0.030761013, 2.4894206, -0.50452778],
    [-3.2698596, -0.73583947, -0.93090579, 0.01166581, 2.5461824, -0.51602865],
    [-3.3326915, -0.7143292, -0.9311423, -0.0074293929, 2.6029441, -0.52752951],
    [-3.3955233, -0.69281893, -0.93137881, -0.026524596, 2.6597059, -0.53903038],
    [-3.4583552, -0.67130866, -0.93161533, -0.045619799, 2.7164676, -0.55053124],
    [-3.521187, -0.64979839, -0.93185184, -0.064715002, 2.7732294, -0.56203211],
    [-3.5840189, -0.62828812, -0.93208835, -0.083810205, 2.8299911, -0.57353297],
    [-3.6468507, -0.60677785, -0.93232486, -0.10290541, 2.8867529, -0.58503384],
    [-3.7096826, -0.58526758, -0.93256138, -0.12200061, 2.9435146, -0.5965347],
    [-3.7725144, -0.56375731, -0.93279789, -0.14109581, 3.0002764, -0.60803557],
    [-3.8353463, -0.54224703, -0.9330344, -0.16019102, 3.0570382, -0.61953643],
    [-3.8981781, -0.52073676, -0.93327091, -0.17928622, 3.1137999, -0.6310373],
    [-3.96101, -0.49922649, -0.93350743, -0.19838142, 3.1705617, -0.64253816],
    [-4.0238418, -0.47771622, -0.93374394, -0.21747663, 3.2273234, -0.65403902],
    [-4.0866737, -0.45620595, -0.93398045, -0.23657183, 3.2840852, -0.66553989],
    [-4.1495056, -0.43469568, -0.93421696, -0.25566703, 3.3408469, -0.67704075],
    [-4.2123374, -0.41318541, -0.93445348, -0.27476224, 3.3976087, -0.68854162],
    [-4.2751693, -0.39167514, -0.93468999, -0.29385744, 3.4543705, -0.70004248],
    [-4.3380011, -0.37016487, -0.9349265, -0.31295264, 3.5111322, -0.71154335],
    [-4.400833, -0.3486546, -0.93516301, -0.33204785, 3.567894, -0.72304421],
    [-4.4636648, -0.32714433, -0.93539953, -0.35114305, 3.6246557, -0.73454508],
    [-4.5264967, -0.30563406, -0.93563604, -0.37023825, 3.6814175, -0.74604594],
    [-4.5893285, -0.28412379, -0.93587255, -0.38933345, 3.7381792, -0.75754681],
    [-4.6521604, -0.26261352, -0.93610906, -0.40842866, 3.794941, -0.76904767],
    [-4.7149922, -0.24110324, -0.93634558, -0.42752386, 3.8517027, -0.78054854],
    [-4.7778241, -0.21959297, -0.93658209, -0.44661906, 3.9084645, -0.7920494],
    [-4.8406559, -0.1980827, -0.9368186, -0.46571427, 3.9652263, -0.80355026],
    [-4.9034878, -0.17657243, -0.93705511, -0.48480947, 4.021988, -0.81505113],
    [-4.9663196, -0.15506216, -0.93729163, -0.50390467, 4.0787498, -0.82655199],
    [-5.0291515, -0.13355189, -0.93752814, -0.52299988, 4.1355115, -0.83805286],
    [-5.0919833, -0.11204162, -0.93776465, -0.54209508, 4.1922733, -0.84955372],
    [-5.1548152, -0.090531349, -0.93800116, -0.56119028, 4.249035, -0.86105459],
    [-5.2176471, -0.069021079, -0.93823768, -0.58028549, 4.3057968, -0.87255545],
    [-5.2804789, -0.047510808, -0.93847419, -0.59938069, 4.3625586, -0.88405632],
    [-5.3433108, -0.026000537, -0.9387107, -0.61847589, 4.4193203, -0.89555718],
    [-5.4061426, -0.0044902665, -0.93894721, -0.63757109, 4.4760821, -0.90705805],
    [-5.4689745, 0.017020004, -0.93918373, -0.6566663, 4.5328438, -0.91855891],
    [-5.5270791, 0.036911934, -0.93940244, -0.67432486, 4.5853351, -0.9291945],
    [-5.5751876, 0.053381708, -0.93958353, -0.68894549, 4.6287959, -0.93800037],
    [-5.6132961, 0.066428016, -0.93972698, -0.70052702, 4.6632227, -0.94497582],
    [-5.6414046, 0.076050858, -0.93983279, -0.70906946, 4.6886157, -0.95012085],
    [-5.659513, 0.082250235, -0.93990095, -0.7145728, 4.7049747, -0.95343546],
    [-5.6676215, 0.085026145, -0.93993147, -0.71703704, 4.7122999, -0.95491965],
    [-5.6681046, 0.085191544, -0.93993329, -0.71718387, 4.7127363, -0.95500809]
  ]
}
