{
  "iteration": 56,
  "label": "pre_pick",
  "planning_time_ms": 62.490046,
  "scene": {
    "block_x": 0.14323377,
    "block_y": 0.45848244,
    "bin_x": 0.13350369,
    "bin_y": 0.32488596
  },
  "joint_names": ["shoulder_pan_joint", "shoulder_lift_joint", "elbow_joint", "wrist_1_joint", "wrist_2_joint", "wrist_3_joint"],
  "start_joints": [-0.45142811, -1.7007707, -0.92059596, 0.86865094, 8.4999174e-05, -0.00036733002],
  "goal_joints": [-5.2845065, 0.083463159, -0.93671579, 5.5664666, -1.5704382, -0.57158299],
  "num_waypoints": 85,
  "trajectory": [
    [-0.45142811, -1.7007707, -0.92059596, 0.86865094, 8.4999174e-05, -0.00036733002],
    [-0.45642811, -1.6989248, -0.92061264, 0.87351101, -0.0015397657, -0.00095827394],
    [-0.47142811, -1.6933873, -0.92066266, 0.88809121, -0.0064140605, -0.0027311057],
    [-0.49642811, -1.684158, -0.92074605, 0.91239153, -0.014537885, -0.0056858253],
    [-0.53142811, -1.671237, -0.92086278, 0.94641199, -0.025911239, -0.0098224328],
    [-0.57642811, -1.6546243, -0.92101287, 0.99015258, -0.040534124, -0.015140928],
    [-0.63142811, -1.6343199, -0.92119632, 1.0436133, -0.058406538, -0.021641311],
    [-0.69385889, -1.6112722, -0.92140454, 1.1042968, -0.078693604, -0.029019929],
    [-0.75669074, -1.5880765, -0.92161411, 1.1653702, -0.099111002, -0.036445949],
    [-0.8195226, -1.5648808, -0.92182367, 1.2264436, -0.1195284, -0.043871969],
    [-0.88235445, -1.541685, -0.92203323, 1.287517, -0.1399458, -0.05129799],
    [-0.9451863, -1.5184893, -0.9222428, 1.3485904, -0.1603632, -0.05872401],
    [-1.0080182, -1.4952936, -0.92245236, 1.4096638, -0.18078059, -0.06615003],
    [-1.07085, -1.4720979, -0.92266193, 1.4707372, -0.20119799, -0.073576051],
    [-1.1336819, -1.4489022, -0.92287149, 1.5318105, -0.22161539, -0.081002071],
    [-1.1965137, -1.4257065, -0.92308105, 1.5928839, -0.24203279, -0.088428091],
    [-1.2593456, -1.4025107, -0.92329062, 1.6539573, -0.26245019, -0.095854112],
    [-1.3221774, -1.379315, -0.92350018, 1.7150307, -0.28286758, -0.10328013],
    [-1.3850093, -1.3561193, -0.92370975, 1.7761041, -0.30328498, -0.11070615],
    [-1.4478411, -1.3329236, -0.92391931, 1.8371775, -0.32370238, -0.11813217],
    [-1.510673, -1.3097279, -0.92412887, 1.8982509, -0.34411978, -0.12555819],
    [-1.5735048, -1.2865322, -0.92433844, 1.9593242, -0.36453718, -0.13298421],
    [-1.6363367, -1.2633364, -0.924548, 2.0203976, -0.38495457, -0.14041023],
    [-1.6991685, -1.2401407, -0.92475757, 2.081471, -0.40537197, -0.14783625],
    [-1.7620004, -1.216945, -0.92496713, 2.1425444, -0.42578937, -0.15526227],
    [-1.8248322, -1.1937493, -0.92517669, 2.2036178, -0.44620677, -0.16268829],
    [-1.8876641, -1.1705536, -0.92538626, 2.2646912, -0.46662417, -0.17011431],
    [-1.950496, -1.1473579, -0.92559582, 2.3257646, -0.48704157, -0.17754034],
    [-2.0133278, -1.1241621, -0.92580539, 2.3868379, -0.50745896, -0.18496636],
    [-2.0761597, -1.1009664, -0.92601495, 2.4479113, -0.52787636, -0.19239238],
    [-2.1389915, -1.0777707, -0.92622451, 2.5089847, -0.54829376, -0.1998184],
    [-2.2018234, -1.054575, -0.92643408, 2.5700581, -0.56871116, -0.20724442],
    [-2.2646552, -1.0313793, -0.92664364, 2.6311315, -0.58912856, -0.21467044],
    [-2.3274871, -1.0081836, -0.9268532, 2.6922049, -0.60954595, -0.22209646],
    [-2.3903189, -0.98498784, -0.92706277, 2.7532783, -0.62996335, -0.22952248],
    [-2.4531508, -0.96179212, -0.92727233, 2.8143517, -0.65038075, -0.2369485],
    [-2.5159826, -0.9385964, -0.9274819, 2.875425, -0.67079815, -0.24437452],
    [-2.5788145, -0.91540069, -0.92769146, 2.9364984, -0.69121555, -0.25180054],
    [-2.6416463, -0.89220497, -0.92790102, 2.9975718, -0.71163294, -0.25922656],
    [-2.7044782, -0.86900925, -0.92811059, 3.0586452, -0.73205034, -0.26665258],
    [-2.76731, -0.84581353, -0.92832015, 3.1197186, -0.75246774, -0.2740786],
    [-2.8301419, -0.82261782, -0.92852972, 3.180792, -0.77288514, -0.28150462],
    [-2.8929737, -0.7994221, -0.92873928, 3.2418654, -0.79330254, -0.28893064],
    [-2.9558056, -0.77622638, -0.92894884, 3.3029387, -0.81371993, -0.29635666],
    [-3.0186375, -0.75303067, -0.92915841, 3.3640121, -0.83413733, -0.30378268],
    [-3.0814693, -0.72983495, -0.92936797, 3.4250855, -0.85455473, -0.3112087],
    [-3.1443012, -0.70663923, -0.92957754, 3.4861589, -0.87497213, -0.31863472],
    [-3.207133, -0.68344351, -0.9297871, 3.5472323, -0.89538953, -0.32606074],
    [-3.2699649, -0.6602478, -0.92999666, 3.6083057, -0.91580692, -0.33348676],
    [-3.3327967, -0.63705208, -0.93020623, 3.6693791, -0.93622432, -0.34091278],
    [-3.3956286, -0.61385636, -0.93041579, 3.7304524, -0.95664172, -0.3483388],
    [-3.4584604, -0.59066065, -0.93062536, 3.7915258, -0.97705912, -0.35576482],
    [-3.5212923, -0.56746493, -0.93083492, 3.8525992, -0.99747652, -0.36319084],
    [-3.5841241, -0.54426921, -0.93104448, 3.9136726, -1.0178939, -0.37061686],
    [-3.646956, -0.52107349, -0.93125405, 3.974746, -1.0383113, -0.37804288],
    [-3.7097878, -0.49787778, -0.93146361, 4.0358194, -1.0587287, -0.3854689],
    [-3.7726197, -0.47468206, -0.93167318, 4.0968928, -1.0791461, -0.39289492],
    [-3.8354515, -0.45148634, -0.93188274, 4.1579661, -1.0995635, -0.40032095],
    [-3.8982834, -0.42829062, -0.9320923, 4.2190395, -1.1199809, -0.40774697],
    [-3.9611152, -0.40509491, -0.93230187, 4.2801129, -1.1403983, -0.41517299],
    [-4.0239471, -0.38189919, -0.93251143, 4.3411863, -1.1608157, -0.42259901],
    [-4.086779, -0.35870347, -0.932721, 4.4022597, -1.1812331, -0.43002503],
    [-4.1496108, -0.33550776, -0.93293056, 4.4633331, -1.2016505, -0.43745105],
    [-4.2124427, -0.31231204, -0.93314012, 4.5244065, -1.2220679, -0.44487707],
    [-4.2752745, -0.28911632, -0.93334969, 4.5854799, -1.2424853, -0.45230309],
    [-4.3381064, -0.2659206, -0.93355925, 4.6465532, -1.2629027, -0.45972911],
    [-4.4009382, -0.24272489, -0.93376882, 4.7076266, -1.2833201, -0.46715513],
    [-4.4637701, -0.21952917, -0.93397838, 4.7687, -1.3037375, -0.47458115],
    [-4.5266019, -0.19633345, -0.93418794, 4.8297734, -1.3241549, -0.48200717],
    [-4.5894338, -0.17313774, -0.93439751, 4.8908468, -1.3445723, -0.48943319],
    [-4.6522656, -0.14994202, -0.93460707, 4.9519202, -1.3649897, -0.49685921],
    [-4.7150975, -0.1267463, -0.93481664, 5.0129936, -1.3854071, -0.50428523],
    [-4.7779293, -0.10355058, -0.9350262, 5.0740669, -1.4058245, -0.51171125],
    [-4.8407612, -0.080354867, -0.93523576, 5.1351403, -1.4262419, -0.51913727],
    [-4.903593, -0.05715915, -0.93544533, 5.1962137, -1.4466593, -0.52656329],
    [-4.9664249, -0.033963433, -0.93565489, 5.2572871, -1.4670767, -0.53398931],
    [-5.0292568, -0.010767716, -0.93586446, 5.3183605, -1.4874941, -0.54141533],
    [-5.0920573, 0.012416433, -0.93607392, 5.3794034, -1.5079013, -0.54883765],
    [-5.1490974, 0.033474031, -0.93626416, 5.4348472, -1.5264367, -0.55557916],
    [-5.1961376, 0.050839917, -0.93642106, 5.4805709, -1.5417225, -0.56113878],
    [-5.2331778, 0.064514089, -0.9365446, 5.5165744, -1.5537588, -0.56551651],
    [-5.260218, 0.074496548, -0.93663478, 5.5428578, -1.5625456, -0.56871236],
    [-5.2772582, 0.080787295, -0.93669162, 5.5594211, -1.5680829, -0.57072632],
    [-5.2842984, 0.083386328, -0.9367151, 5.5662643, -1.5703706, -0.57155839],
    [-5.2845065, 0.083463159, -0.93671579, 5.5664666, -1.5704382, -0.57158299]
  ]
}
