{
  "iteration": 141,
  "label": "pre_pick",
  "planning_time_ms": 50.093774,
  "scene": {
    "block_x": 0.1849757,
    "block_y": 0.48927964,
    "bin_x": 0.40469728,
    "bin_y": 0.35266215
  },
  "joint_names": ["shoulder_pan_joint", "shoulder_lift_joint", "elbow_joint", "wrist_1_joint", "wrist_2_joint", "wrist_3_joint"],
  "start_joints": [-0.45124461, -1.7009134, -0.92026368, 0.86820551, -7.1745688e-05, -0.00015826097],
  "goal_joints": [-1.678721, -3.015583, 0.41344221, 4.1736054, -4.7124592, -0.10731645],
  "num_waypoints": 52,
  "trajectory": [
    [-0.45124461, -1.7009134, -0.92026368, 0.86820551, -7.1745688e-05, -0.00015826097],
    [-0.452547, -1.7023083, -0.91884857, 0.87171265, -0.0050717457, -0.00027195937],
    [-0.45645418, -1.7064931, -0.91460325, 0.88223407, -0.020071746, -0.00061305458],
    [-0.46296615, -1.7134676, -0.90752772, 0.89976977, -0.045071746, -0.0011815466],
    [-0.4720829, -1.723232, -0.89762198, 0.92431974, -0.080071746, -0.0019774354],
    [-0.48380444, -1.7357861, -0.88488602, 0.955884, -0.12507175, -0.003000721],
    [-0.49813077, -1.7511301, -0.86931985, 0.99446253, -0.18007175, -0.0042514035],
    [-0.51506188, -1.7692639, -0.85092347, 1.0400553, -0.24507174, -0.0057294826],
    [-0.53459777, -1.7901876, -0.82969688, 1.0926624, -0.32007173, -0.0074349582],
    [-0.55673845, -1.813901, -0.80564008, 1.1522838, -0.40507171, -0.0093678307],
    [-0.58148392, -1.8404042, -0.77875306, 1.2189194, -0.50007169, -0.0115281],
    [-0.60883417, -1.8696973, -0.74903584, 1.2925693, -0.60507166, -0.013915766],
    [-0.63878921, -1.9017802, -0.7164884, 1.3732335, -0.72007163, -0.016530828],
    [-0.67110411, -1.9363906, -0.68137687, 1.4602524, -0.84413132, -0.019351906],
    [-0.70383682, -1.9714484, -0.64581136, 1.5483965, -0.96979502, -0.022209458],
    [-0.73656954, -2.0065063, -0.61024586, 1.6365405, -1.0954587, -0.025067011],
    [-0.76930225, -2.0415642, -0.57468036, 1.7246845, -1.2211224, -0.027924563],
    [-0.80203496, -2.076622, -0.53911486, 1.8128285, -1.3467861, -0.030782116],
    [-0.83476768, -2.1116799, -0.50354936, 1.9009726, -1.4724498, -0.033639669],
    [-0.86750039, -2.1467378, -0.46798385, 1.9891166, -1.5981136, -0.036497221],
    [-0.9002331, -2.1817956, -0.43241835, 2.0772606, -1.7237773, -0.039354774],
    [-0.93296582, -2.2168535, -0.39685285, 2.1654046, -1.849441, -0.042212326],
    [-0.96569853, -2.2519114, -0.36128735, 2.2535487, -1.9751047, -0.045069879],
    [-0.99843124, -2.2869692, -0.32572185, 2.3416927, -2.1007684, -0.047927431],
    [-1.031164, -2.3220271, -0.29015634, 2.4298367, -2.2264321, -0.050784984],
    [-1.0638967, -2.357085, -0.25459084, 2.5179807, -2.3520958, -0.053642536],
    [-1.0966294, -2.3921428, -0.21902534, 2.6061248, -2.4777595, -0.056500089],
    [-1.1293621, -2.4272007, -0.18345984, 2.6942688, -2.6034232, -0.059357641],
    [-1.1620948, -2.4622586, -0.14789434, 2.7824128, -2.7290869, -0.062215194],
    [-1.1948275, -2.4973164, -0.11232883, 2.8705568, -2.8547506, -0.065072746],
    [-1.2275602, -2.5323743, -0.076763332, 2.9587009, -2.9804143, -0.067930299],
    [-1.2602929, -2.5674322, -0.04119783, 3.0468449, -3.106078, -0.070787851],
    [-1.2930257, -2.60249, -0.0056323278, 3.1349889, -3.2317417, -0.073645404],
    [-1.3257584, -2.6375479, 0.029933174, 3.223133, -3.3574054, -0.076502956],
    [-1.3584911, -2.6726058, 0.065498676, 3.311277, -3.4830691, -0.079360509],
    [-1.3912238, -2.7076636, 0.10106418, 3.399421, -3.6087329, -0.082218061],
    [-1.4239565, -2.7427215, 0.13662968, 3.487565, -3.7343966, -0.085075614],
    [-1.4566892, -2.7777794, 0.17219518, 3.5757091, -3.8600603, -0.087933167],
    [-1.4890963, -2.8124885, 0.20740689, 3.6629763, -3.9844739, -0.090762293],
    [-1.5192242, -2.8447565, 0.24014215, 3.7441059, -4.1001375, -0.093392447],
    [-1.5467473, -2.8742347, 0.2700472, 3.8182213, -4.2058011, -0.095795203],
    [-1.5716657, -2.9009231, 0.29712204, 3.8853225, -4.3014647, -0.097970563],
    [-1.5939792, -2.9248217, 0.32136666, 3.9454093, -4.3871283, -0.099918526],
    [-1.613688, -2.9459304, 0.34278107, 3.9984819, -4.4627919, -0.10163909],
    [-1.6307919, -2.9642494, 0.36136526, 4.0445401, -4.5284555, -0.10313226],
    [-1.6452911, -2.9797785, 0.37711925, 4.0835841, -4.5841191, -0.10439803],
    [-1.6571855, -2.9925178, 0.39004302, 4.1156139, -4.6297828, -0.10543641],
    [-1.6664751, -3.0024673, 0.40013658, 4.1406293, -4.6654464, -0.10624739],
    [-1.6731599, -3.009627, 0.40739992, 4.1586305, -4.69111, -0.10683097],
    [-1.67724, -3.0139968, 0.41183306, 4.1696174, -4.7067736, -0.10718716],
    [-1.6787152, -3.0155769, 0.41343598, 4.17359, -4.7124372, -0.10731594],
    [-1.678721, -3.015583, 0.41344221, 4.1736054, -4.7124592, -0.10731645]
  ]
}
