{
  "iteration": 1,
  "label": "pick_descend",
  "planning_time_ms": 138.84372,
  "scene": {
    "block_x": 0.28087648,
    "block_y": 0.38975624,
    "bin_x": 0.12357647,
    "bin_y": 0.3135257
  },
  "joint_names": ["shoulder_pan_joint", "shoulder_lift_joint", "elbow_joint", "wrist_1_joint", "wrist_2_joint", "wrist_3_joint"],
  "start_joints": [-1.8600359, -3.1724337, 0.88159963, 3.7324324, 1.509013, -0.33278174],
  "goal_joints": [-1.9129192, -3.4102452, 1.083194, 3.8887947, 1.5653726, -0.34552466],
  "num_waypoints": 11,
  "trajectory": [
    [-1.8600359, -3.1724337, 0.88159963, 3.7324324, 1.509013, -0.33278174],
    [-1.8610241, -3.1772789, 0.88659963, 3.7345652, 1.510002, -0.33307008],
    [-1.8640028, -3.1918523, 0.90157891, 3.7410515, 1.5129874, -0.33393621],
    [-1.869097, -3.2163863, 0.92605078, 3.7528644, 1.5181457, -0.33537975],
    [-1.8764439, -3.2509208, 0.95879683, 3.7715159, 1.5257087, -0.3373705],
    [-1.8861478, -3.2951562, 0.99779366, 3.7988798, 1.5359202, -0.33982825],
    [-1.8957795, -3.337666, 1.0320806, 3.8289028, 1.5463029, -0.34206552],
    [-1.9034878, -3.370766, 1.0565545, 3.8548658, 1.5547877, -0.3437045],
    [-1.9089778, -3.3938665, 1.0724495, 3.8743616, 1.5609248, -0.34478661],
    [-1.9121291, -3.4069656, 1.0810524, 3.8858933, 1.5644802, -0.34537743],
    [-1.9129192, -3.4102452, 1.083194, 3.8887947, 1.5653726, -0.34552466]
  ]
}
