{
  "iteration": 896,
  "label": "pre_pick",
  "planning_time_ms": 112.18123,
  "scene": {
    "block_x": 0.25947993,
    "block_y": 0.42519411,
    "bin_x": 0.15933112,
    "bin_y": 0.31112826
  },
  "joint_names": ["shoulder_pan_joint", "shoulder_lift_joint", "elbow_joint", "wrist_1_joint", "wrist_2_joint", "wrist_3_joint"],
  "start_joints": [-0.45140542, -1.7006929, -0.92069227, 0.86871416, 8.7263677e-05, -0.00041003435],
  "goal_joints": [4.4318718, -2.4439912, -0.77383945, 4.7889969, -4.7128334, -0.28064752],
  "num_waypoints": 86,
  "trajectory": [
    [-0.45140542, -1.7006929, -0.92069227, 0.86871416, 8.7263677e-05, -0.00041003435],
    [-0.44640542, -1.701454, -0.92054191, 0.87272815, -0.0047383078, -0.00069697023],
    [-0.43140542, -1.7037372, -0.92009082, 0.88477011, -0.019215022, -0.0015577779],
    [-0.40640542, -1.7075425, -0.91933901, 0.90484005, -0.04334288, -0.0029924573],
    [-0.37140542, -1.71287, -0.91828647, 0.93293796, -0.077121881, -0.0050010084],
    [-0.32640542, -1.7197196, -0.9169332, 0.96906385, -0.12055202, -0.0075834313],
    [-0.27140542, -1.7280913, -0.91527921, 1.0132177, -0.17363331, -0.010739726],
    [-0.20897464, -1.7375941, -0.91340175, 1.063337, -0.23388614, -0.014322452],
    [-0.14614279, -1.7471579, -0.91151223, 1.1137782, -0.29452606, -0.017928194],
    [-0.083310936, -1.7567217, -0.90962272, 1.1642195, -0.35516599, -0.021533937],
    [-0.020479083, -1.7662855, -0.9077332, 1.2146608, -0.41580591, -0.02513968],
    [0.04235277, -1.7758494, -0.90584368, 1.265102, -0.47644583, -0.028745422],
    [0.10518462, -1.7854132, -0.90395417, 1.3155433, -0.53708575, -0.032351165],
    [0.16801648, -1.794977, -0.90206465, 1.3659845, -0.59772567, -0.035956907],
    [0.23084833, -1.8045408, -0.90017513, 1.4164258, -0.65836559, -0.03956265],
    [0.29368018, -1.8141047, -0.89828562, 1.466867, -0.71900551, -0.043168393],
    [0.35651204, -1.8236685, -0.8963961, 1.5173083, -0.77964543, -0.046774135],
    [0.41934389, -1.8332323, -0.89450658, 1.5677495, -0.84028535, -0.050379878],
    [0.48217574, -1.8427961, -0.89261706, 1.6181908, -0.90092527, -0.05398562],
    [0.54500759, -1.8523599, -0.89072755, 1.668632, -0.96156519, -0.057591363],
    [0.60783945, -1.8619238, -0.88883803, 1.7190733, -1.0222051, -0.061197106],
    [0.6706713, -1.8714876, -0.88694851, 1.7695146, -1.082845, -0.064802848],
    [0.73350315, -1.8810514, -0.885059, 1.8199558, -1.1434849, -0.068408591],
    [0.79633501, -1.8906152, -0.88316948, 1.8703971, -1.2041249, -0.072014333],
    [0.85916686, -1.9001791, -0.88127996, 1.9208383, -1.2647648, -0.075620076],
    [0.92199871, -1.9097429, -0.87939045, 1.9712796, -1.3254047, -0.079225819],
    [0.98483057, -1.9193067, -0.87750093, 2.0217208, -1.3860446, -0.082831561],
    [1.0476624, -1.9288705, -0.87561141, 2.0721621, -1.4466845, -0.086437304],
    [1.1104943, -1.9384344, -0.8737219, 2.1226033, -1.5073245, -0.090043046],
    [1.1733261, -1.9479982, -0.87183238, 2.1730446, -1.5679644, -0.093648789],
    [1.236158, -1.957562, -0.86994286, 2.2234859, -1.6286043, -0.097254532],
    [1.2989898, -1.9671258, -0.86805334, 2.2739271, -1.6892442, -0.10086027],
    [1.3618217, -1.9766897, -0.86616383, 2.3243684, -1.7498841, -0.10446602],
    [1.4246535, -1.9862535, -0.86427431, 2.3748096, -1.8105241, -0.10807176],
    [1.4874854, -1.9958173, -0.86238479, 2.4252509, -1.871164, -0.1116775],
    [1.5503172, -2.0053811, -0.86049528, 2.4756921, -1.9318039, -0.11528324],
    [1.6131491, -2.014945, -0.85860576, 2.5261334, -1.9924438, -0.11888899],
    [1.6759809, -2.0245088, -0.85671624, 2.5765746, -2.0530837, -0.12249473],
    [1.7388128, -2.0340726, -0.85482673, 2.6270159, -2.1137237, -0.12610047],
    [1.8016447, -2.0436364, -0.85293721, 2.6774571, -2.1743636, -0.12970621],
    [1.8644765, -2.0532003, -0.85104769, 2.7278984, -2.2350035, -0.13331196],
    [1.9273084, -2.0627641, -0.84915817, 2.7783397, -2.2956434, -0.1369177],
    [1.9901402, -2.0723279, -0.84726866, 2.8287809, -2.3562833, -0.14052344],
    [2.0529721, -2.0818917, -0.84537914, 2.8792222, -2.4169233, -0.14412919],
    [2.1158039, -2.0914556, -0.84348962, 2.9296634, -2.4775632, -0.14773493],
    [2.1786358, -2.1010194, -0.84160011, 2.9801047, -2.5382031, -0.15134067],
    [2.2414676, -2.1105832, -0.83971059, 3.0305459, -2.598843, -0.15494641],
    [2.3042995, -2.120147, -0.83782107, 3.0809872, -2.6594829, -0.15855216],
    [2.3671313, -2.1297109, -0.83593156, 3.1314284, -2.7201229, -0.1621579],
    [2.4299632, -2.1392747, -0.83404204, 3.1818697, -2.7807628, -0.16576364],
    [2.492795, -2.1488385, -0.83215252, 3.2323109, -2.8414027, -0.16936938],
    [2.5556269, -2.1584023, -0.830263, 3.2827522, -2.9020426, -0.17297513],
    [2.6184587, -2.1679661, -0.82837349, 3.3331935, -2.9626826, -0.17658087],
    [2.6812906, -2.17753, -0.82648397, 3.3836347, -3.0233225, -0.18018661],
    [2.7441225, -2.1870938, -0.82459445, 3.434076, -3.0839624, -0.18379235],
    [2.8069543, -2.1966576, -0.82270494, 3.4845172, -3.1446023, -0.1873981],
    [2.8697862, -2.2062214, -0.82081542, 3.5349585, -3.2052422, -0.19100384],
    [2.932618, -2.2157853, -0.8189259, 3.5853997, -3.2658822, -0.19460958],
    [2.9954499, -2.2253491, -0.81703639, 3.635841, -3.3265221, -0.19821532],
    [3.0582817, -2.2349129, -0.81514687, 3.6862822, -3.387162, -0.20182107],
    [3.1211136, -2.2444767, -0.81325735, 3.7367235, -3.4478019, -0.20542681],
    [3.1839454, -2.2540406, -0.81136783, 3.7871648, -3.5084418, -0.20903255],
    [3.2467773, -2.2636044, -0.80947832, 3.837606, -3.5690818, -0.21263829],
    [3.3096091, -2.2731682, -0.8075888, 3.8880473, -3.6297217, -0.21624404],
    [3.372441, -2.282732, -0.80569928, 3.9384885, -3.6903616, -0.21984978],
    [3.4352728, -2.2922959, -0.80380977, 3.9889298, -3.7510015, -0.22345552],
    [3.4981047, -2.3018597, -0.80192025, 4.039371, -3.8116414, -0.22706126],
    [3.5609365, -2.3114235, -0.80003073, 4.0898123, -3.8722814, -0.23066701],
    [3.6237684, -2.3209873, -0.79814122, 4.1402535, -3.9329213, -0.23427275],
    [3.6866002, -2.3305512, -0.7962517, 4.1906948, -3.9935612, -0.23787849],
    [3.7494321, -2.340115, -0.79436218, 4.241136, -4.0542011, -0.24148424],
    [3.812264, -2.3496788, -0.79247267, 4.2915773, -4.114841, -0.24508998],
    [3.8750958, -2.3592426, -0.79058315, 4.3420186, -4.175481, -0.24869572],
    [3.9379277, -2.3688065, -0.78869363, 4.3924598, -4.2361209, -0.25230146],
    [4.0007595, -2.3783703, -0.78680411, 4.4429011, -4.2967608, -0.25590721],
    [4.0635914, -2.3879341, -0.7849146, 4.4933423, -4.3574007, -0.25951295],
    [4.1264232, -2.3974979, -0.78302508, 4.5437836, -4.4180406, -0.26311869],
    [4.1892551, -2.4070618, -0.78113556, 4.5942248, -4.4786806, -0.26672443],
    [4.2516943, -2.4165658, -0.77925785, 4.6443509, -4.5389415, -0.27030764],
    [4.3067239, -2.424942, -0.77760297, 4.6885285, -4.5920514, -0.27346564],
    [4.3517534, -2.4317961, -0.77624882, 4.7246781, -4.6355101, -0.27604976],
    [4.386783, -2.4371281, -0.77519538, 4.7527998, -4.6693176, -0.27806],
    [4.4118126, -2.4409379, -0.77444268, 4.7728935, -4.693474, -0.27949638],
    [4.4268422, -2.4432256, -0.7739907, 4.7849592, -4.7079793, -0.28035889],
    [4.4318718, -2.4439912, -0.77383945, 4.7889969, -4.7128334, -0.28064752],
    [4.4318718, -2.4439912, -0.77383945, 4.7889969, -4.7128334, -0.28064752]
  ]
}
