{
  "iteration": 200,
  "label": "pre_pick",
  "planning_time_ms": 94.039169,
  "scene": {
    "block_x": 0.12041522,
    "block_y": 0.3564249,
    "bin_x": 0.42477798,
    "bin_y": 0.30344426
  },
  "joint_names": ["shoulder_pan_joint", "shoulder_lift_joint", "elbow_joint", "wrist_1_joint", "wrist_2_joint", "wrist_3_joint"],
  "start_joints": [-0.45140826, -1.7008072, -0.9204169, 0.86843093, -8.4888413e-05, -0.00024459146],
  "goal_joints": [-5.3872204, 0.29053586, -1.6899357, -0.17033024, -1.570672, -0.67542583],
  "num_waypoints": 86,
  "trajectory": [
    [-0.45140826, -1.7008072, -0.9204169, 0.86843093, -8.4888413e-05, -0.00024459146],
    [-0.45640826, -1.69879, -0.92119642, 0.86737866, -0.0016759003, -0.00092855312],
    [-0.47140826, -1.6927382, -0.923535, 0.86422185, -0.0064489359, -0.0029804381],
    [-0.49640826, -1.682652, -0.92743263, 0.8589605, -0.014403995, -0.0064002464],
    [-0.53140826, -1.6685314, -0.93288931, 0.85159461, -0.025541078, -0.011187978],
    [-0.57640826, -1.6503762, -0.93990505, 0.84212419, -0.039860185, -0.017343633],
    [-0.63140826, -1.6281866, -0.94847983, 0.83054922, -0.057361316, -0.024867211],
    [-0.69383903, -1.602999, -0.95821312, 0.81741042, -0.077226936, -0.033407262],
    [-0.75667089, -1.5776496, -0.96800893, 0.8041872, -0.097220181, -0.042002178],
    [-0.81950274, -1.5523002, -0.97780474, 0.79096399, -0.11721343, -0.050597094],
    [-0.88233459, -1.5269509, -0.98760055, 0.77774078, -0.13720667, -0.059192009],
    [-0.94516645, -1.5016015, -0.99739637, 0.76451757, -0.15719992, -0.067786925],
    [-1.0079983, -1.4762521, -1.0071922, 0.75129436, -0.17719316, -0.076381841],
    [-1.0708302, -1.4509027, -1.016988, 0.73807114, -0.19718641, -0.084976756],
    [-1.133662, -1.4255533, -1.0267838, 0.72484793, -0.21717965, -0.093571672],
    [-1.1964939, -1.400204, -1.0365796, 0.71162472, -0.23717289, -0.10216659],
    [-1.2593257, -1.3748546, -1.0463754, 0.69840151, -0.25716614, -0.1107615],
    [-1.3221576, -1.3495052, -1.0561712, 0.6851783, -0.27715938, -0.11935642],
    [-1.3849894, -1.3241558, -1.0659671, 0.67195508, -0.29715263, -0.12795133],
    [-1.4478213, -1.2988064, -1.0757629, 0.65873187, -0.31714587, -0.13654625],
    [-1.5106531, -1.2734571, -1.0855587, 0.64550866, -0.33713912, -0.14514117],
    [-1.573485, -1.2481077, -1.0953545, 0.63228545, -0.35713236, -0.15373608],
    [-1.6363168, -1.2227583, -1.1051503, 0.61906224, -0.37712561, -0.162331],
    [-1.6991487, -1.1974089, -1.1149461, 0.60583903, -0.39711885, -0.17092591],
    [-1.7619805, -1.1720596, -1.1247419, 0.59261581, -0.4171121, -0.17952083],
    [-1.8248124, -1.1467102, -1.1345377, 0.5793926, -0.43710534, -0.18811574],
    [-1.8876442, -1.1213608, -1.1443336, 0.56616939, -0.45709859, -0.19671066],
    [-1.9504761, -1.0960114, -1.1541294, 0.55294618, -0.47709183, -0.20530558],
    [-2.0133079, -1.070662, -1.1639252, 0.53972297, -0.49708508, -0.21390049],
    [-2.0761398, -1.0453127, -1.173721, 0.52649975, -0.51707832, -0.22249541],
    [-2.1389717, -1.0199633, -1.1835168, 0.51327654, -0.53707157, -0.23109032],
    [-2.2018035, -0.9946139, -1.1933126, 0.50005333, -0.55706481, -0.23968524],
    [-2.2646354, -0.96926452, -1.2031084, 0.48683012, -0.57705806, -0.24828015],
    [-2.3274672, -0.94391514, -1.2129042, 0.47360691, -0.5970513, -0.25687507],
    [-2.3902991, -0.91856576, -1.2227001, 0.46038369, -0.61704455, -0.26546998],
    [-2.4531309, -0.89321638, -1.2324959, 0.44716048, -0.63703779, -0.2740649],
    [-2.5159628, -0.867867, -1.2422917, 0.43393727, -0.65703103, -0.28265982],
    [-2.5787946, -0.84251762, -1.2520875, 0.42071406, -0.67702428, -0.29125473],
    [-2.6416265, -0.81716824, -1.2618833, 0.40749085, -0.69701752, -0.29984965],
    [-2.7044583, -0.79181886, -1.2716791, 0.39426763, -0.71701077, -0.30844456],
    [-2.7672902, -0.76646948, -1.2814749, 0.38104442, -0.73700401, -0.31703948],
    [-2.830122, -0.7411201, -1.2912708, 0.36782121, -0.75699726, -0.32563439],
    [-2.8929539, -0.71577072, -1.3010666, 0.354598, -0.7769905, -0.33422931],
    [-2.9557857, -0.69042134, -1.3108624, 0.34137479, -0.79698375, -0.34282423],
    [-3.0186176, -0.66507196, -1.3206582, 0.32815158, -0.81697699, -0.35141914],
    [-3.0814494, -0.63972258, -1.330454, 0.31492836, -0.83697024, -0.36001406],
    [-3.1442813, -0.6143732, -1.3402498, 0.30170515, -0.85696348, -0.36860897],
    [-3.2071132, -0.58902382, -1.3500456, 0.28848194, -0.87695673, -0.37720389],
    [-3.269945, -0.56367444, -1.3598414, 0.27525873, -0.89694997, -0.3857988],
    [-3.3327769, -0.53832506, -1.3696373, 0.26203552, -0.91694322, -0.39439372],
    [-3.3956087, -0.51297568, -1.3794331, 0.2488123, -0.93693646, -0.40298864],
    [-3.4584406, -0.48762631, -1.3892289, 0.23558909, -0.95692971, -0.41158355],
    [-3.5212724, -0.46227693, -1.3990247, 0.22236588, -0.97692295, -0.42017847],
    [-3.5841043, -0.43692755, -1.4088205, 0.20914267, -0.9969162, -0.42877338],
    [-3.6469361, -0.41157817, -1.4186163, 0.19591946, -1.0169094, -0.4373683],
    [-3.709768, -0.38622879, -1.4284121, 0.18269624, -1.0369027, -0.44596321],
    [-3.7725998, -0.36087941, -1.4382079, 0.16947303, -1.0568959, -0.45455813],
    [-3.8354317, -0.33553003, -1.4480038, 0.15624982, -1.0768892, -0.46315304],
    [-3.8982635, -0.31018065, -1.4577996, 0.14302661, -1.0968824, -0.47174796],
    [-3.9610954, -0.28483127, -1.4675954, 0.1298034, -1.1168757, -0.48034288],
    [-4.0239272, -0.25948189, -1.4773912, 0.11658018, -1.1368689, -0.48893779],
    [-4.0867591, -0.23413251, -1.487187, 0.10335697, -1.1568622, -0.49753271],
    [-4.149591, -0.20878313, -1.4969828, 0.090133761, -1.1768554, -0.50612762],
    [-4.2124228, -0.18343375, -1.5067786, 0.076910549, -1.1968486, -0.51472254],
    [-4.2752547, -0.15808437, -1.5165744, 0.063687337, -1.2168419, -0.52331745],
    [-4.3380865, -0.13273499, -1.5263703, 0.050464125, -1.2368351, -0.53191237],
    [-4.4009184, -0.10738561, -1.5361661, 0.037240913, -1.2568284, -0.54050729],
    [-4.4637502, -0.082036233, -1.5459619, 0.024017701, -1.2768216, -0.5491022],
    [-4.5265821, -0.056686854, -1.5557577, 0.010794489, -1.2968149, -0.55769712],
    [-4.5894139, -0.031337474, -1.5655535, -0.0024287228, -1.3168081, -0.56629203],
    [-4.6522458, -0.005988095, -1.5753493, -0.015651935, -1.3368014, -0.57488695],
    [-4.7150776, 0.019361285, -1.5851451, -0.028875147, -1.3567946, -0.58348186],
    [-4.7779095, 0.044710664, -1.5949409, -0.042098359, -1.3767878, -0.59207678],
    [-4.8407413, 0.070060044, -1.6047368, -0.05532157, -1.3967811, -0.6006717],
    [-4.9035732, 0.095409423, -1.6145326, -0.068544782, -1.4167743, -0.60926661],
    [-4.966405, 0.1207588, -1.6243284, -0.081767994, -1.4367676, -0.61786153],
    [-5.0292369, 0.14610818, -1.6341242, -0.094991206, -1.4567608, -0.62645644],
    [-5.0920687, 0.17145756, -1.64392, -0.10821442, -1.4767541, -0.63505136],
    [-5.1549006, 0.19680694, -1.6537158, -0.12143763, -1.4967473, -0.64364627],
    [-5.2167463, 0.22175845, -1.6633579, -0.1344533, -1.5164268, -0.65210629],
    [-5.2701371, 0.24329885, -1.6716818, -0.1456896, -1.5334158, -0.65940974],
    [-5.3135278, 0.26080476, -1.6784466, -0.15482136, -1.5472229, -0.66534526],
    [-5.3469186, 0.27427619, -1.6836524, -0.16184857, -1.5578479, -0.66991286],
    [-5.3703093, 0.28371315, -1.6872992, -0.16677125, -1.5652909, -0.67311254],
    [-5.3837001, 0.28911562, -1.6893869, -0.16958939, -1.5695519, -0.67494429],
    [-5.3872204, 0.29053586, -1.6899357, -0.17033024, -1.570672, -0.67542583]
  ]
}
