{
  "iteration": 478,
  "label": "pre_pick",
  "planning_time_ms": 5014.6337,
  "scene": {
    "block_x": 0.18689482,
    "block_y": 0.37455826,
    "bin_x": 0.39157696,
    "bin_y": 0.30037985
  },
  "joint_names": ["shoulder_pan_joint", "shoulder_lift_joint", "elbow_joint", "wrist_1_joint", "wrist_2_joint", "wrist_3_joint"],
  "start_joints": [-0.45124571, -1.7007954, -0.91992432, 0.86779709, -9.8258353e-05, -5.9248566e-05],
  "goal_joints": [-5.4880759, -1.0805707, 1.4386737, -1.9298089, 4.7126825, -0.77478572],
  "num_waypoints": 88,
  "trajectory": [
    [-0.45124571, -1.7007954, -0.91992432, 0.86779709, -9.8258353e-05, -5.9248566e-05],
    [-0.45624571, -1.7001797, -0.91758296, 0.86501994, 0.0045800617, -0.0008283101],
    [-0.47124571, -1.6983327, -0.91055891, 0.85668849, 0.018615022, -0.0031354947],
    [-0.49624571, -1.6952542, -0.89885215, 0.84280275, 0.042006622, -0.0069808024],
    [-0.53124571, -1.6909444, -0.88246269, 0.8233627, 0.074754862, -0.012364233],
    [-0.57624571, -1.6854032, -0.86139053, 0.79836836, 0.11685974, -0.019285787],
    [-0.63124571, -1.6786306, -0.83563566, 0.76781971, 0.16832126, -0.027745464],
    [-0.69367653, -1.670943, -0.80640116, 0.73314377, 0.22673554, -0.037348093],
    [-0.75650838, -1.663206, -0.77697887, 0.69824508, 0.28552504, -0.047012405],
    [-0.81934024, -1.655469, -0.74755657, 0.66334639, 0.34431454, -0.056676717],
    [-0.88217209, -1.647732, -0.71813428, 0.6284477, 0.40310405, -0.06634103],
    [-0.94500394, -1.6399951, -0.68871199, 0.59354902, 0.46189355, -0.076005342],
    [-1.0078358, -1.6322581, -0.6592897, 0.55865033, 0.52068306, -0.085669654],
    [-1.0706676, -1.6245211, -0.62986741, 0.52375164, 0.57947256, -0.095333967],
    [-1.1334995, -1.6167841, -0.60044512, 0.48885295, 0.63826206, -0.10499828],
    [-1.1963314, -1.6090471, -0.57102282, 0.45395426, 0.69705157, -0.11466259],
    [-1.2591632, -1.6013101, -0.54160053, 0.41905557, 0.75584107, -0.1243269],
    [-1.3219951, -1.5935732, -0.51217824, 0.38415689, 0.81463057, -0.13399122],
    [-1.3848269, -1.5858362, -0.48275595, 0.3492582, 0.87342008, -0.14365553],
    [-1.4476588, -1.5780992, -0.45333366, 0.31435951, 0.93220958, -0.15331984],
    [-1.5104906, -1.5703622, -0.42391137, 0.27946082, 0.99099908, -0.16298415],
    [-1.5733225, -1.5626252, -0.39448907, 0.24456213, 1.0497886, -0.17264846],
    [-1.6361543, -1.5548882, -0.36506678, 0.20966344, 1.1085781, -0.18231278],
    [-1.6989862, -1.5471513, -0.33564449, 0.17476476, 1.1673676, -0.19197709],
    [-1.761818, -1.5394143, -0.3062222, 0.13986607, 1.2261571, -0.2016414],
    [-1.8246499, -1.5316773, -0.27679991, 0.10496738, 1.2849466, -0.21130571],
    [-1.8874817, -1.5239403, -0.24737762, 0.07006869, 1.3437361, -0.22097003],
    [-1.9503136, -1.5162033, -0.21795532, 0.035170002, 1.4025256, -0.23063434],
    [-2.0131454, -1.5084663, -0.18853303, 0.00027131333, 1.4613151, -0.24029865],
    [-2.0759773, -1.5007294, -0.15911074, -0.034627375, 1.5201046, -0.24996296],
    [-2.1388092, -1.4929924, -0.12968845, -0.069526063, 1.5788941, -0.25962728],
    [-2.201641, -1.4852554, -0.10026616, -0.10442475, 1.6376836, -0.26929159],
    [-2.2644729, -1.4775184, -0.070843866, -0.13932344, 1.6964731, -0.2789559],
    [-2.3273047, -1.4697814, -0.041421574, -0.17422213, 1.7552626, -0.28862021],
    [-2.3901366, -1.4620445, -0.011999283, -0.20912082, 1.8140521, -0.29828452],
    [-2.4529684, -1.4543075, 0.017423009, -0.24401951, 1.8728416, -0.30794884],
    [-2.5158003, -1.4465705, 0.046845301, -0.27891819, 1.9316311, -0.31761315],
    [-2.5786321, -1.4388335, 0.076267592, -0.31381688, 1.9904206, -0.32727746],
    [-2.641464, -1.4310965, 0.10568988, -0.34871557, 2.0492101, -0.33694177],
    [-2.7042958, -1.4233595, 0.13511218, -0.38361426, 2.1079996, -0.34660609],
    [-2.7671277, -1.4156226, 0.16453447, -0.41851295, 2.1667892, -0.3562704],
    [-2.8299595, -1.4078856, 0.19395676, -0.45341164, 2.2255787, -0.36593471],
    [-2.8927914, -1.4001486, 0.22337905, -0.48831032, 2.2843682, -0.37559902],
    [-2.9556232, -1.3924116, 0.25280134, -0.52320901, 2.3431577, -0.38526334],
    [-3.0184551, -1.3846746, 0.28222363, -0.5581077, 2.4019472, -0.39492765],
    [-3.0812869, -1.3769376, 0.31164593, -0.59300639, 2.4607367, -0.40459196],
    [-3.1441188, -1.3692007, 0.34106822, -0.62790508, 2.5195262, -0.41425627],
    [-3.2069507, -1.3614637, 0.37049051, -0.66280377, 2.5783157, -0.42392058],
    [-3.2697825, -1.3537267, 0.3999128, -0.69770245, 2.6371052, -0.4335849],
    [-3.3326144, -1.3459897, 0.42933509, -0.73260114, 2.6958947, -0.44324921],
    [-3.3954462, -1.3382527, 0.45875738, -0.76749983, 2.7546842, -0.45291352],
    [-3.4582781, -1.3305157, 0.48817968, -0.80239852, 2.8134737, -0.46257783],
    [-3.5211099, -1.3227788, 0.51760197, -0.83729721, 2.8722632, -0.47224215],
    [-3.5839418, -1.3150418, 0.54702426, -0.8721959, 2.9310527, -0.48190646],
    [-3.6467736, -1.3073048, 0.57644655, -0.90709458, 2.9898422, -0.49157077],
    [-3.7096055, -1.2995678, 0.60586884, -0.94199327, 3.0486317, -0.50123508],
    [-3.7724373, -1.2918308, 0.63529113, -0.97689196, 3.1074212, -0.51089939],
    [-3.8352692, -1.2840939, 0.66471343, -1.0117906, 3.1662107, -0.52056371],
    [-3.898101, -1.2763569, 0.69413572, -1.0466893, 3.2250002, -0.53022802],
    [-3.9609329, -1.2686199, 0.72355801, -1.081588, 3.2837897, -0.53989233],
    [-4.0237647, -1.2608829, 0.7529803, -1.1164867, 3.3425792, -0.54955664],
    [-4.0865966, -1.2531459, 0.78240259, -1.1513854, 3.4013687, -0.55922096],
    [-4.1494284, -1.2454089, 0.81182488, -1.1862841, 3.4601582, -0.56888527],
    [-4.2122603, -1.237672, 0.84124718, -1.2211828, 3.5189477, -0.57854958],
    [-4.2750922, -1.229935, 0.87066947, -1.2560815, 3.5777372, -0.58821389],
    [-4.337924, -1.222198, 0.90009176, -1.2909802, 3.6365267, -0.59787821],
    [-4.4007559, -1.214461, 0.92951405, -1.3258788, 3.6953162, -0.60754252],
    [-4.4635877, -1.206724, 0.95893634, -1.3607775, 3.7541057, -0.61720683],
    [-4.5264196, -1.198987, 0.98835863, -1.3956762, 3.8128952, -0.62687114],
    [-4.5892514, -1.1912501, 1.0177809, -1.4305749, 3.8716848, -0.63653545],
    [-4.6520833, -1.1835131, 1.0472032, -1.4654736, 3.9304743, -0.64619977],
    [-4.7149151, -1.1757761, 1.0766255, -1.5003723, 3.9892638, -0.65586408],
    [-4.777747, -1.1680391, 1.1060478, -1.535271, 4.0480533, -0.66552839],
    [-4.8405788, -1.1603021, 1.1354701, -1.5701697, 4.1068428, -0.6751927],
    [-4.9034107, -1.1525651, 1.1648924, -1.6050684, 4.1656323, -0.68485702],
    [-4.9662425, -1.1448282, 1.1943147, -1.639967, 4.2244218, -0.69452133],
    [-5.0290744, -1.1370912, 1.223737, -1.6748657, 4.2832113, -0.70418564],
    [-5.0919062, -1.1293542, 1.2531593, -1.7097644, 4.3420008, -0.71384995],
    [-5.1547381, -1.1216172, 1.2825816, -1.7446631, 4.4007903, -0.72351427],
    [-5.21757, -1.1138802, 1.3120038, -1.7795618, 4.4595798, -0.73317858],
    [-5.2804018, -1.1061432, 1.3414261, -1.8144605, 4.5183693, -0.74284289],
    [-5.3397362, -1.0988369, 1.3692107, -1.8474166, 4.5738863, -0.75196925],
    [-5.3892045, -1.0927455, 1.3923752, -1.8748927, 4.620172, -0.75957808],
    [-5.4286728, -1.0878855, 1.410857, -1.8968146, 4.6571011, -0.76564879],
    [-5.458141, -1.0842568, 1.4246561, -1.9131822, 4.6846735, -0.77018137],
    [-5.4776093, -1.0818595, 1.4337726, -1.9239954, 4.7028893, -0.77317583],
    [-5.4870776, -1.0806936, 1.4382063, -1.9292544, 4.7117484, -0.77463217],
    [-5.4880759, -1.0805707, 1.4386737, -1.9298089, 4.7126825, -0.77478572]
  ]
}
