{
  "iteration": 829,
  "label": "pre_pick",
  "planning_time_ms": 53.007164,
  "scene": {
    "block_x": 0.18264307,
    "block_y": 0.4530273,
    "bin_x": 0.33711491,
    "bin_y": 0.37623016
  },
  "joint_names": ["shoulder_pan_joint", "shoulder_lift_joint", "elbow_joint", "wrist_1_joint", "wrist_2_joint", "wrist_3_joint"],
  "start_joints": [-0.45128369, -1.7007805, -0.92020321, 0.86830822, -1.4131763e-05, -0.00019936528],
  "goal_joints": [0.92130091, -0.7501455, 0.87132359, -1.6917131, -1.5710246, -0.64967318],
  "num_waypoints": 39,
  "trajectory": [
    [-0.45128369, -1.7007805, -0.92020321, 0.86830822, -1.4131763e-05, -0.00019936528],
    [-0.44860288, -1.6989238, -0.91670417, 0.86330822, -0.0030824861, -0.0014678582],
    [-0.44056046, -1.6933537, -0.90620703, 0.84830822, -0.012287549, -0.0052733371],
    [-0.42715643, -1.6840702, -0.88871179, 0.82330822, -0.027629321, -0.011615802],
    [-0.40839078, -1.6710734, -0.86421847, 0.78830822, -0.049107801, -0.020495253],
    [-0.38426352, -1.6543631, -0.83272705, 0.74330822, -0.07672299, -0.031911689],
    [-0.35477464, -1.6339395, -0.79423754, 0.68830822, -0.11047489, -0.045865111],
    [-0.31992416, -1.6098025, -0.74874994, 0.62330824, -0.15036348, -0.062355516],
    [-0.27971206, -1.5819521, -0.69626426, 0.54830825, -0.19638879, -0.081382906],
    [-0.23413967, -1.5503892, -0.63678219, 0.46331072, -0.2485493, -0.10294666],
    [-0.18600082, -1.5170489, -0.57395033, 0.37352647, -0.30364728, -0.1257248],
    [-0.13786197, -1.4837085, -0.51111848, 0.28374222, -0.35874525, -0.14850294],
    [-0.089723127, -1.4503681, -0.44828663, 0.19395797, -0.41384323, -0.17128107],
    [-0.041584281, -1.4170278, -0.38545478, 0.10417373, -0.46894121, -0.19405921],
    [0.0065545657, -1.3836874, -0.32262292, 0.014389478, -0.52403918, -0.21683735],
    [0.054693412, -1.350347, -0.25979107, -0.07539477, -0.57913716, -0.23961548],
    [0.10283226, -1.3170067, -0.19695922, -0.16517902, -0.63423514, -0.26239362],
    [0.15097111, -1.2836663, -0.13412736, -0.25496327, -0.68933311, -0.28517176],
    [0.19910995, -1.2503259, -0.07129551, -0.34474751, -0.74443109, -0.3079499],
    [0.2472488, -1.2169856, -0.0084636569, -0.43453176, -0.79952907, -0.33072803],
    [0.29538765, -1.1836452, 0.054368196, -0.52431601, -0.85462704, -0.35350617],
    [0.34352649, -1.1503049, 0.11720005, -0.61410026, -0.90972502, -0.37628431],
    [0.39166534, -1.1169645, 0.1800319, -0.70388451, -0.964823, -0.39906245],
    [0.43980418, -1.0836241, 0.24286376, -0.79366875, -1.019921, -0.42184058],
    [0.48794303, -1.0502838, 0.30569561, -0.883453, -1.075019, -0.44461872],
    [0.53608188, -1.0169434, 0.36852746, -0.97323725, -1.1301169, -0.46739686],
    [0.58422072, -0.98360303, 0.43135931, -1.0630215, -1.1852149, -0.49017499],
    [0.63235957, -0.95026267, 0.49419117, -1.1528057, -1.2403129, -0.51295313],
    [0.68049842, -0.9169223, 0.55702302, -1.24259, -1.2954109, -0.53573127],
    [0.72800155, -0.88402222, 0.61902513, -1.3311886, -1.3497812, -0.5582086],
    [0.77084868, -0.85434684, 0.67495012, -1.4111032, -1.3988225, -0.57848283],
    [0.8083342, -0.82838484, 0.72387702, -1.4810178, -1.4417271, -0.59622007],
    [0.8404581, -0.80613622, 0.76580582, -1.5409324, -1.4784949, -0.61142032],
    [0.86722039, -0.787601, 0.80073653, -1.590847, -1.5091261, -0.62408359],
    [0.88862106, -0.77277916, 0.82866915, -1.6307616, -1.5336205, -0.63420987],
    [0.90466012, -0.7616707, 0.84960368, -1.6606762, -1.5519782, -0.64179916],
    [0.91533757, -0.75427564, 0.86354011, -1.6805909, -1.5641992, -0.64685147],
    [0.9206534, -0.75059396, 0.87047845, -1.6905055, -1.5702835, -0.64936679],
    [0.92130091, -0.7501455, 0.87132359, -1.6917131, -1.5710246, -0.64967318]
  ]
}
