{
  "iteration": 895,
  "label": "pre_pick",
  "planning_time_ms": 36.121522,
  "scene": {
    "block_x": 0.32822692,
    "block_y": 0.41479286,
    "bin_x": 0.44555043,
    "bin_y": 0.27193068
  },
  "joint_names": ["shoulder_pan_joint", "shoulder_lift_joint", "elbow_joint", "wrist_1_joint", "wrist_2_joint", "wrist_3_joint"],
  "start_joints": [-0.45140002, -1.7007092, -0.92059261, 0.86857154, 8.8691497e-05, -0.00035078989],
  "goal_joints": [-1.9895645, -2.9503078, 0.26509648, 4.2556157, 1.5714065, -0.41846708],
  "num_waypoints": 41,
  "trajectory": [
    [-0.45140002, -1.7007092, -0.92059261, 0.86857154, 8.8691497e-05, -0.00035078989],
    [-0.45367068, -1.7025539, -0.91884228, 0.87357154, 0.002408292, -0.00096801877],
    [-0.46048265, -1.7080879, -0.91359128, 0.88857154, 0.0093670933, -0.0028197054],
    [-0.47183595, -1.7173113, -0.90483963, 0.91357154, 0.020965096, -0.0059058498],
    [-0.48773056, -1.730224, -0.89258732, 0.94857154, 0.037202299, -0.010226452],
    [-0.50816649, -1.7468261, -0.87683435, 0.99357154, 0.058078703, -0.015781512],
    [-0.53314374, -1.7671175, -0.85758072, 1.0485715, 0.083594308, -0.02257103],
    [-0.56266231, -1.7910982, -0.83482643, 1.1135715, 0.11374911, -0.030595005],
    [-0.59672219, -1.8187684, -0.80857148, 1.1885715, 0.14854312, -0.039853438],
    [-0.6353234, -1.8501278, -0.77881586, 1.2735715, 0.18797633, -0.050346329],
    [-0.67846591, -1.8851766, -0.74555959, 1.3685715, 0.23204873, -0.062073677],
    [-0.72614975, -1.9239148, -0.70880267, 1.4735715, 0.28076034, -0.075035481],
    [-0.7783749, -1.9663423, -0.66854508, 1.5885715, 0.33411114, -0.089231743],
    [-0.83471435, -2.0121122, -0.62511599, 1.7126312, 0.39166493, -0.10454639],
    [-0.89178224, -2.058474, -0.5811254, 1.8382949, 0.44996285, -0.12005904],
    [-0.94885013, -2.1048357, -0.5371348, 1.9639586, 0.50826076, -0.1355717],
    [-1.005918, -2.1511974, -0.49314421, 2.0896223, 0.56655868, -0.15108435],
    [-1.0629859, -2.1975591, -0.44915361, 2.215286, 0.6248566, -0.166597],
    [-1.1200538, -2.2439208, -0.40516302, 2.3409497, 0.68315452, -0.18210966],
    [-1.1771217, -2.2902826, -0.36117242, 2.4666134, 0.74145244, -0.19762231],
    [-1.2341896, -2.3366443, -0.31718183, 2.5922771, 0.79975035, -0.21313497],
    [-1.2912574, -2.383006, -0.27319123, 2.7179408, 0.85804827, -0.22864762],
    [-1.3483253, -2.4293677, -0.22920064, 2.8436046, 0.91634619, -0.24416027],
    [-1.4053932, -2.4757294, -0.18521005, 2.9692683, 0.97464411, -0.25967293],
    [-1.4624611, -2.5220912, -0.14121945, 3.094932, 1.032942, -0.27518558],
    [-1.519529, -2.5684529, -0.097228856, 3.2205957, 1.0912399, -0.29069823],
    [-1.5765969, -2.6148146, -0.053238261, 3.3462594, 1.1495379, -0.30621089],
    [-1.6336598, -2.6611723, -0.0092514936, 3.4719122, 1.2078307, -0.32172219],
    [-1.6882447, -2.7055168, 0.032825087, 3.5921083, 1.2635921, -0.3365599],
    [-1.7382882, -2.746172, 0.071401008, 3.7023044, 1.3147143, -0.35016314],
    [-1.7837905, -2.7831379, 0.10647627, 3.8025005, 1.3611973, -0.36253193],
    [-1.8247514, -2.8164144, 0.13805087, 3.8926967, 1.4030411, -0.37366626],
    [-1.861171, -2.8460015, 0.16612481, 3.9728928, 1.4402457, -0.38356613],
    [-1.8930493, -2.8718993, 0.19069809, 4.0430889, 1.4728111, -0.39223155],
    [-1.9203863, -2.8941077, 0.21177071, 4.103285, 1.5007373, -0.39966251],
    [-1.943182, -2.9126268, 0.22934266, 4.1534812, 1.5240243, -0.40585901],
    [-1.9614363, -2.9274566, 0.24341396, 4.1936773, 1.5426721, -0.41082105],
    [-1.9751493, -2.938597, 0.2539846, 4.2238734, 1.5566806, -0.41454863],
    [-1.984321, -2.9460481, 0.26105458, 4.2440695, 1.56605, -0.41704176],
    [-1.9889514, -2.9498098, 0.2646239, 4.2542657, 1.5707802, -0.41830043],
    [-1.9895645, -2.9503078, 0.26509648, 4.2556157, 1.5714065, -0.41846708]
  ]
}
