{
  "iteration": 793,
  "label": "pre_pick",
  "planning_time_ms": 174.90487,
  "scene": {
    "block_x": 0.2214643,
    "block_y": 0.39021051,
    "bin_x": 0.35138251,
    "bin_y": 0.30686795
  },
  "joint_names": ["shoulder_pan_joint", "shoulder_lift_joint", "elbow_joint", "wrist_1_joint", "wrist_2_joint", "wrist_3_joint"],
  "start_joints": [-0.45142709, -1.7007247, -0.92050266, 0.86857179, 2.5991595e-05, -0.00026066653],
  "goal_joints": [-1.7896737, -3.3243294, 1.2287735, 3.6665126, 1.5712749, -0.2179548],
  "num_waypoints": 44,
  "trajectory": [
    [-0.45142709, -1.7007247, -0.92050266, 0.86857179, 2.5991595e-05, -0.00026066653],
    [-0.45381858, -1.7036262, -0.91666184, 0.87357179, 0.0028338581, -0.00064969216],
    [-0.46099303, -1.7123304, -0.90513939, 0.88857179, 0.011257458, -0.001816769],
    [-0.47295046, -1.7268376, -0.8859353, 0.91357179, 0.02529679, -0.0037618972],
    [-0.48969085, -1.7471476, -0.85904958, 0.94857179, 0.044951856, -0.0064850766],
    [-0.51121422, -1.7732604, -0.82448222, 0.99357179, 0.070222654, -0.0099863072],
    [-0.53752055, -1.8051761, -0.78223322, 1.0485718, 0.10110919, -0.014265589],
    [-0.56860984, -1.8428947, -0.73230261, 1.1135718, 0.13761144, -0.019322921],
    [-0.60448211, -1.8864161, -0.67469036, 1.1885718, 0.17972942, -0.025158303],
    [-0.64352725, -1.9337869, -0.61198234, 1.2702054, 0.22557272, -0.031509822],
    [-0.6826495, -1.9812513, -0.54915049, 1.3520003, 0.27150655, -0.037873884],
    [-0.72177175, -2.0287157, -0.48631863, 1.4337952, 0.31744038, -0.044237946],
    [-0.760894, -2.0761801, -0.42348678, 1.5155901, 0.3633742, -0.050602008],
    [-0.80001625, -2.1236445, -0.36065493, 1.597385, 0.40930803, -0.056966069],
    [-0.8391385, -2.1711089, -0.29782307, 1.6791799, 0.45524186, -0.063330131],
    [-0.87826075, -2.2185733, -0.23499122, 1.7609748, 0.50117569, -0.069694193],
    [-0.917383, -2.2660377, -0.17215937, 1.8427697, 0.54710951, -0.076058255],
    [-0.95650525, -2.3135021, -0.10932752, 1.9245646, 0.59304334, -0.082422316],
    [-0.9956275, -2.3609665, -0.046495663, 2.0063595, 0.63897717, -0.088786378],
    [-1.0347497, -2.4084309, 0.01633619, 2.0881543, 0.68491099, -0.09515044],
    [-1.073872, -2.4558953, 0.079168043, 2.1699492, 0.73084482, -0.1015145],
    [-1.1129942, -2.5033597, 0.1419999, 2.2517441, 0.77677865, -0.10787856],
    [-1.1521165, -2.5508241, 0.20483175, 2.333539, 0.82271248, -0.11424263],
    [-1.1912387, -2.5982885, 0.2676636, 2.4153339, 0.8686463, -0.12060669],
    [-1.230361, -2.6457528, 0.33049546, 2.4971288, 0.91458013, -0.12697075],
    [-1.2694832, -2.6932172, 0.39332731, 2.5789237, 0.96051396, -0.13333481],
    [-1.3086055, -2.7406816, 0.45615916, 2.6607186, 1.0064478, -0.13969887],
    [-1.3477277, -2.788146, 0.51899101, 2.7425135, 1.0523816, -0.14606293],
    [-1.38685, -2.8356104, 0.58182287, 2.8243084, 1.0983154, -0.152427],
    [-1.4259722, -2.8830748, 0.64465472, 2.9061033, 1.1442493, -0.15879106],
    [-1.4650945, -2.9305392, 0.70748657, 2.9878981, 1.1901831, -0.16515512],
    [-1.5042167, -2.9780036, 0.77031843, 3.069693, 1.2361169, -0.17151918],
    [-1.543339, -3.025468, 0.83315028, 3.1514879, 1.2820507, -0.17788324],
    [-1.5824612, -3.0729324, 0.89598213, 3.2332828, 1.3279846, -0.1842473],
    [-1.6215835, -3.1203968, 0.95881399, 3.3150777, 1.3739184, -0.19061137],
    [-1.6592011, -3.1660357, 1.0192293, 3.3937267, 1.4180856, -0.19673066],
    [-1.692138, -3.2059958, 1.0721272, 3.4625896, 1.4567571, -0.20208854],
    [-1.7202919, -3.240153, 1.1173435, 3.5214524, 1.4898129, -0.20666837],
    [-1.7436628, -3.2685074, 1.1548781, 3.5703152, 1.517253, -0.21047015],
    [-1.7622508, -3.291059, 1.1847311, 3.609178, 1.5390773, -0.21349388],
    [-1.7760558, -3.3078077, 1.2069025, 3.6380409, 1.5552859, -0.21573956],
    [-1.7850778, -3.3187535, 1.2213923, 3.6569037, 1.5658788, -0.21720718],
    [-1.7893169, -3.3238965, 1.2282004, 3.6657665, 1.5708559, -0.21789675],
    [-1.7896737, -3.3243294, 1.2287735, 3.6665126, 1.5712749, -0.2179548]
  ]
}
