{
  "iteration": 280,
  "label": "pre_pick",
  "planning_time_ms": 46.759106,
  "scene": {
    "block_x": 0.14039089,
    "block_y": 0.44098416,
    "bin_x": 0.40959232,
    "bin_y": 0.31611422
  },
  "joint_names": ["shoulder_pan_joint", "shoulder_lift_joint", "elbow_joint", "wrist_1_joint", "wrist_2_joint", "wrist_3_joint"],
  "start_joints": [-0.45130368, -1.700803, -0.92017871, 0.86821833, 4.4018879e-05, -0.0003015436],
  "goal_joints": [0.98350707, 0.1410463, -1.0992216, -0.61287789, -1.5716331, -0.58727291],
  "num_waypoints": 37,
  "trajectory": [
    [-0.45130368, -1.700803, -0.92017871, 0.86821833, 4.4018879e-05, -0.0003015436],
    [-0.44740865, -1.695803, -0.92066475, 0.86419766, -0.0042225547, -0.001894973],
    [-0.43572357, -1.680803, -0.92212287, 0.85213562, -0.017022275, -0.0066752612],
    [-0.41624843, -1.655803, -0.92455308, 0.83203224, -0.038355143, -0.014642408],
    [-0.38898324, -1.620803, -0.92795537, 0.8038875, -0.068221158, -0.025796414],
    [-0.35392799, -1.575803, -0.93232974, 0.76770141, -0.10662032, -0.040137278],
    [-0.31108269, -1.520803, -0.93767619, 0.72347396, -0.15355263, -0.057665001],
    [-0.26244877, -1.4583722, -0.94374498, 0.67327116, -0.20682574, -0.07756081],
    [-0.21350241, -1.3955404, -0.94985275, 0.62274584, -0.26044108, -0.097584435],
    [-0.16455605, -1.3327085, -0.95596053, 0.57222053, -0.31405642, -0.11760806],
    [-0.11560969, -1.2698767, -0.9620683, 0.52169521, -0.36767177, -0.13763168],
    [-0.066663331, -1.2070448, -0.96817607, 0.47116989, -0.42128711, -0.15765531],
    [-0.017716971, -1.144213, -0.97428385, 0.42064458, -0.47490246, -0.17767893],
    [0.031229388, -1.0813811, -0.98039162, 0.37011926, -0.5285178, -0.19770256],
    [0.080175748, -1.0185493, -0.98649939, 0.31959394, -0.58213315, -0.21772618],
    [0.12912211, -0.9557174, -0.99260717, 0.26906863, -0.63574849, -0.2377498],
    [0.17806847, -0.89288555, -0.99871494, 0.21854331, -0.68936384, -0.25777343],
    [0.22701483, -0.83005369, -1.0048227, 0.16801799, -0.74297918, -0.27779705],
    [0.27596119, -0.76722184, -1.0109305, 0.11749268, -0.79659453, -0.29782068],
    [0.32490754, -0.70438999, -1.0170383, 0.066967358, -0.85020987, -0.3178443],
    [0.3738539, -0.64155813, -1.023146, 0.016442042, -0.90382522, -0.33786793],
    [0.42280026, -0.57872628, -1.0292538, -0.034083275, -0.95744056, -0.35789155],
    [0.47174662, -0.51589443, -1.0353616, -0.084608592, -1.0110559, -0.37791517],
    [0.52069298, -0.45306258, -1.0414694, -0.13513391, -1.0646713, -0.3979388],
    [0.56963934, -0.39023072, -1.0475771, -0.18565923, -1.1182866, -0.41796242],
    [0.6185857, -0.32739887, -1.0536849, -0.23618454, -1.1719019, -0.43798605],
    [0.66753206, -0.26456702, -1.0597927, -0.28670986, -1.2255173, -0.45800967],
    [0.71647842, -0.20173516, -1.0659005, -0.33723518, -1.2791326, -0.4780333],
    [0.76542478, -0.13890331, -1.0720082, -0.38776049, -1.332748, -0.49805692],
    [0.81437114, -0.076071457, -1.078116, -0.43828581, -1.3863633, -0.51808054],
    [0.86148421, -0.015592969, -1.083995, -0.4869187, -1.4379705, -0.53735418],
    [0.90119113, 0.035378322, -1.0889498, -0.52790652, -1.4814651, -0.55359801],
    [0.93310799, 0.076349614, -1.0929326, -0.56085299, -1.5164265, -0.56665499],
    [0.9572348, 0.1073209, -1.0959432, -0.5857581, -1.5428547, -0.5765251],
    [0.97357155, 0.1282922, -1.0979818, -0.60262186, -1.5607498, -0.58320835],
    [0.98211825, 0.13926349, -1.0990483, -0.61144426, -1.5701118, -0.58670475],
    [0.98350707, 0.1410463, -1.0992216, -0.61287789, -1.5716331, -0.58727291]
  ]
}
