{
  "iteration": 393,
  "label": "pre_pick",
  "planning_time_ms": 45.568697,
  "scene": {
    "block_x": 0.21094509,
    "block_y": 0.47223687,
    "bin_x": 0.2217667,
    "bin_y": 0.32089086
  },
  "joint_names": ["shoulder_pan_joint", "shoulder_lift_joint", "elbow_joint", "wrist_1_joint", "wrist_2_joint", "wrist_3_joint"],
  "start_joints": [-0.45139918, -1.7008489, -0.92017258, 0.86801216, -8.2854872e-05, -0.00019439644],
  "goal_joints": [0.89853141, -0.56588446, 0.52103423, -1.5264082, 4.7124771, -0.67215599],
  "num_waypoints": 52,
  "trajectory": [
    [-0.45139918, -1.7008489, -0.92017258, 0.86801216, -8.2854872e-05, -0.00019439644],
    [-0.44996691, -1.6996447, -0.91864347, 0.86547169, 0.0049171451, -0.00090734398],
    [-0.4456701, -1.6960322, -0.91405613, 0.85785029, 0.019917145, -0.0030461866],
    [-0.43850876, -1.6900112, -0.90641057, 0.84514796, 0.044917145, -0.0066109243],
    [-0.42848287, -1.6815819, -0.89570678, 0.82736469, 0.079917145, -0.011601557],
    [-0.41559245, -1.6707442, -0.88194477, 0.80450049, 0.12491715, -0.018018085],
    [-0.3998375, -1.6574981, -0.86512453, 0.77655536, 0.17991715, -0.025860508],
    [-0.381218, -1.6418436, -0.84524607, 0.74352929, 0.24491715, -0.035128826],
    [-0.35973397, -1.6237807, -0.82230939, 0.7054223, 0.31991713, -0.045823037],
    [-0.3353854, -1.6033095, -0.79631448, 0.66223437, 0.40491712, -0.057943143],
    [-0.3081723, -1.5804298, -0.76726135, 0.61396551, 0.4999171, -0.071489143],
    [-0.27809466, -1.5551418, -0.73515, 0.56061572, 0.60491707, -0.086461038],
    [-0.24515248, -1.5274454, -0.69998042, 0.502185, 0.71991705, -0.10285883],
    [-0.20961511, -1.4975671, -0.66204017, 0.43915109, 0.84397676, -0.12054844],
    [-0.17361827, -1.4673025, -0.62360938, 0.37530219, 0.96964047, -0.13846677],
    [-0.13762142, -1.4370379, -0.58517859, 0.3114533, 1.0953042, -0.15638509],
    [-0.10162458, -1.4067733, -0.54674781, 0.24760441, 1.2209679, -0.17430342],
    [-0.065627737, -1.3765086, -0.50831702, 0.18375552, 1.3466316, -0.19222174],
    [-0.029630894, -1.346244, -0.46988623, 0.11990662, 1.4722953, -0.21014007],
    [0.006365949, -1.3159794, -0.43145544, 0.056057732, 1.597959, -0.2280584],
    [0.042362792, -1.2857148, -0.39302466, -0.0077911606, 1.7236227, -0.24597672],
    [0.078359636, -1.2554502, -0.35459387, -0.071640053, 1.8492864, -0.26389505],
    [0.11435648, -1.2251855, -0.31616308, -0.13548895, 1.9749501, -0.28181337],
    [0.15035332, -1.1949209, -0.27773229, -0.19933784, 2.1006138, -0.2997317],
    [0.18635017, -1.1646563, -0.2393015, -0.26318673, 2.2262775, -0.31765003],
    [0.22234701, -1.1343917, -0.20087072, -0.32703562, 2.3519412, -0.33556835],
    [0.25834385, -1.104127, -0.16243993, -0.39088451, 2.4776049, -0.35348668],
    [0.2943407, -1.0738624, -0.12400914, -0.45473341, 2.6032686, -0.371405],
    [0.33033754, -1.0435978, -0.085578354, -0.5185823, 2.7289324, -0.38932333],
    [0.36633438, -1.0133332, -0.047147567, -0.58243119, 2.8545961, -0.40724166],
    [0.40233122, -0.98306856, -0.0087167793, -0.64628008, 2.9802598, -0.42515998],
    [0.43832807, -0.95280394, 0.029714008, -0.71012898, 3.1059235, -0.44307831],
    [0.47432491, -0.92253932, 0.068144796, -0.77397787, 3.2315872, -0.46099663],
    [0.51032175, -0.8922747, 0.10657558, -0.83782676, 3.3572509, -0.47891496],
    [0.5463186, -0.86201008, 0.14500637, -0.90167565, 3.4829146, -0.49683329],
    [0.58231544, -0.83174546, 0.18343716, -0.96552455, 3.6085783, -0.51475161],
    [0.61831228, -0.80148083, 0.22186795, -1.0293734, 3.734242, -0.53266994],
    [0.65430913, -0.77121621, 0.26029873, -1.0932223, 3.8599057, -0.55058826],
    [0.68994985, -0.741251, 0.29834932, -1.1564396, 3.9843262, -0.56832932],
    [0.72308606, -0.71339148, 0.33372605, -1.2152144, 4.1000035, -0.58482369],
    [0.75335773, -0.68794034, 0.36604455, -1.2689084, 4.2056809, -0.59989217],
    [0.78076486, -0.66489759, 0.39530483, -1.3175214, 4.3013582, -0.61353475],
    [0.80530745, -0.64426321, 0.42150688, -1.3610535, 4.3870355, -0.62575144],
    [0.82698551, -0.62603722, 0.44465071, -1.3995046, 4.4627128, -0.63654223],
    [0.84579903, -0.61021961, 0.46473632, -1.4328748, 4.5283902, -0.64590713],
    [0.86174801, -0.59681039, 0.48176369, -1.4611641, 4.5840675, -0.65384613],
    [0.87483245, -0.58580954, 0.49573285, -1.4843725, 4.6297448, -0.66035924],
    [0.88505235, -0.57721708, 0.50664378, -1.5024999, 4.6654221, -0.66544645],
    [0.89240772, -0.571033, 0.51449648, -1.5155463, 4.6910995, -0.66910777],
    [0.89689855, -0.5672573, 0.51929096, -1.5235119, 4.7067768, -0.67134319],
    [0.89852484, -0.56588998, 0.52102721, -1.5263965, 4.7124541, -0.67215272],
    [0.89853141, -0.56588446, 0.52103423, -1.5264082, 4.7124771, -0.67215599]
  ]
}
