{
  "iteration": 773,
  "label": "pre_pick",
  "planning_time_ms": 37.258381,
  "scene": {
    "block_x": 0.18246839,
    "block_y": 0.41934428,
    "bin_x": 0.35476494,
    "bin_y": 0.36050868
  },
  "joint_names": ["shoulder_pan_joint", "shoulder_lift_joint", "elbow_joint", "wrist_1_joint", "wrist_2_joint", "wrist_3_joint"],
  "start_joints": [-0.45142549, -1.7007739, -0.92059133, 0.86873451, 4.4393363e-05, -0.0003207883],
  "goal_joints": [0.87735309, 0.16160308, -1.1630561, -0.56809495, 4.7125774, -0.69369009],
  "num_waypoints": 52,
  "trajectory": [
    [-0.45142549, -1.7007739, -0.92059133, 0.86873451, 4.4393363e-05, -0.0003207883],
    [-0.45001565, -1.6987979, -0.92084858, 0.86721003, 0.0050443934, -0.0010564535],
    [-0.44578615, -1.6928699, -0.92162035, 0.8626366, 0.020044393, -0.0032634491],
    [-0.43873697, -1.68299, -0.92290662, 0.85501422, 0.045044393, -0.0069417751],
    [-0.42886813, -1.6691581, -0.92470741, 0.84434288, 0.080044393, -0.012091431],
    [-0.41617962, -1.6513743, -0.92702271, 0.83062259, 0.12504439, -0.018712418],
    [-0.40067143, -1.6296385, -0.92985252, 0.81385334, 0.18004439, -0.026804735],
    [-0.38234358, -1.6039507, -0.93319683, 0.79403515, 0.24504439, -0.036368383],
    [-0.36119606, -1.574311, -0.93705566, 0.771168, 0.32004438, -0.047403359],
    [-0.33722888, -1.5407192, -0.941429, 0.7452519, 0.40504437, -0.059909665],
    [-0.31044202, -1.5031756, -0.94631685, 0.71628684, 0.50004435, -0.073887302],
    [-0.2808355, -1.4616799, -0.95171921, 0.68427283, 0.60504433, -0.089336268],
    [-0.24840931, -1.4162324, -0.95763607, 0.64920988, 0.7200443, -0.10625656],
    [-0.21342857, -1.3672044, -0.96401907, 0.61138465, 0.844104, -0.12450984],
    [-0.17799556, -1.3175425, -0.9704846, 0.57307037, 0.9697677, -0.14299913],
    [-0.14256255, -1.2678806, -0.97695013, 0.53475609, 1.0954314, -0.16148841],
    [-0.10712953, -1.2182188, -0.98341566, 0.49644181, 1.2210951, -0.17997769],
    [-0.071696522, -1.1685569, -0.98988119, 0.45812753, 1.3467588, -0.19846698],
    [-0.03626351, -1.118895, -0.99634672, 0.41981325, 1.4724225, -0.21695626],
    [-0.00083049759, -1.0692332, -1.0028122, 0.38149896, 1.5980862, -0.23544554],
    [0.034602515, -1.0195713, -1.0092778, 0.34318468, 1.7237499, -0.25393482],
    [0.070035527, -0.96990945, -1.0157433, 0.3048704, 1.8494136, -0.27242411],
    [0.10546854, -0.92024758, -1.0222088, 0.26655612, 1.9750774, -0.29091339],
    [0.14090155, -0.87058571, -1.0286744, 0.22824184, 2.1007411, -0.30940267],
    [0.17633456, -0.82092385, -1.0351399, 0.18992756, 2.2264048, -0.32789196],
    [0.21176758, -0.77126198, -1.0416054, 0.15161328, 2.3520685, -0.34638124],
    [0.24720059, -0.72160011, -1.0480709, 0.113299, 2.4777322, -0.36487052],
    [0.2826336, -0.67193824, -1.0545365, 0.074984715, 2.6033959, -0.3833598],
    [0.31806661, -0.62227638, -1.061002, 0.036670434, 2.7290596, -0.40184909],
    [0.35349963, -0.57261451, -1.0674675, -0.0016438472, 2.8547233, -0.42033837],
    [0.38893264, -0.52295264, -1.0739331, -0.039958128, 2.980387, -0.43882765],
    [0.42436565, -0.47329078, -1.0803986, -0.078272409, 3.1060507, -0.45731694],
    [0.45979866, -0.42362891, -1.0868641, -0.11658669, 3.2317144, -0.47580622],
    [0.49523167, -0.37396704, -1.0933296, -0.15490097, 3.3573781, -0.4942955],
    [0.53066469, -0.32430517, -1.0997952, -0.19321525, 3.4830418, -0.51278479],
    [0.5660977, -0.27464331, -1.1062607, -0.23152953, 3.6087055, -0.53127407],
    [0.60153071, -0.22498144, -1.1127262, -0.26984382, 3.7343692, -0.54976335],
    [0.63696372, -0.17531957, -1.1191918, -0.3081581, 3.8600329, -0.56825263],
    [0.67204589, -0.12614944, -1.1255933, -0.34609301, 3.9844524, -0.58655885],
    [0.70466247, -0.080434998, -1.1315449, -0.38136183, 4.1001276, -0.60357849],
    [0.73445938, -0.038672525, -1.136982, -0.41358171, 4.2058028, -0.6191268],
    [0.76143662, -0.00086201906, -1.1419046, -0.44275263, 4.3014779, -0.63320378],
    [0.7855942, 0.032996522, -1.1463126, -0.4688746, 4.3871531, -0.64580943],
    [0.8069321, 0.062903096, -1.1502062, -0.49194761, 4.4628283, -0.65694375],
    [0.82545033, 0.088857705, -1.1535853, -0.51197167, 4.5285035, -0.66660674],
    [0.84114889, 0.11086035, -1.1564498, -0.52894677, 4.5841787, -0.6747984],
    [0.85402778, 0.12891103, -1.1587999, -0.54287293, 4.6298539, -0.68151873],
    [0.86408701, 0.14300974, -1.1606354, -0.55375012, 4.6655291, -0.68676773],
    [0.87132656, 0.15315648, -1.1619564, -0.56157837, 4.6912042, -0.69054539],
    [0.87574645, 0.15935126, -1.1627629, -0.56635766, 4.7068794, -0.69285173],
    [0.87734666, 0.16159408, -1.1630549, -0.568088, 4.7125546, -0.69368674],
    [0.87735309, 0.16160308, -1.1630561, -0.56809495, 4.7125774, -0.69369009]
  ]
}
