{
  "iteration": 664,
  "label": "pre_pick",
  "planning_time_ms": 42.486151,
  "scene": {
    "block_x": 0.18334744,
    "block_y": 0.48394735,
    "bin_x": 0.42318351,
    "bin_y": 0.34728354
  },
  "joint_names": ["shoulder_pan_joint", "shoulder_lift_joint", "elbow_joint", "wrist_1_joint", "wrist_2_joint", "wrist_3_joint"],
  "start_joints": [-0.4513445, -1.7008335, -0.92041168, 0.86849956, -6.6872364e-05, -0.00036722466],
  "goal_joints": [-1.6774551, -2.5964327, -0.47920684, 4.6456093, -4.7118551, -0.10647216],
  "num_waypoints": 52,
  "trajectory": [
    [-0.4513445, -1.7008335, -0.92041168, 0.86849956, -6.6872364e-05, -0.00036722466],
    [-0.45264561, -1.7017839, -0.91994349, 0.87250771, -0.0050668724, -0.00047981985],
    [-0.45654894, -1.7046351, -0.91853891, 0.88453216, -0.020066872, -0.00081760542],
    [-0.46305449, -1.709387, -0.91619795, 0.9045729, -0.045066872, -0.0013805814],
    [-0.47216225, -1.7160396, -0.9129206, 0.93262994, -0.080066872, -0.0021687477],
    [-0.48387224, -1.7245931, -0.90870687, 0.96870328, -0.12506687, -0.0031821044],
    [-0.49818445, -1.7350473, -0.90355675, 1.0127929, -0.18006687, -0.0044206516],
    [-0.51509887, -1.7474022, -0.89747025, 1.0648989, -0.24506687, -0.005884389],
    [-0.53461551, -1.7616579, -0.89044736, 1.1250211, -0.32006686, -0.0075733166],
    [-0.55673437, -1.7778144, -0.88248809, 1.1931596, -0.40506684, -0.0094874345],
    [-0.58145545, -1.7958717, -0.87359243, 1.2693144, -0.50006683, -0.011626743],
    [-0.60877874, -1.8158297, -0.86376039, 1.3534855, -0.6050668, -0.013991241],
    [-0.63870426, -1.8376884, -0.85299196, 1.4456729, -0.72006677, -0.01658093],
    [-0.67098731, -1.8612692, -0.8413752, 1.5451229, -0.84412646, -0.019374635],
    [-0.70368776, -1.8851549, -0.82960823, 1.6458586, -0.96979017, -0.022204461],
    [-0.73638821, -1.9090406, -0.81784127, 1.7465944, -1.0954539, -0.025034287],
    [-0.76908866, -1.9329263, -0.80607431, 1.8473302, -1.2211176, -0.027864112],
    [-0.80178911, -1.956812, -0.79430735, 1.9480659, -1.3467813, -0.030693938],
    [-0.83448956, -1.9806977, -0.78254038, 2.0488017, -1.472445, -0.033523764],
    [-0.86719001, -2.0045834, -0.77077342, 2.1495375, -1.5981087, -0.03635359],
    [-0.89989046, -2.0284691, -0.75900646, 2.2502732, -1.7237724, -0.039183416],
    [-0.93259091, -2.0523547, -0.7472395, 2.351009, -1.8494361, -0.042013241],
    [-0.96529136, -2.0762404, -0.73547253, 2.4517448, -1.9750998, -0.044843067],
    [-0.99799181, -2.1001261, -0.72370557, 2.5524805, -2.1007635, -0.047672893],
    [-1.0306923, -2.1240118, -0.71193861, 2.6532163, -2.2264272, -0.050502719],
    [-1.0633927, -2.1478975, -0.70017165, 2.7539521, -2.3520909, -0.053332545],
    [-1.0960932, -2.1717832, -0.68840468, 2.8546878, -2.4777546, -0.056162371],
    [-1.1287936, -2.1956689, -0.67663772, 2.9554236, -2.6034184, -0.058992196],
    [-1.1614941, -2.2195546, -0.66487076, 3.0561594, -2.7290821, -0.061822022],
    [-1.1941945, -2.2434402, -0.6531038, 3.1568951, -2.8547458, -0.064651848],
    [-1.226895, -2.2673259, -0.64133683, 3.2576309, -2.9804095, -0.067481674],
    [-1.2595954, -2.2912116, -0.62956987, 3.3583667, -3.1060732, -0.0703115],
    [-1.2922959, -2.3150973, -0.61780291, 3.4591025, -3.2317369, -0.073141325],
    [-1.3249963, -2.338983, -0.60603595, 3.5598382, -3.3574006, -0.075971151],
    [-1.3576968, -2.3628687, -0.59426898, 3.660574, -3.4830643, -0.078800977],
    [-1.3903972, -2.3867544, -0.58250202, 3.7613098, -3.608728, -0.081630803],
    [-1.4230977, -2.4106401, -0.57073506, 3.8620455, -3.7343917, -0.084460629],
    [-1.4557981, -2.4345257, -0.5589681, 3.9627813, -3.8600554, -0.087290454],
    [-1.488167, -2.4581693, -0.54732043, 4.0624958, -3.9844451, -0.090091591],
    [-1.5182528, -2.4801451, -0.53649433, 4.1551769, -4.100061, -0.09269515],
    [-1.5457364, -2.5002202, -0.52660461, 4.2398418, -4.205677, -0.095073519],
    [-1.5706178, -2.5183945, -0.51765128, 4.3164904, -4.3012929, -0.097226698],
    [-1.5928969, -2.5346681, -0.50963433, 4.3851227, -4.3869088, -0.099154686],
    [-1.6125738, -2.5490409, -0.50255377, 4.4457386, -4.4625247, -0.10085748],
    [-1.6296485, -2.5615129, -0.49640959, 4.4983383, -4.5281406, -0.10233509],
    [-1.644121, -2.5720842, -0.4912018, 4.5429217, -4.5837566, -0.10358751],
    [-1.6559913, -2.5807547, -0.48693039, 4.5794888, -4.6293725, -0.10461473],
    [-1.6652593, -2.5875244, -0.48359537, 4.6080395, -4.6649884, -0.10541677],
    [-1.6719251, -2.5923934, -0.48119673, 4.628574, -4.6906043, -0.10599362],
    [-1.6759888, -2.5953616, -0.47973448, 4.6410922, -4.7062202, -0.10634527],
    [-1.6774501, -2.596429, -0.47920861, 4.6455941, -4.7118362, -0.10647174],
    [-1.6774551, -2.5964327, -0.47920684, 4.6456093, -4.7118551, -0.10647216]
  ]
}
