{
  "iteration": 394,
  "label": "pre_pick",
  "planning_time_ms": 5016.8818,
  "scene": {
    "block_x": 0.2926851,
    "block_y": 0.40701025,
    "bin_x": 0.1634366,
    "bin_y": 0.31618478
  },
  "joint_names": ["shoulder_pan_joint", "shoulder_lift_joint", "elbow_joint", "wrist_1_joint", "wrist_2_joint", "wrist_3_joint"],
  "start_joints": [-0.45140458, -1.7008327, -0.92027223, 0.86815484, -8.4291311e-05, -0.00025370837],
  "goal_joints": [-5.5974052, -0.68123823, 0.74260983, 4.6516122, 4.7124398, -0.88528894],
  "num_waypoints": 99,
  "trajectory": [
    [-0.45140458, -1.7008327, -0.92027223, 0.86815484, -8.4291311e-05, -0.00025370837],
    [-0.45420579, -1.7010966, -0.91926241, 0.87315484, -0.00076720732, 0.0008810501],
    [-0.46260942, -1.7018882, -0.91623294, 0.88815484, -0.0028159553, 0.0042853255],
    [-0.47661547, -1.7032077, -0.91118382, 0.91315484, -0.0062305354, 0.0099591179],
    [-0.49622394, -1.7050549, -0.90411505, 0.94815484, -0.011010947, 0.017902427],
    [-0.52143483, -1.7074299, -0.89502664, 0.99315484, -0.017157191, 0.028115253],
    [-0.55224815, -1.7103327, -0.88391858, 1.0481548, -0.024669268, 0.040597597],
    [-0.58866388, -1.7137632, -0.87079087, 1.1131548, -0.033547176, 0.055349457],
    [-0.63068203, -1.7177215, -0.85564352, 1.1881548, -0.043790914, 0.072370832],
    [-0.67830259, -1.7222076, -0.83847652, 1.2731548, -0.055400484, 0.091661722],
    [-0.73152558, -1.7272215, -0.81928987, 1.3681548, -0.068375886, 0.11322213],
    [-0.79035098, -1.7327632, -0.79808357, 1.4731548, -0.08271712, 0.13705205],
    [-0.85305316, -1.7386701, -0.77547972, 1.5850746, -0.098003485, 0.16245244],
    [-0.91588501, -1.7445892, -0.75282912, 1.6972258, -0.11332146, 0.18790536],
    [-0.97871687, -1.7505082, -0.73017851, 1.8093771, -0.12863944, 0.21335828],
    [-1.0415487, -1.7564273, -0.70752791, 1.9215284, -0.14395742, 0.2388112],
    [-1.1043806, -1.7623464, -0.68487731, 2.0336796, -0.1592754, 0.26426412],
    [-1.1672124, -1.7682655, -0.66222671, 2.1458309, -0.17459338, 0.28971704],
    [-1.2300443, -1.7741846, -0.63957611, 2.2579822, -0.18991136, 0.31516996],
    [-1.2928761, -1.7801037, -0.6169255, 2.3701334, -0.20522934, 0.34062288],
    [-1.355708, -1.7860228, -0.5942749, 2.4822847, -0.22054731, 0.3660758],
    [-1.4185398, -1.7919419, -0.5716243, 2.594436, -0.23586529, 0.39152872],
    [-1.4804634, -1.7977754, -0.54930113, 2.704966, -0.25096184, 0.4166137],
    [-1.5373039, -1.8031301, -0.52881039, 2.806423, -0.26481916, 0.43963953],
    [-1.5885419, -1.807957, -0.51033931, 2.89788, -0.27731065, 0.46039585],
    [-1.6341776, -1.8122561, -0.49388786, 2.979337, -0.28843631, 0.47888266],
    [-1.6742108, -1.8160274, -0.47945607, 3.050794, -0.29819613, 0.49509994],
    [-1.7086416, -1.819271, -0.46704392, 3.112251, -0.30659012, 0.50904771],
    [-1.7374699, -1.8219868, -0.45665142, 3.163708, -0.31361829, 0.52072596],
    [-1.7621865, -1.8239172, -0.44779205, 3.2063968, -0.3180656, 0.52995301],
    [-1.7901078, -1.8236715, -0.43809407, 3.2459071, -0.31346452, 0.53558629],
    [-1.8212298, -1.8210095, -0.4275895, 3.2813722, -0.2988642, 0.53715148],
    [-1.8542495, -1.8159009, -0.41673629, 3.310797, -0.2743125, 0.53430264],
    [-1.8861022, -1.8087352, -0.40655258, 3.3311472, -0.24175317, 0.52713747],
    [-1.9169695, -1.7996587, -0.39695642, 3.3432106, -0.2017428, 0.51598447],
    [-1.9542787, -1.7883211, -0.38540445, 3.3564741, -0.15192692, 0.50177953],
    [-1.9990773, -1.7747076, -0.37153355, 3.3724001, -0.092111058, 0.48472311],
    [-2.0513653, -1.7588182, -0.35534371, 3.3909886, -0.022295203, 0.4648152],
    [-2.1111108, -1.7406626, -0.33684483, 3.4122282, 0.057478057, 0.44206794],
    [-2.1739426, -1.7215691, -0.31739032, 3.434565, 0.14137225, 0.41814561],
    [-2.2367745, -1.7024756, -0.29793581, 3.4569019, 0.22526645, 0.39422328],
    [-2.2996063, -1.6833821, -0.27848131, 3.4792387, 0.30916065, 0.37030095],
    [-2.3624382, -1.6642885, -0.2590268, 3.5015755, 0.39305485, 0.34637862],
    [-2.4252701, -1.645195, -0.23957229, 3.5239124, 0.47694904, 0.32245628],
    [-2.4881019, -1.6261015, -0.22011779, 3.5462492, 0.56084324, 0.29853395],
    [-2.5509338, -1.607008, -0.20066328, 3.5685861, 0.64473744, 0.27461162],
    [-2.6137656, -1.5879145, -0.18120877, 3.5909229, 0.72863163, 0.25068929],
    [-2.6765975, -1.568821, -0.16175427, 3.6132597, 0.81252583, 0.22676695],
    [-2.7394293, -1.5497275, -0.14229976, 3.6355966, 0.89642003, 0.20284462],
    [-2.8022612, -1.530634, -0.12284526, 3.6579334, 0.98031422, 0.17892229],
    [-2.865093, -1.5115405, -0.10339075, 3.6802703, 1.0642084, 0.15499996],
    [-2.9279249, -1.492447, -0.083936242, 3.7026071, 1.1481026, 0.13107763],
    [-2.9907567, -1.4733535, -0.064481736, 3.7249439, 1.2319968, 0.10715529],
    [-3.0535886, -1.4542599, -0.04502723, 3.7472808, 1.315891, 0.083232962],
    [-3.1164204, -1.4351664, -0.025572723, 3.7696176, 1.3997852, 0.059310629],
    [-3.1792523, -1.4160729, -0.0061182168, 3.7919544, 1.4836794, 0.035388297],
    [-3.2420841, -1.3969794, 0.01333629, 3.8142913, 1.5675736, 0.011465965],
    [-3.304916, -1.3778859, 0.032790796, 3.8366281, 1.6514678, -0.012456367],
    [-3.3677478, -1.3587924, 0.052245302, 3.858965, 1.735362, -0.0363787],
    [-3.4305797, -1.3396989, 0.071699809, 3.8813018, 1.8192562, -0.060301032],
    [-3.4934116, -1.3206054, 0.091154315, 3.9036386, 1.9031504, -0.084223364],
    [-3.5562434, -1.3015119, 0.11060882, 3.9259755, 1.9870446, -0.1081457],
    [-3.6190753, -1.2824184, 0.13006333, 3.9483123, 2.0709388, -0.13206803],
    [-3.6819071, -1.2633248, 0.14951783, 3.9706492, 2.154833, -0.15599036],
    [-3.744739, -1.2442313, 0.16897234, 3.992986, 2.2387272, -0.17991269],
    [-3.8075708, -1.2251378, 0.18842685, 4.0153228, 2.3226214, -0.20383503],
    [-3.8704027, -1.2060443, 0.20788135, 4.0376597, 2.4065156, -0.22775736],
    [-3.9332345, -1.1869508, 0.22733586, 4.0599965, 2.4904098, -0.25167969],
    [-3.9960664, -1.1678573, 0.24679037, 4.0823333, 2.574304, -0.27560202],
    [-4.0588982, -1.1487638, 0.26624487, 4.1046702, 2.6581982, -0.29952435],
    [-4.1217301, -1.1296703, 0.28569938, 4.127007, 2.7420924, -0.32344669],
    [-4.1845619, -1.1105768, 0.30515389, 4.1493439, 2.8259866, -0.34736902],
    [-4.2473938, -1.0914833, 0.32460839, 4.1716807, 2.9098808, -0.37129135],
    [-4.3102256, -1.0723898, 0.3440629, 4.1940175, 2.993775, -0.39521368],
    [-4.3730575, -1.0532962, 0.3635174, 4.2163544, 3.0776692, -0.41913602],
    [-4.4358894, -1.0342027, 0.38297191, 4.2386912, 3.1615633, -0.44305835],
    [-4.4987212, -1.0151092, 0.40242642, 4.2610281, 3.2454575, -0.46698068],
    [-4.5615531, -0.99601571, 0.42188092, 4.2833649, 3.3293517, -0.49090301],
    [-4.6243849, -0.9769222, 0.44133543, 4.3057017, 3.4132459, -0.51482534],
    [-4.6872168, -0.95782869, 0.46078994, 4.3280386, 3.4971401, -0.53874768],
    [-4.7500486, -0.93873518, 0.48024444, 4.3503754, 3.5810343, -0.56267001],
    [-4.8128805, -0.91964168, 0.49969895, 4.3727122, 3.6649285, -0.58659234],
    [-4.8757123, -0.90054817, 0.51915346, 4.3950491, 3.7488227, -0.61051467],
    [-4.9385442, -0.88145466, 0.53860796, 4.4173859, 3.8327169, -0.63443701],
    [-5.001376, -0.86236115, 0.55806247, 4.4397228, 3.9166111, -0.65835934],
    [-5.0642079, -0.84326764, 0.57751697, 4.4620596, 4.0005053, -0.68228167],
    [-5.1270397, -0.82417413, 0.59697148, 4.4843964, 4.0843995, -0.706204],
    [-5.1898716, -0.80508062, 0.61642599, 4.5067333, 4.1682937, -0.73012633],
    [-5.2527034, -0.78598711, 0.63588049, 4.5290701, 4.2521879, -0.75404867],
    [-5.3155353, -0.7668936, 0.655335, 4.551407, 4.3360821, -0.777971],
    [-5.3764868, -0.74837149, 0.6742073, 4.5730753, 4.4174657, -0.80117742],
    [-5.4302669, -0.73202866, 0.69085912, 4.5921942, 4.4892737, -0.82165341],
    [-5.4765575, -0.71796174, 0.705192, 4.6086507, 4.5510818, -0.83927792],
    [-5.5153588, -0.70617072, 0.71720596, 4.6224446, 4.6028899, -0.85405093],
    [-5.5466706, -0.6966556, 0.72690097, 4.633576, 4.644698, -0.86597246],
