{
  "iteration": 849,
  "label": "pre_pick",
  "planning_time_ms": 5006.7184,
  "scene": {
    "block_x": 0.19011867,
    "block_y": 0.47931922,
    "bin_x": 0.23370138,
    "bin_y": 0.30819343
  },
  "joint_names": ["shoulder_pan_joint", "shoulder_lift_joint", "elbow_joint", "wrist_1_joint", "wrist_2_joint", "wrist_3_joint"],
  "start_joints": [-0.45126837, -1.7007732, -0.92016617, 0.86814661, -8.8638325e-05, -0.00019073941],
  "goal_joints": [0.94132535, -0.56240602, 0.51390384, -1.5224445, -1.5696968, -0.6286215],
  "num_waypoints": 35,
  "trajectory": [
    [-0.45126837, -1.7007732, -0.92016617, 0.86814661, -8.8638325e-05, -0.00019073941],
    [-0.44835571, -1.6983923, -0.91716677, 0.86314661, -0.0033715255, -0.001505123],
    [-0.43961774, -1.6912495, -0.90816855, 0.84814661, -0.013220187, -0.0054482738],
    [-0.42505447, -1.6793448, -0.89317153, 0.82314661, -0.029634623, -0.012020192],
    [-0.40466588, -1.6626783, -0.8721757, 0.78814661, -0.052614834, -0.021220877],
    [-0.37845198, -1.6412499, -0.84518106, 0.74314661, -0.082160819, -0.03305033],
    [-0.34641277, -1.6150597, -0.81218761, 0.68814661, -0.11827258, -0.047508549],
    [-0.30854826, -1.5841075, -0.77319536, 0.62314663, -0.1609501, -0.06459553],
    [-0.26485843, -1.5483936, -0.7282043, 0.54814665, -0.21019339, -0.084311279],
    [-0.2153433, -1.5079177, -0.67721444, 0.46314667, -0.26600246, -0.10665579],
    [-0.16000286, -1.46268, -0.62022577, 0.3681467, -0.3283773, -0.13162908],
    [-0.099642846, -1.4133391, -0.55806802, 0.26452989, -0.39640976, -0.15886752],
    [-0.038628221, -1.3634631, -0.49523617, 0.15978935, -0.46518004, -0.18640137],
    [0.022386404, -1.313587, -0.43240431, 0.055048805, -0.53395031, -0.21393522],
    [0.083401029, -1.263711, -0.36957246, -0.049691737, -0.60272059, -0.24146907],
    [0.14441565, -1.213835, -0.30674061, -0.15443228, -0.67149087, -0.26900292],
    [0.20543028, -1.1639589, -0.24390875, -0.25917282, -0.74026114, -0.29653678],
    [0.2664449, -1.1140829, -0.1810769, -0.36391336, -0.80903142, -0.32407063],
    [0.32745953, -1.0642069, -0.11824505, -0.46865391, -0.8778017, -0.35160448],
    [0.38847415, -1.0143308, -0.055413195, -0.57339445, -0.94657198, -0.37913833],
    [0.44948878, -0.96445481, 0.0074186578, -0.67813499, -1.0153423, -0.40667218],
    [0.5105034, -0.91457878, 0.070250511, -0.78287553, -1.0841125, -0.43420603],
    [0.57151803, -0.86470275, 0.13308236, -0.88761607, -1.1528828, -0.46173988],
    [0.63244236, -0.81490052, 0.19582124, -0.99220162, -1.2215513, -0.48923298],
    [0.6895187, -0.76824382, 0.25459751, -1.0901815, -1.2858827, -0.51498962],
    [0.74076972, -0.72634899, 0.30737496, -1.1781614, -1.3436483, -0.53811748],
    [0.78619544, -0.68921602, 0.35415361, -1.2561413, -1.3948482, -0.55861658],
    [0.82579584, -0.65684491, 0.39493345, -1.3241212, -1.4394822, -0.57648691],
    [0.85957093, -0.62923567, 0.42971448, -1.3821011, -1.4775505, -0.59172847],
    [0.88752071, -0.60638829, 0.4584967, -1.430081, -1.509053, -0.60434127],
    [0.90964518, -0.58830278, 0.48128012, -1.4680609, -1.5339898, -0.6143253],
    [0.92594433, -0.57497914, 0.49806472, -1.4960407, -1.5523607, -0.62168056],
    [0.93641818, -0.56641736, 0.50885051, -1.5140206, -1.5641659, -0.62640706],
    [0.94106671, -0.56261744, 0.5136375, -1.5220005, -1.5694053, -0.62850478],
    [0.94132535, -0.56240602, 0.51390384, -1.5224445, -1.5696968, -0.6286215]
  ]
}
