{
  "iteration": 721,
  "label": "pre_pick",
  "planning_time_ms": 54.155793,
  "scene": {
    "block_x": 0.12067608,
    "block_y": 0.47773944,
    "bin_x": 0.20856185,
    "bin_y": 0.2979069
  },
  "joint_names": ["shoulder_pan_joint", "shoulder_lift_joint", "elbow_joint", "wrist_1_joint", "wrist_2_joint", "wrist_3_joint"],
  "start_joints": [-0.45137502, -1.7007863, -0.92009711, 0.86788634, -2.5468239e-05, -3.2006642e-05],
  "goal_joints": [4.7341348, -2.4179086, -0.82244291, 4.8106545, -4.712257, 0.022470053],
  "num_waypoints": 90,
  "trajectory": [
    [-0.45137502, -1.7007863, -0.92009711, 0.86788634, -2.5468239e-05, -3.2006642e-05],
    [-0.44637502, -1.7014777, -0.92000295, 0.87168805, -0.0045691213, -1.0309586e-05],
    [-0.43137502, -1.7035521, -0.91972046, 0.88309321, -0.018200081, 5.4781582e-05],
    [-0.40637502, -1.7070095, -0.91924966, 0.90210179, -0.040918346, 0.00016326686],
    [-0.37137502, -1.7118498, -0.91859054, 0.92871381, -0.072723917, 0.00031514625],
    [-0.32637502, -1.718073, -0.91774309, 0.96292926, -0.1136168, 0.00051041976],
    [-0.27137502, -1.7256791, -0.91670732, 1.0047482, -0.16359698, 0.00074908737],
    [-0.20894424, -1.7343129, -0.91553162, 1.052217, -0.22032974, 0.0010200002],
    [-0.14611239, -1.7430021, -0.91434836, 1.0999908, -0.27742696, 0.0012926534],
    [-0.083280534, -1.7516914, -0.9131651, 1.1477645, -0.33452419, 0.0015653067],
    [-0.020448681, -1.7603806, -0.91198185, 1.1955383, -0.39162142, 0.0018379599],
    [0.042383172, -1.7690698, -0.91079859, 1.2433121, -0.44871865, 0.0021106132],
    [0.10521502, -1.7777591, -0.90961533, 1.2910859, -0.50581588, 0.0023832664],
    [0.16804688, -1.7864483, -0.90843207, 1.3388597, -0.56291311, 0.0026559197],
    [0.23087873, -1.7951375, -0.90724882, 1.3866335, -0.62001034, 0.0029285729],
    [0.29371058, -1.8038268, -0.90606556, 1.4344073, -0.67710756, 0.0032012262],
    [0.35654244, -1.812516, -0.9048823, 1.482181, -0.73420479, 0.0034738794],
    [0.41937429, -1.8212053, -0.90369904, 1.5299548, -0.79130202, 0.0037465327],
    [0.48220614, -1.8298945, -0.90251579, 1.5777286, -0.84839925, 0.0040191859],
    [0.545038, -1.8385837, -0.90133253, 1.6255024, -0.90549648, 0.0042918391],
    [0.60786985, -1.847273, -0.90014927, 1.6732762, -0.96259371, 0.0045644924],
    [0.6707017, -1.8559622, -0.89896601, 1.72105, -1.0196909, 0.0048371456],
    [0.73353356, -1.8646514, -0.89778275, 1.7688238, -1.0767882, 0.0051097989],
    [0.79636541, -1.8733407, -0.8965995, 1.8165975, -1.1338854, 0.0053824521],
    [0.85919726, -1.8820299, -0.89541624, 1.8643713, -1.1909826, 0.0056551054],
    [0.92202911, -1.8907192, -0.89423298, 1.9121451, -1.2480798, 0.0059277586],
    [0.98486097, -1.8994084, -0.89304972, 1.9599189, -1.3051771, 0.0062004119],
    [1.0476928, -1.9080976, -0.89186647, 2.0076927, -1.3622743, 0.0064730651],
    [1.1105247, -1.9167869, -0.89068321, 2.0554665, -1.4193715, 0.0067457184],
    [1.1733565, -1.9254761, -0.88949995, 2.1032402, -1.4764688, 0.0070183716],
    [1.2361884, -1.9341653, -0.88831669, 2.151014, -1.533566, 0.0072910249],
    [1.2990202, -1.9428546, -0.88713344, 2.1987878, -1.5906632, 0.0075636781],
    [1.3618521, -1.9515438, -0.88595018, 2.2465616, -1.6477604, 0.0078363314],
    [1.4246839, -1.9602331, -0.88476692, 2.2943354, -1.7048577, 0.0081089846],
    [1.4875158, -1.9689223, -0.88358366, 2.3421092, -1.7619549, 0.0083816379],
    [1.5503476, -1.9776115, -0.88240041, 2.389883, -1.8190521, 0.0086542911],
    [1.6131795, -1.9863008, -0.88121715, 2.4376567, -1.8761494, 0.0089269443],
    [1.6760114, -1.99499, -0.88003389, 2.4854305, -1.9332466, 0.0091995976],
    [1.7388432, -2.0036792, -0.87885063, 2.5332043, -1.9903438, 0.0094722508],
    [1.8016751, -2.0123685, -0.87766738, 2.5809781, -2.047441, 0.0097449041],
    [1.8645069, -2.0210577, -0.87648412, 2.6287519, -2.1045383, 0.010017557],
    [1.9273388, -2.029747, -0.87530086, 2.6765257, -2.1616355, 0.010290211],
    [1.9901706, -2.0384362, -0.8741176, 2.7242995, -2.2187327, 0.010562864],
    [2.0530025, -2.0471254, -0.87293434, 2.7720732, -2.27583, 0.010835517],
    [2.1158343, -2.0558147, -0.87175109, 2.819847, -2.3329272, 0.01110817],
    [2.1786662, -2.0645039, -0.87056783, 2.8676208, -2.3900244, 0.011380824],
    [2.241498, -2.0731931, -0.86938457, 2.9153946, -2.4471216, 0.011653477],
    [2.3043299, -2.0818824, -0.86820131, 2.9631684, -2.5042189, 0.01192613],
    [2.3671617, -2.0905716, -0.86701806, 3.0109422, -2.5613161, 0.012198783],
    [2.4299936, -2.0992608, -0.8658348, 3.0587159, -2.6184133, 0.012471437],
    [2.4928254, -2.1079501, -0.86465154, 3.1064897, -2.6755106, 0.01274409],
    [2.5556573, -2.1166393, -0.86346828, 3.1542635, -2.7326078, 0.013016743],
    [2.6184891, -2.1253286, -0.86228503, 3.2020373, -2.789705, 0.013289396],
    [2.681321, -2.1340178, -0.86110177, 3.2498111, -2.8468022, 0.01356205],
    [2.7441529, -2.142707, -0.85991851, 3.2975849, -2.9038995, 0.013834703],
    [2.8069847, -2.1513963, -0.85873525, 3.3453587, -2.9609967, 0.014107356],
    [2.8698166, -2.1600855, -0.857552, 3.3931324, -3.0180939, 0.014380009],
    [2.9326484, -2.1687747, -0.85636874, 3.4409062, -3.0751912, 0.014652663],
    [2.9954803, -2.177464, -0.85518548, 3.48868, -3.1322884, 0.014925316],
    [3.0583121, -2.1861532, -0.85400222, 3.5364538, -3.1893856, 0.015197969],
    [3.121144, -2.1948425, -0.85281897, 3.5842276, -3.2464828, 0.015470622],
    [3.1839758, -2.2035317, -0.85163571, 3.6320014, -3.3035801, 0.015743276],
    [3.2468077, -2.2122209, -0.85045245, 3.6797752, -3.3606773, 0.016015929],
    [3.3096395, -2.2209102, -0.84926919, 3.7275489, -3.4177745, 0.016288582],
    [3.3724714, -2.2295994, -0.84808593, 3.7753227, -3.4748718, 0.016561235],
    [3.4353032, -2.2382886, -0.84690268, 3.8230965, -3.531969, 0.016833889],
    [3.4981351, -2.2469779, -0.84571942, 3.8708703, -3.5890662, 0.017106542],
    [3.5609669, -2.2556671, -0.84453616, 3.9186441, -3.6461634, 0.017379195],
    [3.6237988, -2.2643564, -0.8433529, 3.9664179, -3.7032607, 0.017651848],
    [3.6866307, -2.2730456, -0.84216965, 4.0141916, -3.7603579, 0.017924502],
    [3.7494625, -2.2817348, -0.84098639, 4.0619654, -3.8174551, 0.018197155],
    [3.8122944, -2.2904241, -0.83980313, 4.1097392, -3.8745524, 0.018469808],
    [3.8751262, -2.2991133, -0.83861987, 4.157513, -3.9316496, 0.018742461],
    [3.9379581, -2.3078025, -0.83743662, 4.2052868, -3.9887468, 0.019015114],
    [4.0007899, -2.3164918, -0.83625336, 4.2530606, -4.045844, 0.019287768],
    [4.0636218, -2.325181, -0.8350701, 4.3008344, -4.1029413, 0.019560421],
    [4.1264536, -2.3338703, -0.83388684, 4.3486081, -4.1600385, 0.019833074],
    [4.1892855, -2.3425595, -0.83270359, 4.3963819, -4.2171357, 0.020105727],
    [4.2521173, -2.3512487, -0.83152033, 4.4441557, -4.274233, 0.020378381],
    [4.3149492, -2.359938, -0.83033707, 4.4919295, -4.3313302, 0.020651034],
    [4.377781, -2.3686272, -0.82915381, 4.5397033, -4.3884274, 0.020923687],
    [4.4406129, -2.3773164, -0.82797056, 4.5874771, -4.4455246, 0.02119634],
    [4.5034447, -2.3860057, -0.8267873, 4.6352509, -4.5026219, 0.021468994],
    [4.5651719, -2.3945421, -0.82562484, 4.6821847, -4.5587152, 0.021736853],
    [4.6183033, -2.4018899, -0.82462427, 4.7225828, -4.6069973, 0.021967412],
    [4.6614346, -2.4078547, -0.82381201, 4.7553774, -4.6461921, 0.022154577],
    [4.694566, -2.4124365, -0.82318808, 4.7805687, -4.6762996, 0.022298348],
    [4.7176974, -2.4156354, -0.82275246, 4.7981565, -4.6973198, 0.022398724],
    [4.7308288, -2.4174514, -0.82250517, 4.8081408, -4.7092527, 0.022455707],
    [4.7341348, -2.4179086, -0.82244291, 4.8106545, -4.712257, 0.022470053]
  ]
}
