{
  "iteration": 9,
  "label": "place_retreat",
  "planning_time_ms": 699.56016,
  "scene": {
    "block_x": 0.14773033,
    "block_y": 0.46673565,
    "bin_x": 0.36177461,
    "bin_y": 0.36495905
  },
  "joint_names": ["shoulder_pan_joint", "shoulder_lift_joint", "elbow_joint", "wrist_1_joint", "wrist_2_joint", "wrist_3_joint"],
  "start_joints": [0.53240702, -0.58995129, 0.66162905, -1.6422828, 4.7127134, -1.0377099],
  "goal_joints": [-2.0969031, -3.0823805, 0.57279963, 4.0796056, -4.7121225, -0.52538898],
  "num_waypoints": 89,
  "trajectory": [
    [0.53240702, -0.58995129, 0.66162905, -1.6422828, 4.7127134, -1.0377099],
    [0.53101213, -0.59127356, 0.66158192, -1.6392473, 4.7077134, -1.0374381],
    [0.52682748, -0.59524036, 0.66144055, -1.6301406, 4.6927134, -1.0366228],
    [0.51985306, -0.60185169, 0.66120492, -1.614963, 4.6677134, -1.0352638],
    [0.51008887, -0.61110756, 0.66087505, -1.5937142, 4.6327134, -1.0333612],
    [0.49753492, -0.62300796, 0.66045092, -1.5663944, 4.5877134, -1.0309151],
    [0.4821912, -0.63755289, 0.65993254, -1.5330034, 4.5327134, -1.0279254],
    [0.46405771, -0.65474235, 0.65931992, -1.4935415, 4.4677134, -1.0243921],
    [0.44313446, -0.67457635, 0.65861304, -1.4480084, 4.3927134, -1.0203152],
    [0.41942144, -0.69705488, 0.65781191, -1.3964043, 4.3077134, -1.0156947],
    [0.39291865, -0.72217794, 0.65691653, -1.3387291, 4.2127135, -1.0105306],
    [0.3636261, -0.74994553, 0.6559269, -1.2749828, 4.1077135, -1.004823],
    [0.33154378, -0.78035766, 0.65484302, -1.2051655, 3.9927135, -0.99857173],
    [0.296934, -0.81316566, 0.65367376, -1.1298479, 3.8686538, -0.99182802],
    [0.26187675, -0.84639784, 0.65248937, -1.0535565, 3.7429901, -0.98499712],
    [0.2268195, -0.87963003, 0.65130499, -0.97726514, 3.6173264, -0.97816621],
    [0.19176224, -0.91286221, 0.6501206, -0.90097376, 3.4916627, -0.97133531],
    [0.15670499, -0.94609439, 0.64893622, -0.82468239, 3.365999, -0.9645044],
    [0.12164774, -0.97932658, 0.64775183, -0.74839101, 3.2403353, -0.9576735],
    [0.086590486, -1.0125588, 0.64656745, -0.67209963, 3.1146716, -0.9508426],
    [0.051533232, -1.0457909, 0.64538306, -0.59580826, 2.9890079, -0.94401169],
    [0.016475979, -1.0790231, 0.64419868, -0.51951688, 2.8633442, -0.93718079],
    [-0.018581274, -1.1122553, 0.64301429, -0.4432255, 2.7376804, -0.93034988],
    [-0.053638527, -1.1454875, 0.64182991, -0.36693413, 2.6120167, -0.92351898],
    [-0.08869578, -1.1787197, 0.64064552, -0.29064275, 2.486353, -0.91668808],
    [-0.12375303, -1.2119519, 0.63946114, -0.21435137, 2.3606893, -0.90985717],
    [-0.15881029, -1.2451841, 0.63827675, -0.13806, 2.2350256, -0.90302627],
    [-0.19386754, -1.2784162, 0.63709237, -0.061768622, 2.1093619, -0.89619536],
    [-0.22892479, -1.3116484, 0.63590798, 0.014522755, 1.9836982, -0.88936446],
    [-0.26398205, -1.3448806, 0.6347236, 0.090814131, 1.8580345, -0.88253356],
    [-0.2990393, -1.3781128, 0.63353921, 0.16710551, 1.7323708, -0.87570265],
    [-0.33409655, -1.411345, 0.63235483, 0.24339688, 1.6067071, -0.86887175],
    [-0.36915381, -1.4445772, 0.63117044, 0.31968826, 1.4810434, -0.86204084],
    [-0.40421106, -1.4778093, 0.62998606, 0.39597964, 1.3553797, -0.85520994],
    [-0.43926831, -1.5110415, 0.62880167, 0.47227101, 1.229716, -0.84837904],
    [-0.47432556, -1.5442737, 0.62761729, 0.54856239, 1.1040523, -0.84154813],
    [-0.50938282, -1.5775059, 0.6264329, 0.62485377, 0.97838856, -0.83471723],
    [-0.54444007, -1.6107381, 0.62524852, 0.70114514, 0.85272486, -0.82788632],
    [-0.57949732, -1.6439703, 0.62406413, 0.77743652, 0.72706115, -0.82105542],
    [-0.61455458, -1.6772025, 0.62287975, 0.85372789, 0.60139745, -0.81422452],
    [-0.64961183, -1.7104346, 0.62169536, 0.93001927, 0.47573374, -0.80739361],
    [-0.68466908, -1.7436668, 0.62051098, 1.0063106, 0.35007003, -0.80056271],
    [-0.71972634, -1.776899, 0.61932659, 1.082602, 0.22440633, -0.7937318],
    [-0.75478359, -1.8101312, 0.61814221, 1.1588934, 0.098742621, -0.7869009],
    [-0.78984084, -1.8433634, 0.61695782, 1.2351848, -0.026921085, -0.78007],
    [-0.8248981, -1.8765956, 0.61577344, 1.3114762, -0.15258479, -0.77323909],
    [-0.85995535, -1.9098277, 0.61458905, 1.3877675, -0.2782485, -0.76640819],
    [-0.8950126, -1.9430599, 0.61340467, 1.4640589, -0.4039122, -0.75957728],
    [-0.93006985, -1.9762921, 0.61222028, 1.5403503, -0.52957591, -0.75274638],
    [-0.96512711, -2.0095243, 0.6110359, 1.6166417, -0.65523962, -0.74591548],
    [-1.0001844, -2.0427565, 0.60985151, 1.692933, -0.78090332, -0.73908457],
    [-1.0352416, -2.0759887, 0.60866713, 1.7692244, -0.90656703, -0.73225367],
    [-1.0702989, -2.1092209, 0.60748274, 1.8455158, -1.0322307, -0.72542276],
    [-1.1053561, -2.142453, 0.60629836, 1.9218072, -1.1578944, -0.71859186],
    [-1.1404134, -2.1756852, 0.60511397, 1.9980985, -1.2835581, -0.71176096],
    [-1.1754706, -2.2089174, 0.60392959, 2.0743899, -1.4092219, -0.70493005],
    [-1.2105279, -2.2421496, 0.6027452, 2.1506813, -1.5348856, -0.69809915],
    [-1.2455851, -2.2753818, 0.60156082, 2.2269727, -1.6605493, -0.69126825],
    [-1.2806424, -2.308614, 0.60037643, 2.303264, -1.786213, -0.68443734],
    [-1.3156996, -2.3418461, 0.59919205, 2.3795554, -1.9118767, -0.67760644],
    [-1.3507569, -2.3750783, 0.59800766, 2.4558468, -2.0375404, -0.67077553],
    [-1.3858141, -2.4083105, 0.59682327, 2.5321382, -2.1632041, -0.66394463],
    [-1.4208714, -2.4415427, 0.59563889, 2.6084296, -2.2888678, -0.65711373],
    [-1.4559287, -2.4747749, 0.5944545, 2.6847209, -2.4145315, -0.65028282],
    [-1.4909859, -2.5080071, 0.59327012, 2.7610123, -2.5401952, -0.64345192],
    [-1.5260432, -2.5412393, 0.59208573, 2.8373037, -2.6658589, -0.63662101],
    [-1.5611004, -2.5744714, 0.59090135, 2.9135951, -2.7915226, -0.62979011],
    [-1.5961577, -2.6077036, 0.58971696, 2.9898864, -2.9171863, -0.62295921],
    [-1.6312149, -2.6409358, 0.58853258, 3.0661778, -3.04285, -0.6161283],
    [-1.6662722, -2.674168, 0.58734819, 3.1424692, -3.1685137, -0.6092974],
    [-1.7013294, -2.7074002, 0.58616381, 3.2187606, -3.2941774, -0.60246649],
    [-1.7363867, -2.7406324, 0.58497942, 3.2950519, -3.4198412, -0.59563559],
    [-1.7714439, -2.7738645, 0.58379504, 3.3713433, -3.5455049, -0.58880469],
    [-1.8065012, -2.8070967, 0.58261065, 3.4476347, -3.6711686, -0.58197378],
    [-1.8415584, -2.8403289, 0.58142627, 3.5239261, -3.7968323, -0.57514288],
    [-1.8766157, -2.8735611, 0.58024188, 3.6002174, -3.922496, -0.56831197],
    [-1.9102793, -2.9054722, 0.57910458, 3.6734761, -4.0431643, -0.56175261],
    [-1.9411532, -2.9347388, 0.57806153, 3.7406637, -4.1538326, -0.55573683],
    [-1.9692374, -2.9613609, 0.57711273, 3.8017802, -4.254501, -0.55026464],
    [-1.9945317, -2.9853385, 0.57625817, 3.8568256, -4.3451693, -0.54533604],
    [-2.0170363, -3.0066715, 0.57549787, 3.9057999, -4.4258377, -0.54095102],
    [-2.0367511, -3.0253599, 0.57483182, 3.9487032, -4.496506, -0.53710959],
    [-2.0536762, -3.0414039, 0.57426002, 3.9855354, -4.5571743, -0.53381174],
    [-2.0678115, -3.0548033, 0.57378247, 4.0162965, -4.6078427, -0.53105748],
    [-2.079157, -3.0655582, 0.57339917, 4.0409866, -4.648511, -0.52884681],
    [-2.0877128, -3.0736685, 0.57311012, 4.0596056, -4.6791793, -0.52717972],
    [-2.0934787, -3.0791343, 0.57291532, 4.0721535, -4.6998477, -0.52605622],
    [-2.096455, -3.0819556, 0.57281477, 4.0786303, -4.710516, -0.5254763],
    [-2.0969031, -3.0823805, 0.57279963, 4.0796056, -4.7121225, -0.52538898]
  ]
}
