{
  "iteration": 2,
  "label": "pre_pick",
  "planning_time_ms": 41.379329,
  "scene": {
    "block_x": 0.16204056,
    "block_y": 0.42118944,
    "bin_x": 0.2622114,
    "bin_y": 0.30686316
  },
  "joint_names": ["shoulder_pan_joint", "shoulder_lift_joint", "elbow_joint", "wrist_1_joint", "wrist_2_joint", "wrist_3_joint"],
  "start_joints": [-0.45137273, -1.7008024, -0.91993238, 0.86797459, -1.1215905e-05, 3.5251173e-05],
  "goal_joints": [0.91680235, -0.93356363, 1.1973237, -1.8355813, 4.7120321, -0.65493976],
  "num_waypoints": 52,
  "trajectory": [
    [-0.45137273, -1.7008024, -0.91993238, 0.86797459, -1.1215905e-05, 3.5251173e-05],
    [-0.44992094, -1.6999882, -0.91768574, 0.86510582, 0.0049887841, -0.00065974988],
    [-0.44556559, -1.6975459, -0.91094581, 0.8564995, 0.019988784, -0.002744753],
    [-0.43830666, -1.6934752, -0.89971259, 0.84215564, 0.044988784, -0.0062197583],
    [-0.42814416, -1.6877764, -0.88398609, 0.82207423, 0.079988784, -0.011084766],
    [-0.41507809, -1.6804492, -0.8637663, 0.79625528, 0.12498878, -0.017339775],
    [-0.39910846, -1.6714939, -0.83905322, 0.76469879, 0.17998878, -0.024984787],
    [-0.38023525, -1.6609102, -0.80984686, 0.72740475, 0.24498878, -0.0340198],
    [-0.35845847, -1.6486983, -0.77614722, 0.68437317, 0.31998876, -0.044444813],
    [-0.33377813, -1.6348582, -0.73795429, 0.63560405, 0.40498875, -0.056259829],
    [-0.30619421, -1.6193898, -0.69526808, 0.58109739, 0.49998872, -0.069464846],
    [-0.27570673, -1.6022932, -0.64808859, 0.52085319, 0.60498869, -0.084059864],
    [-0.24231567, -1.5835683, -0.59641581, 0.45487144, 0.71998866, -0.10004488],
    [-0.20629406, -1.5633683, -0.54067223, 0.38369164, 0.84404836, -0.11728921],
    [-0.16980672, -1.5429071, -0.48420793, 0.31159152, 0.96971207, -0.13475649],
    [-0.13331937, -1.5224459, -0.42774362, 0.23949141, 1.0953758, -0.15222377],
    [-0.096832028, -1.5019847, -0.37127932, 0.1673913, 1.2210395, -0.16969105],
    [-0.060344682, -1.4815235, -0.31481502, 0.095291186, 1.3467032, -0.18715833],
    [-0.023857337, -1.4610623, -0.25835071, 0.023191073, 1.4723669, -0.20462562],
    [0.012630008, -1.4406011, -0.20188641, -0.048909039, 1.5980306, -0.2220929],
    [0.049117354, -1.4201399, -0.14542211, -0.12100915, 1.7236943, -0.23956018],
    [0.085604699, -1.3996787, -0.088957803, -0.19310926, 1.849358, -0.25702746],
    [0.12209204, -1.3792175, -0.0324935, -0.26520938, 1.9750217, -0.27449474],
    [0.15857939, -1.3587563, 0.023970803, -0.33730949, 2.1006854, -0.29196202],
    [0.19506673, -1.3382951, 0.080435106, -0.4094096, 2.2263491, -0.30942931],
    [0.23155408, -1.3178339, 0.13689941, -0.48150972, 2.3520128, -0.32689659],
    [0.26804143, -1.2973727, 0.19336371, -0.55360983, 2.4776765, -0.34436387],
    [0.30452877, -1.2769115, 0.24982802, -0.62570994, 2.6033403, -0.36183115],
    [0.34101612, -1.2564503, 0.30629232, -0.69781005, 2.729004, -0.37929843],
    [0.37750346, -1.2359891, 0.36275662, -0.76991017, 2.8546677, -0.39676571],
    [0.41399081, -1.2155279, 0.41922093, -0.84201028, 2.9803314, -0.41423299],
    [0.45047815, -1.1950667, 0.47568523, -0.91411039, 3.1059951, -0.43170028],
    [0.4869655, -1.1746055, 0.53214953, -0.9862105, 3.2316588, -0.44916756],
    [0.52345284, -1.1541443, 0.58861384, -1.0583106, 3.3573225, -0.46663484],
    [0.55994019, -1.1336831, 0.64507814, -1.1304107, 3.4829862, -0.48410212],
    [0.59642753, -1.1132219, 0.70154244, -1.2025108, 3.6086499, -0.5015694],
    [0.63291488, -1.0927607, 0.75800675, -1.274611, 3.7343136, -0.51903668],
    [0.66940222, -1.0722995, 0.81447105, -1.3467111, 3.8599773, -0.53650397],
    [0.70552262, -1.0520441, 0.8703675, -1.4180861, 3.9843772, -0.55379558],
    [0.73909841, -1.0332156, 0.92232616, -1.4844329, 4.1000135, -0.56986904],
    [0.76977064, -1.0160154, 0.96979154, -1.5450421, 4.2056497, -0.5845525],
    [0.79753929, -1.0004434, 1.0127636, -1.5999138, 4.3012859, -0.59784595],
    [0.82240437, -0.98649968, 1.0512424, -1.649048, 4.3869221, -0.6097494],
    [0.84436588, -0.97418421, 1.085228, -1.6924446, 4.4625583, -0.62026285],
    [0.86342382, -0.96349699, 1.1147202, -1.7301037, 4.5281945, -0.6293863],
    [0.87957819, -0.95443802, 1.1397191, -1.7620252, 4.5838308, -0.63711975],
    [0.89282899, -0.9470073, 1.1602248, -1.7882092, 4.629467, -0.64346319],
    [0.90317622, -0.94120483, 1.1762372, -1.8086556, 4.6651032, -0.64841663],
    [0.91061987, -0.93703061, 1.1877563, -1.8233645, 4.6907394, -0.65198007],
    [0.91515996, -0.93448464, 1.1947821, -1.8323359, 4.7063756, -0.65415351],
    [0.91679648, -0.93356692, 1.1973146, -1.8355697, 4.7120119, -0.65493695],
    [0.91680235, -0.93356363, 1.1973237, -1.8355813, 4.7120321, -0.65493976]
  ]
}
