{
  "iteration": 228,
  "label": "pre_pick",
  "planning_time_ms": 49.696715,
  "scene": {
    "block_x": 0.13649009,
    "block_y": 0.50655924,
    "bin_x": 0.20287686,
    "bin_y": 0.28940906
  },
  "joint_names": ["shoulder_pan_joint", "shoulder_lift_joint", "elbow_joint", "wrist_1_joint", "wrist_2_joint", "wrist_3_joint"],
  "start_joints": [-0.45142683, -1.7007277, -0.92045502, 0.86850546, -5.1363003e-05, -0.00032228743],
  "goal_joints": [-5.2205976, -0.47248427, 0.33406135, 4.8515902, -1.5706669, -0.50865734],
  "num_waypoints": 84,
  "trajectory": [
    [-0.45142683, -1.7007277, -0.92045502, 0.86850546, -5.1363003e-05, -0.00032228743],
    [-0.45642683, -1.69944, -0.91913978, 0.87268133, -0.0016979967, -0.00085522605],
    [-0.47142683, -1.6955769, -0.91519408, 0.88520893, -0.006637898, -0.0024540419],
    [-0.49642683, -1.6891385, -0.9086179, 0.90608827, -0.014871067, -0.005118735],
    [-0.53142683, -1.6801246, -0.89941125, 0.93531934, -0.026397503, -0.0088493053],
    [-0.57642683, -1.6685354, -0.88757413, 0.97290214, -0.041217207, -0.013645753],
    [-0.63142683, -1.6543708, -0.87310655, 1.0188367, -0.059330178, -0.019508078],
    [-0.6938576, -1.6382925, -0.85668431, 1.0709772, -0.079890302, -0.026162432],
    [-0.75668946, -1.6221109, -0.84015658, 1.1234527, -0.10058251, -0.032859536],
    [-0.81952131, -1.6059293, -0.82362884, 1.1759282, -0.12127472, -0.03955664],
    [-0.88235316, -1.5897477, -0.80710111, 1.2284037, -0.14196693, -0.046253745],
    [-0.94518502, -1.5735661, -0.79057338, 1.2808792, -0.16265914, -0.052950849],
    [-1.0080169, -1.5573845, -0.77404564, 1.3333547, -0.18335135, -0.059647953],
    [-1.0708487, -1.5412029, -0.75751791, 1.3858302, -0.20404356, -0.066345057],
    [-1.1336806, -1.5250213, -0.74099017, 1.4383057, -0.22473577, -0.073042161],
    [-1.1965124, -1.5088397, -0.72446244, 1.4907812, -0.24542798, -0.079739266],
    [-1.2593443, -1.4926581, -0.7079347, 1.5432567, -0.26612019, -0.08643637],
    [-1.3221761, -1.4764765, -0.69140697, 1.5957322, -0.2868124, -0.093133474],
    [-1.385008, -1.4602949, -0.67487923, 1.6482077, -0.30750461, -0.099830578],
    [-1.4478398, -1.4441133, -0.6583515, 1.7006832, -0.32819682, -0.10652768],
    [-1.5106717, -1.4279317, -0.64182376, 1.7531587, -0.34888903, -0.11322479],
    [-1.5735035, -1.4117501, -0.62529603, 1.8056341, -0.36958124, -0.11992189],
    [-1.6363354, -1.3955685, -0.6087683, 1.8581096, -0.39027345, -0.126619],
    [-1.6991673, -1.3793869, -0.59224056, 1.9105851, -0.41096566, -0.1333161],
    [-1.7619991, -1.3632053, -0.57571283, 1.9630606, -0.43165787, -0.1400132],
    [-1.824831, -1.3470237, -0.55918509, 2.0155361, -0.45235008, -0.14671031],
    [-1.8876628, -1.3308421, -0.54265736, 2.0680116, -0.47304229, -0.15340741],
    [-1.9504947, -1.3146605, -0.52612962, 2.1204871, -0.4937345, -0.16010452],
    [-2.0133265, -1.2984789, -0.50960189, 2.1729626, -0.51442671, -0.16680162],
    [-2.0761584, -1.2822973, -0.49307415, 2.2254381, -0.53511892, -0.17349872],
    [-2.1389902, -1.2661157, -0.47654642, 2.2779136, -0.55581113, -0.18019583],
    [-2.2018221, -1.2499341, -0.46001869, 2.3303891, -0.57650334, -0.18689293],
    [-2.2646539, -1.2337525, -0.44349095, 2.3828646, -0.59719555, -0.19359004],
    [-2.3274858, -1.2175709, -0.42696322, 2.4353401, -0.61788776, -0.20028714],
    [-2.3903176, -1.2013893, -0.41043548, 2.4878156, -0.63857997, -0.20698425],
    [-2.4531495, -1.1852077, -0.39390775, 2.5402911, -0.65927218, -0.21368135],
    [-2.5159813, -1.1690261, -0.37738001, 2.5927666, -0.67996439, -0.22037845],
    [-2.5788132, -1.1528445, -0.36085228, 2.6452421, -0.7006566, -0.22707556],
    [-2.641645, -1.1366629, -0.34432454, 2.6977176, -0.72134881, -0.23377266],
    [-2.7044769, -1.1204813, -0.32779681, 2.7501931, -0.74204102, -0.24046977],
    [-2.7673088, -1.1042997, -0.31126907, 2.8026686, -0.76273323, -0.24716687],
    [-2.8301406, -1.0881181, -0.29474134, 2.8551441, -0.78342544, -0.25386398],
    [-2.8929725, -1.0719365, -0.27821361, 2.9076196, -0.80411765, -0.26056108],
    [-2.9558043, -1.0557549, -0.26168587, 2.960095, -0.82480986, -0.26725818],
    [-3.0186362, -1.0395733, -0.24515814, 3.0125705, -0.84550207, -0.27395529],
    [-3.081468, -1.0233917, -0.2286304, 3.065046, -0.86619428, -0.28065239],
    [-3.1442999, -1.0072101, -0.21210267, 3.1175215, -0.88688649, -0.2873495],
    [-3.2071317, -0.99102854, -0.19557493, 3.169997, -0.9075787, -0.2940466],
    [-3.2699636, -0.97484694, -0.1790472, 3.2224725, -0.92827091, -0.3007437],
    [-3.3327954, -0.95866534, -0.16251946, 3.274948, -0.94896312, -0.30744081],
    [-3.3956273, -0.94248374, -0.14599173, 3.3274235, -0.96965533, -0.31413791],
    [-3.4584591, -0.92630214, -0.129464, 3.379899, -0.99034754, -0.32083502],
    [-3.521291, -0.91012055, -0.11293626, 3.4323745, -1.0110397, -0.32753212],
    [-3.5841228, -0.89393895, -0.096408526, 3.48485, -1.031732, -0.33422923],
    [-3.6469547, -0.87775735, -0.079880791, 3.5373255, -1.0524242, -0.34092633],
    [-3.7097866, -0.86157575, -0.063353057, 3.589801, -1.0731164, -0.34762343],
    [-3.7726184, -0.84539415, -0.046825322, 3.6422765, -1.0938086, -0.35432054],
    [-3.8354503, -0.82921255, -0.030297588, 3.694752, -1.1145008, -0.36101764],
    [-3.8982821, -0.81303095, -0.013769853, 3.7472275, -1.135193, -0.36771475],
    [-3.961114, -0.79684935, 0.002757881, 3.799703, -1.1558852, -0.37441185],
    [-4.0239458, -0.78066775, 0.019285616, 3.8521785, -1.1765774, -0.38110895],
    [-4.0867777, -0.76448615, 0.03581335, 3.904654, -1.1972696, -0.38780606],
    [-4.1496095, -0.74830455, 0.052341085, 3.9571295, -1.2179618, -0.39450316],
    [-4.2124414, -0.73212296, 0.068868819, 4.009605, -1.2386541, -0.40120027],
    [-4.2752732, -0.71594136, 0.085396554, 4.0620805, -1.2593463, -0.40789737],
    [-4.3381051, -0.69975976, 0.10192429, 4.1145559, -1.2800385, -0.41459448],
    [-4.4009369, -0.68357816, 0.11845202, 4.1670314, -1.3007307, -0.42129158],
    [-4.4637688, -0.66739656, 0.13497976, 4.2195069, -1.3214229, -0.42798868],
    [-4.5266006, -0.65121496, 0.15150749, 4.2719824, -1.3421151, -0.43468579],
    [-4.5894325, -0.63503336, 0.16803523, 4.3244579, -1.3628073, -0.44138289],
    [-4.6522643, -0.61885176, 0.18456296, 4.3769334, -1.3834995, -0.44808],
    [-4.7150962, -0.60267016, 0.2010907, 4.4294089, -1.4041917, -0.4547771],
    [-4.7779281, -0.58648856, 0.21761843, 4.4818844, -1.4248839, -0.46147421],
    [-4.8407599, -0.57030696, 0.23414616, 4.5343599, -1.4455762, -0.46817131],
    [-4.9035918, -0.55412537, 0.2506739, 4.5868354, -1.4662684, -0.47486841],
    [-4.9664236, -0.53794377, 0.26720163, 4.6393109, -1.4869606, -0.48156552],
    [-5.0292091, -0.52177411, 0.28371717, 4.6917477, -1.5076375, -0.48825768],
    [-5.0860781, -0.50712818, 0.29867639, 4.7392431, -1.526366, -0.49431922],
    [-5.132947, -0.49505763, 0.31100513, 4.7783869, -1.5418012, -0.49931487],
    [-5.169816, -0.48556246, 0.32070341, 4.8091788, -1.5539431, -0.50324465],
    [-5.196685, -0.47864268, 0.32777121, 4.8316191, -1.5627918, -0.50610855],
    [-5.213554, -0.47429828, 0.33220854, 4.8457076, -1.5683472, -0.50790658],
    [-5.2204229, -0.47252925, 0.33401541, 4.8514444, -1.5706093, -0.50863873],
    [-5.2205976, -0.47248427, 0.33406135, 4.8515902, -1.5706669, -0.50865734]
  ]
}
