{
  "iteration": 118,
  "label": "pre_pick",
  "planning_time_ms": 295.39438,
  "scene": {
    "block_x": 0.29894932,
    "block_y": 0.38578288,
    "bin_x": 0.12393052,
    "bin_y": 0.26845733
  },
  "joint_names": ["shoulder_pan_joint", "shoulder_lift_joint", "elbow_joint", "wrist_1_joint", "wrist_2_joint", "wrist_3_joint"],
  "start_joints": [-0.45132429, -1.7007743, -0.92001177, 0.86810254, 6.456334e-05, -4.1078468e-05],
  "goal_joints": [0.64516172, 0.063712243, -0.88340625, -0.7506382, 4.711684, -0.92661367],
  "num_waypoints": 52,
  "trajectory": [
    [-0.45132429, -1.7007743, -0.92001177, 0.86810254, 6.456334e-05, -4.1078468e-05],
    [-0.45016069, -1.6989018, -0.91997293, 0.86638472, 0.0050645633, -0.0010243631],
    [-0.44666989, -1.6932843, -0.91985639, 0.86123126, 0.020064563, -0.0039742169],
    [-0.44085191, -1.6839219, -0.91966216, 0.85264218, 0.045064563, -0.00889064],
    [-0.43270672, -1.6708145, -0.91939024, 0.84061745, 0.080064563, -0.015773632],
    [-0.42223434, -1.6539622, -0.91904062, 0.82515709, 0.12506456, -0.024623194],
    [-0.40943477, -1.6333648, -0.91861332, 0.8062611, 0.18006456, -0.035439325],
    [-0.39430799, -1.6090225, -0.91810832, 0.78392946, 0.24506456, -0.048222025],
    [-0.37685403, -1.5809353, -0.91752563, 0.7581622, 0.32006455, -0.062971292],
    [-0.35707287, -1.5491031, -0.91686525, 0.7289593, 0.40506454, -0.079687127],
    [-0.33496452, -1.5135259, -0.91612717, 0.69632077, 0.50006452, -0.098369532],
    [-0.31052897, -1.4742037, -0.91531141, 0.66024661, 0.6050645, -0.1190185],
    [-0.28376622, -1.4311366, -0.91441795, 0.62073681, 0.72006447, -0.14163405],
    [-0.2548951, -1.3846766, -0.9134541, 0.57811441, 0.84412418, -0.16603125],
    [-0.2256507, -1.337616, -0.9124778, 0.53494094, 0.96978789, -0.19074388],
    [-0.1964063, -1.2905553, -0.91150149, 0.49176747, 1.0954516, -0.21545652],
    [-0.1671619, -1.2434946, -0.91052518, 0.448594, 1.2211153, -0.24016916],
    [-0.13791749, -1.196434, -0.90954888, 0.40542053, 1.346779, -0.2648818],
    [-0.10867309, -1.1493733, -0.90857257, 0.36224706, 1.4724427, -0.28959444],
    [-0.079428688, -1.1023127, -0.90759626, 0.31907359, 1.5981064, -0.31430707],
    [-0.050184285, -1.055252, -0.90661996, 0.27590012, 1.7237701, -0.33901971],
    [-0.020939883, -1.0081914, -0.90564365, 0.23272665, 1.8494338, -0.36373235],
    [0.0083045196, -0.9611307, -0.90466734, 0.18955318, 1.9750975, -0.38844499],
    [0.037548922, -0.91407004, -0.90369103, 0.14637971, 2.1007612, -0.41315763],
    [0.066793324, -0.86700938, -0.90271473, 0.10320624, 2.226425, -0.43787026],
    [0.096037727, -0.81994872, -0.90173842, 0.060032774, 2.3520887, -0.4625829],
    [0.12528213, -0.77288806, -0.90076211, 0.016859304, 2.4777524, -0.48729554],
    [0.15452653, -0.72582741, -0.89978581, -0.026314166, 2.6034161, -0.51200818],
    [0.18377093, -0.67876675, -0.8988095, -0.069487636, 2.7290798, -0.53672082],
    [0.21301534, -0.63170609, -0.89783319, -0.11266111, 2.8547435, -0.56143345],
    [0.24225974, -0.58464543, -0.89685689, -0.15583458, 2.9804072, -0.58614609],
    [0.27150414, -0.53758477, -0.89588058, -0.19900804, 3.1060709, -0.61085873],
    [0.30074854, -0.49052411, -0.89490427, -0.24218151, 3.2317346, -0.63557137],
    [0.32999295, -0.44346345, -0.89392797, -0.28535498, 3.3573983, -0.660284],
    [0.35923735, -0.3964028, -0.89295166, -0.32852845, 3.483062, -0.68499664],
    [0.38848175, -0.34934214, -0.89197535, -0.37170192, 3.6087257, -0.70970928],
    [0.41772615, -0.30228148, -0.89099905, -0.41487539, 3.7343894, -0.73442192],
    [0.44697056, -0.25522082, -0.89002274, -0.45804886, 3.8600531, -0.75913456],
    [0.47591689, -0.20863982, -0.88905638, -0.5007823, 3.984436, -0.78359532],
    [0.50281985, -0.16534705, -0.88815824, -0.5404991, 4.1000385, -0.80632935],
    [0.52739562, -0.12579926, -0.8873378, -0.57678027, 4.205641, -0.82709681],
    [0.54964418, -0.08999643, -0.88659504, -0.6096258, 4.3012435, -0.8458977],
    [0.56956556, -0.057938571, -0.88592998, -0.63903569, 4.386846, -0.86273202],
    [0.58715974, -0.02962568, -0.88534261, -0.66500995, 4.4624485, -0.87759977],
    [0.60242672, -0.0050577578, -0.88483293, -0.68754857, 4.528051, -0.89050095],
    [0.6153665, 0.015765197, -0.88440094, -0.70665156, 4.5836534, -0.90143557],
    [0.62597909, 0.032843183, -0.88404665, -0.72231891, 4.6292559, -0.91040361],
    [0.63426449, 0.046176201, -0.88377004, -0.73455063, 4.6648584, -0.91740509],
    [0.64022269, 0.055764251, -0.88357113, -0.74334671, 4.6904609, -0.92243999],
    [0.64385369, 0.061607332, -0.88344991, -0.74870716, 4.7060634, -0.92550833],
    [0.6451575, 0.063705446, -0.88340639, -0.75063197, 4.7116659, -0.9266101],
    [0.64516172, 0.063712243, -0.88340625, -0.7506382, 4.711684, -0.92661367]
  ]
}
