{
  "iteration": 796,
  "label": "pre_pick",
  "planning_time_ms": 228.00684,
  "scene": {
    "block_x": 0.35247921,
    "block_y": 0.39468858,
    "bin_x": 0.1428117,
    "bin_y": 0.30359625
  },
  "joint_names": ["shoulder_pan_joint", "shoulder_lift_joint", "elbow_joint", "wrist_1_joint", "wrist_2_joint", "wrist_3_joint"],
  "start_joints": [-0.45134412, -1.7008916, -0.91986275, 0.86778453, -4.5656182e-05, -3.2881975e-05],
  "goal_joints": [4.23297, -2.9428967, 0.248842, -2.018994, -4.7121192, -0.4800531],
  "num_waypoints": 82,
  "trajectory": [
    [-0.45134412, -1.7008916, -0.91986275, 0.86778453, -4.5656182e-05, -3.2881975e-05],
    [-0.44637358, -1.7022095, -0.91862263, 0.86472136, -0.0050456562, -0.00054223335],
    [-0.43146194, -1.7061632, -0.91490228, 0.85553185, -0.020045656, -0.0020702875],
    [-0.40660922, -1.7127526, -0.90870169, 0.84021598, -0.045045656, -0.0046170443],
    [-0.37181541, -1.7219779, -0.90002087, 0.81877378, -0.080045656, -0.0081825039],
    [-0.32708051, -1.733839, -0.88885981, 0.79120523, -0.12504566, -0.012766666],
    [-0.27240452, -1.7483358, -0.87521852, 0.75751033, -0.18004566, -0.018369531],
    [-0.21008302, -1.7648598, -0.85966973, 0.71910378, -0.24273648, -0.024755862],
    [-0.14725117, -1.7815192, -0.84399361, 0.68038271, -0.30594067, -0.031194491],
    [-0.084419313, -1.7981785, -0.82831748, 0.64166164, -0.36914487, -0.03763312],
    [-0.02158746, -1.8148378, -0.81264136, 0.60294057, -0.43234907, -0.044071749],
    [0.041244393, -1.8314971, -0.79696524, 0.5642195, -0.49555326, -0.050510378],
    [0.10407625, -1.8481564, -0.78128912, 0.52549844, -0.55875746, -0.056949007],
    [0.1669081, -1.8648158, -0.76561299, 0.48677737, -0.62196166, -0.063387635],
    [0.22973995, -1.8814751, -0.74993687, 0.4480563, -0.68516585, -0.069826264],
    [0.29257181, -1.8981344, -0.73426075, 0.40933523, -0.74837005, -0.076264893],
    [0.35540366, -1.9147937, -0.71858462, 0.37061416, -0.81157424, -0.082703522],
    [0.41823551, -1.931453, -0.7029085, 0.3318931, -0.87477844, -0.089142151],
    [0.48106736, -1.9481124, -0.68723238, 0.29317203, -0.93798264, -0.095580779],
    [0.54389922, -1.9647717, -0.67155625, 0.25445096, -1.0011868, -0.10201941],
    [0.60673107, -1.981431, -0.65588013, 0.21572989, -1.064391, -0.10845804],
    [0.66956292, -1.9980903, -0.64020401, 0.17700882, -1.1275952, -0.11489667],
    [0.73239478, -2.0147496, -0.62452788, 0.13828776, -1.1907994, -0.12133529],
    [0.79522663, -2.031409, -0.60885176, 0.099566687, -1.2540036, -0.12777392],
    [0.85805848, -2.0480683, -0.59317564, 0.060845619, -1.3172078, -0.13421255],
    [0.92089034, -2.0647276, -0.57749952, 0.022124551, -1.380412, -0.14065118],
    [0.98372219, -2.0813869, -0.56182339, -0.016596517, -1.4436162, -0.14708981],
    [1.046554, -2.0980462, -0.54614727, -0.055317585, -1.5068204, -0.15352844],
    [1.1093859, -2.1147055, -0.53047115, -0.094038653, -1.5700246, -0.15996707],
    [1.1722177, -2.1313649, -0.51479502, -0.13275972, -1.6332288, -0.1664057],
    [1.2350496, -2.1480242, -0.4991189, -0.17148079, -1.696433, -0.17284433],
    [1.2978815, -2.1646835, -0.48344278, -0.21020186, -1.7596372, -0.17928295],
    [1.3607133, -2.1813428, -0.46776665, -0.24892293, -1.8228414, -0.18572158],
    [1.4235452, -2.1980021, -0.45209053, -0.28764399, -1.8860456, -0.19216021],
    [1.486377, -2.2146615, -0.43641441, -0.32636506, -1.9492498, -0.19859884],
    [1.5492089, -2.2313208, -0.42073828, -0.36508613, -2.012454, -0.20503747],
    [1.6120407, -2.2479801, -0.40506216, -0.4038072, -2.0756582, -0.2114761],
    [1.6748726, -2.2646394, -0.38938604, -0.44252827, -2.1388624, -0.21791473],
    [1.7377044, -2.2812987, -0.37370992, -0.48124933, -2.2020666, -0.22435336],
    [1.8005363, -2.2979581, -0.35803379, -0.5199704, -2.2652708, -0.23079198],
    [1.8633681, -2.3146174, -0.34235767, -0.55869147, -2.328475, -0.23723061],
    [1.9262, -2.3312767, -0.32668155, -0.59741254, -2.3916792, -0.24366924],
    [1.9890318, -2.347936, -0.31100542, -0.63613361, -2.4548833, -0.25010787],
    [2.0518637, -2.3645953, -0.2953293, -0.67485467, -2.5180875, -0.2565465],
    [2.1146955, -2.3812546, -0.27965318, -0.71357574, -2.5812917, -0.26298513],
    [2.1775274, -2.397914, -0.26397705, -0.75229681, -2.6444959, -0.26942376],
    [2.2403593, -2.4145733, -0.24830093, -0.79101788, -2.7077001, -0.27586239],
    [2.3031911, -2.4312326, -0.23262481, -0.82973895, -2.7709043, -0.28230101],
    [2.366023, -2.4478919, -0.21694869, -0.86846001, -2.8341085, -0.28873964],
    [2.4288548, -2.4645512, -0.20127256, -0.90718108, -2.8973127, -0.29517827],
    [2.4916867, -2.4812106, -0.18559644, -0.94590215, -2.9605169, -0.3016169],
    [2.5545185, -2.4978699, -0.16992032, -0.98462322, -3.0237211, -0.30805553],
    [2.6173504, -2.5145292, -0.15424419, -1.0233443, -3.0869253, -0.31449416],
    [2.6801822, -2.5311885, -0.13856807, -1.0620654, -3.1501295, -0.32093279],
    [2.7430141, -2.5478478, -0.12289195, -1.1007864, -3.2133337, -0.32737142],
    [2.8058459, -2.5645072, -0.10721582, -1.1395075, -3.2765379, -0.33381005],
    [2.8686778, -2.5811665, -0.0915397, -1.1782286, -3.3397421, -0.34024867],
    [2.9315096, -2.5978258, -0.075863577, -1.2169496, -3.4029463, -0.3466873],
    [2.9943415, -2.6144851, -0.060187454, -1.2556707, -3.4661505, -0.35312593],
    [3.0571733, -2.6311444, -0.044511331, -1.2943918, -3.5293547, -0.35956456],
    [3.1200052, -2.6478038, -0.028835208, -1.3331128, -3.5925589, -0.36600319],
    [3.182837, -2.6644631, -0.013159085, -1.3718339, -3.6557631, -0.37244182],
    [3.2456689, -2.6811224, 0.0025170379, -1.410555, -3.7189673, -0.37888045],
    [3.3085008, -2.6977817, 0.018193161, -1.449276, -3.7821715, -0.38531908],
    [3.3713326, -2.714441, 0.033869284, -1.4879971, -3.8453757, -0.3917577],
    [3.4341645, -2.7311003, 0.049545407, -1.5267182, -3.9085799, -0.39819633],
    [3.4969963, -2.7477597, 0.06522153, -1.5654392, -3.9717841, -0.40463496],
    [3.5598282, -2.764419, 0.080897653, -1.6041603, -4.0349883, -0.41107359],
    [3.62266, -2.7810783, 0.096573776, -1.6428814, -4.0981925, -0.41751222],
    [3.6854919, -2.7977376, 0.1122499, -1.6816024, -4.1613966, -0.42395085],
    [3.7483237, -2.8143969, 0.12792602, -1.7203235, -4.2246008, -0.43038948],
    [3.8111556, -2.8310563, 0.14360215, -1.7590446, -4.287805, -0.43682811],
    [3.8739874, -2.8477156, 0.15927827, -1.7977656, -4.3510092, -0.44326674],
    [3.9368193, -2.8643749, 0.17495439, -1.8364867, -4.4142134, -0.44970536],
    [3.9996511, -2.8810342, 0.19063051, -1.8752078, -4.4774176, -0.45614399],
    [4.0614906, -2.8974304, 0.20605905, -1.9133173, -4.5396236, -0.46248093],
    [4.11491, -2.9115941, 0.21938682, -1.9462378, -4.5933595, -0.46795502],
    [4.1583883, -2.923122, 0.23023436, -1.9730319, -4.6370955, -0.47241042],
    [4.1919255, -2.9320141, 0.23860167, -1.9936997, -4.6708314, -0.47584711],
    [4.2155216, -2.9382704, 0.24448874, -2.0082412, -4.6945674, -0.4782651],
    [4.2291767, -2.9418909, 0.24789558, -2.0166563, -4.7083033, -0.47966438],
    [4.23297, -2.9428967, 0.248842, -2.018994, -4.7121192, -0.4800531]
  ]
}
