{
  "iteration": 729,
  "label": "pre_pick",
  "planning_time_ms": 55.18223,
  "scene": {
    "block_x": 0.18262347,
    "block_y": 0.48900012,
    "bin_x": 0.29932707,
    "bin_y": 0.25472077
  },
  "joint_names": ["shoulder_pan_joint", "shoulder_lift_joint", "elbow_joint", "wrist_1_joint", "wrist_2_joint", "wrist_3_joint"],
  "start_joints": [-0.4513456, -1.7009009, -0.91985536, 0.86777815, 9.813618e-05, -8.5213849e-05],
  "goal_joints": [-1.6739238, -2.632219, -0.40906021, 4.6129682, -4.7130146, -0.10215399],
  "num_waypoints": 52,
  "trajectory": [
    [-0.4513456, -1.7009009, -0.91985536, 0.86777815, 9.813618e-05, -8.5213849e-05],
    [-0.45264259, -1.7018889, -0.91931347, 0.87175131, -0.0049018638, -0.00019349555],
    [-0.45653358, -1.7048529, -0.91768781, 0.88367079, -0.019901864, -0.00051834066],
    [-0.46301856, -1.7097929, -0.91497838, 0.90353659, -0.044901864, -0.0010597492],
    [-0.47209754, -1.716709, -0.91118517, 0.9313487, -0.079901864, -0.0018177211],
    [-0.48377051, -1.7256011, -0.90630818, 0.96710714, -0.12490186, -0.0027922564],
    [-0.49803747, -1.7364691, -0.90034742, 1.0108119, -0.17990186, -0.0039833552],
    [-0.51489843, -1.7493132, -0.89330289, 1.062463, -0.24490186, -0.0053910173],
    [-0.53435337, -1.7641334, -0.88517458, 1.1220604, -0.31990185, -0.0070152426],
    [-0.55640231, -1.7809295, -0.8759625, 1.1896041, -0.40490184, -0.0088560312],
    [-0.58104524, -1.7997016, -0.86566664, 1.2650941, -0.49990182, -0.010913383],
    [-0.60828217, -1.8204498, -0.85428701, 1.3485304, -0.6049018, -0.013187299],
    [-0.63811308, -1.8431739, -0.84182361, 1.4399131, -0.71990177, -0.015677777],
    [-0.67029409, -1.8676883, -0.82837833, 1.5384949, -0.8439615, -0.018364457],
    [-0.70289117, -1.8925197, -0.81475922, 1.6383513, -0.96962521, -0.021085873],
    [-0.73548825, -1.917351, -0.8011401, 1.7382077, -1.0952889, -0.023807289],
    [-0.76808533, -1.9421823, -0.78752099, 1.8380641, -1.2209526, -0.026528705],
    [-0.80068241, -1.9670137, -0.77390188, 1.9379205, -1.3466163, -0.029250121],
    [-0.83327949, -1.991845, -0.76028277, 2.0377769, -1.47228, -0.031971537],
    [-0.86587657, -2.0166763, -0.74666365, 2.1376333, -1.5979437, -0.034692953],
    [-0.89847365, -2.0415077, -0.73304454, 2.2374897, -1.7236074, -0.037414369],
    [-0.93107072, -2.066339, -0.71942543, 2.3373461, -1.8492711, -0.040135785],
    [-0.9636678, -2.0911704, -0.70580632, 2.4372025, -1.9749349, -0.042857201],
    [-0.99626488, -2.1160017, -0.69218721, 2.5370589, -2.1005986, -0.045578617],
    [-1.028862, -2.140833, -0.67856809, 2.6369153, -2.2262623, -0.048300033],
    [-1.061459, -2.1656644, -0.66494898, 2.7367717, -2.351926, -0.051021449],
    [-1.0940561, -2.1904957, -0.65132987, 2.8366281, -2.4775897, -0.053742865],
    [-1.1266532, -2.215327, -0.63771076, 2.9364845, -2.6032534, -0.056464281],
    [-1.1592503, -2.2401584, -0.62409164, 3.0363409, -2.7289171, -0.059185697],
    [-1.1918474, -2.2649897, -0.61047253, 3.1361973, -2.8545808, -0.061907113],
    [-1.2244444, -2.289821, -0.59685342, 3.2360537, -2.9802445, -0.064628529],
    [-1.2570415, -2.3146524, -0.58323431, 3.3359101, -3.1059082, -0.067349945],
    [-1.2896386, -2.3394837, -0.56961519, 3.4357665, -3.2315719, -0.070071361],
    [-1.3222357, -2.364315, -0.55599608, 3.5356229, -3.3572356, -0.072792777],
    [-1.3548328, -2.3891464, -0.54237697, 3.6354793, -3.4828993, -0.075514193],
    [-1.3874298, -2.4139777, -0.52875786, 3.7353357, -3.608563, -0.078235609],
    [-1.4200269, -2.4388091, -0.51513874, 3.8351921, -3.7342267, -0.080957025],
    [-1.452624, -2.4636404, -0.50151963, 3.9350485, -3.8598904, -0.083678441],
    [-1.4849043, -2.4882304, -0.48803289, 4.0339343, -3.9843328, -0.086373407],
    [-1.5149223, -2.5110971, -0.47549131, 4.1258902, -4.1000541, -0.088879508],
    [-1.5423463, -2.5319878, -0.4640335, 4.2098997, -4.2057754, -0.091169044],
    [-1.5671764, -2.5509025, -0.45365947, 4.2859629, -4.3014967, -0.093242018],
    [-1.5894124, -2.5678411, -0.44436921, 4.3540798, -4.3872181, -0.095098428],
    [-1.6090545, -2.5828038, -0.43616272, 4.4142504, -4.4629394, -0.096738275],
    [-1.6261025, -2.5957904, -0.42904002, 4.4664747, -4.5286607, -0.098161558],
    [-1.6405566, -2.606801, -0.42300108, 4.5107526, -4.584382, -0.099368278],
    [-1.6524167, -2.6158356, -0.41804592, 4.5470842, -4.6301033, -0.10035843],
    [-1.6616828, -2.6228942, -0.41417454, 4.5754695, -4.6658247, -0.10113203],
    [-1.6683549, -2.6279768, -0.41138692, 4.5959085, -4.691546, -0.10168906],
    [-1.672433, -2.6310833, -0.40968309, 4.6084012, -4.7072673, -0.10202952],
    [-1.6739171, -2.6322139, -0.40906303, 4.6129475, -4.7129886, -0.10215343],
    [-1.6739238, -2.632219, -0.40906021, 4.6129682, -4.7130146, -0.10215399]
  ]
}
