{
  "iteration": 347,
  "label": "pre_pick",
  "planning_time_ms": 57.222531,
  "scene": {
    "block_x": 0.21953211,
    "block_y": 0.41696916,
    "bin_x": 0.30438869,
    "bin_y": 0.30386045
  },
  "joint_names": ["shoulder_pan_joint", "shoulder_lift_joint", "elbow_joint", "wrist_1_joint", "wrist_2_joint", "wrist_3_joint"],
  "start_joints": [-0.45140032, -1.7008428, -0.92004983, 0.86810779, -4.5645217e-05, -8.426408e-05],
  "goal_joints": [-1.7716414, -2.2940457, -1.0476505, 4.9134504, 1.5701274, -0.20122167],
  "num_waypoints": 46,
  "trajectory": [
    [-0.45140032, -1.7008428, -0.92004983, 0.86810779, -4.5645217e-05, -8.426408e-05],
    [-0.45303212, -1.701576, -0.92020754, 0.87310779, 0.0018950717, -0.00033286775],
    [-0.45792754, -1.7037756, -0.92068068, 0.88810779, 0.0077172226, -0.0010786788],
    [-0.46608655, -1.7074415, -0.92146924, 0.91310779, 0.017420807, -0.0023216971],
    [-0.47750918, -1.7125739, -0.92257323, 0.94810779, 0.031005826, -0.0040619228],
    [-0.49219541, -1.7191726, -0.92399265, 0.99310779, 0.048472279, -0.0062993558],
    [-0.51014526, -1.7272377, -0.9257275, 1.0481078, 0.069820165, -0.0090339962],
    [-0.5313587, -1.7367692, -0.92777777, 1.1131078, 0.095049485, -0.012265844],
    [-0.55583576, -1.7477671, -0.93014346, 1.1881078, 0.12416024, -0.015994899],
    [-0.58357642, -1.7602314, -0.93282459, 1.2731078, 0.15715243, -0.020221161],
    [-0.61458069, -1.774162, -0.93582113, 1.3681078, 0.19402605, -0.02494463],
    [-0.64884857, -1.7895591, -0.93913311, 1.4731078, 0.2347811, -0.030165307],
    [-0.68638005, -1.8064225, -0.94276051, 1.5881078, 0.27941758, -0.035883191],
    [-0.7268683, -1.8246144, -0.94667368, 1.7121676, 0.32757058, -0.042051535],
    [-0.76788001, -1.8430416, -0.95063744, 1.8378313, 0.37634611, -0.048299627],
    [-0.80889171, -1.8614687, -0.9546012, 1.963495, 0.42512165, -0.054547719],
    [-0.84990341, -1.8798959, -0.95856497, 2.0891587, 0.47389719, -0.06079581],
    [-0.89091511, -1.898323, -0.96252873, 2.2148224, 0.52267272, -0.067043902],
    [-0.93192681, -1.9167501, -0.96649249, 2.3404861, 0.57144826, -0.073291994],
    [-0.97293851, -1.9351773, -0.97045625, 2.4661498, 0.6202238, -0.079540085],
    [-1.0139502, -1.9536044, -0.97442002, 2.5918135, 0.66899933, -0.085788177],
    [-1.0549619, -1.9720315, -0.97838378, 2.7174772, 0.71777487, -0.092036269],
    [-1.0959736, -1.9904587, -0.98234754, 2.8431409, 0.76655041, -0.09828436],
    [-1.1369853, -2.0088858, -0.9863113, 2.9688046, 0.81532595, -0.10453245],
    [-1.177997, -2.0273129, -0.99027507, 3.0944683, 0.86410148, -0.11078054],
    [-1.2190087, -2.0457401, -0.99423883, 3.220132, 0.91287702, -0.11702864],
    [-1.2600204, -2.0641672, -0.99820259, 3.3457957, 0.96165256, -0.12327673],
    [-1.3010321, -2.0825943, -1.0021664, 3.4714594, 1.0104281, -0.12952482],
    [-1.3420438, -2.1010215, -1.0061301, 3.5971232, 1.0592036, -0.13577291],
    [-1.3830555, -2.1194486, -1.0100939, 3.7227869, 1.1079792, -0.142021],
    [-1.4240672, -2.1378757, -1.0140576, 3.8484506, 1.1567547, -0.14826909],
    [-1.4650789, -2.1563029, -1.0180214, 3.9741143, 1.2055302, -0.15451719],
    [-1.5060906, -2.17473, -1.0219852, 4.099778, 1.2543058, -0.16076528],
    [-1.5460365, -2.1926783, -1.0258459, 4.2221759, 1.3018137, -0.16685099],
    [-1.5827788, -2.2091871, -1.029397, 4.3347577, 1.3455116, -0.17244864],
    [-1.6162575, -2.2242295, -1.0326327, 4.4373396, 1.3853281, -0.17754909],
    [-1.6464726, -2.2378056, -1.035553, 4.5299214, 1.4212631, -0.18215232],
    [-1.673424, -2.2499153, -1.0381579, 4.6125033, 1.4533167, -0.18625835],
    [-1.6971119, -2.2605586, -1.0404473, 4.6850851, 1.4814889, -0.18986718],
    [-1.7175362, -2.2697355, -1.0424213, 4.747667, 1.5057796, -0.19297879],
    [-1.7346968, -2.277446, -1.0440798, 4.8002488, 1.5261889, -0.1955932],
    [-1.7485939, -2.2836901, -1.045423, 4.8428306, 1.5427168, -0.1977104],
    [-1.7592273, -2.2884679, -1.0464507, 4.8754125, 1.5553632, -0.19933039],
    [-1.7665971, -2.2917793, -1.047163, 4.8979943, 1.5641282, -0.20045318],
    [-1.7707034, -2.2936242, -1.0475599, 4.9105762, 1.5690117, -0.20107876],
    [-1.7716414, -2.2940457, -1.0476505, 4.9134504, 1.5701274, -0.20122167]
  ]
}
