{
  "iteration": 375,
  "label": "pre_pick",
  "planning_time_ms": 5017.5836,
  "scene": {
    "block_x": 0.15772241,
    "block_y": 0.39703139,
    "bin_x": 0.25507685,
    "bin_y": 0.3264439
  },
  "joint_names": ["shoulder_pan_joint", "shoulder_lift_joint", "elbow_joint", "wrist_1_joint", "wrist_2_joint", "wrist_3_joint"],
  "start_joints": [-0.45138529, -1.7008885, -0.92043154, 0.8685868, -8.7427287e-05, -0.00028212059],
  "goal_joints": [-5.3947596, -1.0398883, 1.3735004, 4.3791882, 4.7127763, -0.68242986],
  "num_waypoints": 110,
  "trajectory": [
    [-0.45138529, -1.7008885, -0.92043154, 0.8685868, -8.7427287e-05, -0.00028212059],
    [-0.45592161, -1.7020136, -0.9186857, 0.8735868, -0.00099697232, -0.00047604914],
    [-0.46953057, -1.7053889, -0.91344816, 0.8885868, -0.0037256074, -0.0010578348],
    [-0.49221217, -1.7110145, -0.90471894, 0.9135868, -0.0082733326, -0.0020274776],
    [-0.5239664, -1.7188903, -0.89249803, 0.9485868, -0.014640148, -0.0033849774],
    [-0.56479328, -1.7290163, -0.87678542, 0.9935868, -0.022826053, -0.0051303344],
    [-0.61469279, -1.7413926, -0.85758113, 1.0485868, -0.032831048, -0.0072635485],
    [-0.67363959, -1.7560128, -0.83489491, 1.1135589, -0.044650052, -0.0097835362],
    [-0.73647145, -1.7715965, -0.81071348, 1.1828131, -0.057248019, -0.01246961],
    [-0.7993033, -1.7871803, -0.78653206, 1.2520673, -0.069845986, -0.015155685],
    [-0.86213515, -1.8027641, -0.76235064, 1.3213215, -0.082443953, -0.017841759],
    [-0.924967, -1.8183479, -0.73816922, 1.3905758, -0.09504192, -0.020527833],
    [-0.98779886, -1.8339317, -0.71398779, 1.45983, -0.10763989, -0.023213908],
    [-1.0506307, -1.8495154, -0.68980637, 1.5290842, -0.12023785, -0.025899982],
    [-1.1134626, -1.8650992, -0.66562495, 1.5983384, -0.13283582, -0.028586056],
    [-1.1762944, -1.880683, -0.64144352, 1.6675927, -0.14543379, -0.03127213],
    [-1.2391263, -1.8962668, -0.6172621, 1.7368469, -0.15803176, -0.033958205],
    [-1.3019581, -1.9118505, -0.59308068, 1.8061011, -0.17062972, -0.036644279],
    [-1.36479, -1.9274343, -0.56889926, 1.8753553, -0.18322769, -0.039330353],
    [-1.4276218, -1.9430181, -0.54471783, 1.9446095, -0.19582566, -0.042016427],
    [-1.4904537, -1.9586019, -0.52053641, 2.0138638, -0.20842362, -0.044702502],
    [-1.5532855, -1.9741856, -0.49635499, 2.083118, -0.22102159, -0.047388576],
    [-1.6161174, -1.9897694, -0.47217356, 2.1523722, -0.23361956, -0.05007465],
    [-1.6789492, -2.0053532, -0.44799214, 2.2216264, -0.24621752, -0.052760725],
    [-1.7417811, -2.020937, -0.42381072, 2.2908807, -0.25881549, -0.055446799],
    [-1.8046129, -2.0365207, -0.3996293, 2.3601349, -0.27141346, -0.058132873],
    [-1.8674448, -2.0521045, -0.37544787, 2.4293891, -0.28401143, -0.060818947],
    [-1.9302767, -2.0676883, -0.35126645, 2.4986433, -0.29660939, -0.063505022],
    [-1.9931085, -2.0832721, -0.32708503, 2.5678976, -0.30920736, -0.066191096],
    [-2.0559404, -2.0988559, -0.3029036, 2.6371518, -0.32180533, -0.06887717],
    [-2.1187722, -2.1144396, -0.27872218, 2.706406, -0.33440329, -0.071563244],
    [-2.1816041, -2.1300234, -0.25454076, 2.7756602, -0.34700126, -0.074249319],
    [-2.2444359, -2.1456072, -0.23035934, 2.8449145, -0.35959923, -0.076935393],
    [-2.3072678, -2.161191, -0.20617791, 2.9141687, -0.3721972, -0.079621467],
    [-2.3700996, -2.1767747, -0.18199649, 2.9834229, -0.38479516, -0.082307542],
    [-2.4329315, -2.1923585, -0.15781507, 3.0526771, -0.39739313, -0.084993616],
    [-2.4957633, -2.2079423, -0.13363364, 3.1219314, -0.4099911, -0.08767969],
    [-2.5585952, -2.2235261, -0.10945222, 3.1911856, -0.42258906, -0.090365764],
    [-2.621427, -2.2391098, -0.085270799, 3.2604398, -0.43518703, -0.093051839],
    [-2.6842589, -2.2546936, -0.061089376, 3.329694, -0.447785, -0.095737913],
    [-2.7470907, -2.2702774, -0.036907953, 3.3989482, -0.46038296, -0.098423987],
    [-2.8099226, -2.2858612, -0.01272653, 3.4682025, -0.47298093, -0.10111006],
    [-2.8727544, -2.301445, 0.011454892, 3.5374567, -0.4855789, -0.10379614],
    [-2.9355863, -2.3170287, 0.035636315, 3.6067109, -0.49817687, -0.10648221],
    [-2.9984182, -2.3326125, 0.059817738, 3.6759651, -0.51077483, -0.10916828],
    [-3.06125, -2.3481963, 0.083999161, 3.7452194, -0.5233728, -0.11185436],
    [-3.1240819, -2.3637801, 0.10818058, 3.8144736, -0.53597077, -0.11454043],
    [-3.1869137, -2.3793638, 0.13236201, 3.8837278, -0.54856873, -0.11722651],
    [-3.2497456, -2.3949476, 0.15654343, 3.952982, -0.5611667, -0.11991258],
    [-3.3124421, -2.4104978, 0.18067279, 4.0220871, -0.57373754, -0.12259287],
    [-3.3691709, -2.4245679, 0.20250537, 4.0846144, -0.58511182, -0.12501804],
    [-3.416827, -2.4363877, 0.22084626, 4.1371417, -0.594667, -0.12705534],
    [-3.4554104, -2.4459573, 0.23569546, 4.179669, -0.6024031, -0.1287048],
    [-3.4856394, -2.45324, 0.24737394, 4.2127672, -0.60781467, -0.1300507],
    [-3.51538, -2.4576947, 0.2594259, 4.2425471, -0.60494649, -0.13205105],
    [-3.5457386, -2.4589536, 0.27241043, 4.2695686, -0.59207894, -0.13491342],
    [-3.5752906, -2.4567581, 0.28575951, 4.2923589, -0.56921305, -0.13855323],
    [-3.6023863, -2.4508092, 0.29881547, 4.3092125, -0.5363506, -0.14287251],
    [-3.6244612, -2.4410079, 0.31047995, 4.3178547, -0.49460095, -0.14762763],
    [-3.6411778, -2.4282523, 0.32041936, 4.3189216, -0.44686413, -0.15255918],
    [-3.660703, -2.4127937, 0.33214481, 4.3195927, -0.38941452, -0.15845899],
    [-3.6836267, -2.3946442, 0.34591126, 4.3203805, -0.32196491, -0.16538574],
    [-3.7099492, -2.373804, 0.3617187, 4.3212851, -0.2445153, -0.17333945],
    [-3.7396702, -2.3502729, 0.37956713, 4.3223066, -0.1570657, -0.18232011],
    [-3.7727899, -2.324051, 0.39945657, 4.3234448, -0.059616092, -0.19232772],
    [-3.8093083, -2.2951383, 0.421387, 4.3246999, 0.047833508, -0.20336229],
    [-3.8492253, -2.2635348, 0.44535842, 4.3260717, 0.1652831, -0.21542381],
    [-3.8917585, -2.22986, 0.4709009, 4.3275335, 0.29043017, -0.22827582],
    [-3.9344672, -2.1960462, 0.49654883, 4.3290013, 0.41609388, -0.24118089],
    [-3.9771759, -2.1622325, 0.52219675, 4.3304691, 0.54175759, -0.25408596],
    [-4.0198846, -2.1284187, 0.54784467, 4.3319369, 0.66742129, -0.26699103],
    [-4.0625933, -2.0946049, 0.5734926, 4.3334047, 0.793085, -0.2798961],
    [-4.105302, -2.0607911, 0.59914052, 4.3348725, 0.9187487, -0.29280116],
    [-4.1480107, -2.0269773, 0.62478845, 4.3363403, 1.0444124, -0.30570623],
    [-4.1907194, -1.9931635, 0.65043637, 4.3378081, 1.1700761, -0.3186113],
    [-4.2334281, -1.9593498, 0.67608429, 4.3392759, 1.2957398, -0.33151637],
    [-4.2761368, -1.925536, 0.70173222, 4.3407437, 1.4214035, -0.34442144],
    [-4.3188456, -1.8917222, 0.72738014, 4.3422115, 1.5470672, -0.35732651],
    [-4.3615543, -1.8579084, 0.75302807, 4.3436793, 1.6727309, -0.37023157],
    [-4.404263, -1.8240946, 0.77867599, 4.3451471, 1.7983946, -0.38313664],
    [-4.4469717, -1.7902808, 0.80432391, 4.3466149, 1.9240584, -0.39604171],
    [-4.4896804, -1.7564671, 0.82997184, 4.3480827, 2.0497221, -0.40894678],
    [-4.5323891, -1.7226533, 0.85561976, 4.3495505, 2.1753858, -0.42185185],
    [-4.5750978, -1.6888395, 0.88126769, 4.3510183, 2.3010495, -0.43475692],
    [-4.6178065, -1.6550257, 0.90691561, 4.3524861, 2.4267132, -0.44766199],
    [-4.6605152, -1.6212119, 0.93256353, 4.3539539, 2.5523769, -0.46056705],
    [-4.7032239, -1.5873981, 0.95821146, 4.3554217, 2.6780406, -0.47347212],
    [-4.7459327, -1.5535844, 0.98385938, 4.3568895, 2.8037043, -0.48637719],
    [-4.7886414, -1.5197706, 1.0095073, 4.3583573, 2.929368, -0.49928226],
    [-4.8313501, -1.4859568, 1.0351552, 4.3598251, 3.0550317, -0.51218733],
    [-4.8740588, -1.452143, 1.0608032, 4.3612929, 3.1806954, -0.5250924],
    [-4.9167675, -1.4183292, 1.0864511, 4.3627607, 3.3063591, -0.53799746],
    [-4.9594762, -1.3845154, 1.112099, 4.3642285, 3.4320228, -0.55090253],
    [-5.0021849, -1.3507017, 1.1377469, 4.3656963, 3.5576865, -0.5638076],
