{
  "iteration": 7,
  "label": "pre_pick",
  "planning_time_ms": 61.523469,
  "scene": {
    "block_x": 0.24120722,
    "block_y": 0.40386803,
    "bin_x": 0.43511674,
    "bin_y": 0.31477719
  },
  "joint_names": ["shoulder_pan_joint", "shoulder_lift_joint", "elbow_joint", "wrist_1_joint", "wrist_2_joint", "wrist_3_joint"],
  "start_joints": [-0.4513952, -1.7008294, -0.91996023, 0.86784375, 5.6482552e-05, 2.9216276e-05],
  "goal_joints": [-5.526387, 0.12444789, -1.0511794, -0.64422357, -1.5699775, -0.81335062],
  "num_waypoints": 89,
  "trajectory": [
    [-0.4513952, -1.7008294, -0.91996023, 0.86784375, 5.6482552e-05, 2.9216276e-05],
    [-0.4563952, -1.6990311, -0.92008951, 0.86635402, -0.0014903515, -0.00077214446],
    [-0.4713952, -1.6936362, -0.92047735, 0.86188485, -0.0061308535, -0.0031762267],
    [-0.4963952, -1.6846447, -0.92112375, 0.85443623, -0.013865024, -0.0071830304],
    [-0.5313952, -1.6720565, -0.92202871, 0.84400816, -0.024692862, -0.012792556],
    [-0.5763952, -1.6558718, -0.92319223, 0.83060065, -0.038614368, -0.020004802],
    [-0.6313952, -1.6360904, -0.92461431, 0.81421369, -0.055629542, -0.02881977],
    [-0.69382598, -1.6136365, -0.92622853, 0.79561276, -0.074943551, -0.038825685],
    [-0.75665783, -1.5910383, -0.92785311, 0.77689234, -0.094381641, -0.048895881],
    [-0.81948968, -1.5684401, -0.92947769, 0.75817192, -0.11381973, -0.058966077],
    [-0.88232154, -1.545842, -0.93110228, 0.73945149, -0.13325782, -0.069036273],
    [-0.94515339, -1.5232438, -0.93272686, 0.72073107, -0.15269591, -0.079106469],
    [-1.0079852, -1.5006456, -0.93435144, 0.70201065, -0.172134, -0.089176665],
    [-1.0708171, -1.4780474, -0.93597602, 0.68329023, -0.19157209, -0.099246861],
    [-1.1336489, -1.4554493, -0.93760061, 0.6645698, -0.21101018, -0.10931706],
    [-1.1964808, -1.4328511, -0.93922519, 0.64584938, -0.23044827, -0.11938725],
    [-1.2593127, -1.4102529, -0.94084977, 0.62712896, -0.24988636, -0.12945745],
    [-1.3221445, -1.3876547, -0.94247436, 0.60840854, -0.26932445, -0.13952765],
    [-1.3849764, -1.3650566, -0.94409894, 0.58968811, -0.28876254, -0.14959784],
    [-1.4478082, -1.3424584, -0.94572352, 0.57096769, -0.30820062, -0.15966804],
    [-1.5106401, -1.3198602, -0.94734811, 0.55224727, -0.32763871, -0.16973823],
    [-1.5734719, -1.297262, -0.94897269, 0.53352684, -0.3470768, -0.17980843],
    [-1.6363038, -1.2746639, -0.95059727, 0.51480642, -0.36651489, -0.18987863],
    [-1.6991356, -1.2520657, -0.95222186, 0.496086, -0.38595298, -0.19994882],
    [-1.7619675, -1.2294675, -0.95384644, 0.47736558, -0.40539107, -0.21001902],
    [-1.8247993, -1.2068693, -0.95547102, 0.45864515, -0.42482916, -0.22008921],
    [-1.8876312, -1.1842712, -0.9570956, 0.43992473, -0.44426725, -0.23015941],
    [-1.950463, -1.161673, -0.95872019, 0.42120431, -0.46370534, -0.24022961],
    [-2.0132949, -1.1390748, -0.96034477, 0.40248389, -0.48314343, -0.2502998],
    [-2.0761267, -1.1164766, -0.96196935, 0.38376346, -0.50258152, -0.26037],
    [-2.1389586, -1.0938785, -0.96359394, 0.36504304, -0.52201961, -0.27044019],
    [-2.2017904, -1.0712803, -0.96521852, 0.34632262, -0.5414577, -0.28051039],
    [-2.2646223, -1.0486821, -0.9668431, 0.32760219, -0.56089579, -0.29058059],
    [-2.3274542, -1.0260839, -0.96846769, 0.30888177, -0.58033388, -0.30065078],
    [-2.390286, -1.0034858, -0.97009227, 0.29016135, -0.59977197, -0.31072098],
    [-2.4531179, -0.98088758, -0.97171685, 0.27144093, -0.61921006, -0.32079117],
    [-2.5159497, -0.9582894, -0.97334144, 0.2527205, -0.63864815, -0.33086137],
    [-2.5787816, -0.93569122, -0.97496602, 0.23400008, -0.65808624, -0.34093157],
    [-2.6416134, -0.91309305, -0.9765906, 0.21527966, -0.67752432, -0.35100176],
    [-2.7044453, -0.89049487, -0.97821518, 0.19655924, -0.69696241, -0.36107196],
    [-2.7672771, -0.8678967, -0.97983977, 0.17783881, -0.7164005, -0.37114215],
    [-2.830109, -0.84529852, -0.98146435, 0.15911839, -0.73583859, -0.38121235],
    [-2.8929408, -0.82270035, -0.98308893, 0.14039797, -0.75527668, -0.39128255],
    [-2.9557727, -0.80010217, -0.98471352, 0.12167755, -0.77471477, -0.40135274],
    [-3.0186045, -0.77750399, -0.9863381, 0.10295712, -0.79415286, -0.41142294],
    [-3.0814364, -0.75490582, -0.98796268, 0.0842367, -0.81359095, -0.42149314],
    [-3.1442682, -0.73230764, -0.98958727, 0.065516277, -0.83302904, -0.43156333],
    [-3.2071001, -0.70970947, -0.99121185, 0.046795854, -0.85246713, -0.44163353],
    [-3.269932, -0.68711129, -0.99283643, 0.028075431, -0.87190522, -0.45170372],
    [-3.3327638, -0.66451312, -0.99446102, 0.0093550088, -0.89134331, -0.46177392],
    [-3.3955957, -0.64191494, -0.9960856, -0.0093654139, -0.9107814, -0.47184412],
    [-3.4584275, -0.61931676, -0.99771018, -0.028085837, -0.93021949, -0.48191431],
    [-3.5212594, -0.59671859, -0.99933476, -0.046806259, -0.94965758, -0.49198451],
    [-3.5840912, -0.57412041, -1.0009593, -0.065526682, -0.96909567, -0.5020547],
    [-3.6469231, -0.55152224, -1.0025839, -0.084247105, -0.98853376, -0.5121249],
    [-3.7097549, -0.52892406, -1.0042085, -0.10296753, -1.0079718, -0.5221951],
    [-3.7725868, -0.50632589, -1.0058331, -0.12168795, -1.0274099, -0.53226529],
    [-3.8354186, -0.48372771, -1.0074577, -0.14040837, -1.046848, -0.54233549],
    [-3.8982505, -0.46112953, -1.0090823, -0.1591288, -1.0662861, -0.55240568],
    [-3.9610823, -0.43853136, -1.0107068, -0.17784922, -1.0857242, -0.56247588],
    [-4.0239142, -0.41593318, -1.0123314, -0.19656964, -1.1051623, -0.57254608],
    [-4.086746, -0.39333501, -1.013956, -0.21529006, -1.1246004, -0.58261627],
    [-4.1495779, -0.37073683, -1.0155806, -0.23401049, -1.1440385, -0.59268647],
    [-4.2124097, -0.34813866, -1.0172052, -0.25273091, -1.1634766, -0.60275666],
    [-4.2752416, -0.32554048, -1.0188298, -0.27145133, -1.1829147, -0.61282686],
    [-4.3380735, -0.3029423, -1.0204543, -0.29017175, -1.2023527, -0.62289706],
    [-4.4009053, -0.28034413, -1.0220789, -0.30889218, -1.2217908, -0.63296725],
    [-4.4637372, -0.25774595, -1.0237035, -0.3276126, -1.2412289, -0.64303745],
    [-4.526569, -0.23514778, -1.0253281, -0.34633302, -1.260667, -0.65310764],
    [-4.5894009, -0.2125496, -1.0269527, -0.36505345, -1.2801051, -0.66317784],
    [-4.6522327, -0.18995142, -1.0285773, -0.38377387, -1.2995432, -0.67324804],
    [-4.7150646, -0.16735325, -1.0302018, -0.40249429, -1.3189813, -0.68331823],
    [-4.7778964, -0.14475507, -1.0318264, -0.42121471, -1.3384194, -0.69338843],
    [-4.8407283, -0.1221569, -1.033451, -0.43993514, -1.3578575, -0.70345862],
    [-4.9035601, -0.099558722, -1.0350756, -0.45865556, -1.3772955, -0.71352882],
    [-4.966392, -0.076960546, -1.0367002, -0.47737598, -1.3967336, -0.72359902],
    [-5.0292238, -0.054362371, -1.0383248, -0.4960964, -1.4161717, -0.73366921],
    [-5.0920557, -0.031764195, -1.0399493, -0.51481683, -1.4356098, -0.74373941],
    [-5.1548875, -0.009166019, -1.0415739, -0.53353725, -1.4550479, -0.75380961],
    [-5.2177194, 0.013432157, -1.0431985, -0.55225767, -1.474486, -0.7638798],
    [-5.2805513, 0.036030332, -1.0448231, -0.5709781, -1.4939241, -0.77395],
    [-5.3431209, 0.058534207, -1.0464409, -0.5896204, -1.5132811, -0.78397817],
    [-5.3986628, 0.078510469, -1.047877, -0.60616882, -1.5304639, -0.79287999],
    [-5.4442047, 0.094890119, -1.0490545, -0.61973779, -1.544553, -0.80017909],
    [-5.4797466, 0.10767316, -1.0499735, -0.63032731, -1.5555485, -0.80587546],
    [-5.5052885, 0.11685959, -1.0506339, -0.63793739, -1.5634503, -0.80996912],
    [-5.5208304, 0.1224494, -1.0510358, -0.64256801, -1.5682585, -0.81246005],
    [-5.5263723, 0.12444261, -1.051179, -0.64421919, -1.569973, -0.81334826],
    [-5.526387, 0.12444789, -1.0511794, -0.64422357, -1.5699775, -0.81335062]
  ]
}
