{
  "iteration": 457,
  "label": "pre_pick",
  "planning_time_ms": 5144.3682,
  "scene": {
    "block_x": 0.16291326,
    "block_y": 0.4260552,
    "bin_x": 0.30775068,
    "bin_y": 0.30378307
  },
  "joint_names": ["shoulder_pan_joint", "shoulder_lift_joint", "elbow_joint", "wrist_1_joint", "wrist_2_joint", "wrist_3_joint"],
  "start_joints": [-0.45138234, -1.7008904, -0.92021432, 0.8680568, -3.9053753e-05, -8.7209851e-05],
  "goal_joints": [4.6374547, -2.2265123, -1.1651785, 4.9618027, -4.7130803, -0.07519613],
  "num_waypoints": 89,
  "trajectory": [
    [-0.45138234, -1.7008904, -0.92021432, 0.8680568, -3.9053753e-05, -8.7209851e-05],
    [-0.44638234, -1.7014068, -0.92045501, 0.87207908, -0.0046698183, -0.00016100758],
    [-0.43138234, -1.7029561, -0.92117707, 0.88414592, -0.018562112, -0.00038240075],
    [-0.40638234, -1.7055384, -0.92238051, 0.90425732, -0.041715935, -0.00075138938],
    [-0.37138234, -1.7091535, -0.92406532, 0.93241328, -0.074131287, -0.0012679735],
    [-0.32638234, -1.7138015, -0.92623151, 0.96861381, -0.11580817, -0.001932153],
    [-0.27138234, -1.7194824, -0.92887908, 1.0128589, -0.16674658, -0.002743928],
    [-0.20895156, -1.7259308, -0.93188434, 1.0630817, -0.22456702, -0.0036653778],
    [-0.14611971, -1.7324207, -0.93490891, 1.1136272, -0.28275893, -0.0045927474],
    [-0.083287859, -1.7389105, -0.93793349, 1.1641726, -0.34095083, -0.005520117],
    [-0.020456006, -1.7454004, -0.94095806, 1.2147181, -0.39914273, -0.0064474865],
    [0.042375847, -1.7518903, -0.94398263, 1.2652636, -0.45733464, -0.0073748561],
    [0.1052077, -1.7583801, -0.9470072, 1.315809, -0.51552654, -0.0083022257],
    [0.16803955, -1.76487, -0.95003177, 1.3663545, -0.57371845, -0.0092295953],
    [0.23087141, -1.7713598, -0.95305634, 1.4169, -0.63191035, -0.010156965],
    [0.29370326, -1.7778497, -0.95608091, 1.4674454, -0.69010225, -0.011084334],
    [0.35653511, -1.7843395, -0.95910549, 1.5179909, -0.74829416, -0.012011704],
    [0.41936697, -1.7908294, -0.96213006, 1.5685364, -0.80648606, -0.012939074],
    [0.48219882, -1.7973192, -0.96515463, 1.6190818, -0.86467796, -0.013866443],
    [0.54503067, -1.8038091, -0.9681792, 1.6696273, -0.92286987, -0.014793813],
    [0.60786253, -1.8102989, -0.97120377, 1.7201728, -0.98106177, -0.015721182],
    [0.67069438, -1.8167888, -0.97422834, 1.7707182, -1.0392537, -0.016648552],
    [0.73352623, -1.8232786, -0.97725292, 1.8212637, -1.0974456, -0.017575921],
    [0.79635808, -1.8297685, -0.98027749, 1.8718092, -1.1556375, -0.018503291],
    [0.85918994, -1.8362583, -0.98330206, 1.9223546, -1.2138294, -0.019430661],
    [0.92202179, -1.8427482, -0.98632663, 1.9729001, -1.2720213, -0.02035803],
    [0.98485364, -1.849238, -0.9893512, 2.0234456, -1.3302132, -0.0212854],
    [1.0476855, -1.8557279, -0.99237577, 2.073991, -1.3884051, -0.022212769],
    [1.1105173, -1.8622177, -0.99540035, 2.1245365, -1.446597, -0.023140139],
    [1.1733492, -1.8687076, -0.99842492, 2.175082, -1.5047889, -0.024067508],
    [1.2361811, -1.8751975, -1.0014495, 2.2256274, -1.5629808, -0.024994878],
    [1.2990129, -1.8816873, -1.0044741, 2.2761729, -1.6211727, -0.025922248],
    [1.3618448, -1.8881772, -1.0074986, 2.3267184, -1.6793646, -0.026849617],
    [1.4246766, -1.894667, -1.0105232, 2.3772638, -1.7375565, -0.027776987],
    [1.4875085, -1.9011569, -1.0135478, 2.4278093, -1.7957484, -0.028704356],
    [1.5503403, -1.9076467, -1.0165723, 2.4783548, -1.8539403, -0.029631726],
    [1.6131722, -1.9141366, -1.0195969, 2.5289002, -1.9121322, -0.030559095],
    [1.676004, -1.9206264, -1.0226215, 2.5794457, -1.9703241, -0.031486465],
    [1.7388359, -1.9271163, -1.0256461, 2.6299912, -2.028516, -0.032413835],
    [1.8016677, -1.9336061, -1.0286706, 2.6805366, -2.0867079, -0.033341204],
    [1.8644996, -1.940096, -1.0316952, 2.7310821, -2.1448998, -0.034268574],
    [1.9273314, -1.9465858, -1.0347198, 2.7816276, -2.2030918, -0.035195943],
    [1.9901633, -1.9530757, -1.0377443, 2.832173, -2.2612837, -0.036123313],
    [2.0529951, -1.9595655, -1.0407689, 2.8827185, -2.3194756, -0.037050682],
    [2.115827, -1.9660554, -1.0437935, 2.933264, -2.3776675, -0.037978052],
    [2.1786589, -1.9725452, -1.0468181, 2.9838094, -2.4358594, -0.038905422],
    [2.2414907, -1.9790351, -1.0498426, 3.0343549, -2.4940513, -0.039832791],
    [2.3043226, -1.9855249, -1.0528672, 3.0849004, -2.5522432, -0.040760161],
    [2.3671544, -1.9920148, -1.0558918, 3.1354458, -2.6104351, -0.04168753],
    [2.4299863, -1.9985047, -1.0589163, 3.1859913, -2.668627, -0.0426149],
    [2.4928181, -2.0049945, -1.0619409, 3.2365368, -2.7268189, -0.043542269],
    [2.55565, -2.0114844, -1.0649655, 3.2870822, -2.7850108, -0.044469639],
    [2.6184818, -2.0179742, -1.0679901, 3.3376277, -2.8432027, -0.045397009],
    [2.6813137, -2.0244641, -1.0710146, 3.3881732, -2.9013946, -0.046324378],
    [2.7441455, -2.0309539, -1.0740392, 3.4387186, -2.9595865, -0.047251748],
    [2.8069774, -2.0374438, -1.0770638, 3.4892641, -3.0177784, -0.048179117],
    [2.8698092, -2.0439336, -1.0800884, 3.5398096, -3.0759703, -0.049106487],
    [2.9326411, -2.0504235, -1.0831129, 3.590355, -3.1341622, -0.050033856],
    [2.9954729, -2.0569133, -1.0861375, 3.6409005, -3.1923541, -0.050961226],
    [3.0583048, -2.0634032, -1.0891621, 3.691446, -3.250546, -0.051888596],
    [3.1211366, -2.069893, -1.0921866, 3.7419914, -3.3087379, -0.052815965],
    [3.1839685, -2.0763829, -1.0952112, 3.7925369, -3.3669298, -0.053743335],
    [3.2468004, -2.0828727, -1.0982358, 3.8430824, -3.4251217, -0.054670704],
    [3.3096322, -2.0893626, -1.1012604, 3.8936278, -3.4833136, -0.055598074],
    [3.3724641, -2.0958524, -1.1042849, 3.9441733, -3.5415055, -0.056525443],
    [3.4352959, -2.1023423, -1.1073095, 3.9947188, -3.5996974, -0.057452813],
    [3.4981278, -2.1088321, -1.1103341, 4.0452642, -3.6578893, -0.058380183],
    [3.5609596, -2.115322, -1.1133586, 4.0958097, -3.7160813, -0.059307552],
    [3.6237915, -2.1218119, -1.1163832, 4.1463552, -3.7742732, -0.060234922],
    [3.6866233, -2.1283017, -1.1194078, 4.1969006, -3.8324651, -0.061162291],
    [3.7494552, -2.1347916, -1.1224324, 4.2474461, -3.890657, -0.062089661],
    [3.812287, -2.1412814, -1.1254569, 4.2979916, -3.9488489, -0.06301703],
    [3.8751189, -2.1477713, -1.1284815, 4.348537, -4.0070408, -0.0639444],
    [3.9379507, -2.1542611, -1.1315061, 4.3990825, -4.0652327, -0.06487177],
    [4.0007826, -2.160751, -1.1345306, 4.449628, -4.1234246, -0.065799139],
    [4.0636144, -2.1672408, -1.1375552, 4.5001734, -4.1816165, -0.066726509],
    [4.1264463, -2.1737307, -1.1405798, 4.5507189, -4.2398084, -0.067653878],
    [4.1892782, -2.1802205, -1.1436044, 4.6012644, -4.2980003, -0.068581248],
    [4.25211, -2.1867104, -1.1466289, 4.6518098, -4.3561922, -0.069508618],
    [4.3149419, -2.1932002, -1.1496535, 4.7023553, -4.4143841, -0.070435987],
    [4.3777737, -2.1996901, -1.1526781, 4.7529008, -4.472576, -0.071363357],
    [4.4406052, -2.2061799, -1.1557026, 4.8034459, -4.5307676, -0.072290721],
    [4.4983506, -2.2121444, -1.1584823, 4.8498996, -4.5842487, -0.073143017],
    [4.5460961, -2.217076, -1.1607807, 4.8883087, -4.6284682, -0.073847718],
    [4.5838415, -2.2209747, -1.1625977, 4.9186732, -4.6634263, -0.074404824],
    [4.6115869, -2.2238405, -1.1639333, 4.9409932, -4.6891228, -0.074814334],
    [4.6293324, -2.2256734, -1.1647875, 4.9552687, -4.7055578, -0.075076248],
    [4.6370778, -2.2264734, -1.1651603, 4.9614995, -4.7127313, -0.075190567],
    [4.6374547, -2.2265123, -1.1651785, 4.9618027, -4.7130803, -0.07519613]
  ]
}
