{
  "iteration": 368,
  "label": "pre_pick",
  "planning_time_ms": 5016.0852,
  "scene": {
    "block_x": 0.29307867,
    "block_y": 0.37911476,
    "bin_x": 0.28260798,
    "bin_y": 0.25879672
  },
  "joint_names": ["shoulder_pan_joint", "shoulder_lift_joint", "elbow_joint", "wrist_1_joint", "wrist_2_joint", "wrist_3_joint"],
  "start_joints": [-0.45135826, -1.7009698, -0.91993332, 0.86787342, -8.024466e-05, 1.4422434e-05],
  "goal_joints": [4.3309336, -3.2400792, 0.97738352, -2.449317, 1.5711704, -0.38187472],
  "num_waypoints": 84,
  "trajectory": [
    [-0.45135826, -1.7009698, -0.91993332, 0.86787342, -8.024466e-05, 1.4422434e-05],
    [-0.44635826, -1.702579, -0.91794963, 0.86440522, 0.0015625353, -0.00038485176],
    [-0.43135826, -1.7074065, -0.91199856, 0.85400061, 0.0064908751, -0.0015826743],
    [-0.40635826, -1.7154524, -0.90208011, 0.8366596, 0.014704775, -0.0035790453],
    [-0.37135826, -1.7267166, -0.88819428, 0.81238219, 0.026204234, -0.0063739646],
    [-0.32635826, -1.7411992, -0.87034107, 0.78116838, 0.040989254, -0.0099674323],
    [-0.27135826, -1.7589001, -0.84852048, 0.74301816, 0.059059833, -0.014359448],
    [-0.20892749, -1.7789925, -0.82375182, 0.69971366, 0.079571838, -0.019344848],
    [-0.14609564, -1.799214, -0.79882404, 0.65613096, 0.10021562, -0.024362275],
    [-0.083263782, -1.8194355, -0.77389625, 0.61254825, 0.1208594, -0.029379703],
    [-0.020431929, -1.839657, -0.74896847, 0.56896554, 0.14150318, -0.03439713],
    [0.042399924, -1.8598785, -0.72404069, 0.52538284, 0.16214696, -0.039414558],
    [0.10523178, -1.8801, -0.69911291, 0.48180013, 0.18279074, -0.044431985],
    [0.16806363, -1.9003215, -0.67418512, 0.43821743, 0.20343453, -0.049449413],
    [0.23089548, -1.920543, -0.64925734, 0.39463472, 0.22407831, -0.05446684],
    [0.29372734, -1.9407645, -0.62432956, 0.35105202, 0.24472209, -0.059484267],
    [0.35655919, -1.960986, -0.59940177, 0.30746931, 0.26536587, -0.064501695],
    [0.41939104, -1.9812075, -0.57447399, 0.2638866, 0.28600965, -0.069519122],
    [0.4822229, -2.001429, -0.54954621, 0.2203039, 0.30665343, -0.07453655],
    [0.54505475, -2.0216505, -0.52461843, 0.17672119, 0.32729721, -0.079553977],
    [0.6078866, -2.041872, -0.49969064, 0.13313849, 0.347941, -0.084571405],
    [0.67071845, -2.0620935, -0.47476286, 0.089555782, 0.36858478, -0.089588832],
    [0.73355031, -2.082315, -0.44983508, 0.045973076, 0.38922856, -0.09460626],
    [0.79638216, -2.1025365, -0.42490729, 0.0023903701, 0.40987234, -0.099623687],
    [0.85921401, -2.1227579, -0.39997951, -0.041192336, 0.43051612, -0.10464111],
    [0.92204587, -2.1429794, -0.37505173, -0.084775041, 0.4511599, -0.10965854],
    [0.98487772, -2.1632009, -0.35012395, -0.12835775, 0.47180368, -0.11467597],
    [1.0477096, -2.1834224, -0.32519616, -0.17194045, 0.49244747, -0.1196934],
    [1.1105414, -2.2036439, -0.30026838, -0.21552316, 0.51309125, -0.12471082],
    [1.1733733, -2.2238654, -0.2753406, -0.25910586, 0.53373503, -0.12972825],
    [1.2362051, -2.2440869, -0.25041281, -0.30268857, 0.55437881, -0.13474568],
    [1.299037, -2.2643084, -0.22548503, -0.34627128, 0.57502259, -0.13976311],
    [1.3618688, -2.2845299, -0.20055725, -0.38985398, 0.59566637, -0.14478053],
    [1.4247007, -2.3047514, -0.17562947, -0.43343669, 0.61631015, -0.14979796],
    [1.4875325, -2.3249729, -0.15070168, -0.47701939, 0.63695394, -0.15481539],
    [1.5503644, -2.3451944, -0.1257739, -0.5206021, 0.65759772, -0.15983282],
    [1.6131963, -2.3654159, -0.10084612, -0.5641848, 0.6782415, -0.16485024],
    [1.6760281, -2.3856374, -0.075918335, -0.60776751, 0.69888528, -0.16986767],
    [1.73886, -2.4058589, -0.050990552, -0.65135022, 0.71952906, -0.1748851],
    [1.8016918, -2.4260804, -0.026062769, -0.69493292, 0.74017284, -0.17990253],
    [1.8645237, -2.4463019, -0.0011349866, -0.73851563, 0.76081662, -0.18491995],
    [1.9273555, -2.4665234, 0.023792796, -0.78209833, 0.78146041, -0.18993738],
    [1.9901874, -2.4867449, 0.048720579, -0.82568104, 0.80210419, -0.19495481],
    [2.0530192, -2.5069664, 0.073648362, -0.86926374, 0.82274797, -0.19997224],
    [2.1158511, -2.5271879, 0.098576145, -0.91284645, 0.84339175, -0.20498966],
    [2.1786829, -2.5474094, 0.12350393, -0.95642916, 0.86403553, -0.21000709],
    [2.2415148, -2.5676309, 0.14843171, -1.0000119, 0.88467931, -0.21502452],
    [2.3043466, -2.5878524, 0.17335949, -1.0435946, 0.90532309, -0.22004195],
    [2.3671785, -2.6080739, 0.19828728, -1.0871773, 0.92596688, -0.22505937],
    [2.4300103, -2.6282954, 0.22321506, -1.13076, 0.94661066, -0.2300768],
    [2.4928422, -2.6485168, 0.24814284, -1.1743427, 0.96725444, -0.23509423],
    [2.555674, -2.6687383, 0.27307062, -1.2179254, 0.98789822, -0.24011166],
    [2.6185059, -2.6889598, 0.29799841, -1.2615081, 1.008542, -0.24512908],
    [2.6813378, -2.7091813, 0.32292619, -1.3050908, 1.0291858, -0.25014651],
    [2.7441696, -2.7294028, 0.34785397, -1.3486735, 1.0498296, -0.25516394],
    [2.8070015, -2.7496243, 0.37278176, -1.3922562, 1.0704733, -0.26018137],
    [2.8698333, -2.7698458, 0.39770954, -1.4358389, 1.0911171, -0.26519879],
    [2.9326652, -2.7900673, 0.42263732, -1.4794216, 1.1117609, -0.27021622],
    [2.995497, -2.8102888, 0.4475651, -1.5230043, 1.1324047, -0.27523365],
    [3.0583289, -2.8305103, 0.47249289, -1.566587, 1.1530485, -0.28025108],
    [3.1211607, -2.8507318, 0.49742067, -1.6101697, 1.1736923, -0.2852685],
    [3.1839926, -2.8709533, 0.52234845, -1.6537524, 1.194336, -0.29028593],
    [3.2468244, -2.8911748, 0.54727624, -1.6973352, 1.2149798, -0.29530336],
    [3.3096563, -2.9113963, 0.57220402, -1.7409179, 1.2356236, -0.30032079],
    [3.3724881, -2.9316178, 0.5971318, -1.7845006, 1.2562674, -0.30533821],
    [3.43532, -2.9518393, 0.62205958, -1.8280833, 1.2769112, -0.31035564],
    [3.4981518, -2.9720608, 0.64698737, -1.871666, 1.2975549, -0.31537307],
    [3.5609837, -2.9922823, 0.67191515, -1.9152487, 1.3181987, -0.3203905],
    [3.6238155, -3.0125038, 0.69684293, -1.9588314, 1.3388425, -0.32540792],
    [3.6866474, -3.0327253, 0.72177072, -2.0024141, 1.3594863, -0.33042535],
    [3.7494793, -3.0529468, 0.7466985, -2.0459968, 1.3801301, -0.33544278],
    [3.8123111, -3.0731683, 0.77162628, -2.0895795, 1.4007738, -0.3404602],
    [3.875143, -3.0933898, 0.79655406, -2.1331622, 1.4214176, -0.34547763],
    [3.9379748, -3.1136113, 0.82148185, -2.1767449, 1.4420614, -0.35049506],
    [4.0008067, -3.1338328, 0.84640963, -2.2203276, 1.4627052, -0.35551249],
    [4.0636385, -3.1540543, 0.87133741, -2.2639103, 1.483349, -0.36052991],
    [4.1264704, -3.1742758, 0.8962652, -2.307493, 1.5039928, -0.36554734],
    [4.1853643, -3.1932299, 0.91963066, -2.3483442, 1.5233427, -0.37025031],
    [4.2343216, -3.2089861, 0.93905386, -2.382303, 1.5394279, -0.37415978],
    [4.2732788, -3.2215239, 0.95450968, -2.4093253, 1.5522276, -0.37727071],
    [4.3022361, -3.2308433, 0.96599813, -2.4294112, 1.5617416, -0.37958308],
    [4.3211933, -3.2369444, 0.97351919, -2.4425607, 1.5679702, -0.38109691],
    [4.3301506, -3.2398272, 0.97707288, -2.4487738, 1.5709131, -0.38181219],
    [4.3309336, -3.2400792, 0.97738352, -2.449317, 1.5711704, -0.38187472]
  ]
}
