{
  "iteration": 93,
  "label": "pre_pick",
  "planning_time_ms": 55.439188,
  "scene": {
    "block_x": 0.37385642,
    "block_y": 0.3702119,
    "bin_x": 0.12716891,
    "bin_y": 0.25870382
  },
  "joint_names": ["shoulder_pan_joint", "shoulder_lift_joint", "elbow_joint", "wrist_1_joint", "wrist_2_joint", "wrist_3_joint"],
  "start_joints": [-0.45136011, -1.7007642, -0.92019907, 0.86812988, 2.4500174e-05, -0.00013575011],
  "goal_joints": [-2.109118, -2.9767839, 0.32525819, 4.2217486, -4.713256, -0.53825317],
  "num_waypoints": 52,
  "trajectory": [
    [-0.45136011, -1.7007642, -0.92019907, 0.86812988, 2.4500174e-05, -0.00013575011],
    [-0.45311871, -1.7021179, -0.91887785, 0.87168751, -0.0049754998, -0.00070660242],
    [-0.45839452, -1.7061788, -0.91491419, 0.88236039, -0.0199755, -0.0024191594],
    [-0.46718753, -1.712947, -0.90830808, 0.90014852, -0.0449755, -0.0052734209],
    [-0.47949775, -1.7224225, -0.89905953, 0.92505191, -0.0799755, -0.0092693871],
    [-0.49532518, -1.7346053, -0.88716854, 0.95707055, -0.1249755, -0.014407058],
    [-0.51466982, -1.7494954, -0.87263511, 0.99620445, -0.1799755, -0.020686433],
    [-0.53753165, -1.7670927, -0.85545923, 1.0424536, -0.2449755, -0.028107513],
    [-0.5639107, -1.7873974, -0.83564091, 1.095818, -0.3199755, -0.036670298],
    [-0.59380695, -1.8104093, -0.81318015, 1.1562977, -0.4049755, -0.046374787],
    [-0.62722041, -1.8361285, -0.78807695, 1.2238926, -0.49997549, -0.05722098],
    [-0.66415107, -1.864555, -0.76033131, 1.2986027, -0.60497548, -0.069208877],
    [-0.70459893, -1.8956888, -0.72994323, 1.3804281, -0.71997546, -0.082338479],
    [-0.7482333, -1.9292753, -0.69716115, 1.4686998, -0.8440352, -0.096502437],
    [-0.79243181, -1.963296, -0.66395524, 1.5581127, -0.96969891, -0.11084952],
    [-0.83663033, -1.9973168, -0.63074933, 1.6475256, -1.0953626, -0.1251966],
    [-0.88082885, -2.0313376, -0.59754342, 1.7369385, -1.2210263, -0.13954369],
    [-0.92502736, -2.0653583, -0.56433751, 1.8263514, -1.34669, -0.15389077],
    [-0.96922588, -2.0993791, -0.5311316, 1.9157644, -1.4723537, -0.16823785],
    [-1.0134244, -2.1333998, -0.49792568, 2.0051773, -1.5980174, -0.18258494],
    [-1.0576229, -2.1674206, -0.46471977, 2.0945902, -1.7236811, -0.19693202],
    [-1.1018214, -2.2014413, -0.43151386, 2.1840031, -1.8493449, -0.2112791],
    [-1.1460199, -2.2354621, -0.39830795, 2.273416, -1.9750086, -0.22562619],
    [-1.1902185, -2.2694828, -0.36510204, 2.3628289, -2.1006723, -0.23997327],
    [-1.234417, -2.3035036, -0.33189613, 2.4522419, -2.226336, -0.25432036],
    [-1.2786155, -2.3375244, -0.29869022, 2.5416548, -2.3519997, -0.26866744],
    [-1.322814, -2.3715451, -0.2654843, 2.6310677, -2.4776634, -0.28301452],
    [-1.3670125, -2.4055659, -0.23227839, 2.7204806, -2.6033271, -0.29736161],
    [-1.411211, -2.4395866, -0.19907248, 2.8098935, -2.7289908, -0.31170869],
    [-1.4554095, -2.4736074, -0.16586657, 2.8993064, -2.8546545, -0.32605577],
    [-1.4996081, -2.5076281, -0.13266066, 2.9887194, -2.9803182, -0.34040286],
    [-1.5438066, -2.5416489, -0.099454748, 3.0781323, -3.1059819, -0.35474994],
    [-1.5880051, -2.5756696, -0.066248837, 3.1675452, -3.2316456, -0.36909702],
    [-1.6322036, -2.6096904, -0.033042925, 3.2569581, -3.3573093, -0.38344411],
    [-1.6764021, -2.6437111, 0.00016298612, 3.346371, -3.482973, -0.39779119],
    [-1.7206006, -2.6777319, 0.033368897, 3.4357839, -3.6086367, -0.41213827],
    [-1.7647992, -2.7117527, 0.066574809, 3.5251969, -3.7343004, -0.42648536],
    [-1.8089977, -2.7457734, 0.09978072, 3.6146098, -3.8599642, -0.44083244],
    [-1.8527689, -2.7794653, 0.13266563, 3.7031583, -3.9844131, -0.45504083],
    [-1.8934752, -2.810798, 0.16324785, 3.7855065, -4.1001477, -0.46825431],
    [-1.9306642, -2.8394234, 0.19118763, 3.8607394, -4.2058824, -0.48032609],
    [-1.9643361, -2.8653415, 0.21648496, 3.928857, -4.3016171, -0.49125616],
    [-1.9944907, -2.8885523, 0.23913985, 3.9898594, -4.3873517, -0.50104452],
    [-2.0211282, -2.9090558, 0.2591523, 4.0437466, -4.4630864, -0.50969119],
    [-2.0442484, -2.9268521, 0.27652231, 4.0905184, -4.5288211, -0.51719614],
    [-2.0638515, -2.9419411, 0.29124987, 4.1301751, -4.5845557, -0.52355939],
    [-2.0799373, -2.9543227, 0.30333499, 4.1627164, -4.6302904, -0.52878094],
    [-2.0925059, -2.9639971, 0.31277767, 4.1881426, -4.666025, -0.53286079],
    [-2.1015573, -2.9709642, 0.31957791, 4.2064534, -4.6917597, -0.53579892],
    [-2.1070915, -2.9752241, 0.3237357, 4.217649, -4.7074944, -0.53759536],
    [-2.1091085, -2.9767766, 0.32525106, 4.2217294, -4.713229, -0.53825009],
    [-2.109118, -2.9767839, 0.32525819, 4.2217486, -4.713256, -0.53825317]
  ]
}
