{
  "iteration": 640,
  "label": "pre_pick",
  "planning_time_ms": 82.85714,
  "scene": {
    "block_x": 0.25753715,
    "block_y": 0.42025918,
    "bin_x": 0.19095543,
    "bin_y": 0.26375612
  },
  "joint_names": ["shoulder_pan_joint", "shoulder_lift_joint", "elbow_joint", "wrist_1_joint", "wrist_2_joint", "wrist_3_joint"],
  "start_joints": [-0.45125667, -1.7008406, -0.92034899, 0.86864208, -9.0096762e-05, -0.00025156007],
  "goal_joints": [4.4338414, -2.4140327, -0.8294428, -1.4684251, -4.713134, -0.27859262],
  "num_waypoints": 92,
  "trajectory": [
    [-0.45125667, -1.7008406, -0.92034899, 0.86864208, -9.0096762e-05, -0.00025156007],
    [-0.44625667, -1.7021395, -0.91970004, 0.8680103, -0.00068520241, 0.0016888896],
    [-0.43125667, -1.7060363, -0.91775322, 0.86611496, -0.0024705193, 0.0075102387],
    [-0.40625667, -1.712531, -0.91450851, 0.86295605, -0.0054460476, 0.017212487],
    [-0.37125667, -1.7216236, -0.90996592, 0.85853358, -0.0096117871, 0.030795635],
    [-0.32625667, -1.7333141, -0.90412544, 0.85284755, -0.014967738, 0.048259682],
    [-0.27125667, -1.7476024, -0.89698709, 0.84589796, -0.0215139, 0.069604629],
    [-0.20882589, -1.7638212, -0.8888843, 0.83800944, -0.028944481, 0.093833384],
    [-0.14599404, -1.7801442, -0.88072946, 0.83007024, -0.036422799, 0.11821779],
    [-0.083162186, -1.7964671, -0.87257462, 0.82213104, -0.043901117, 0.1426022],
    [-0.020330332, -1.8127901, -0.86441978, 0.81419185, -0.051379436, 0.16698661],
    [0.042501521, -1.829113, -0.85626494, 0.80625265, -0.058857754, 0.19137102],
    [0.10533337, -1.845436, -0.8481101, 0.79831345, -0.066336072, 0.21575543],
    [0.16816523, -1.861759, -0.83995526, 0.79037425, -0.07381439, 0.24013984],
    [0.23099708, -1.8780819, -0.83180041, 0.78243506, -0.081292708, 0.26452425],
    [0.29382893, -1.8944049, -0.82364557, 0.77449586, -0.088771026, 0.28890866],
    [0.35666079, -1.9107279, -0.81549073, 0.76655666, -0.096249344, 0.31329307],
    [0.41949264, -1.9270508, -0.80733589, 0.75861747, -0.10372766, 0.33767748],
    [0.48232449, -1.9433738, -0.79918105, 0.75067827, -0.11120598, 0.36206189],
    [0.54515635, -1.9596968, -0.79102621, 0.74273907, -0.1186843, 0.3864463],
    [0.6079882, -1.9760197, -0.78287137, 0.73479987, -0.12616262, 0.41083071],
    [0.67082005, -1.9923427, -0.77471653, 0.72686068, -0.13364093, 0.43521512],
    [0.7336519, -2.0086656, -0.76656169, 0.71892148, -0.14111925, 0.45959953],
    [0.79648376, -2.0249886, -0.75840685, 0.71098228, -0.14859757, 0.48398394],
    [0.85931561, -2.0413116, -0.75025201, 0.70304308, -0.15607589, 0.50836835],
    [0.92214746, -2.0576345, -0.74209716, 0.69510389, -0.16355421, 0.53275276],
    [0.98497932, -2.0739575, -0.73394232, 0.68716469, -0.17103253, 0.55713717],
    [1.0478112, -2.0902805, -0.72578748, 0.67922549, -0.17851084, 0.58152158],
    [1.110643, -2.1066034, -0.71763264, 0.6712863, -0.18598916, 0.60590599],
    [1.1734749, -2.1229264, -0.7094778, 0.6633471, -0.19346748, 0.6302904],
    [1.2363067, -2.1392493, -0.70132296, 0.6554079, -0.2009458, 0.65467481],
    [1.2991386, -2.1555723, -0.69316812, 0.6474687, -0.20842412, 0.67905922],
    [1.3619704, -2.1718953, -0.68501328, 0.63952951, -0.21590243, 0.70344363],
    [1.4248023, -2.1882182, -0.67685844, 0.63159031, -0.22338075, 0.72782804],
    [1.4876341, -2.2045412, -0.6687036, 0.62365111, -0.23085907, 0.75221245],
    [1.550466, -2.2208642, -0.66054875, 0.61571191, -0.23833739, 0.77659686],
    [1.6132978, -2.2371871, -0.65239391, 0.60777272, -0.24581571, 0.80098127],
    [1.6761297, -2.2535101, -0.64423907, 0.59983352, -0.25329402, 0.82536568],
    [1.7389616, -2.269833, -0.63608423, 0.59189432, -0.26077234, 0.84975009],
    [1.8017934, -2.286156, -0.62792939, 0.58395513, -0.26825066, 0.8741345],
    [1.8635081, -2.3021887, -0.61991955, 0.57615709, -0.27559601, 0.89808534],
    [1.9168265, -2.3159599, -0.61307795, 0.56917138, -0.28253925, 0.91846339],
    [1.9658679, -2.3275409, -0.60784565, 0.55938797, -0.29699285, 0.93296151],
    [2.0129968, -2.3372493, -0.6042057, 0.54559003, -0.3214438, 0.94133663],
    [2.0563896, -2.3445823, -0.60242325, 0.52791779, -0.35589169, 0.94276711],
    [2.093004, -2.3487992, -0.60284447, 0.50690989, -0.39960393, 0.93626716],
    [2.1224353, -2.349931, -0.6053891, 0.48303791, -0.45152229, 0.92221127],
    [2.155973, -2.3508611, -0.60864004, 0.45472283, -0.51335686, 0.904788],
    [2.1949345, -2.3519416, -0.61241674, 0.42182858, -0.58519144, 0.88454701],
    [2.2393198, -2.3531725, -0.61671918, 0.38435516, -0.66702601, 0.8614883],
    [2.2891289, -2.3545538, -0.62154737, 0.34230258, -0.75886058, 0.83561187],
    [2.3443618, -2.3560856, -0.62690131, 0.29567084, -0.86069515, 0.80691771],
    [2.4049918, -2.357767, -0.63277842, 0.24448238, -0.97248068, 0.77541965],
    [2.4678237, -2.3595096, -0.63886896, 0.191435, -1.0883257, 0.74277773],
    [2.5306555, -2.3612521, -0.6449595, 0.13838762, -1.2041708, 0.71013581],
    [2.5934874, -2.3629946, -0.65105004, 0.085340238, -1.3200158, 0.67749389],
    [2.6563192, -2.3647371, -0.65714058, 0.032292857, -1.4358609, 0.64485197],
    [2.7191511, -2.3664796, -0.66323112, -0.020754523, -1.5517059, 0.61221005],
    [2.7819829, -2.3682221, -0.66932166, -0.073801904, -1.667551, 0.57956813],
    [2.8448148, -2.3699646, -0.67541219, -0.12684928, -1.783396, 0.54692621],
    [2.9076467, -2.3717071, -0.68150273, -0.17989666, -1.8992411, 0.51428429],
    [2.9704785, -2.3734496, -0.68759327, -0.23294405, -2.0150861, 0.48164237],
    [3.0333104, -2.3751921, -0.69368381, -0.28599143, -2.1309312, 0.44900045],
    [3.0961422, -2.3769346, -0.69977435, -0.33903881, -2.2467762, 0.41635853],
    [3.1589741, -2.3786771, -0.70586489, -0.39208619, -2.3626213, 0.38371661],
    [3.2218059, -2.3804196, -0.71195543, -0.44513357, -2.4784664, 0.35107469],
    [3.2846378, -2.3821621, -0.71804597, -0.49818095, -2.5943114, 0.31843277],
    [3.3474696, -2.3839046, -0.72413651, -0.55122833, -2.7101565, 0.28579085],
    [3.4103015, -2.3856471, -0.73022705, -0.60427571, -2.8260015, 0.25314893],
    [3.4731333, -2.3873896, -0.73631758, -0.65732309, -2.9418466, 0.22050701],
    [3.5359652, -2.3891321, -0.74240812, -0.71037047, -3.0576916, 0.18786509],
    [3.598797, -2.3908746, -0.74849866, -0.76341785, -3.1735367, 0.15522317],
    [3.6616289, -2.3926171, -0.7545892, -0.81646523, -3.2893817, 0.12258125],
    [3.7244607, -2.3943596, -0.76067974, -0.86951261, -3.4052268, 0.08993933],
    [3.7872926, -2.3961021, -0.76677028, -0.92255999, -3.5210718, 0.05729741],
    [3.8501244, -2.3978446, -0.77286082, -0.97560737, -3.6369169, 0.02465549],
    [3.9129563, -2.3995871, -0.77895136, -1.0286548, -3.7527619, -0.00798643],
    [3.9757882, -2.4013296, -0.7850419, -1.0817021, -3.868607, -0.04062835],
    [4.03862, -2.4030721, -0.79113244, -1.1347495, -3.984452, -0.07327027],
    [4.1007682, -2.4047957, -0.7971567, -1.1872197, -4.0990365, -0.105557],
    [4.1581648, -2.4063875, -0.80272038, -1.2356782, -4.2048605, -0.13537525],
    [4.2101376, -2.4078288, -0.80775831, -1.2795576, -4.3006844, -0.16237578],
    [4.2566867, -2.4091197, -0.8122705, -1.3188578, -4.3865084, -0.18655859],
    [4.297812, -2.4102603, -0.81625693, -1.3535789, -4.4623323, -0.20792368],
    [4.3335135, -2.4112504, -0.81971762, -1.3837208, -4.5281563, -0.22647104],
    [4.3637912, -2.4120901, -0.82265256, -1.4092835, -4.5839802, -0.24220068],
    [4.3886451, -2.4127793, -0.82506175, -1.430267, -4.6298042, -0.2551126],
    [4.4080752, -2.4133182, -0.82694519, -1.4466714, -4.6656282, -0.2652068],
    [4.4220816, -2.4137066, -0.82830288, -1.4584966, -4.6914521, -0.27248327],
    [4.4306642, -2.4139446, -0.82913482, -1.4657427, -4.7072761, -0.27694203],
    [4.4338229, -2.4140322, -0.82944101, -1.4684096, -4.7131, -0.27858306],
    [4.4338414, -2.4140327, -0.8294428, -1.4684251, -4.713134, -0.27859262]
  ]
}
