{
  "iteration": 861,
  "label": "pre_pick",
  "planning_time_ms": 5025.4007,
  "scene": {
    "block_x": 0.30175891,
    "block_y": 0.40231935,
    "bin_x": 0.26086627,
    "bin_y": 0.26407153
  },
  "joint_names": ["shoulder_pan_joint", "shoulder_lift_joint", "elbow_joint", "wrist_1_joint", "wrist_2_joint", "wrist_3_joint"],
  "start_joints": [-0.45132167, -1.7008452, -0.92029062, 0.86822829, 4.8343104e-05, -0.00024085731],
  "goal_joints": [0.66676782, 0.0012451468, -0.72171366, 5.4336537, 4.7121768, -0.90435718],
  "num_waypoints": 79,
  "trajectory": [
    [-0.45132167, -1.7008452, -0.92029062, 0.86822829, 4.8343104e-05, -0.00024085731],
    [-0.44824132, -1.6995526, -0.92114663, 0.87322829, 0.0011857023, -0.0030264086],
    [-0.43900025, -1.6956749, -0.92371467, 0.88822829, 0.0045977799, -0.011383062],
    [-0.42359848, -1.6892121, -0.92799474, 0.91322829, 0.010284576, -0.025310819],
    [-0.40203599, -1.6801641, -0.93398683, 0.94822829, 0.01824609, -0.044809678],
    [-0.3743128, -1.668531, -0.94169095, 0.99322829, 0.028482323, -0.069879639],
    [-0.34042889, -1.6543128, -0.9511071, 1.0482283, 0.040993274, -0.1005207],
    [-0.30038428, -1.6375095, -0.96223527, 1.1132283, 0.055778942, -0.13673287],
    [-0.25417897, -1.618121, -0.97507547, 1.1882283, 0.072839327, -0.17851613],
    [-0.20181294, -1.5961474, -0.98962769, 1.2732283, 0.092174431, -0.22587049],
    [-0.14328621, -1.5715887, -1.0058919, 1.3682282, 0.11378425, -0.27879596],
    [-0.080576146, -1.5452745, -1.0233187, 1.4700186, 0.13693868, -0.33550439],
    [-0.017744293, -1.5189093, -1.0407793, 1.5720066, 0.16013808, -0.39232296],
    [0.045087561, -1.4925441, -1.05824, 1.6739946, 0.18333748, -0.44914152],
    [0.10791941, -1.4661788, -1.0757006, 1.7759826, 0.20653688, -0.50596009],
    [0.17075127, -1.4398136, -1.0931612, 1.8779706, 0.22973629, -0.56277865],
    [0.23358312, -1.4134484, -1.1106218, 1.9799586, 0.25293569, -0.61959722],
    [0.29641497, -1.3870831, -1.1280824, 2.0819466, 0.27613509, -0.67641579],
    [0.35924683, -1.3607179, -1.145543, 2.1839346, 0.29933449, -0.73323435],
    [0.42207868, -1.3343527, -1.1630037, 2.2859226, 0.32253389, -0.79005292],
    [0.48491053, -1.3079874, -1.1804643, 2.3879107, 0.34573329, -0.84687148],
    [0.54774239, -1.2816222, -1.1979249, 2.4898987, 0.36893269, -0.90369005],
    [0.61057424, -1.255257, -1.2153855, 2.5918867, 0.39213209, -0.96050862],
    [0.67340609, -1.2288917, -1.2328461, 2.6938747, 0.41533149, -1.0173272],
    [0.73623794, -1.2025265, -1.2503068, 2.7958627, 0.43853089, -1.0741457],
    [0.7990698, -1.1761613, -1.2677674, 2.8978507, 0.46173029, -1.1309643],
    [0.86190165, -1.149796, -1.285228, 2.9998387, 0.48492969, -1.1877829],
    [0.92275333, -1.1242617, -1.3021383, 3.0986125, 0.50739795, -1.2428108],
    [0.97756534, -1.1012617, -1.3173703, 3.1875828, 0.52763618, -1.292377],
    [1.0262166, -1.0808469, -1.3308902, 3.2665531, 0.5455997, -1.3363722],
    [1.0687072, -1.0630172, -1.3426981, 3.3355234, 0.5612885, -1.3747962],
    [1.1050371, -1.0477726, -1.352794, 3.3944937, 0.57470257, -1.4076492],
    [1.1352063, -1.0351131, -1.3611778, 3.4434639, 0.58584194, -1.434931],
    [1.1590312, -1.0245529, -1.3675661, 3.4833921, 0.59660164, -1.456427],
    [1.1772375, -1.0132373, -1.3711071, 3.521145, 0.61614227, -1.4725719],
    [1.1901347, -1.0007208, -1.3717564, 3.5579295, 0.64567863, -1.4836184],
    [1.1965054, -0.98738571, -1.3691227, 3.5920562, 0.68520969, -1.4884544],
    [1.1945372, -0.97394466, -1.3626824, 3.6206899, 0.73423289, -1.4854368],
    [1.1869386, -0.95989878, -1.3534518, 3.6468045, 0.79152482, -1.4770702],
    [1.1780109, -0.9434025, -1.3426091, 3.6774725, 0.85881562, -1.4672406],
    [1.1677563, -0.92445474, -1.3301552, 3.712698, 0.93610641, -1.4559503],
    [1.1561751, -0.90305549, -1.31609, 3.752481, 1.0233972, -1.4431992],
    [1.1432671, -0.87920476, -1.3004134, 3.7968216, 1.120688, -1.4289874],
    [1.1290323, -0.85290253, -1.2831256, 3.8457197, 1.2279788, -1.4133148],
    [1.1134708, -0.82414881, -1.2642264, 3.8991753, 1.3452695, -1.3961814],
    [1.0968739, -0.79348195, -1.2440698, 3.9561877, 1.4703643, -1.3779081],
    [1.0802015, -0.76267562, -1.2238215, 4.0134593, 1.596028, -1.3595516],
    [1.0635292, -0.73186929, -1.2035732, 4.0707309, 1.7216917, -1.3411952],
    [1.0468568, -0.70106296, -1.1833249, 4.1280025, 1.8473554, -1.3228387],
    [1.0301844, -0.67025662, -1.1630766, 4.1852741, 1.9730191, -1.3044823],
    [1.013512, -0.63945029, -1.1428283, 4.2425458, 2.0986828, -1.2861258],
    [0.99683964, -0.60864396, -1.1225799, 4.2998174, 2.2243465, -1.2677694],
    [0.98016726, -0.57783763, -1.1023316, 4.357089, 2.3500103, -1.2494129],
    [0.96349488, -0.54703129, -1.0820833, 4.4143606, 2.475674, -1.2310565],
    [0.9468225, -0.51622496, -1.061835, 4.4716322, 2.6013377, -1.2127],
    [0.93015012, -0.48541863, -1.0415867, 4.5289039, 2.7270014, -1.1943436],
    [0.91347775, -0.4546123, -1.0213384, 4.5861755, 2.8526651, -1.1759872],
    [0.89680537, -0.42380597, -1.0010901, 4.6434471, 2.9783288, -1.1576307],
    [0.88013299, -0.39299963, -0.98084182, 4.7007187, 3.1039925, -1.1392743],
    [0.86346061, -0.3621933, -0.96059352, 4.7579903, 3.2296562, -1.1209178],
    [0.84678823, -0.33138697, -0.94034521, 4.815262, 3.3553199, -1.1025614],
    [0.83011585, -0.30058064, -0.92009691, 4.8725336, 3.4809836, -1.0842049],
    [0.81344348, -0.26977431, -0.8998486, 4.9298052, 3.6066473, -1.0658485],
    [0.7967711, -0.23896797, -0.8796003, 4.9870768, 3.732311, -1.047492],
    [0.78009872, -0.20816164, -0.859352, 5.0443484, 3.8579747, -1.0291356],
    [0.76358281, -0.17764442, -0.83929372, 5.1010826, 3.9824591, -1.0109514],
    [0.74821815, -0.14925443, -0.82063362, 5.153862, 4.0982662, -0.99403476],
    [0.73418024, -0.12331592, -0.80358483, 5.2020839, 4.2040733, -0.97857889],
    [0.72146908, -0.09982891, -0.78814735, 5.2457483, 4.2998804, -0.96458378],
    [0.71008466, -0.078793386, -0.77432118, 5.2848551, 4.3856875, -0.95204942],
    [0.70002698, -0.060209353, -0.76210631, 5.3194045, 4.4614946, -0.94097583],
    [0.69129605, -0.044076809, -0.75150276, 5.3493962, 4.5273017, -0.93136299],
    [0.68389187, -0.030395755, -0.74251051, 5.3748305, 4.5831088, -0.92321091],
    [0.67781443, -0.019166192, -0.73512957, 5.3957072, 4.6289159, -0.9165196],
    [0.67306374, -0.010388118, -0.72935994, 5.4120264, 4.664723, -0.91128904],
    [0.6696398, -0.0040615348, -0.72520162, 5.4237881, 4.69053, -0.90751925],
    [0.6675426, -0.00018644124, -0.72265461, 5.4309922, 4.7063371, -0.90521021],
    [0.66677215, 0.0012371623, -0.72171891, 5.4336388, 4.7121442, -0.90436193],
    [0.66676782, 0.0012451468, -0.72171366, 5.4336537, 4.7121768, -0.90435718]
  ]
}
