{
  "iteration": 181,
  "label": "pre_pick",
  "planning_time_ms": 98.708244,
  "scene": {
    "block_x": 0.29192087,
    "block_y": 0.35937271,
    "bin_x": 0.14716517,
    "bin_y": 0.30602731
  },
  "joint_names": ["shoulder_pan_joint", "shoulder_lift_joint", "elbow_joint", "wrist_1_joint", "wrist_2_joint", "wrist_3_joint"],
  "start_joints": [-0.45137907, -1.7007993, -0.92007313, 0.86787073, -4.912751e-05, 3.1787141e-05],
  "goal_joints": [-5.6773975, 0.14667592, -1.1152101, -0.60341081, 4.712359, -0.96501191],
  "num_waypoints": 91,
  "trajectory": [
    [-0.45137907, -1.7007993, -0.92007313, 0.86787073, -4.912751e-05, 3.1787141e-05],
    [-0.45637907, -1.6990317, -0.92025983, 0.86646308, 0.0044594752, -0.00089151969],
    [-0.47137907, -1.693729, -0.92081992, 0.86224013, 0.017985283, -0.0036614402],
    [-0.49637907, -1.6848911, -0.92175341, 0.85520188, 0.040528297, -0.0082779743],
    [-0.53137907, -1.6725181, -0.92306029, 0.84534832, 0.072088516, -0.014741122],
    [-0.57637907, -1.6566099, -0.92474057, 0.83267947, 0.11266594, -0.023050884],
    [-0.63137907, -1.6371666, -0.92679425, 0.81719531, 0.16226057, -0.033207259],
    [-0.69380984, -1.6150964, -0.92912538, 0.79961917, 0.21855568, -0.044735811],
    [-0.75664169, -1.5928844, -0.93147149, 0.78193011, 0.27521245, -0.056338427],
    [-0.81947355, -1.5706724, -0.9338176, 0.76424105, 0.33186923, -0.067941043],
    [-0.8823054, -1.5484604, -0.93616371, 0.74655199, 0.388526, -0.079543658],
    [-0.94513725, -1.5262484, -0.93850982, 0.72886293, 0.44518277, -0.091146274],
    [-1.0079691, -1.5040364, -0.94085594, 0.71117387, 0.50183955, -0.10274889],
    [-1.070801, -1.4818244, -0.94320205, 0.69348482, 0.55849632, -0.11435151],
    [-1.1336328, -1.4596124, -0.94554816, 0.67579576, 0.61515309, -0.12595412],
    [-1.1964647, -1.4374005, -0.94789427, 0.6581067, 0.67180986, -0.13755674],
    [-1.2592965, -1.4151885, -0.95024038, 0.64041764, 0.72846664, -0.14915935],
    [-1.3221284, -1.3929765, -0.95258649, 0.62272858, 0.78512341, -0.16076197],
    [-1.3849602, -1.3707645, -0.9549326, 0.60503952, 0.84178018, -0.17236459],
    [-1.4477921, -1.3485525, -0.95727871, 0.58735046, 0.89843695, -0.1839672],
    [-1.5106239, -1.3263405, -0.95962483, 0.56966141, 0.95509373, -0.19556982],
    [-1.5734558, -1.3041285, -0.96197094, 0.55197235, 1.0117505, -0.20717243],
    [-1.6362876, -1.2819165, -0.96431705, 0.53428329, 1.0684073, -0.21877505],
    [-1.6991195, -1.2597045, -0.96666316, 0.51659423, 1.125064, -0.23037766],
    [-1.7619513, -1.2374925, -0.96900927, 0.49890517, 1.1817208, -0.24198028],
    [-1.8247832, -1.2152805, -0.97135538, 0.48121611, 1.2383776, -0.2535829],
    [-1.887615, -1.1930685, -0.97370149, 0.46352705, 1.2950344, -0.26518551],
    [-1.9504469, -1.1708565, -0.9760476, 0.445838, 1.3516911, -0.27678813],
    [-2.0132788, -1.1486445, -0.97839371, 0.42814894, 1.4083479, -0.28839074],
    [-2.0761106, -1.1264325, -0.98073983, 0.41045988, 1.4650047, -0.29999336],
    [-2.1389425, -1.1042205, -0.98308594, 0.39277082, 1.5216615, -0.31159597],
    [-2.2017743, -1.0820085, -0.98543205, 0.37508176, 1.5783182, -0.32319859],
    [-2.2646062, -1.0597965, -0.98777816, 0.3573927, 1.634975, -0.33480121],
    [-2.327438, -1.0375846, -0.99012427, 0.33970364, 1.6916318, -0.34640382],
    [-2.3902699, -1.0153726, -0.99247038, 0.32201458, 1.7482885, -0.35800644],
    [-2.4531017, -0.99316057, -0.99481649, 0.30432553, 1.8049453, -0.36960905],
    [-2.5159336, -0.97094857, -0.9971626, 0.28663647, 1.8616021, -0.38121167],
    [-2.5787654, -0.94873658, -0.99950871, 0.26894741, 1.9182589, -0.39281429],
    [-2.6415973, -0.92652458, -1.0018548, 0.25125835, 1.9749156, -0.4044169],
    [-2.7044291, -0.90431259, -1.0042009, 0.23356929, 2.0315724, -0.41601952],
    [-2.767261, -0.88210059, -1.006547, 0.21588023, 2.0882292, -0.42762213],
    [-2.8300928, -0.8598886, -1.0088932, 0.19819117, 2.144886, -0.43922475],
    [-2.8929247, -0.83767661, -1.0112393, 0.18050212, 2.2015427, -0.45082736],
    [-2.9557566, -0.81546461, -1.0135854, 0.16281306, 2.2581995, -0.46242998],
    [-3.0185884, -0.79325262, -1.0159315, 0.145124, 2.3148563, -0.4740326],
    [-3.0814203, -0.77104062, -1.0182776, 0.12743494, 2.371513, -0.48563521],
    [-3.1442521, -0.74882863, -1.0206237, 0.10974588, 2.4281698, -0.49723783],
    [-3.207084, -0.72661663, -1.0229698, 0.092056823, 2.4848266, -0.50884044],
    [-3.2699158, -0.70440464, -1.0253159, 0.074367764, 2.5414834, -0.52044306],
    [-3.3327477, -0.68219264, -1.027662, 0.056678706, 2.5981401, -0.53204568],
    [-3.3955795, -0.65998065, -1.0300082, 0.038989647, 2.6547969, -0.54364829],
    [-3.4584114, -0.63776866, -1.0323543, 0.021300588, 2.7114537, -0.55525091],
    [-3.5212432, -0.61555666, -1.0347004, 0.0036115297, 2.7681104, -0.56685352],
    [-3.5840751, -0.59334467, -1.0370465, -0.014077529, 2.8247672, -0.57845614],
    [-3.6469069, -0.57113267, -1.0393926, -0.031766588, 2.881424, -0.59005875],
    [-3.7097388, -0.54892068, -1.0417387, -0.049455646, 2.9380808, -0.60166137],
    [-3.7725706, -0.52670868, -1.0440848, -0.067144705, 2.9947375, -0.61326399],
    [-3.8354025, -0.50449669, -1.0464309, -0.084833763, 3.0513943, -0.6248666],
    [-3.8982343, -0.4822847, -1.048777, -0.10252282, 3.1080511, -0.63646922],
    [-3.9610662, -0.4600727, -1.0511232, -0.12021188, 3.1647079, -0.64807183],
    [-4.0238981, -0.43786071, -1.0534693, -0.13790094, 3.2213646, -0.65967445],
    [-4.0867299, -0.41564871, -1.0558154, -0.15559, 3.2780214, -0.67127707],
    [-4.1495618, -0.39343672, -1.0581615, -0.17327906, 3.3346782, -0.68287968],
    [-4.2123936, -0.37122472, -1.0605076, -0.19096812, 3.3913349, -0.6944823],
    [-4.2752255, -0.34901273, -1.0628537, -0.20865717, 3.4479917, -0.70608491],
    [-4.3380573, -0.32680074, -1.0651998, -0.22634623, 3.5046485, -0.71768753],
    [-4.4008892, -0.30458874, -1.0675459, -0.24403529, 3.5613053, -0.72929014],
    [-4.463721, -0.28237675, -1.069892, -0.26172435, 3.617962, -0.74089276],
    [-4.5265529, -0.26016475, -1.0722382, -0.27941341, 3.6746188, -0.75249538],
    [-4.5893847, -0.23795276, -1.0745843, -0.29710247, 3.7312756, -0.76409799],
    [-4.6522166, -0.21574076, -1.0769304, -0.31479153, 3.7879324, -0.77570061],
    [-4.7150484, -0.19352877, -1.0792765, -0.33248058, 3.8445891, -0.78730322],
    [-4.7778803, -0.17131677, -1.0816226, -0.35016964, 3.9012459, -0.79890584],
    [-4.8407121, -0.14910478, -1.0839687, -0.3678587, 3.9579027, -0.81050846],
    [-4.903544, -0.12689279, -1.0863148, -0.38554776, 4.0145594, -0.82211107],
    [-4.9663758, -0.10468079, -1.0886609, -0.40323682, 4.0712162, -0.83371369],
    [-5.0292077, -0.082468798, -1.091007, -0.42092588, 4.127873, -0.8453163],
    [-5.0920396, -0.060256803, -1.0933532, -0.43861494, 4.1845298, -0.85691892],
    [-5.1548714, -0.038044809, -1.0956993, -0.45630399, 4.2411865, -0.86852153],
    [-5.2177033, -0.015832814, -1.0980454, -0.47399305, 4.2978433, -0.88012415],
    [-5.2805351, 0.0063791798, -1.1003915, -0.49168211, 4.3545001, -0.89172677],
    [-5.343367, 0.028591174, -1.1027376, -0.50937117, 4.4111569, -0.90332938],
    [-5.4061988, 0.050803169, -1.1050837, -0.52706023, 4.4678136, -0.914932],
    [-5.4690307, 0.073015163, -1.1074298, -0.54474929, 4.5244704, -0.92653461],
    [-5.5284567, 0.094023133, -1.1096488, -0.56147949, 4.578056, -0.9375083],
    [-5.5780352, 0.11154988, -1.1115, -0.57543734, 4.622762, -0.94666354],
    [-5.6176137, 0.12554148, -1.1129778, -0.58657989, 4.6584508, -0.95397216],
    [-5.6471923, 0.13599793, -1.1140823, -0.59490714, 4.6851224, -0.95943417],
    [-5.6667708, 0.14291923, -1.1148133, -0.60041908, 4.7027767, -0.96304957],
    [-5.6763493, 0.14630539, -1.115171, -0.60311573, 4.7114139, -0.96481836],
    [-5.6773975, 0.14667592, -1.1152101, -0.60341081, 4.712359, -0.96501191]
  ]
}
