{
  "iteration": 3,
  "label": "place_above_bin",
  "planning_time_ms": 467.42063,
  "scene": {
    "block_x": 0.12403406,
    "block_y": 0.37443293,
    "bin_x": 0.29016415,
    "bin_y": 0.34603759
  },
  "joint_names": ["shoulder_pan_joint", "shoulder_lift_joint", "elbow_joint", "wrist_1_joint", "wrist_2_joint", "wrist_3_joint"],
  "start_joints": [-1.5490426, -2.066493, -1.6979595, -0.947793, 1.5705347, 0.022274357],
  "goal_joints": [-5.6980228, 0.24822428, -1.2541123, -0.56562278, 4.7117641, -0.98531462],
  "num_waypoints": 74,
  "trajectory": [
    [-1.5490426, -2.066493, -1.6979595, -0.947793, 1.5705347, 0.022274357],
    [-1.5540426, -2.0637035, -1.6974246, -0.94733244, 1.5743202, 0.021060096],
    [-1.5690426, -2.055335, -1.6958199, -0.94595077, 1.5856769, 0.017417313],
    [-1.5940426, -2.0413875, -1.6931455, -0.94364797, 1.6046046, 0.011346008],
    [-1.6290426, -2.021861, -1.6894013, -0.94042406, 1.6311034, 0.002846181],
    [-1.6740426, -1.9967555, -1.6845873, -0.93627902, 1.6651733, -0.008082168],
    [-1.7290426, -1.966071, -1.6787035, -0.93121287, 1.7068143, -0.021439039],
    [-1.7914733, -1.9312408, -1.6720249, -0.92546226, 1.7540812, -0.03660049],
    [-1.8543052, -1.8961869, -1.6653033, -0.9196747, 1.8016517, -0.051859344],
    [-1.917137, -1.861133, -1.6585817, -0.91388714, 1.8492223, -0.067118198],
    [-1.9799689, -1.8260791, -1.6518601, -0.90809958, 1.8967928, -0.082377052],
    [-2.0428008, -1.7910252, -1.6451385, -0.90231203, 1.9443633, -0.097635905],
    [-2.1056326, -1.7559713, -1.6384169, -0.89652447, 1.9919339, -0.11289476],
    [-2.1684645, -1.7209174, -1.6316953, -0.89073691, 2.0395044, -0.12815361],
    [-2.2312963, -1.6858635, -1.6249737, -0.88494935, 2.087075, -0.14341247],
    [-2.2941282, -1.6508096, -1.6182521, -0.87916179, 2.1346455, -0.15867132],
    [-2.35696, -1.6157557, -1.6115306, -0.87337424, 2.1822161, -0.17393017],
    [-2.4197919, -1.5807017, -1.604809, -0.86758668, 2.2297866, -0.18918903],
    [-2.4826237, -1.5456478, -1.5980874, -0.86179912, 2.2773572, -0.20444788],
    [-2.5454556, -1.5105939, -1.5913658, -0.85601156, 2.3249277, -0.21970674],
    [-2.6082874, -1.47554, -1.5846442, -0.85022401, 2.3724983, -0.23496559],
    [-2.6711193, -1.4404861, -1.5779226, -0.84443645, 2.4200688, -0.25022444],
    [-2.7339511, -1.4054322, -1.571201, -0.83864889, 2.4676394, -0.2654833],
    [-2.796783, -1.3703783, -1.5644794, -0.83286133, 2.5152099, -0.28074215],
    [-2.8596148, -1.3353244, -1.5577578, -0.82707377, 2.5627805, -0.29600101],
    [-2.9224467, -1.3002705, -1.5510362, -0.82128622, 2.610351, -0.31125986],
    [-2.9852785, -1.2652166, -1.5443147, -0.81549866, 2.6579216, -0.32651871],
    [-3.0481104, -1.2301626, -1.5375931, -0.8097111, 2.7054921, -0.34177757],
    [-3.1109423, -1.1951087, -1.5308715, -0.80392354, 2.7530627, -0.35703642],
    [-3.1737741, -1.1600548, -1.5241499, -0.79813598, 2.8006332, -0.37229527],
    [-3.236606, -1.1250009, -1.5174283, -0.79234843, 2.8482038, -0.38755413],
    [-3.2994378, -1.089947, -1.5107067, -0.78656087, 2.8957743, -0.40281298],
    [-3.3622697, -1.0548931, -1.5039851, -0.78077331, 2.9433449, -0.41807184],
    [-3.4251015, -1.0198392, -1.4972635, -0.77498575, 2.9909154, -0.43333069],
    [-3.4879334, -0.98478527, -1.4905419, -0.76919819, 3.038486, -0.44858954],
    [-3.5507652, -0.94973136, -1.4838203, -0.76341064, 3.0860565, -0.4638484],
    [-3.6135971, -0.91467745, -1.4770988, -0.75762308, 3.1336271, -0.47910725],
    [-3.6764289, -0.87962354, -1.4703772, -0.75183552, 3.1811976, -0.4943661],
    [-3.7392608, -0.84456963, -1.4636556, -0.74604796, 3.2287682, -0.50962496],
    [-3.8020926, -0.80951572, -1.456934, -0.74026041, 3.2763387, -0.52488381],
    [-3.8649245, -0.77446181, -1.4502124, -0.73447285, 3.3239092, -0.54014267],
    [-3.9277563, -0.7394079, -1.4434908, -0.72868529, 3.3714798, -0.55540152],
    [-3.9905882, -0.70435399, -1.4367692, -0.72289773, 3.4190503, -0.57066037],
    [-4.0534201, -0.66930008, -1.4300476, -0.71711017, 3.4666209, -0.58591923],
    [-4.1162519, -0.63424617, -1.423326, -0.71132262, 3.5141914, -0.60117808],
    [-4.1790838, -0.59919226, -1.4166044, -0.70553506, 3.561762, -0.61643694],
    [-4.2419156, -0.56413835, -1.4098829, -0.6997475, 3.6093325, -0.63169579],
    [-4.3047475, -0.52908444, -1.4031613, -0.69395994, 3.6569031, -0.64695464],
    [-4.3675793, -0.49403053, -1.3964397, -0.68817238, 3.7044736, -0.6622135],
    [-4.4304112, -0.45897662, -1.3897181, -0.68238483, 3.7520442, -0.67747235],
    [-4.493243, -0.42392271, -1.3829965, -0.67659727, 3.7996147, -0.6927312],
    [-4.5560749, -0.3888688, -1.3762749, -0.67080971, 3.8471853, -0.70799006],
    [-4.6189067, -0.35381489, -1.3695533, -0.66502215, 3.8947558, -0.72324891],
    [-4.6817386, -0.31876098, -1.3628317, -0.6592346, 3.9423264, -0.73850777],
    [-4.7445704, -0.28370707, -1.3561101, -0.65344704, 3.9898969, -0.75376662],
    [-4.8074023, -0.24865316, -1.3493885, -0.64765948, 4.0374675, -0.76902547],
    [-4.8702341, -0.21359925, -1.342667, -0.64187192, 4.085038, -0.78428433],
    [-4.933066, -0.17854534, -1.3359454, -0.63608436, 4.1326086, -0.79954318],
    [-4.9958978, -0.14349143, -1.3292238, -0.63029681, 4.1801791, -0.81480203],
    [-5.0587297, -0.10843752, -1.3225022, -0.62450925, 4.2277497, -0.83006089],
    [-5.1215616, -0.073383612, -1.3157806, -0.61872169, 4.2753202, -0.84531974],
    [-5.1843934, -0.038329702, -1.309059, -0.61293413, 4.3228908, -0.8605786],
    [-5.2472253, -0.0032757917, -1.3023374, -0.60714657, 4.3704613, -0.87583745],
    [-5.3100571, 0.031778118, -1.2956158, -0.60135902, 4.4180319, -0.8910963],
    [-5.372889, 0.066832028, -1.2888942, -0.59557146, 4.4656024, -0.90635516],
    [-5.4357208, 0.10188594, -1.2821726, -0.5897839, 4.513173, -0.92161401],
    [-5.4985527, 0.13693985, -1.2754511, -0.58399634, 4.5607435, -0.93687287],
    [-5.5567098, 0.16938572, -1.2692296, -0.57863938, 4.6047748, -0.95099645],
    [-5.6048724, 0.19625564, -1.2640772, -0.57420304, 4.6412391, -0.96269284],
    [-5.6430349, 0.21754655, -1.2599947, -0.57068782, 4.6701323, -0.9719607],
    [-5.6711975, 0.23325846, -1.256982, -0.56809371, 4.6914544, -0.97880005],
    [-5.6893601, 0.24339137, -1.255039, -0.56642072, 4.7052055, -0.98321087],
    [-5.6975227, 0.24794528, -1.2541658, -0.56566885, 4.7113854, -0.98519317],
    [-5.6980228, 0.24822428, -1.2541123, -0.56562278, 4.7117641, -0.98531462]
  ]
}
