{
  "iteration": 276,
  "label": "pre_pick",
  "planning_time_ms": 60.368942,
  "scene": {
    "block_x": 0.23295403,
    "block_y": 0.41106469,
    "bin_x": 0.44098013,
    "bin_y": 0.33110427
  },
  "joint_names": ["shoulder_pan_joint", "shoulder_lift_joint", "elbow_joint", "wrist_1_joint", "wrist_2_joint", "wrist_3_joint"],
  "start_joints": [-0.45128747, -1.7008518, -0.91987975, 0.86779019, 4.8316195e-05, -0.00012349773],
  "goal_joints": [4.4793397, -2.2961761, -1.0434735, 4.9108491, -4.7127977, -0.23289224],
  "num_waypoints": 86,
  "trajectory": [
    [-0.45128747, -1.7008518, -0.91987975, 0.86779019, 4.8316195e-05, -0.00012349773],
    [-0.44628747, -1.7014555, -0.92000508, 0.87189014, -0.0047308385, -0.00035954148],
    [-0.43128747, -1.7032666, -0.92038108, 0.88418997, -0.019068302, -0.0010676727],
    [-0.40628747, -1.7062851, -0.92100775, 0.90468969, -0.042964076, -0.0022478915],
    [-0.37128747, -1.710511, -0.92188507, 0.9333893, -0.076418159, -0.0039001977],
    [-0.32628747, -1.7159443, -0.92301307, 0.97028879, -0.11943055, -0.0060245914],
    [-0.27128747, -1.722585, -0.92439173, 1.0153882, -0.17200125, -0.0086210727],
    [-0.20885669, -1.7301229, -0.92595665, 1.0665807, -0.23167452, -0.011568352],
    [-0.14602484, -1.7377093, -0.92753163, 1.1181021, -0.29173115, -0.014534565],
    [-0.083192985, -1.7452956, -0.9291066, 1.1696235, -0.35178778, -0.017500778],
    [-0.020361132, -1.7528819, -0.93068158, 1.2211449, -0.4118444, -0.020466991],
    [0.042470721, -1.7604682, -0.93225656, 1.2726664, -0.47190103, -0.023433204],
    [0.10530257, -1.7680545, -0.93383153, 1.3241878, -0.53195766, -0.026399418],
    [0.16813443, -1.7756409, -0.93540651, 1.3757092, -0.59201429, -0.029365631],
    [0.23096628, -1.7832272, -0.93698149, 1.4272306, -0.65207092, -0.032331844],
    [0.29379813, -1.7908135, -0.93855646, 1.478752, -0.71212755, -0.035298057],
    [0.35662999, -1.7983998, -0.94013144, 1.5302734, -0.77218418, -0.038264271],
    [0.41946184, -1.8059861, -0.94170642, 1.5817948, -0.83224081, -0.041230484],
    [0.48229369, -1.8135725, -0.94328139, 1.6333163, -0.89229743, -0.044196697],
    [0.54512555, -1.8211588, -0.94485637, 1.6848377, -0.95235406, -0.04716291],
    [0.6079574, -1.8287451, -0.94643135, 1.7363591, -1.0124107, -0.050129123],
    [0.67078925, -1.8363314, -0.94800632, 1.7878805, -1.0724673, -0.053095337],
    [0.7336211, -1.8439178, -0.9495813, 1.8394019, -1.1325239, -0.05606155],
    [0.79645296, -1.8515041, -0.95115628, 1.8909233, -1.1925806, -0.059027763],
    [0.85928481, -1.8590904, -0.95273125, 1.9424447, -1.2526372, -0.061993976],
    [0.92211666, -1.8666767, -0.95430623, 1.9939661, -1.3126938, -0.06496019],
    [0.98494852, -1.874263, -0.95588121, 2.0454876, -1.3727505, -0.067926403],
    [1.0477804, -1.8818494, -0.95745618, 2.097009, -1.4328071, -0.070892616],
    [1.1106122, -1.8894357, -0.95903116, 2.1485304, -1.4928637, -0.073858829],
    [1.1734441, -1.897022, -0.96060614, 2.2000518, -1.5529204, -0.076825042],
    [1.2362759, -1.9046083, -0.96218111, 2.2515732, -1.612977, -0.079791256],
    [1.2991078, -1.9121947, -0.96375609, 2.3030946, -1.6730336, -0.082757469],
    [1.3619396, -1.919781, -0.96533107, 2.354616, -1.7330902, -0.085723682],
    [1.4247715, -1.9273673, -0.96690604, 2.4061375, -1.7931469, -0.088689895],
    [1.4876033, -1.9349536, -0.96848102, 2.4576589, -1.8532035, -0.091656109],
    [1.5504352, -1.9425399, -0.970056, 2.5091803, -1.9132601, -0.094622322],
    [1.613267, -1.9501263, -0.97163097, 2.5607017, -1.9733168, -0.097588535],
    [1.6760989, -1.9577126, -0.97320595, 2.6122231, -2.0333734, -0.10055475],
    [1.7389308, -1.9652989, -0.97478093, 2.6637445, -2.09343, -0.10352096],
    [1.8017626, -1.9728852, -0.9763559, 2.7152659, -2.1534866, -0.10648717],
    [1.8645945, -1.9804716, -0.97793088, 2.7667873, -2.2135433, -0.10945339],
    [1.9274263, -1.9880579, -0.97950586, 2.8183088, -2.2735999, -0.1124196],
    [1.9902582, -1.9956442, -0.98108083, 2.8698302, -2.3336565, -0.11538581],
    [2.05309, -2.0032305, -0.98265581, 2.9213516, -2.3937132, -0.11835203],
    [2.1159219, -2.0108168, -0.98423079, 2.972873, -2.4537698, -0.12131824],
    [2.1787537, -2.0184032, -0.98580576, 3.0243944, -2.5138264, -0.12428445],
    [2.2415856, -2.0259895, -0.98738074, 3.0759158, -2.573883, -0.12725067],
    [2.3044174, -2.0335758, -0.98895572, 3.1274372, -2.6339397, -0.13021688],
    [2.3672493, -2.0411621, -0.99053069, 3.1789587, -2.6939963, -0.13318309],
    [2.4300811, -2.0487485, -0.99210567, 3.2304801, -2.7540529, -0.13614931],
    [2.492913, -2.0563348, -0.99368065, 3.2820015, -2.8141096, -0.13911552],
    [2.5557448, -2.0639211, -0.99525562, 3.3335229, -2.8741662, -0.14208173],
    [2.6185767, -2.0715074, -0.9968306, 3.3850443, -2.9342228, -0.14504795],
    [2.6814085, -2.0790937, -0.99840558, 3.4365657, -2.9942794, -0.14801416],
    [2.7442404, -2.0866801, -0.99998055, 3.4880871, -3.0543361, -0.15098037],
    [2.8070723, -2.0942664, -1.0015555, 3.5396085, -3.1143927, -0.15394659],
    [2.8699041, -2.1018527, -1.0031305, 3.59113, -3.1744493, -0.1569128],
    [2.932736, -2.109439, -1.0047055, 3.6426514, -3.234506, -0.15987901],
    [2.9955678, -2.1170254, -1.0062805, 3.6941728, -3.2945626, -0.16284523],
    [3.0583997, -2.1246117, -1.0078554, 3.7456942, -3.3546192, -0.16581144],
    [3.1212315, -2.132198, -1.0094304, 3.7972156, -3.4146758, -0.16877765],
    [3.1840634, -2.1397843, -1.0110054, 3.848737, -3.4747325, -0.17174387],
    [3.2468952, -2.1473706, -1.0125804, 3.9002584, -3.5347891, -0.17471008],
    [3.3097271, -2.154957, -1.0141553, 3.9517798, -3.5948457, -0.17767629],
    [3.3725589, -2.1625433, -1.0157303, 4.0033013, -3.6549024, -0.18064251],
    [3.4353908, -2.1701296, -1.0173053, 4.0548227, -3.714959, -0.18360872],
    [3.4982226, -2.1777159, -1.0188803, 4.1063441, -3.7750156, -0.18657493],
    [3.5610545, -2.1853023, -1.0204552, 4.1578655, -3.8350722, -0.18954115],
    [3.6238863, -2.1928886, -1.0220302, 4.2093869, -3.8951289, -0.19250736],
    [3.6867182, -2.2004749, -1.0236052, 4.2609083, -3.9551855, -0.19547357],
    [3.7495501, -2.2080612, -1.0251802, 4.3124297, -4.0152421, -0.19843978],
    [3.8123819, -2.2156475, -1.0267552, 4.3639512, -4.0752988, -0.201406],
    [3.8752138, -2.2232339, -1.0283301, 4.4154726, -4.1353554, -0.20437221],
    [3.9380456, -2.2308202, -1.0299051, 4.466994, -4.195412, -0.20733842],
    [4.0008775, -2.2384065, -1.0314801, 4.5185154, -4.2554686, -0.21030464],
    [4.0637093, -2.2459928, -1.0330551, 4.5700368, -4.3155253, -0.21327085],
    [4.1265412, -2.2535792, -1.03463, 4.6215582, -4.3755819, -0.21623706],
    [4.189373, -2.2611655, -1.036205, 4.6730796, -4.4356385, -0.21920328],
    [4.2522049, -2.2687518, -1.03778, 4.724601, -4.4956952, -0.22216949],
    [4.31365, -2.2761707, -1.0393202, 4.7749854, -4.5544263, -0.22507024],
    [4.3662156, -2.2825175, -1.0406378, 4.8180886, -4.6046701, -0.22755179],
    [4.4087812, -2.2876568, -1.0417048, 4.8529918, -4.6453556, -0.22956126],
    [4.4413467, -2.2915888, -1.0425211, 4.8796952, -4.6764828, -0.23109864],
    [4.4639123, -2.2943134, -1.0430868, 4.8981987, -4.6980516, -0.23216393],
    [4.4764778, -2.2958305, -1.0434017, 4.9085024, -4.7100622, -0.23275714],
    [4.4793397, -2.2961761, -1.0434735, 4.9108491, -4.7127977, -0.23289224]
  ]
}
