{
  "iteration": 115,
  "label": "pre_pick",
  "planning_time_ms": 186.63236,
  "scene": {
    "block_x": 0.21830969,
    "block_y": 0.48312236,
    "bin_x": 0.32952687,
    "bin_y": 0.33159528
  },
  "joint_names": ["shoulder_pan_joint", "shoulder_lift_joint", "elbow_joint", "wrist_1_joint", "wrist_2_joint", "wrist_3_joint"],
  "start_joints": [-0.45128567, -1.7008362, -0.92075743, 0.86890453, -0.00010077316, -0.0005310602],
  "goal_joints": [-5.3817478, -0.37204217, 0.12715561, -1.3256341, -1.5713579, -0.66939094],
  "num_waypoints": 86,
  "trajectory": [
    [-0.45128567, -1.7008362, -0.92075743, 0.86890453, -0.00010077316, -0.0005310602],
    [-0.45628567, -1.6994886, -0.91969473, 0.86667904, -0.0016941909, -0.0012093535],
    [-0.47128567, -1.695446, -0.91650666, 0.86000257, -0.0064744442, -0.0032442334],
    [-0.49628567, -1.6887083, -0.91119319, 0.84887512, -0.014441533, -0.0066356999],
    [-0.53128567, -1.6792756, -0.90375435, 0.83329669, -0.025595457, -0.011383753],
    [-0.57628567, -1.6671478, -0.89419011, 0.81326728, -0.039936217, -0.017488393],
    [-0.63128567, -1.6523249, -0.88250049, 0.7887869, -0.057463812, -0.024949619],
    [-0.69371644, -1.6354994, -0.86923155, 0.76099908, -0.077359473, -0.033418894],
    [-0.75654829, -1.6185658, -0.85587736, 0.73303275, -0.097382951, -0.041942579],
    [-0.81938015, -1.6016321, -0.84252318, 0.70506642, -0.11740643, -0.050466264],
    [-0.882212, -1.5846985, -0.82916899, 0.6771001, -0.13742991, -0.058989949],
    [-0.94504385, -1.5677649, -0.8158148, 0.64913377, -0.15745338, -0.067513635],
    [-1.0078757, -1.5508313, -0.80246061, 0.62116744, -0.17747686, -0.07603732],
    [-1.0707076, -1.5338976, -0.78910642, 0.59320111, -0.19750034, -0.084561005],
    [-1.1335394, -1.516964, -0.77575224, 0.56523478, -0.21752382, -0.09308469],
    [-1.1963713, -1.5000304, -0.76239805, 0.53726845, -0.2375473, -0.10160837],
    [-1.2592031, -1.4830968, -0.74904386, 0.50930212, -0.25757077, -0.11013206],
    [-1.322035, -1.4661631, -0.73568967, 0.48133579, -0.27759425, -0.11865574],
    [-1.3848668, -1.4492295, -0.72233548, 0.45336946, -0.29761773, -0.12717943],
    [-1.4476987, -1.4322959, -0.7089813, 0.42540313, -0.31764121, -0.13570311],
    [-1.5105305, -1.4153623, -0.69562711, 0.3974368, -0.33766469, -0.1442268],
    [-1.5733624, -1.3984286, -0.68227292, 0.36947047, -0.35768816, -0.15275048],
    [-1.6361942, -1.381495, -0.66891873, 0.34150414, -0.37771164, -0.16127417],
    [-1.6990261, -1.3645614, -0.65556454, 0.31353781, -0.39773512, -0.16979785],
    [-1.7618579, -1.3476278, -0.64221036, 0.28557148, -0.4177586, -0.17832154],
    [-1.8246898, -1.3306942, -0.62885617, 0.25760515, -0.43778208, -0.18684522],
    [-1.8875216, -1.3137605, -0.61550198, 0.22963882, -0.45780555, -0.19536891],
    [-1.9503535, -1.2968269, -0.60214779, 0.20167249, -0.47782903, -0.20389259],
    [-2.0131854, -1.2798933, -0.5887936, 0.17370616, -0.49785251, -0.21241628],
    [-2.0760172, -1.2629597, -0.57543941, 0.14573983, -0.51787599, -0.22093997],
    [-2.1388491, -1.246026, -0.56208523, 0.1177735, -0.53789947, -0.22946365],
    [-2.2016809, -1.2290924, -0.54873104, 0.08980717, -0.55792294, -0.23798734],
    [-2.2645128, -1.2121588, -0.53537685, 0.061840841, -0.57794642, -0.24651102],
    [-2.3273446, -1.1952252, -0.52202266, 0.033874511, -0.5979699, -0.25503471],
    [-2.3901765, -1.1782915, -0.50866847, 0.0059081811, -0.61799338, -0.26355839],
    [-2.4530083, -1.1613579, -0.49531429, -0.022058149, -0.63801686, -0.27208208],
    [-2.5158402, -1.1444243, -0.4819601, -0.050024478, -0.65804033, -0.28060576],
    [-2.578672, -1.1274907, -0.46860591, -0.077990808, -0.67806381, -0.28912945],
    [-2.6415039, -1.110557, -0.45525172, -0.10595714, -0.69808729, -0.29765313],
    [-2.7043357, -1.0936234, -0.44189753, -0.13392347, -0.71811077, -0.30617682],
    [-2.7671676, -1.0766898, -0.42854335, -0.1618898, -0.73813425, -0.3147005],
    [-2.8299994, -1.0597562, -0.41518916, -0.18985613, -0.75815772, -0.32322419],
    [-2.8928313, -1.0428226, -0.40183497, -0.21782246, -0.7781812, -0.33174787],
    [-2.9556632, -1.0258889, -0.38848078, -0.24578879, -0.79820468, -0.34027156],
    [-3.018495, -1.0089553, -0.37512659, -0.27375512, -0.81822816, -0.34879524],
    [-3.0813269, -0.99202168, -0.36177241, -0.30172145, -0.83825164, -0.35731893],
    [-3.1441587, -0.97508806, -0.34841822, -0.32968778, -0.85827511, -0.36584261],
    [-3.2069906, -0.95815444, -0.33506403, -0.35765411, -0.87829859, -0.3743663],
    [-3.2698224, -0.94122081, -0.32170984, -0.38562044, -0.89832207, -0.38288998],
    [-3.3326543, -0.92428719, -0.30835565, -0.41358677, -0.91834555, -0.39141367],
    [-3.3954861, -0.90735356, -0.29500147, -0.44155309, -0.93836903, -0.39993735],
    [-3.458318, -0.89041994, -0.28164728, -0.46951942, -0.9583925, -0.40846104],
    [-3.5211498, -0.87348632, -0.26829309, -0.49748575, -0.97841598, -0.41698472],
    [-3.5839817, -0.85655269, -0.2549389, -0.52545208, -0.99843946, -0.42550841],
    [-3.6468135, -0.83961907, -0.24158471, -0.55341841, -1.0184629, -0.43403209],
    [-3.7096454, -0.82268545, -0.22823053, -0.58138474, -1.0384864, -0.44255578],
    [-3.7724772, -0.80575182, -0.21487634, -0.60935107, -1.0585099, -0.45107946],
    [-3.8353091, -0.7888182, -0.20152215, -0.6373174, -1.0785334, -0.45960315],
    [-3.8981409, -0.77188458, -0.18816796, -0.66528373, -1.0985568, -0.46812683],
    [-3.9609728, -0.75495095, -0.17481377, -0.69325006, -1.1185803, -0.47665052],
    [-4.0238047, -0.73801733, -0.16145959, -0.72121639, -1.1386038, -0.4851742],
    [-4.0866365, -0.72108371, -0.1481054, -0.74918272, -1.1586273, -0.49369789],
    [-4.1494684, -0.70415008, -0.13475121, -0.77714905, -1.1786508, -0.50222157],
    [-4.2123002, -0.68721646, -0.12139702, -0.80511538, -1.1986742, -0.51074526],
    [-4.2751321, -0.67028284, -0.10804283, -0.83308171, -1.2186977, -0.51926894],
    [-4.3379639, -0.65334921, -0.094688646, -0.86104804, -1.2387212, -0.52779263],
    [-4.4007958, -0.63641559, -0.081334458, -0.88901437, -1.2587447, -0.53631631],
    [-4.4636276, -0.61948197, -0.06798027, -0.9169807, -1.2787682, -0.54484],
    [-4.5264595, -0.60254834, -0.054626082, -0.94494703, -1.2987916, -0.55336368],
    [-4.5892913, -0.58561472, -0.041271894, -0.97291336, -1.3188151, -0.56188737],
    [-4.6521232, -0.5686811, -0.027917706, -1.0008797, -1.3388386, -0.57041105],
    [-4.714955, -0.55174747, -0.014563518, -1.028846, -1.3588621, -0.57893474],
    [-4.7777869, -0.53481385, -0.0012093298, -1.0568123, -1.3788855, -0.58745842],
    [-4.8406187, -0.51788023, 0.012144858, -1.0847787, -1.398909, -0.59598211],
    [-4.9034506, -0.5009466, 0.025499046, -1.112745, -1.4189325, -0.60450579],
    [-4.9662824, -0.48401298, 0.038853234, -1.1407113, -1.438956, -0.61302948],
    [-5.0291143, -0.46707935, 0.052207422, -1.1686777, -1.4589795, -0.62155316],
    [-5.0919462, -0.45014573, 0.06556161, -1.196644, -1.4790029, -0.63007685],
    [-5.154778, -0.43321211, 0.078915798, -1.2246103, -1.4990264, -0.63860053],
    [-5.2162093, -0.41665595, 0.091972313, -1.2519533, -1.5186035, -0.64693422],
    [-5.2687486, -0.40249624, 0.10313893, -1.2753384, -1.535347, -0.65406163],
    [-5.3112879, -0.39103161, 0.11218017, -1.2942725, -1.5489035, -0.65983245],
    [-5.3438271, -0.38226204, 0.11909602, -1.3087557, -1.5592733, -0.66424668],
    [-5.3663664, -0.37618755, 0.12388649, -1.3187879, -1.5664562, -0.66730433],
    [-5.3789057, -0.37280812, 0.12655157, -1.3243691, -1.5704522, -0.6690054],
    [-5.3817478, -0.37204217, 0.12715561, -1.3256341, -1.5713579, -0.66939094]
  ]
}
