{
  "iteration": 759,
  "label": "pre_pick",
  "planning_time_ms": 60.315321,
  "scene": {
    "block_x": 0.17288068,
    "block_y": 0.38969207,
    "bin_x": 0.27961035,
    "bin_y": 0.31448743
  },
  "joint_names": ["shoulder_pan_joint", "shoulder_lift_joint", "elbow_joint", "wrist_1_joint", "wrist_2_joint", "wrist_3_joint"],
  "start_joints": [-0.45128648, -1.7009313, -0.9203842, 0.86847015, -8.2703396e-05, -0.0001739769],
  "goal_joints": [-1.674544, -3.3669365, 1.3752941, 3.5627398, -4.7119226, -0.10422904],
  "num_waypoints": 52,
  "trajectory": [
    [-0.45128648, -1.7009313, -0.9203842, 0.86847015, -8.2703396e-05, -0.0001739769],
    [-0.45258455, -1.7026992, -0.91794812, 0.87132919, -0.0050827034, -0.00028439562],
    [-0.45647875, -1.7080029, -0.9106399, 0.87990632, -0.020082703, -0.00061565177],
    [-0.46296909, -1.7168423, -0.89845953, 0.89420153, -0.045082703, -0.0011677454],
    [-0.47205557, -1.7292176, -0.88140701, 0.91421482, -0.080082703, -0.0019406764],
    [-0.48373818, -1.7451286, -0.85948234, 0.9399462, -0.1250827, -0.0029344449],
    [-0.49801692, -1.7645754, -0.83268553, 0.97139566, -0.1800827, -0.0041490508],
    [-0.5148918, -1.787558, -0.80101657, 1.0085632, -0.2450827, -0.005584494],
    [-0.53436282, -1.8140764, -0.76447546, 1.0514488, -0.32008269, -0.0072407747],
    [-0.55642997, -1.8441306, -0.7230622, 1.1000525, -0.40508269, -0.0091178927],
    [-0.58109325, -1.8777205, -0.6767768, 1.1543743, -0.50008267, -0.011215848],
    [-0.60835267, -1.9148463, -0.62561925, 1.2144142, -0.60508265, -0.013534641],
    [-0.63820822, -1.9555078, -0.56958956, 1.2801722, -0.72008263, -0.016074271],
    [-0.6704158, -1.9993726, -0.50914583, 1.3511105, -0.84414233, -0.018813973],
    [-0.7030398, -2.0438046, -0.44792061, 1.4229661, -0.96980603, -0.021589098],
    [-0.73566381, -2.0882366, -0.38669539, 1.4948217, -1.0954697, -0.024364223],
    [-0.76828781, -2.1326686, -0.32547017, 1.5666772, -1.2211334, -0.027139349],
    [-0.80091181, -2.1771006, -0.26424495, 1.6385328, -1.3467972, -0.029914474],
    [-0.83353581, -2.2215325, -0.20301973, 1.7103884, -1.4724609, -0.032689599],
    [-0.86615981, -2.2659645, -0.1417945, 1.7822439, -1.5981246, -0.035464724],
    [-0.89878381, -2.3103965, -0.080569283, 1.8540995, -1.7237883, -0.038239849],
    [-0.93140782, -2.3548285, -0.019344062, 1.9259551, -1.849452, -0.041014974],
    [-0.96403182, -2.3992605, 0.041881159, 1.9978106, -1.9751157, -0.043790099],
    [-0.99665582, -2.4436924, 0.10310638, 2.0696662, -2.1007794, -0.046565224],
    [-1.0292798, -2.4881244, 0.1643316, 2.1415217, -2.2264431, -0.049340349],
    [-1.0619038, -2.5325564, 0.22555682, 2.2133773, -2.3521068, -0.052115474],
    [-1.0945278, -2.5769884, 0.28678204, 2.2852329, -2.4777705, -0.054890599],
    [-1.1271518, -2.6214204, 0.34800727, 2.3570884, -2.6034342, -0.057665724],
    [-1.1597758, -2.6658524, 0.40923249, 2.428944, -2.7290979, -0.060440849],
    [-1.1923998, -2.7102843, 0.47045771, 2.5007996, -2.8547616, -0.063215975],
    [-1.2250238, -2.7547163, 0.53168293, 2.5726551, -2.9804253, -0.0659911],
    [-1.2576478, -2.7991483, 0.59290815, 2.6445107, -3.106089, -0.068766225],
    [-1.2902718, -2.8435803, 0.65413337, 2.7163663, -3.2317527, -0.07154135],
    [-1.3228958, -2.8880123, 0.71535859, 2.7882218, -3.3574165, -0.074316475],
    [-1.3555198, -2.9324442, 0.77658381, 2.8600774, -3.4830802, -0.0770916],
    [-1.3881438, -2.9768762, 0.83780904, 2.9319329, -3.6087439, -0.079866725],
    [-1.4207678, -3.0213082, 0.89903426, 3.0037885, -3.7344076, -0.08264185],
    [-1.4533918, -3.0657402, 0.96025948, 3.0756441, -3.8600713, -0.085416975],
    [-1.4856856, -3.1097224, 1.020865, 3.1467723, -3.984463, -0.088164011],
    [-1.5157022, -3.1506032, 1.0771968, 3.2128848, -4.1000831, -0.090717334],
    [-1.5431226, -3.1879482, 1.1286564, 3.2732793, -4.2057031, -0.09304982],
    [-1.5679468, -3.2217573, 1.1752439, 3.3279556, -4.3013231, -0.095161468],
    [-1.5901749, -3.2520307, 1.2169593, 3.3769138, -4.3869432, -0.097052279],
    [-1.6098069, -3.2787684, 1.2538025, 3.420154, -4.4625632, -0.098722252],
    [-1.6268428, -3.3019702, 1.2857735, 3.4576761, -4.5281832, -0.10017139],
    [-1.6412825, -3.3216362, 1.3128724, 3.4894801, -4.5838032, -0.10139969],
    [-1.6531261, -3.3377665, 1.3350992, 3.515566, -4.6294233, -0.10240715],
    [-1.6623735, -3.350361, 1.3524538, 3.5359338, -4.6650433, -0.10319377],
    [-1.6690248, -3.3594197, 1.3649362, 3.5505836, -4.6906633, -0.10375956],
    [-1.67308, -3.3649426, 1.3725466, 3.5595153, -4.7062834, -0.10410451],
    [-1.674539, -3.3669297, 1.3752847, 3.5627288, -4.7119034, -0.10422862],
    [-1.674544, -3.3669365, 1.3752941, 3.5627398, -4.7119226, -0.10422904]
  ]
}
