{
  "iteration": 700,
  "label": "pre_pick",
  "planning_time_ms": 57.273671,
  "scene": {
    "block_x": 0.33476985,
    "block_y": 0.38540023,
    "bin_x": 0.19126114,
    "bin_y": 0.37088053
  },
  "joint_names": ["shoulder_pan_joint", "shoulder_lift_joint", "elbow_joint", "wrist_1_joint", "wrist_2_joint", "wrist_3_joint"],
  "start_joints": [-0.45125155, -1.7008321, -0.91992971, 0.86789993, 9.5346207e-05, 3.3198542e-05],
  "goal_joints": [-5.6837123, -0.61973549, 0.6249308, -1.5752681, 4.7129201, -0.97188706],
  "num_waypoints": 91,
  "trajectory": [
    [-0.45125155, -1.7008321, -0.91992971, 0.86789993, 9.5346207e-05, 3.3198542e-05],
    [-0.45625155, -1.6997991, -0.91845348, 0.86556531, 0.0045987959, -0.00089554255],
    [-0.47125155, -1.6966999, -0.9140248, 0.85856143, 0.018109145, -0.0036817658],
    [-0.49625155, -1.6915345, -0.90664366, 0.84688829, 0.040626394, -0.0083254713],
    [-0.53125155, -1.6843031, -0.89631007, 0.83054591, 0.072150542, -0.014826659],
    [-0.57625155, -1.6750055, -0.88302402, 0.80953427, 0.11268159, -0.023185329],
    [-0.63125155, -1.6636417, -0.86678552, 0.78385339, 0.16221954, -0.033401481],
    [-0.69368233, -1.6507427, -0.84835311, 0.75470288, 0.21845031, -0.044997886],
    [-0.75651418, -1.6377608, -0.82980229, 0.7253651, 0.27504233, -0.056668791],
    [-0.81934604, -1.6247789, -0.81125147, 0.69602732, 0.33163434, -0.068339695],
    [-0.88217789, -1.611797, -0.79270065, 0.66668954, 0.38822636, -0.0800106],
    [-0.94500974, -1.5988151, -0.77414983, 0.63735176, 0.44481838, -0.091681505],
    [-1.0078416, -1.5858332, -0.755599, 0.60801398, 0.5014104, -0.10335241],
    [-1.0706734, -1.5728513, -0.73704818, 0.5786762, 0.55800242, -0.11502331],
    [-1.1335053, -1.5598694, -0.71849736, 0.54933842, 0.61459444, -0.12669422],
    [-1.1963372, -1.5468874, -0.69994654, 0.52000065, 0.67118645, -0.13836512],
    [-1.259169, -1.5339055, -0.68139572, 0.49066287, 0.72777847, -0.15003603],
    [-1.3220009, -1.5209236, -0.66284489, 0.46132509, 0.78437049, -0.16170693],
    [-1.3848327, -1.5079417, -0.64429407, 0.43198731, 0.84096251, -0.17337784],
    [-1.4476646, -1.4949598, -0.62574325, 0.40264953, 0.89755453, -0.18504874],
    [-1.5104964, -1.4819779, -0.60719243, 0.37331175, 0.95414655, -0.19671965],
    [-1.5733283, -1.468996, -0.5886416, 0.34397397, 1.0107386, -0.20839055],
    [-1.6361601, -1.4560141, -0.57009078, 0.31463619, 1.0673306, -0.22006146],
    [-1.698992, -1.4430322, -0.55153996, 0.28529841, 1.1239226, -0.23173236],
    [-1.7618238, -1.4300503, -0.53298914, 0.25596063, 1.1805146, -0.24340327],
    [-1.8246557, -1.4170684, -0.51443832, 0.22662285, 1.2371066, -0.25507417],
    [-1.8874875, -1.4040865, -0.49588749, 0.19728507, 1.2936987, -0.26674508],
    [-1.9503194, -1.3911046, -0.47733667, 0.16794729, 1.3502907, -0.27841598],
    [-2.0131512, -1.3781227, -0.45878585, 0.13860951, 1.4068827, -0.29008688],
    [-2.0759831, -1.3651408, -0.44023503, 0.10927174, 1.4634747, -0.30175779],
    [-2.1388149, -1.3521589, -0.4216842, 0.079933956, 1.5200667, -0.31342869],
    [-2.2016468, -1.339177, -0.40313338, 0.050596177, 1.5766587, -0.3250996],
    [-2.2644787, -1.3261951, -0.38458256, 0.021258397, 1.6332508, -0.3367705],
    [-2.3273105, -1.3132132, -0.36603174, -0.0080793819, 1.6898428, -0.34844141],
    [-2.3901424, -1.3002313, -0.34748092, -0.037417161, 1.7464348, -0.36011231],
    [-2.4529742, -1.2872494, -0.32893009, -0.06675494, 1.8030268, -0.37178322],
    [-2.5158061, -1.2742675, -0.31037927, -0.09609272, 1.8596188, -0.38345412],
    [-2.5786379, -1.2612855, -0.29182845, -0.1254305, 1.9162109, -0.39512503],
    [-2.6414698, -1.2483036, -0.27327763, -0.15476828, 1.9728029, -0.40679593],
    [-2.7043016, -1.2353217, -0.25472681, -0.18410606, 2.0293949, -0.41846684],
    [-2.7671335, -1.2223398, -0.23617598, -0.21344384, 2.0859869, -0.43013774],
    [-2.8299653, -1.2093579, -0.21762516, -0.24278162, 2.1425789, -0.44180865],
    [-2.8927972, -1.196376, -0.19907434, -0.2721194, 2.1991709, -0.45347955],
    [-2.955629, -1.1833941, -0.18052352, -0.30145717, 2.255763, -0.46515046],
    [-3.0184609, -1.1704122, -0.16197269, -0.33079495, 2.312355, -0.47682136],
    [-3.0812927, -1.1574303, -0.14342187, -0.36013273, 2.368947, -0.48849227],
    [-3.1441246, -1.1444484, -0.12487105, -0.38947051, 2.425539, -0.50016317],
    [-3.2069565, -1.1314665, -0.10632023, -0.41880829, 2.482131, -0.51183407],
    [-3.2697883, -1.1184846, -0.087769406, -0.44814607, 2.5387231, -0.52350498],
    [-3.3326202, -1.1055027, -0.069218584, -0.47748385, 2.5953151, -0.53517588],
    [-3.395452, -1.0925208, -0.050667761, -0.50682163, 2.6519071, -0.54684679],
    [-3.4582839, -1.0795389, -0.032116939, -0.53615941, 2.7084991, -0.55851769],
    [-3.5211157, -1.066557, -0.013566117, -0.56549719, 2.7650911, -0.5701886],
    [-3.5839476, -1.0535751, 0.0049847052, -0.59483497, 2.8216831, -0.5818595],
    [-3.6467794, -1.0405932, 0.023535527, -0.62417275, 2.8782752, -0.59353041],
    [-3.7096113, -1.0276113, 0.042086349, -0.65351053, 2.9348672, -0.60520131],
    [-3.7724431, -1.0146294, 0.060637172, -0.68284831, 2.9914592, -0.61687222],
    [-3.835275, -1.0016475, 0.079187994, -0.71218608, 3.0480512, -0.62854312],
    [-3.8981068, -0.98866555, 0.097738816, -0.74152386, 3.1046432, -0.64021403],
    [-3.9609387, -0.97568365, 0.11628964, -0.77086164, 3.1612353, -0.65188493],
    [-4.0237705, -0.96270174, 0.13484046, -0.80019942, 3.2178273, -0.66355584],
    [-4.0866024, -0.94971984, 0.15339128, -0.8295372, 3.2744193, -0.67522674],
    [-4.1494342, -0.93673793, 0.1719421, -0.85887498, 3.3310113, -0.68689765],
    [-4.2122661, -0.92375603, 0.19049293, -0.88821276, 3.3876033, -0.69856855],
    [-4.275098, -0.91077412, 0.20904375, -0.91755054, 3.4441954, -0.71023946],
    [-4.3379298, -0.89779222, 0.22759457, -0.94688832, 3.5007874, -0.72191036],
    [-4.4007617, -0.88481031, 0.24614539, -0.9762261, 3.5573794, -0.73358126],
    [-4.4635935, -0.87182841, 0.26469622, -1.0055639, 3.6139714, -0.74525217],
    [-4.5264254, -0.85884651, 0.28324704, -1.0349017, 3.6705634, -0.75692307],
    [-4.5892572, -0.8458646, 0.30179786, -1.0642394, 3.7271554, -0.76859398],
    [-4.6520891, -0.8328827, 0.32034868, -1.0935772, 3.7837475, -0.78026488],
    [-4.7149209, -0.81990079, 0.3388995, -1.122915, 3.8403395, -0.79193579],
    [-4.7777528, -0.80691889, 0.35745033, -1.1522528, 3.8969315, -0.80360669],
    [-4.8405846, -0.79393698, 0.37600115, -1.1815906, 3.9535235, -0.8152776],
    [-4.9034165, -0.78095508, 0.39455197, -1.2109283, 4.0101155, -0.8269485],
    [-4.9662483, -0.76797317, 0.41310279, -1.2402661, 4.0667076, -0.83861941],
    [-5.0290802, -0.75499127, 0.43165362, -1.2696039, 4.1232996, -0.85029031],
    [-5.091912, -0.74200936, 0.45020444, -1.2989417, 4.1798916, -0.86196122],
    [-5.1547439, -0.72902746, 0.46875526, -1.3282794, 4.2364836, -0.87363212],
    [-5.2175758, -0.71604555, 0.48730608, -1.3576172, 4.2930756, -0.88530303],
    [-5.2804076, -0.70306365, 0.5058569, -1.386955, 4.3496676, -0.89697393],
    [-5.3432395, -0.69008175, 0.52440773, -1.4162928, 4.4062597, -0.90864484],
    [-5.4060713, -0.67709984, 0.54295855, -1.4456306, 4.4628517, -0.92031574],
    [-5.4689032, -0.66411794, 0.56150937, -1.4749683, 4.5194437, -0.93198664],
    [-5.5291228, -0.65167575, 0.57928895, -1.5030864, 4.5736829, -0.94317234],
    [-5.5797267, -0.64122031, 0.59422952, -1.5267146, 4.6192613, -0.95257192],
    [-5.6203305, -0.63283101, 0.60621762, -1.5456736, 4.6558328, -0.96011401],
    [-5.6509344, -0.62650784, 0.61525327, -1.5599633, 4.6833974, -0.96579862],
    [-5.6715383, -0.6222508, 0.62133647, -1.5695838, 4.7019551, -0.96962575],
    [-5.6821421, -0.6200599, 0.62446721, -1.574535, 4.7115059, -0.9715954],
    [-5.6837123, -0.61973549, 0.6249308, -1.5752681, 4.7129201, -0.97188706]
  ]
}
