{
  "iteration": 864,
  "label": "pre_pick",
  "planning_time_ms": 59.224968,
  "scene": {
    "block_x": 0.2110682,
    "block_y": 0.41094711,
    "bin_x": 0.22757128,
    "bin_y": 0.28315251
  },
  "joint_names": ["shoulder_pan_joint", "shoulder_lift_joint", "elbow_joint", "wrist_1_joint", "wrist_2_joint", "wrist_3_joint"],
  "start_joints": [-0.45133248, -1.7008126, -0.92048993, 0.86851361, 4.548264e-05, -0.00035942797],
  "goal_joints": [4.5256355, -2.2487259, -1.1268189, 4.9462864, -4.7117509, -0.187067],
  "num_waypoints": 87,
  "trajectory": [
    [-0.45133248, -1.7008126, -0.92048993, 0.86851361, 4.548264e-05, -0.00035942797],
    [-0.44633248, -1.7013631, -0.92069721, 0.87261025, -0.0046881186, -0.00054699957],
    [-0.43133248, -1.7030144, -0.92131906, 0.88490018, -0.018888922, -0.0011097144],
    [-0.40633248, -1.7057667, -0.92235548, 0.9053834, -0.042556928, -0.0020475724],
    [-0.37133248, -1.7096198, -0.92380647, 0.9340599, -0.075692137, -0.0033605736],
    [-0.32633248, -1.7145739, -0.92567202, 0.9709297, -0.11829455, -0.0050487179],
    [-0.27133248, -1.7206288, -0.92795214, 1.0159928, -0.17036416, -0.0071120055],
    [-0.2089017, -1.7275018, -0.93054032, 1.0671441, -0.22946864, -0.0094540536],
    [-0.14606985, -1.7344189, -0.93314512, 1.118624, -0.28895283, -0.011811148],
    [-0.083237995, -1.7413361, -0.93574993, 1.170104, -0.34843701, -0.014168242],
    [-0.020406142, -1.7482532, -0.93835473, 1.2215839, -0.4079212, -0.016525336],
    [0.042425711, -1.7551704, -0.94095954, 1.2730639, -0.46740539, -0.018882431],
    [0.10525756, -1.7620875, -0.94356434, 1.3245438, -0.52688957, -0.021239525],
    [0.16808942, -1.7690047, -0.94616915, 1.3760238, -0.58637376, -0.023596619],
    [0.23092127, -1.7759218, -0.94877395, 1.4275037, -0.64585795, -0.025953713],
    [0.29375312, -1.7828389, -0.95137876, 1.4789836, -0.70534214, -0.028310807],
    [0.35658498, -1.7897561, -0.95398356, 1.5304636, -0.76482632, -0.030667902],
    [0.41941683, -1.7966732, -0.95658837, 1.5819435, -0.82431051, -0.033024996],
    [0.48224868, -1.8035904, -0.95919317, 1.6334235, -0.8837947, -0.03538209],
    [0.54508054, -1.8105075, -0.96179798, 1.6849034, -0.94327888, -0.037739184],
    [0.60791239, -1.8174247, -0.96440278, 1.7363833, -1.0027631, -0.040096279],
    [0.67074424, -1.8243418, -0.96700759, 1.7878633, -1.0622473, -0.042453373],
    [0.7335761, -1.831259, -0.96961239, 1.8393432, -1.1217314, -0.044810467],
    [0.79640795, -1.8381761, -0.9722172, 1.8908232, -1.1812156, -0.047167561],
    [0.8592398, -1.8450932, -0.974822, 1.9423031, -1.2406998, -0.049524656],
    [0.92207165, -1.8520104, -0.97742681, 1.9937831, -1.300184, -0.05188175],
    [0.98490351, -1.8589275, -0.98003161, 2.045263, -1.3596682, -0.054238844],
    [1.0477354, -1.8658447, -0.98263642, 2.0967429, -1.4191524, -0.056595938],
    [1.1105672, -1.8727618, -0.98524122, 2.1482229, -1.4786366, -0.058953032],
    [1.1733991, -1.879679, -0.98784603, 2.1997028, -1.5381208, -0.061310127],
    [1.2362309, -1.8865961, -0.99045083, 2.2511828, -1.5976049, -0.063667221],
    [1.2990628, -1.8935133, -0.99305564, 2.3026627, -1.6570891, -0.066024315],
    [1.3618946, -1.9004304, -0.99566044, 2.3541426, -1.7165733, -0.068381409],
    [1.4247265, -1.9073475, -0.99826525, 2.4056226, -1.7760575, -0.070738504],
    [1.4875583, -1.9142647, -1.0008701, 2.4571025, -1.8355417, -0.073095598],
    [1.5503902, -1.9211818, -1.0034749, 2.5085825, -1.8950259, -0.075452692],
    [1.613222, -1.928099, -1.0060797, 2.5600624, -1.9545101, -0.077809786],
    [1.6760539, -1.9350161, -1.0086845, 2.6115424, -2.0139943, -0.080166881],
    [1.7388857, -1.9419333, -1.0112893, 2.6630223, -2.0734784, -0.082523975],
    [1.8017176, -1.9488504, -1.0138941, 2.7145022, -2.1329626, -0.084881069],
    [1.8645495, -1.9557676, -1.0164989, 2.7659822, -2.1924468, -0.087238163],
    [1.9273813, -1.9626847, -1.0191037, 2.8174621, -2.251931, -0.089595257],
    [1.9902132, -1.9696018, -1.0217085, 2.8689421, -2.3114152, -0.091952352],
    [2.053045, -1.976519, -1.0243133, 2.920422, -2.3708994, -0.094309446],
    [2.1158769, -1.9834361, -1.0269181, 2.9719019, -2.4303836, -0.09666654],
    [2.1787087, -1.9903533, -1.0295229, 3.0233819, -2.4898677, -0.099023634],
    [2.2415406, -1.9972704, -1.0321277, 3.0748618, -2.5493519, -0.10138073],
    [2.3043724, -2.0041876, -1.0347325, 3.1263418, -2.6088361, -0.10373782],
    [2.3672043, -2.0111047, -1.0373373, 3.1778217, -2.6683203, -0.10609492],
    [2.4300361, -2.0180218, -1.0399421, 3.2293017, -2.7278045, -0.10845201],
    [2.492868, -2.024939, -1.0425469, 3.2807816, -2.7872887, -0.11080911],
    [2.5556998, -2.0318561, -1.0451517, 3.3322615, -2.8467729, -0.1131662],
    [2.6185317, -2.0387733, -1.0477565, 3.3837415, -2.9062571, -0.11552329],
    [2.6813635, -2.0456904, -1.0503613, 3.4352214, -2.9657412, -0.11788039],
    [2.7441954, -2.0526076, -1.0529662, 3.4867014, -3.0252254, -0.12023748],
    [2.8070272, -2.0595247, -1.055571, 3.5381813, -3.0847096, -0.12259458],
    [2.8698591, -2.0664419, -1.0581758, 3.5896612, -3.1441938, -0.12495167],
    [2.932691, -2.073359, -1.0607806, 3.6411412, -3.203678, -0.12730877],
    [2.9955228, -2.0802761, -1.0633854, 3.6926211, -3.2631622, -0.12966586],
    [3.0583547, -2.0871933, -1.0659902, 3.7441011, -3.3226464, -0.13202295],
    [3.1211865, -2.0941104, -1.068595, 3.795581, -3.3821306, -0.13438005],
    [3.1840184, -2.1010276, -1.0711998, 3.847061, -3.4416147, -0.13673714],
    [3.2468502, -2.1079447, -1.0738046, 3.8985409, -3.5010989, -0.13909424],
    [3.3096821, -2.1148619, -1.0764094, 3.9500208, -3.5605831, -0.14145133],
    [3.3725139, -2.121779, -1.0790142, 4.0015008, -3.6200673, -0.14380842],
    [3.4353458, -2.1286962, -1.081619, 4.0529807, -3.6795515, -0.14616552],
    [3.4981776, -2.1356133, -1.0842238, 4.1044607, -3.7390357, -0.14852261],
    [3.5610095, -2.1425304, -1.0868286, 4.1559406, -3.7985199, -0.15087971],
    [3.6238413, -2.1494476, -1.0894334, 4.2074205, -3.8580041, -0.1532368],
    [3.6866732, -2.1563647, -1.0920382, 4.2589005, -3.9174882, -0.1555939],
    [3.749505, -2.1632819, -1.094643, 4.3103804, -3.9769724, -0.15795099],
    [3.8123369, -2.170199, -1.0972478, 4.3618604, -4.0364566, -0.16030808],
    [3.8751687, -2.1771162, -1.0998526, 4.4133403, -4.0959408, -0.16266518],
    [3.9380006, -2.1840333, -1.1024574, 4.4648203, -4.155425, -0.16502227],
    [4.0008325, -2.1909505, -1.1050623, 4.5163002, -4.2149092, -0.16737937],
    [4.0636643, -2.1978676, -1.1076671, 4.5677801, -4.2743934, -0.16973646],
    [4.1264962, -2.2047847, -1.1102719, 4.6192601, -4.3338775, -0.17209356],
    [4.189328, -2.2117019, -1.1128767, 4.67074, -4.3933617, -0.17445065],
    [4.2521599, -2.218619, -1.1154815, 4.72222, -4.4528459, -0.17680774],
    [4.3149917, -2.2255362, -1.1180863, 4.7736999, -4.5123301, -0.17916484],
    [4.3747102, -2.2321106, -1.120562, 4.822629, -4.5688668, -0.18140514],
    [4.4246512, -2.2376086, -1.1226324, 4.863547, -4.6161469, -0.18327864],
    [4.4645921, -2.2420056, -1.1242882, 4.8962718, -4.6539598, -0.18477699],
    [4.494533, -2.2453018, -1.1255295, 4.9208033, -4.6823055, -0.18590021],
    [4.514474, -2.2474971, -1.1263562, 4.9371414, -4.701184, -0.18664828],
    [4.5244149, -2.2485915, -1.1267683, 4.9452863, -4.7105953, -0.18702121],
    [4.5256355, -2.2487259, -1.1268189, 4.9462864, -4.7117509, -0.187067]
  ]
}
