{
  "iteration": 349,
  "label": "pre_pick",
  "planning_time_ms": 51.002084,
  "scene": {
    "block_x": 0.12624008,
    "block_y": 0.48471092,
    "bin_x": 0.41198315,
    "bin_y": 0.38984118
  },
  "joint_names": ["shoulder_pan_joint", "shoulder_lift_joint", "elbow_joint", "wrist_1_joint", "wrist_2_joint", "wrist_3_joint"],
  "start_joints": [-0.45140843, -1.7008184, -0.92019931, 0.86832182, -4.779913e-05, -0.00017324431],
  "goal_joints": [-5.2260023, -0.68462534, 0.74907945, 4.6484684, 4.7113485, -0.51450076],
  "num_waypoints": 109,
  "trajectory": [
    [-0.45140843, -1.7008184, -0.92019931, 0.86832182, -4.779913e-05, -0.00017324431],
    [-0.45640843, -1.7003138, -0.91726593, 0.87194039, 0.00051839796, -0.0012945419],
    [-0.47140843, -1.6988, -0.90846579, 0.88279611, 0.0022169892, -0.0046584345],
    [-0.49640843, -1.6962771, -0.89379889, 0.90088897, 0.0050479747, -0.010264922],
    [-0.53140843, -1.692745, -0.87326523, 0.92621898, 0.0090113543, -0.018114005],
    [-0.57640843, -1.6882037, -0.84686482, 0.95878613, 0.014107128, -0.028205683],
    [-0.63140843, -1.6826532, -0.81459764, 0.99859043, 0.020335296, -0.040539956],
    [-0.6938392, -1.6763528, -0.77797101, 1.0437725, 0.027404921, -0.054540651],
    [-0.75667106, -1.670012, -0.74110907, 1.0892448, 0.034519963, -0.068631292],
    [-0.81950291, -1.6636711, -0.70424713, 1.1347171, 0.041635006, -0.082721932],
    [-0.88233476, -1.6573303, -0.6673852, 1.1801894, 0.048750048, -0.096812573],
    [-0.94516662, -1.6509894, -0.63052326, 1.2256618, 0.055865091, -0.11090321],
    [-1.0079985, -1.6446486, -0.59366133, 1.2711341, 0.062980133, -0.12499385],
    [-1.0708303, -1.6383077, -0.55679939, 1.3166064, 0.070095176, -0.13908449],
    [-1.1336622, -1.6319669, -0.51993745, 1.3620787, 0.077210218, -0.15317514],
    [-1.196494, -1.625626, -0.48307552, 1.4075511, 0.08432526, -0.16726578],
    [-1.2593259, -1.6192852, -0.44621358, 1.4530234, 0.091440303, -0.18135642],
    [-1.3221577, -1.6129443, -0.40935164, 1.4984957, 0.098555345, -0.19544706],
    [-1.3849896, -1.6066035, -0.37248971, 1.543968, 0.10567039, -0.2095377],
    [-1.4478214, -1.6002626, -0.33562777, 1.5894403, 0.11278543, -0.22362834],
    [-1.5106533, -1.5939218, -0.29876584, 1.6349127, 0.11990047, -0.23771898],
    [-1.5734851, -1.5875809, -0.2619039, 1.680385, 0.12701552, -0.25180962],
    [-1.636317, -1.5812401, -0.22504196, 1.7258573, 0.13413056, -0.26590026],
    [-1.6991489, -1.5748992, -0.18818003, 1.7713296, 0.1412456, -0.2799909],
    [-1.7619807, -1.5685584, -0.15131809, 1.816802, 0.14836064, -0.29408154],
    [-1.8248126, -1.5622175, -0.11445615, 1.8622743, 0.15547569, -0.30817218],
    [-1.8876444, -1.5558767, -0.077594218, 1.9077466, 0.16259073, -0.32226282],
    [-1.9504763, -1.5495358, -0.040732282, 1.9532189, 0.16970577, -0.33635346],
    [-2.0133081, -1.543195, -0.0038703459, 1.9986912, 0.17682081, -0.3504441],
    [-2.07614, -1.5368541, 0.03299159, 2.0441636, 0.18393586, -0.36453474],
    [-2.1389718, -1.5305133, 0.069853526, 2.0896359, 0.1910509, -0.37862539],
    [-2.2018037, -1.5241724, 0.10671546, 2.1351082, 0.19816594, -0.39271603],
    [-2.2646355, -1.5178316, 0.1435774, 2.1805805, 0.20528098, -0.40680667],
    [-2.3274674, -1.5114907, 0.18043934, 2.2260529, 0.21239602, -0.42089731],
    [-2.3902992, -1.5051499, 0.21730127, 2.2715252, 0.21951107, -0.43498795],
    [-2.4531311, -1.498809, 0.25416321, 2.3169975, 0.22662611, -0.44907859],
    [-2.5159629, -1.4924682, 0.29102514, 2.3624698, 0.23374115, -0.46316923],
    [-2.5787948, -1.4861273, 0.32788708, 2.4079421, 0.24085619, -0.47725987],
    [-2.6416266, -1.4797865, 0.36474902, 2.4534145, 0.24797124, -0.49135051],
    [-2.7044585, -1.4734456, 0.40161095, 2.4988868, 0.25508628, -0.50544115],
    [-2.7672904, -1.4671048, 0.43847289, 2.5443591, 0.26220132, -0.51953179],
    [-2.8301222, -1.4607639, 0.47533482, 2.5898314, 0.26931636, -0.53362243],
    [-2.8929541, -1.4544231, 0.51219676, 2.6353038, 0.27643141, -0.54771307],
    [-2.9557859, -1.4480823, 0.5490587, 2.6807761, 0.28354645, -0.56180371],
    [-3.0186178, -1.4417414, 0.58592063, 2.7262484, 0.29066149, -0.57589435],
    [-3.0814496, -1.4354006, 0.62278257, 2.7717207, 0.29777653, -0.58998499],
    [-3.1442815, -1.4290597, 0.65964451, 2.817193, 0.30489158, -0.60407564],
    [-3.2071133, -1.4227189, 0.69650644, 2.8626654, 0.31200662, -0.61816628],
    [-3.2699452, -1.416378, 0.73336838, 2.9081377, 0.31912166, -0.63225692],
    [-3.332777, -1.4100372, 0.77023031, 2.95361, 0.3262367, -0.64634756],
    [-3.3956089, -1.4036963, 0.80709225, 2.9990823, 0.33335175, -0.6604382],
    [-3.4584407, -1.3973555, 0.84395419, 3.0445546, 0.34046679, -0.67452884],
    [-3.5212726, -1.3910146, 0.88081612, 3.090027, 0.34758183, -0.68861948],
    [-3.5841044, -1.3846738, 0.91767806, 3.1354993, 0.35469687, -0.70271012],
    [-3.6469363, -1.3783329, 0.95454, 3.1809716, 0.36181192, -0.71680076],
    [-3.7097682, -1.3719921, 0.99140193, 3.2264439, 0.36892696, -0.7308914],
    [-3.7726, -1.3656512, 1.0282639, 3.2719163, 0.376042, -0.74498204],
    [-3.8354319, -1.3593104, 1.0651258, 3.3173886, 0.38315704, -0.75907268],
    [-3.8982637, -1.3529695, 1.1019877, 3.3628609, 0.39027209, -0.77316332],
    [-3.9564197, -1.3471005, 1.1361065, 3.4049493, 0.39685764, -0.78620537],
    [-4.0045812, -1.3422402, 1.1643617, 3.4398044, 0.40231142, -0.79700603],
    [-4.0428719, -1.3383311, 1.1867307, 3.4675432, 0.40699792, -0.80554632],
    [-4.0766626, -1.3339248, 1.2044448, 3.4926034, 0.41860002, -0.81208686],
    [-4.108777, -1.3283824, 1.2184106, 3.5172436, 0.44020005, -0.8168923],
    [-4.137894, -1.3218182, 1.2278126, 3.5405192, 0.47179754, -0.81964648],
    [-4.1622498, -1.3143847, 1.2315625, 3.5611693, 0.51339044, -0.8199275],
    [-4.1795811, -1.3062782, 1.2282639, 3.5775754, 0.56497468, -0.81719415],
    [-4.1951219, -1.2970458, 1.2211474, 3.5934797, 0.62655408, -0.81269873],
    [-4.2131864, -1.2863141, 1.2128751, 3.6119666, 0.69813347, -0.8074733],
    [-4.2337746, -1.2740831, 1.2034473, 3.6330363, 0.77971286, -0.80151784],
    [-4.2568866, -1.2603529, 1.1928637, 3.6566887, 0.87129224, -0.79483237],
    [-4.2825222, -1.2451234, 1.1811245, 3.6829239, 0.97287162, -0.78741687],
    [-4.3106815, -1.2283947, 1.1682295, 3.7117417, 1.084451, -0.77927136],
    [-4.3413539, -1.210173, 1.1541838, 3.7431315, 1.2059885, -0.77039889],
    [-4.3730677, -1.1913326, 1.1396612, 3.7755869, 1.3316522, -0.76122519],
    [-4.4047815, -1.1724922, 1.1251386, 3.8080423, 1.4573159, -0.7520515],
    [-4.4364952, -1.1536519, 1.110616, 3.8404978, 1.5829796, -0.7428778],
    [-4.468209, -1.1348115, 1.0960934, 3.8729532, 1.7086433, -0.7337041],
    [-4.4999228, -1.1159711, 1.0815708, 3.9054087, 1.834307, -0.72453041],
    [-4.5316365, -1.0971308, 1.0670483, 3.9378641, 1.9599707, -0.71535671],
    [-4.5633503, -1.0782904, 1.0525257, 3.9703195, 2.0856344, -0.70618302],
    [-4.5950641, -1.05945, 1.0380031, 4.002775, 2.2112981, -0.69700932],
    [-4.6267779, -1.0406097, 1.0234805, 4.0352304, 2.3369618, -0.68783562],
    [-4.6584916, -1.0217693, 1.0089579, 4.0676858, 2.4626255, -0.67866193],
    [-4.6902054, -1.002929, 0.99443529, 4.1001413, 2.5882892, -0.66948823],
    [-4.7219192, -0.98408859, 0.9799127, 4.1325967, 2.7139529, -0.66031453],
    [-4.753633, -0.96524822, 0.96539011, 4.1650522, 2.8396166, -0.65114084],
    [-4.7853467, -0.94640786, 0.95086751, 4.1975076, 2.9652804, -0.64196714],
    [-4.8170605, -0.92756749, 0.93634492, 4.229963, 3.0909441, -0.63279345],
    [-4.8487743, -0.90872712, 0.92182233, 4.2624185, 3.2166078, -0.62361975],
    [-4.8804881, -0.88988676, 0.90729974, 4.2948739, 3.3422715, -0.61444605],
    [-4.9122018, -0.87104639, 0.89277714, 4.3273294, 3.4679352, -0.60527236],
    [-4.9439156, -0.85220603, 0.87825455, 4.3597848, 3.5935989, -0.59609866],
    [-4.9756294, -0.83336566, 0.86373196, 4.3922402, 3.7192626, -0.58692497],
    [-5.0073432, -0.8145253, 0.84920937, 4.4246957, 3.8449263, -0.57775127],
