{
  "iteration": 685,
  "label": "pre_pick",
  "planning_time_ms": 43.844742,
  "scene": {
    "block_x": 0.15436531,
    "block_y": 0.49951791,
    "bin_x": 0.44157477,
    "bin_y": 0.27298888
  },
  "joint_names": ["shoulder_pan_joint", "shoulder_lift_joint", "elbow_joint", "wrist_1_joint", "wrist_2_joint", "wrist_3_joint"],
  "start_joints": [-0.45142149, -1.7008171, -0.92041189, 0.86846473, 7.9902081e-05, -0.00036109613],
  "goal_joints": [4.6659599, -2.65234, -0.36772604, -1.6920792, 1.5713134, -0.046279199],
  "num_waypoints": 89,
  "trajectory": [
    [-0.45142149, -1.7008171, -0.92041189, 0.86846473, 7.9902081e-05, -0.00036109613],
    [-0.44642149, -1.7017468, -0.91987188, 0.86596292, 0.0016150949, -0.00040596098],
    [-0.43142149, -1.7045359, -0.91825186, 0.85845748, 0.0062206735, -0.00054055551],
    [-0.40642149, -1.7091844, -0.91555182, 0.84594843, 0.013896638, -0.00076487973],
    [-0.37142149, -1.7156923, -0.91177176, 0.82843576, 0.024642988, -0.0010789336],
    [-0.32642149, -1.7240595, -0.90691168, 0.80591946, 0.038459724, -0.0014827172],
    [-0.27142149, -1.7342862, -0.90097159, 0.77839954, 0.055346845, -0.0019762305],
    [-0.20899072, -1.7458945, -0.89422896, 0.74716155, 0.074515501, -0.0025364199],
    [-0.14615886, -1.7575775, -0.88744301, 0.71572286, 0.093807303, -0.0031002082],
    [-0.083327009, -1.7692604, -0.88065707, 0.68428418, 0.11309911, -0.0036639964],
    [-0.020495156, -1.7809433, -0.87387112, 0.6528455, 0.13239091, -0.0042277847],
    [0.042336697, -1.7926262, -0.86708517, 0.62140682, 0.15168271, -0.0047915729],
    [0.10516855, -1.8043091, -0.86029923, 0.58996814, 0.17097451, -0.0053553612],
    [0.1680004, -1.815992, -0.85351328, 0.55852946, 0.19026632, -0.0059191494],
    [0.23083226, -1.827675, -0.84672733, 0.52709078, 0.20955812, -0.0064829377],
    [0.29366411, -1.8393579, -0.83994139, 0.4956521, 0.22884992, -0.0070467259],
    [0.35649596, -1.8510408, -0.83315544, 0.46421342, 0.24814172, -0.0076105142],
    [0.41932782, -1.8627237, -0.82636949, 0.43277474, 0.26743353, -0.0081743024],
    [0.48215967, -1.8744066, -0.81958355, 0.40133606, 0.28672533, -0.0087380907],
    [0.54499152, -1.8860895, -0.8127976, 0.36989738, 0.30601713, -0.0093018789],
    [0.60782337, -1.8977725, -0.80601165, 0.3384587, 0.32530893, -0.0098656672],
    [0.67065523, -1.9094554, -0.79922571, 0.30702002, 0.34460073, -0.010429455],
    [0.73348708, -1.9211383, -0.79243976, 0.27558134, 0.36389254, -0.010993244],
    [0.79631893, -1.9328212, -0.78565382, 0.24414266, 0.38318434, -0.011557032],
    [0.85915079, -1.9445041, -0.77886787, 0.21270398, 0.40247614, -0.01212082],
    [0.92198264, -1.9561871, -0.77208192, 0.1812653, 0.42176794, -0.012684608],
    [0.98481449, -1.96787, -0.76529598, 0.14982662, 0.44105975, -0.013248397],
    [1.0476463, -1.9795529, -0.75851003, 0.11838794, 0.46035155, -0.013812185],
    [1.1104782, -1.9912358, -0.75172408, 0.086949256, 0.47964335, -0.014375973],
    [1.1733101, -2.0029187, -0.74493814, 0.055510575, 0.49893515, -0.014939761],
    [1.2361419, -2.0146016, -0.73815219, 0.024071895, 0.51822696, -0.01550355],
    [1.2989738, -2.0262846, -0.73136624, -0.0073667854, 0.53751876, -0.016067338],
    [1.3618056, -2.0379675, -0.7245803, -0.038805466, 0.55681056, -0.016631126],
    [1.4246375, -2.0496504, -0.71779435, -0.070244146, 0.57610236, -0.017194914],
    [1.4874693, -2.0613333, -0.7110084, -0.10168283, 0.59539417, -0.017758703],
    [1.5503012, -2.0730162, -0.70422246, -0.13312151, 0.61468597, -0.018322491],
    [1.613133, -2.0846992, -0.69743651, -0.16456019, 0.63397777, -0.018886279],
    [1.6759649, -2.0963821, -0.69065056, -0.19599887, 0.65326957, -0.019450068],
    [1.7387967, -2.108065, -0.68386462, -0.22743755, 0.67256138, -0.020013856],
    [1.8016286, -2.1197479, -0.67707867, -0.25887623, 0.69185318, -0.020577644],
    [1.8644604, -2.1314308, -0.67029273, -0.29031491, 0.71114498, -0.021141432],
    [1.9272923, -2.1431137, -0.66350678, -0.32175359, 0.73043678, -0.021705221],
    [1.9901241, -2.1547967, -0.65672083, -0.35319227, 0.74972859, -0.022269009],
    [2.052956, -2.1664796, -0.64993489, -0.38463095, 0.76902039, -0.022832797],
    [2.1157878, -2.1781625, -0.64314894, -0.41606963, 0.78831219, -0.023396585],
    [2.1786197, -2.1898454, -0.63636299, -0.44750831, 0.80760399, -0.023960374],
    [2.2414516, -2.2015283, -0.62957705, -0.47894699, 0.8268958, -0.024524162],
    [2.3042834, -2.2132112, -0.6227911, -0.51038567, 0.8461876, -0.02508795],
    [2.3671153, -2.2248942, -0.61600515, -0.54182435, 0.8654794, -0.025651738],
    [2.4299471, -2.2365771, -0.60921921, -0.57326303, 0.8847712, -0.026215527],
    [2.492779, -2.24826, -0.60243326, -0.60470171, 0.90406301, -0.026779315],
    [2.5556108, -2.2599429, -0.59564731, -0.63614039, 0.92335481, -0.027343103],
    [2.6184427, -2.2716258, -0.58886137, -0.66757907, 0.94264661, -0.027906891],
    [2.6812745, -2.2833088, -0.58207542, -0.69901776, 0.96193841, -0.02847068],
    [2.7441064, -2.2949917, -0.57528947, -0.73045644, 0.98123022, -0.029034468],
    [2.8069382, -2.3066746, -0.56850353, -0.76189512, 1.000522, -0.029598256],
    [2.8697701, -2.3183575, -0.56171758, -0.7933338, 1.0198138, -0.030162044],
    [2.9326019, -2.3300404, -0.55493164, -0.82477248, 1.0391056, -0.030725833],
    [2.9954338, -2.3417233, -0.54814569, -0.85621116, 1.0583974, -0.031289621],
    [3.0582656, -2.3534063, -0.54135974, -0.88764984, 1.0776892, -0.031853409],
    [3.1210975, -2.3650892, -0.5345738, -0.91908852, 1.096981, -0.032417197],
    [3.1839294, -2.3767721, -0.52778785, -0.9505272, 1.1162728, -0.032980986],
    [3.2467612, -2.388455, -0.5210019, -0.98196588, 1.1355646, -0.033544774],
    [3.3095931, -2.4001379, -0.51421596, -1.0134046, 1.1548564, -0.034108562],
    [3.3724249, -2.4118208, -0.50743001, -1.0448432, 1.1741482, -0.03467235],
    [3.4352568, -2.4235038, -0.50064406, -1.0762819, 1.19344, -0.035236139],
    [3.4980886, -2.4351867, -0.49385812, -1.1077206, 1.2127318, -0.035799927],
    [3.5609205, -2.4468696, -0.48707217, -1.1391593, 1.2320236, -0.036363715],
    [3.6237523, -2.4585525, -0.48028622, -1.170598, 1.2513154, -0.036927503],
    [3.6865842, -2.4702354, -0.47350028, -1.2020366, 1.2706073, -0.037491292],
    [3.749416, -2.4819184, -0.46671433, -1.2334753, 1.2898991, -0.03805508],
    [3.8122479, -2.4936013, -0.45992838, -1.264914, 1.3091909, -0.038618868],
    [3.8750797, -2.5052842, -0.45314244, -1.2963527, 1.3284827, -0.039182656],
    [3.9379116, -2.5169671, -0.44635649, -1.3277914, 1.3477745, -0.039746445],
    [4.0007434, -2.52865, -0.43957055, -1.35923, 1.3670663, -0.040310233],
    [4.0635753, -2.5403329, -0.4327846, -1.3906687, 1.3863581, -0.040874021],
    [4.1264071, -2.5520159, -0.42599865, -1.4221074, 1.4056499, -0.041437809],
    [4.189239, -2.5636988, -0.41921271, -1.4535461, 1.4249417, -0.042001598],
    [4.2520709, -2.5753817, -0.41242676, -1.4849848, 1.4442335, -0.042565386],
    [4.3149027, -2.5870646, -0.40564081, -1.5164234, 1.4635253, -0.043129174],
    [4.3777346, -2.5987475, -0.39885487, -1.5478621, 1.4828171, -0.043692962],
    [4.4405664, -2.6104304, -0.39206892, -1.5793008, 1.5021089, -0.044256751],
    [4.5018618, -2.6218277, -0.38544892, -1.6099707, 1.5209289, -0.044806752],
    [4.5541502, -2.6315502, -0.37980168, -1.6361338, 1.5369835, -0.045275934],
    [4.5964386, -2.6394132, -0.37523446, -1.6572934, 1.5499677, -0.045655387],
    [4.628727, -2.6454169, -0.37174726, -1.6734492, 1.5598814, -0.04594511],
    [4.6510154, -2.6495612, -0.36934007, -1.6846015, 1.5667248, -0.046145103],
    [4.6633038, -2.6518461, -0.3680129, -1.6907502, 1.5704979, -0.046255367],
    [4.6659599, -2.65234, -0.36772604, -1.6920792, 1.5713134, -0.046279199]
  ]
}
