{
  "iteration": 535,
  "label": "pre_pick",
  "planning_time_ms": 265.72466,
  "scene": {
    "block_x": 0.23029471,
    "block_y": 0.46576497,
    "bin_x": 0.36800355,
    "bin_y": 0.39544775
  },
  "joint_names": ["shoulder_pan_joint", "shoulder_lift_joint", "elbow_joint", "wrist_1_joint", "wrist_2_joint", "wrist_3_joint"],
  "start_joints": [-0.45140789, -1.7008003, -0.91997614, 0.86793011, 4.0327495e-05, -0.0001376791],
  "goal_joints": [-5.419978, -0.52969966, 0.44953722, -1.4915728, -1.5710419, -0.708151],
  "num_waypoints": 87,
  "trajectory": [
    [-0.45140789, -1.7008003, -0.91997614, 0.86793011, 4.0327495e-05, -0.0001376791],
    [-0.45640789, -1.6996218, -0.91859797, 0.86555568, -0.001540693, -0.00085017112],
    [-0.47140789, -1.6960863, -0.91446344, 0.85843239, -0.0062837545, -0.0029876472],
    [-0.49640789, -1.6901937, -0.90757256, 0.84656025, -0.014188857, -0.0065501073],
    [-0.53140789, -1.6819442, -0.89792532, 0.82993925, -0.025256, -0.011537552],
    [-0.57640789, -1.6713376, -0.88552173, 0.8085694, -0.039485185, -0.01794998],
    [-0.63140789, -1.658374, -0.87036179, 0.78245068, -0.05687641, -0.025787392],
    [-0.69383866, -1.6436589, -0.85315366, 0.7528032, -0.076617277, -0.034683678],
    [-0.75667052, -1.6288494, -0.83583499, 0.72296525, -0.096484967, -0.043637117],
    [-0.81950237, -1.6140398, -0.81851631, 0.6931273, -0.11635266, -0.052590556],
    [-0.88233422, -1.5992302, -0.80119763, 0.66328936, -0.13622035, -0.061543995],
    [-0.94516608, -1.5844206, -0.78387895, 0.63345141, -0.15608804, -0.070497433],
    [-1.0079979, -1.5696111, -0.76656028, 0.60361346, -0.17595572, -0.079450872],
    [-1.0708298, -1.5548015, -0.7492416, 0.57377551, -0.19582341, -0.088404311],
    [-1.1336616, -1.5399919, -0.73192292, 0.54393756, -0.2156911, -0.09735775],
    [-1.1964935, -1.5251823, -0.71460425, 0.51409961, -0.23555879, -0.10631119],
    [-1.2593253, -1.5103727, -0.69728557, 0.48426167, -0.25542648, -0.11526463],
    [-1.3221572, -1.4955632, -0.67996689, 0.45442372, -0.27529417, -0.12421807],
    [-1.384989, -1.4807536, -0.66264821, 0.42458577, -0.29516186, -0.13317151],
    [-1.4478209, -1.465944, -0.64532954, 0.39474782, -0.31502955, -0.14212494],
    [-1.5106528, -1.4511344, -0.62801086, 0.36490987, -0.33489724, -0.15107838],
    [-1.5734846, -1.4363249, -0.61069218, 0.33507192, -0.35476493, -0.16003182],
    [-1.6363165, -1.4215153, -0.5933735, 0.30523398, -0.37463262, -0.16898526],
    [-1.6991483, -1.4067057, -0.57605483, 0.27539603, -0.39450031, -0.1779387],
    [-1.7619802, -1.3918961, -0.55873615, 0.24555808, -0.414368, -0.18689214],
    [-1.824812, -1.3770865, -0.54141747, 0.21572013, -0.43423569, -0.19584558],
    [-1.8876439, -1.362277, -0.5240988, 0.18588218, -0.45410338, -0.20479902],
    [-1.9504757, -1.3474674, -0.50678012, 0.15604423, -0.47397107, -0.21375246],
    [-2.0133076, -1.3326578, -0.48946144, 0.12620629, -0.49383876, -0.22270589],
    [-2.0761394, -1.3178482, -0.47214276, 0.096368337, -0.51370645, -0.23165933],
    [-2.1389713, -1.3030387, -0.45482409, 0.066530389, -0.53357414, -0.24061277],
    [-2.2018031, -1.2882291, -0.43750541, 0.036692441, -0.55344183, -0.24956621],
    [-2.264635, -1.2734195, -0.42018673, 0.0068544922, -0.57330951, -0.25851965],
    [-2.3274668, -1.2586099, -0.40286806, -0.022983456, -0.5931772, -0.26747309],
    [-2.3902987, -1.2438004, -0.38554938, -0.052821404, -0.61304489, -0.27642653],
    [-2.4531305, -1.2289908, -0.3682307, -0.082659353, -0.63291258, -0.28537997],
    [-2.5159624, -1.2141812, -0.35091202, -0.1124973, -0.65278027, -0.29433341],
    [-2.5787943, -1.1993716, -0.33359335, -0.14233525, -0.67264796, -0.30328684],
    [-2.6416261, -1.184562, -0.31627467, -0.1721732, -0.69251565, -0.31224028],
    [-2.704458, -1.1697525, -0.29895599, -0.20201115, -0.71238334, -0.32119372],
    [-2.7672898, -1.1549429, -0.28163731, -0.23184909, -0.73225103, -0.33014716],
    [-2.8301217, -1.1401333, -0.26431864, -0.26168704, -0.75211872, -0.3391006],
    [-2.8929535, -1.1253237, -0.24699996, -0.29152499, -0.77198641, -0.34805404],
    [-2.9557854, -1.1105142, -0.22968128, -0.32136294, -0.7918541, -0.35700748],
    [-3.0186172, -1.0957046, -0.21236261, -0.35120089, -0.81172179, -0.36596092],
    [-3.0814491, -1.080895, -0.19504393, -0.38103884, -0.83158948, -0.37491435],
    [-3.1442809, -1.0660854, -0.17772525, -0.41087678, -0.85145717, -0.38386779],
    [-3.2071128, -1.0512759, -0.16040657, -0.44071473, -0.87132486, -0.39282123],
    [-3.2699446, -1.0364663, -0.1430879, -0.47055268, -0.89119255, -0.40177467],
    [-3.3327765, -1.0216567, -0.12576922, -0.50039063, -0.91106024, -0.41072811],
    [-3.3956083, -1.0068471, -0.10845054, -0.53022858, -0.93092793, -0.41968155],
    [-3.4584402, -0.99203754, -0.091131865, -0.56006653, -0.95079562, -0.42863499],
    [-3.5212721, -0.97722797, -0.073813188, -0.58990447, -0.9706633, -0.43758843],
    [-3.5841039, -0.96241839, -0.056494511, -0.61974242, -0.99053099, -0.44654187],
    [-3.6469358, -0.94760881, -0.039175834, -0.64958037, -1.0103987, -0.4554953],
    [-3.7097676, -0.93279923, -0.021857156, -0.67941832, -1.0302664, -0.46444874],
    [-3.7725995, -0.91798966, -0.0045384791, -0.70925627, -1.0501341, -0.47340218],
    [-3.8354313, -0.90318008, 0.012780198, -0.73909422, -1.0700018, -0.48235562],
    [-3.8982632, -0.8883705, 0.030098875, -0.76893216, -1.0898694, -0.49130906],
    [-3.961095, -0.87356093, 0.047417553, -0.79877011, -1.1097371, -0.5002625],
    [-4.0239269, -0.85875135, 0.06473623, -0.82860806, -1.1296048, -0.50921594],
    [-4.0867587, -0.84394177, 0.082054907, -0.85844601, -1.1494725, -0.51816938],
    [-4.1495906, -0.82913219, 0.099373584, -0.88828396, -1.1693402, -0.52712282],
    [-4.2124224, -0.81432262, 0.11669226, -0.91812191, -1.1892079, -0.53607625],
    [-4.2752543, -0.79951304, 0.13401094, -0.94795986, -1.2090756, -0.54502969],
    [-4.3380861, -0.78470346, 0.15132962, -0.9777978, -1.2289433, -0.55398313],
    [-4.400918, -0.76989388, 0.16864829, -1.0076358, -1.248811, -0.56293657],
    [-4.4637498, -0.75508431, 0.18596697, -1.0374737, -1.2686786, -0.57189001],
    [-4.5265817, -0.74027473, 0.20328565, -1.0673116, -1.2885463, -0.58084345],
    [-4.5894136, -0.72546515, 0.22060432, -1.0971496, -1.308414, -0.58979689],
    [-4.6522454, -0.71065558, 0.237923, -1.1269875, -1.3282817, -0.59875033],
    [-4.7150773, -0.695846, 0.25524168, -1.1568255, -1.3481494, -0.60770377],
    [-4.7779091, -0.68103642, 0.27256036, -1.1866634, -1.3680171, -0.6166572],
    [-4.840741, -0.66622684, 0.28987903, -1.2165014, -1.3878848, -0.62561064],
    [-4.9035728, -0.65141727, 0.30719771, -1.2463393, -1.4077525, -0.63456408],
    [-4.9664047, -0.63660769, 0.32451639, -1.2761773, -1.4276202, -0.64351752],
    [-5.0292365, -0.62179811, 0.34183507, -1.3060152, -1.4474879, -0.65247096],
    [-5.0920684, -0.60698854, 0.35915374, -1.3358532, -1.4673555, -0.6614244],
    [-5.1549002, -0.59217896, 0.37647242, -1.3656911, -1.4872232, -0.67037784],
    [-5.2177321, -0.57736938, 0.3937911, -1.3955291, -1.5070909, -0.67933128],
    [-5.2763066, -0.56356326, 0.40993631, -1.4233453, -1.5256124, -0.68767805],
    [-5.324911, -0.55210713, 0.42333339, -1.4464268, -1.5409813, -0.6946041],
    [-5.3635154, -0.54300801, 0.43397411, -1.4647595, -1.5531882, -0.70010516],
    [-5.3921197, -0.53626591, 0.44185849, -1.4783433, -1.562233, -0.70418124],
    [-5.4107241, -0.53188083, 0.44698651, -1.4871782, -1.5681158, -0.70683233],
    [-5.4193285, -0.52985276, 0.44935818, -1.4912643, -1.5708365, -0.70805844],
    [-5.419978, -0.52969966, 0.44953722, -1.4915728, -1.5710419, -0.708151]
  ]
}
