{
  "iteration": 24,
  "label": "place_above_bin",
  "planning_time_ms": 612.10185,
  "scene": {
    "block_x": 0.28618193,
    "block_y": 0.42423155,
    "bin_x": 0.17126408,
    "bin_y": 0.34080701
  },
  "joint_names": ["shoulder_pan_joint", "shoulder_lift_joint", "elbow_joint", "wrist_1_joint", "wrist_2_joint", "wrist_3_joint"],
  "start_joints": [0.7245536, 0.14043418, -0.76302251, -0.94896492, 4.7118254, -0.84636937],
  "goal_joints": [-1.6106108, -1.7627835, -1.9697322, 5.3033259, 1.5698164, -0.038895535],
  "num_waypoints": 82,
  "trajectory": [
    [0.7245536, 0.14043418, -0.76302251, -0.94896492, 4.7118254, -0.84636937],
    [0.72123624, 0.13822135, -0.76260886, -0.94439786, 4.7068254, -0.84702513],
    [0.71128416, 0.13158285, -0.76136791, -0.93069671, 4.6918254, -0.84899242],
    [0.69469736, 0.12051869, -0.75929966, -0.90786145, 4.6668254, -0.85227122],
    [0.67147584, 0.10502887, -0.75640411, -0.87589208, 4.6318254, -0.85686154],
    [0.6416196, 0.085113383, -0.75268126, -0.83478861, 4.5868254, -0.86276339],
    [0.60512864, 0.060772233, -0.74813111, -0.78455103, 4.5318254, -0.86997675],
    [0.56200297, 0.032005427, -0.74275367, -0.72517937, 4.4668254, -0.87850164],
    [0.51224258, -0.0011870419, -0.73654892, -0.6566736, 4.3918255, -0.88833805],
    [0.45584748, -0.038805173, -0.72951687, -0.57903373, 4.3068255, -0.89948597],
    [0.39374897, -0.080227731, -0.72177366, -0.49354192, 4.2132292, -0.91176132],
    [0.33091712, -0.12213947, -0.713939, -0.4070405, 4.1185276, -0.92418164],
    [0.26808527, -0.16405121, -0.70610434, -0.32053908, 4.023826, -0.93660195],
    [0.20525342, -0.20596295, -0.69826968, -0.23403766, 3.9291244, -0.94902227],
    [0.14242156, -0.24787468, -0.69043502, -0.14753623, 3.8344229, -0.96144258],
    [0.079589709, -0.28978642, -0.68260036, -0.061034812, 3.7397213, -0.97386289],
    [0.016757856, -0.33169816, -0.6747657, 0.025466611, 3.6450197, -0.98628321],
    [-0.046073997, -0.3736099, -0.66693104, 0.11196803, 3.5503181, -0.99870352],
    [-0.10890585, -0.41552163, -0.65909638, 0.19846946, 3.4556165, -1.0111238],
    [-0.1717377, -0.45743337, -0.65126172, 0.28497088, 3.3609149, -1.0235442],
    [-0.23456956, -0.49934511, -0.64342706, 0.3714723, 3.2662133, -1.0359645],
    [-0.29740141, -0.54125685, -0.6355924, 0.45797372, 3.1715117, -1.0483848],
    [-0.36023326, -0.58316859, -0.62775774, 0.54447515, 3.0768101, -1.0608051],
    [-0.42306512, -0.62508032, -0.61992308, 0.63097657, 2.9821085, -1.0732254],
    [-0.48589697, -0.66699206, -0.61208841, 0.71747799, 2.887407, -1.0856457],
    [-0.54872882, -0.7089038, -0.60425375, 0.80397941, 2.7927054, -1.098066],
    [-0.61156067, -0.75081554, -0.59641909, 0.89048084, 2.6980038, -1.1104864],
    [-0.67439253, -0.79272728, -0.58858443, 0.97698226, 2.6033022, -1.1229067],
    [-0.73722438, -0.83463901, -0.58074977, 1.0634837, 2.5086006, -1.135327],
    [-0.80005623, -0.87655075, -0.57291511, 1.1499851, 2.413899, -1.1477473],
    [-0.86288809, -0.91846249, -0.56508045, 1.2364865, 2.3191974, -1.1601676],
    [-0.92571994, -0.96037423, -0.55724579, 1.3229879, 2.2244958, -1.1725879],
    [-0.98855179, -1.002286, -0.54941113, 1.4094894, 2.1297942, -1.1850082],
    [-1.0513836, -1.0441977, -0.54157647, 1.4959908, 2.0350926, -1.1974286],
    [-1.1142155, -1.0861094, -0.53374181, 1.5824922, 1.940391, -1.2098489],
    [-1.1770474, -1.1280212, -0.52590715, 1.6689936, 1.8456895, -1.2222692],
    [-1.2398792, -1.1699329, -0.51807249, 1.7554951, 1.7509879, -1.2346895],
    [-1.3027111, -1.2118447, -0.51023783, 1.8419965, 1.6562863, -1.2471098],
    [-1.3654843, -1.2537173, -0.50241048, 1.9284172, 1.561673, -1.2595185],
    [-1.424117, -1.292828, -0.49509942, 2.0091377, 1.4733004, -1.2711088],
    [-1.476115, -1.3275131, -0.48861566, 2.080724, 1.3949279, -1.2813875],
    [-1.5214783, -1.3577725, -0.4829592, 2.1431762, 1.3265553, -1.2903547],
    [-1.5602069, -1.3836062, -0.47813004, 2.1964943, 1.2681827, -1.2980104],
    [-1.5923007, -1.4050143, -0.47412817, 2.2406783, 1.2198102, -1.3043546],
    [-1.6183962, -1.4232398, -0.47442285, 2.2838002, 1.181373, -1.3065065],
    [-1.6389493, -1.4392702, -0.48191874, 2.332493, 1.1529307, -1.3020471],
    [-1.6537631, -1.4527054, -0.49547601, 2.3841249, 1.1344863, -1.2919241],
    [-1.6627059, -1.463272, -0.51430632, 2.4368822, 1.1260355, -1.2767932],
    [-1.6695195, -1.4734764, -0.53798878, 2.496009, 1.1219503, -1.2573554],
    [-1.6774854, -1.4854066, -0.56567661, 2.5651358, 1.1171742, -1.2346301],
    [-1.6866036, -1.4990627, -0.5973698, 2.6442625, 1.1117071, -1.2086174],
    [-1.6968742, -1.5144446, -0.63306836, 2.7333893, 1.1055491, -1.1793171],
    [-1.7082972, -1.5315523, -0.67277228, 2.8325161, 1.0987002, -1.1467294],
    [-1.7207787, -1.5502453, -0.71615523, 2.940828, 1.0912167, -1.111122],
    [-1.7326961, -1.5680936, -0.7575779, 3.0442459, 1.0840713, -1.0771236],
    [-1.7434587, -1.5842156, -0.79500083, 3.137671, 1.077622, -1.0464077],
    [-1.750442, -1.5977757, -0.8327172, 3.2255326, 1.0768241, -1.0150953],
    [-1.751275, -1.6079013, -0.87409653, 3.3107998, 1.0860261, -0.98011352],
    [-1.7464107, -1.6148507, -0.91889151, 3.3937091, 1.1044972, -0.94171351],
    [-1.7399623, -1.6218752, -0.96879013, 3.4843863, 1.1265926, -0.89884367],
    [-1.7328028, -1.6296744, -1.0241916, 3.5850634, 1.1511248, -0.85124609],
    [-1.7249401, -1.6382396, -1.0850343, 3.6956284, 1.1780663, -0.79897377],
    [-1.7168204, -1.6470848, -1.1478662, 3.8098082, 1.2058887, -0.74499249],
    [-1.7087006, -1.65593, -1.210698, 3.923988, 1.233711, -0.69101121],
    [-1.7005809, -1.6647752, -1.2735299, 4.0381678, 1.2615334, -0.63702992],
    [-1.6924611, -1.6736204, -1.3363617, 4.1523476, 1.2893558, -0.58304864],
    [-1.6843414, -1.6824656, -1.3991936, 4.2665274, 1.3171781, -0.52906736],
    [-1.6762216, -1.6913108, -1.4620254, 4.3807072, 1.3450005, -0.47508608],
    [-1.6681019, -1.700156, -1.5248573, 4.494887, 1.3728229, -0.42110479],
    [-1.6599821, -1.7090012, -1.5876891, 4.6090668, 1.4006452, -0.36712351],
    [-1.6520029, -1.7176933, -1.6494339, 4.7212709, 1.4279862, -0.31407624],
    [-1.6446857, -1.7256642, -1.7060552, 4.8241649, 1.4530585, -0.26543062],
    [-1.6380797, -1.7328605, -1.7571737, 4.9170588, 1.4756941, -0.22151275],
    [-1.6321848, -1.739282, -1.8027893, 4.9999527, 1.495893, -0.18232262],
    [-1.627001, -1.7449289, -1.842902, 5.0728467, 1.5136552, -0.14786024],
    [-1.6225284, -1.7498012, -1.8775118, 5.1357406, 1.5289807, -0.1181256],
    [-1.6187669, -1.7538987, -1.9066188, 5.1886345, 1.5418694, -0.093118703],
    [-1.6157166, -1.7572216, -1.9302228, 5.2315284, 1.5523214, -0.072839551],
    [-1.6133774, -1.7597698, -1.948324, 5.2644224, 1.5603368, -0.057288144],
    [-1.6117493, -1.7615433, -1.9609222, 5.2873163, 1.5659154, -0.04646448],
    [-1.6108324, -1.7625422, -1.9680176, 5.3002102, 1.5690572, -0.040368561],
    [-1.6106108, -1.7627835, -1.9697322, 5.3033259, 1.5698164, -0.038895535]
  ]
}
