{
  "iteration": 739,
  "label": "pre_pick",
  "planning_time_ms": 78.647963,
  "scene": {
    "block_x": 0.20390982,
    "block_y": 0.42167761,
    "bin_x": 0.34250507,
    "bin_y": 0.30167123
  },
  "joint_names": ["shoulder_pan_joint", "shoulder_lift_joint", "elbow_joint", "wrist_1_joint", "wrist_2_joint", "wrist_3_joint"],
  "start_joints": [-0.45138343, -1.700787, -0.92055293, 0.86877695, 8.8130522e-05, -0.00050042709],
  "goal_joints": [0.84226249, 0.13173488, -1.0724373, -0.62920433, 4.7128581, -0.72864119],
  "num_waypoints": 52,
  "trajectory": [
    [-0.45138343, -1.700787, -0.92055293, 0.86877695, 8.8130522e-05, -0.00050042709],
    [-0.45001094, -1.6988428, -0.92071407, 0.86718767, 0.0050881305, -0.001272946],
    [-0.44589347, -1.6930102, -0.92119749, 0.86241983, 0.020088131, -0.0035905027],
    [-0.43903102, -1.6832891, -0.9220032, 0.85447344, 0.045088131, -0.0074530971],
    [-0.42942359, -1.6696797, -0.92313119, 0.84334848, 0.080088131, -0.012860729],
    [-0.41707118, -1.6521818, -0.92458146, 0.82904497, 0.12508813, -0.019813399],
    [-0.40197379, -1.6307955, -0.92635402, 0.8115629, 0.18008813, -0.028311107],
    [-0.38413142, -1.6055208, -0.92844885, 0.79090228, 0.24508813, -0.038353853],
    [-0.36354407, -1.5763576, -0.93086597, 0.76706309, 0.32008812, -0.049941635],
    [-0.34021174, -1.5433061, -0.93360537, 0.74004535, 0.40508811, -0.063074454],
    [-0.31413444, -1.5063661, -0.93666706, 0.70984906, 0.50008809, -0.07775231],
    [-0.28531215, -1.4655378, -0.94005102, 0.67647421, 0.60508807, -0.093975204],
    [-0.25374489, -1.420821, -0.94375727, 0.6399208, 0.72008804, -0.11174313],
    [-0.21969075, -1.3725814, -0.9477555, 0.6004877, 0.84414773, -0.13091083],
    [-0.18519632, -1.3237181, -0.95180542, 0.56054477, 0.96981144, -0.15032634],
    [-0.15070188, -1.2748548, -0.95585534, 0.52060183, 1.0954751, -0.16974186],
    [-0.11620745, -1.2259915, -0.95990527, 0.48065889, 1.2211389, -0.18915738],
    [-0.081713009, -1.1771282, -0.96395519, 0.44071595, 1.3468026, -0.2085729],
    [-0.047218573, -1.1282649, -0.96800511, 0.40077301, 1.4724663, -0.22798841],
    [-0.012724137, -1.0794016, -0.97205503, 0.36083007, 1.59813, -0.24740393],
    [0.021770299, -1.0305383, -0.97610496, 0.32088714, 1.7237937, -0.26681945],
    [0.056264735, -0.98167496, -0.98015488, 0.2809442, 1.8494574, -0.28623496],
    [0.090759171, -0.93281166, -0.9842048, 0.24100126, 1.9751211, -0.30565048],
    [0.12525361, -0.88394836, -0.98825472, 0.20105832, 2.1007848, -0.325066],
    [0.15974804, -0.83508506, -0.99230464, 0.16111538, 2.2264485, -0.34448152],
    [0.19424248, -0.78622176, -0.99635457, 0.12117244, 2.3521122, -0.36389703],
    [0.22873692, -0.73735846, -1.0004045, 0.081229505, 2.4777759, -0.38331255],
    [0.26323135, -0.68849516, -1.0044544, 0.041286566, 2.6034396, -0.40272807],
    [0.29772579, -0.63963186, -1.0085043, 0.0013436279, 2.7291033, -0.42214359],
    [0.33222022, -0.59076856, -1.0125543, -0.03859931, 2.854767, -0.4415591],
    [0.36671466, -0.54190526, -1.0166042, -0.078542249, 2.9804307, -0.46097462],
    [0.4012091, -0.49304196, -1.0206541, -0.11848519, 3.1060944, -0.48039014],
    [0.43570353, -0.44417866, -1.024704, -0.15842813, 3.2317581, -0.49980566],
    [0.47019797, -0.39531536, -1.0287539, -0.19837106, 3.3574219, -0.51922117],
    [0.5046924, -0.34645206, -1.0328039, -0.238314, 3.4830856, -0.53863669],
    [0.53918684, -0.29758876, -1.0368538, -0.27825694, 3.6087493, -0.55805221],
    [0.57368128, -0.24872546, -1.0409037, -0.31819988, 3.734413, -0.57746773],
    [0.60817571, -0.19986216, -1.0449536, -0.35814282, 3.8600767, -0.59688324],
    [0.64233118, -0.15147903, -1.0489638, -0.39769324, 3.9845055, -0.61610797],
    [0.67408896, -0.10649235, -1.0526924, -0.43446726, 4.1001995, -0.63398313],
    [0.70310176, -0.065394091, -1.0560987, -0.46806273, 4.2058936, -0.65031326],
    [0.72936958, -0.02818425, -1.0591828, -0.49847963, 4.3015876, -0.66509835],
    [0.75289242, 0.0051371735, -1.0619445, -0.52571798, 4.3872817, -0.67833841],
    [0.77367029, 0.034570179, -1.064384, -0.54977777, 4.4629757, -0.69003342],
    [0.79170317, 0.060114767, -1.0665012, -0.570659, 4.5286697, -0.7001834],
    [0.80699107, 0.081770937, -1.0682961, -0.58836168, 4.5843638, -0.70878834],
    [0.81953399, 0.099538689, -1.0697688, -0.60288579, 4.6300578, -0.71584824],
    [0.82933194, 0.11341802, -1.0709191, -0.61423135, 4.6657519, -0.7213631],
    [0.8363849, 0.12340894, -1.0717472, -0.62239835, 4.6914459, -0.72533293],
    [0.84069288, 0.12951144, -1.072253, -0.62738679, 4.7071399, -0.72775772],
    [0.84225588, 0.13172552, -1.0724365, -0.62919667, 4.712834, -0.72863747],
    [0.84226249, 0.13173488, -1.0724373, -0.62920433, 4.7128581, -0.72864119]
  ]
}
