{
  "iteration": 156,
  "label": "pre_pick",
  "planning_time_ms": 45.783915,
  "scene": {
    "block_x": 0.16478619,
    "block_y": 0.43084774,
    "bin_x": 0.30408407,
    "bin_y": 0.39499862
  },
  "joint_names": ["shoulder_pan_joint", "shoulder_lift_joint", "elbow_joint", "wrist_1_joint", "wrist_2_joint", "wrist_3_joint"],
  "start_joints": [-0.45140008, -1.7007436, -0.92023083, 0.86832853, -1.8872059e-05, -0.00019038044],
  "goal_joints": [0.92510385, 0.14896991, -1.1233484, -0.59650841, -1.5703598, -0.64504078],
  "num_waypoints": 37,
  "trajectory": [
    [-0.45140008, -1.7007436, -0.92023083, 0.86832853, -1.8872059e-05, -0.00019038044],
    [-0.44767923, -1.6957436, -0.92077989, 0.8643689, -0.0042636941, -0.0019334893],
    [-0.43651666, -1.6807436, -0.92242704, 0.85249, -0.01699816, -0.0071628158],
    [-0.41791237, -1.6557436, -0.9251723, 0.83269184, -0.038222271, -0.01587836],
    [-0.39186637, -1.6207436, -0.92901566, 0.80497442, -0.067936025, -0.028080122],
    [-0.35837866, -1.5757436, -0.93395712, 0.76933773, -0.10613942, -0.043768101],
    [-0.31744924, -1.5207436, -0.93999668, 0.72578179, -0.15283246, -0.062942296],
    [-0.27098999, -1.4583128, -0.94685223, 0.67634116, -0.20583402, -0.084707046],
    [-0.22423232, -1.3954809, -0.95375181, 0.62658296, -0.25917603, -0.1066116],
    [-0.17747465, -1.3326491, -0.96065139, 0.57682475, -0.31251804, -0.12851615],
    [-0.13071698, -1.2698172, -0.96755098, 0.52706655, -0.36586005, -0.1504207],
    [-0.083959313, -1.2069854, -0.97445056, 0.47730835, -0.41920205, -0.17232525],
    [-0.037201644, -1.1441535, -0.98135014, 0.42755015, -0.47254406, -0.1942298],
    [0.0095560255, -1.0813217, -0.98824972, 0.37779195, -0.52588607, -0.21613436],
    [0.056313695, -1.0184898, -0.9951493, 0.32803374, -0.57922808, -0.23803891],
    [0.10307136, -0.95565797, -1.0020489, 0.27827554, -0.63257008, -0.25994346],
    [0.14982903, -0.89282611, -1.0089485, 0.22851734, -0.68591209, -0.28184801],
    [0.1965867, -0.82999426, -1.0158481, 0.17875914, -0.7392541, -0.30375256],
    [0.24334437, -0.76716241, -1.0227476, 0.12900094, -0.79259611, -0.32565711],
    [0.29010204, -0.70433055, -1.0296472, 0.079242733, -0.84593811, -0.34756166],
    [0.33685971, -0.6414987, -1.0365468, 0.029484531, -0.89928012, -0.36946622],
    [0.38361738, -0.57866685, -1.0434464, -0.020273671, -0.95262213, -0.39137077],
    [0.43037505, -0.51583499, -1.050346, -0.070031873, -1.0059641, -0.41327532],
    [0.47713272, -0.45300314, -1.0572455, -0.11979008, -1.0593061, -0.43517987],
    [0.52389038, -0.39017129, -1.0641451, -0.16954828, -1.1126482, -0.45708442],
    [0.57064805, -0.32733943, -1.0710447, -0.21930648, -1.1659902, -0.47898897],
    [0.61740572, -0.26450758, -1.0779443, -0.26906468, -1.2193322, -0.50089353],
    [0.66416339, -0.20167573, -1.0848439, -0.31882288, -1.2726742, -0.52279808],
    [0.71092106, -0.13884388, -1.0917435, -0.36858109, -1.3260162, -0.54470263],
    [0.75767873, -0.076012022, -1.098643, -0.41833929, -1.3793582, -0.56660718],
    [0.80326581, -0.01475318, -1.1053699, -0.46685178, -1.4313648, -0.58796335],
    [0.84212861, 0.037469733, -1.1111045, -0.50820848, -1.4757002, -0.60616939],
    [0.87354969, 0.079692645, -1.115741, -0.54164592, -1.5115459, -0.62088922],
    [0.89752906, 0.11191556, -1.1192794, -0.5671641, -1.538902, -0.63212283],
    [0.91406672, 0.13413847, -1.1217197, -0.58476301, -1.5577685, -0.63987022],
    [0.92316266, 0.14636138, -1.1230619, -0.59444265, -1.5681453, -0.64413139],
    [0.92510385, 0.14896991, -1.1233484, -0.59650841, -1.5703598, -0.64504078]
  ]
}
