{
  "iteration": 34,
  "label": "pre_pick",
  "planning_time_ms": 197.65347,
  "scene": {
    "block_x": 0.1595541,
    "block_y": 0.39042604,
    "bin_x": 0.42373944,
    "bin_y": 0.3870679
  },
  "joint_names": ["shoulder_pan_joint", "shoulder_lift_joint", "elbow_joint", "wrist_1_joint", "wrist_2_joint", "wrist_3_joint"],
  "start_joints": [-0.45136572, -1.7008902, -0.92014036, 0.8682773, 7.5032548e-05, -0.00018633229],
  "goal_joints": [-5.4113489, -1.066936, 1.4158601, -1.9189629, -1.5707975, -0.69891885],
  "num_waypoints": 87,
  "trajectory": [
    [-0.45136572, -1.7008902, -0.92014036, 0.8682773, 7.5032548e-05, -0.00018633229],
    [-0.45636572, -1.7002511, -0.91778551, 0.86546757, -0.0015085136, -0.00089070213],
    [-0.47136572, -1.6983339, -0.91072097, 0.85703839, -0.0062591521, -0.0030038117],
    [-0.49636572, -1.6951386, -0.89894674, 0.84298975, -0.014176883, -0.0065256609],
    [-0.53136572, -1.6906651, -0.88246281, 0.82332166, -0.025261706, -0.01145625],
    [-0.57636572, -1.6849135, -0.86126918, 0.79803411, -0.039513622, -0.017795578],
    [-0.63136572, -1.6778837, -0.83536586, 0.76712711, -0.056932629, -0.025543647],
    [-0.69379649, -1.6699042, -0.80596288, 0.73204442, -0.076705032, -0.034338518],
    [-0.75662834, -1.6618734, -0.776371, 0.69673634, -0.09660446, -0.04318989],
    [-0.8194602, -1.6538427, -0.74677912, 0.66142826, -0.11650389, -0.052041263],
    [-0.88229205, -1.6458119, -0.71718723, 0.62612019, -0.13640332, -0.060892635],
    [-0.9451239, -1.6377811, -0.68759535, 0.59081211, -0.15630274, -0.069744008],
    [-1.0079558, -1.6297503, -0.65800347, 0.55550404, -0.17620217, -0.07859538],
    [-1.0707876, -1.6217196, -0.62841159, 0.52019596, -0.1961016, -0.087446753],
    [-1.1336195, -1.6136888, -0.59881971, 0.48488788, -0.21600103, -0.096298125],
    [-1.1964513, -1.605658, -0.56922783, 0.44957981, -0.23590046, -0.1051495],
    [-1.2592832, -1.5976272, -0.53963595, 0.41427173, -0.25579988, -0.11400087],
    [-1.322115, -1.5895965, -0.51004406, 0.37896365, -0.27569931, -0.12285224],
    [-1.3849469, -1.5815657, -0.48045218, 0.34365558, -0.29559874, -0.13170362],
    [-1.4477787, -1.5735349, -0.4508603, 0.3083475, -0.31549817, -0.14055499],
    [-1.5106106, -1.5655041, -0.42126842, 0.27303943, -0.3353976, -0.14940636],
    [-1.5734424, -1.5574733, -0.39167654, 0.23773135, -0.35529702, -0.15825773],
    [-1.6362743, -1.5494426, -0.36208466, 0.20242327, -0.37519645, -0.16710911],
    [-1.6991061, -1.5414118, -0.33249278, 0.1671152, -0.39509588, -0.17596048],
    [-1.761938, -1.533381, -0.30290089, 0.13180712, -0.41499531, -0.18481185],
    [-1.8247698, -1.5253502, -0.27330901, 0.096499044, -0.43489474, -0.19366322],
    [-1.8876017, -1.5173195, -0.24371713, 0.061190968, -0.45479416, -0.2025146],
    [-1.9504336, -1.5092887, -0.21412525, 0.025882892, -0.47469359, -0.21136597],
    [-2.0132654, -1.5012579, -0.18453337, -0.0094251845, -0.49459302, -0.22021734],
    [-2.0760973, -1.4932271, -0.15494149, -0.044733261, -0.51449245, -0.22906871],
    [-2.1389291, -1.4851963, -0.12534961, -0.080041337, -0.53439188, -0.23792009],
    [-2.201761, -1.4771656, -0.095757725, -0.11534941, -0.55429131, -0.24677146],
    [-2.2645928, -1.4691348, -0.066165843, -0.15065749, -0.57419073, -0.25562283],
    [-2.3274247, -1.461104, -0.036573962, -0.18596557, -0.59409016, -0.2644742],
    [-2.3902565, -1.4530732, -0.0069820804, -0.22127364, -0.61398959, -0.27332558],
    [-2.4530884, -1.4450425, 0.022609801, -0.25658172, -0.63388902, -0.28217695],
    [-2.5159202, -1.4370117, 0.052201682, -0.29188979, -0.65378845, -0.29102832],
    [-2.5787521, -1.4289809, 0.081793564, -0.32719787, -0.67368787, -0.29987969],
    [-2.6415839, -1.4209501, 0.11138545, -0.36250595, -0.6935873, -0.30873107],
    [-2.7044158, -1.4129194, 0.14097733, -0.39781402, -0.71348673, -0.31758244],
    [-2.7672476, -1.4048886, 0.17056921, -0.4331221, -0.73338616, -0.32643381],
    [-2.8300795, -1.3968578, 0.20016109, -0.46843018, -0.75328559, -0.33528518],
    [-2.8929113, -1.388827, 0.22975297, -0.50373825, -0.77318501, -0.34413656],
    [-2.9557432, -1.3807962, 0.25934485, -0.53904633, -0.79308444, -0.35298793],
    [-3.0185751, -1.3727655, 0.28893673, -0.5743544, -0.81298387, -0.3618393],
    [-3.0814069, -1.3647347, 0.31852862, -0.60966248, -0.8328833, -0.37069067],
    [-3.1442388, -1.3567039, 0.3481205, -0.64497056, -0.85278273, -0.37954205],
    [-3.2070706, -1.3486731, 0.37771238, -0.68027863, -0.87268215, -0.38839342],
    [-3.2699025, -1.3406424, 0.40730426, -0.71558671, -0.89258158, -0.39724479],
    [-3.3327343, -1.3326116, 0.43689614, -0.75089479, -0.91248101, -0.40609616],
    [-3.3955662, -1.3245808, 0.46648802, -0.78620286, -0.93238044, -0.41494754],
    [-3.458398, -1.31655, 0.4960799, -0.82151094, -0.95227987, -0.42379891],
    [-3.5212299, -1.3085193, 0.52567179, -0.85681901, -0.97217929, -0.43265028],
    [-3.5840617, -1.3004885, 0.55526367, -0.89212709, -0.99207872, -0.44150165],
    [-3.6468936, -1.2924577, 0.58485555, -0.92743517, -1.0119781, -0.45035303],
    [-3.7097254, -1.2844269, 0.61444743, -0.96274324, -1.0318776, -0.4592044],
    [-3.7725573, -1.2763961, 0.64403931, -0.99805132, -1.051777, -0.46805577],
    [-3.8353891, -1.2683654, 0.67363119, -1.0333594, -1.0716764, -0.47690714],
    [-3.898221, -1.2603346, 0.70322307, -1.0686675, -1.0915759, -0.48575852],
    [-3.9610529, -1.2523038, 0.73281496, -1.1039755, -1.1114753, -0.49460989],
    [-4.0238847, -1.244273, 0.76240684, -1.1392836, -1.1313747, -0.50346126],
    [-4.0867166, -1.2362423, 0.79199872, -1.1745917, -1.1512741, -0.51231263],
    [-4.1495484, -1.2282115, 0.8215906, -1.2098998, -1.1711736, -0.52116401],
    [-4.2123803, -1.2201807, 0.85118248, -1.2452079, -1.191073, -0.53001538],
    [-4.2752121, -1.2121499, 0.88077436, -1.2805159, -1.2109724, -0.53886675],
    [-4.338044, -1.2041192, 0.91036624, -1.315824, -1.2308719, -0.54771812],
    [-4.4008758, -1.1960884, 0.93995813, -1.3511321, -1.2507713, -0.5565695],
    [-4.4637077, -1.1880576, 0.96955001, -1.3864402, -1.2706707, -0.56542087],
    [-4.5265395, -1.1800268, 0.99914189, -1.4217482, -1.2905701, -0.57427224],
    [-4.5893714, -1.171996, 1.0287338, -1.4570563, -1.3104696, -0.58312361],
    [-4.6522032, -1.1639653, 1.0583257, -1.4923644, -1.330369, -0.59197499],
    [-4.7150351, -1.1559345, 1.0879175, -1.5276725, -1.3502684, -0.60082636],
    [-4.7778669, -1.1479037, 1.1175094, -1.5629805, -1.3701679, -0.60967773],
    [-4.8406988, -1.1398729, 1.1471013, -1.5982886, -1.3900673, -0.6185291],
    [-4.9035306, -1.1318422, 1.1766932, -1.6335967, -1.4099667, -0.62738048],
    [-4.9663625, -1.1238114, 1.2062851, -1.6689048, -1.4298661, -0.63623185],
    [-5.0291944, -1.1157806, 1.2358769, -1.7042128, -1.4497656, -0.64508322],
    [-5.0920262, -1.1077498, 1.2654688, -1.7395209, -1.469665, -0.65393459],
    [-5.1548581, -1.0997191, 1.2950607, -1.774829, -1.4895644, -0.66278597],
    [-5.2176723, -1.0916905, 1.3246443, -1.8101272, -1.5094583, -0.67163485],
    [-5.27491, -1.0843748, 1.3516015, -1.8422916, -1.527586, -0.67969816],
    [-5.3221477, -1.0783371, 1.373849, -1.8688367, -1.5425466, -0.68635272],
    [-5.3593854, -1.0735776, 1.3913868, -1.8897622, -1.5543401, -0.69159855],
    [-5.3866231, -1.0700963, 1.404215, -1.9050683, -1.5629666, -0.69543563],
    [-5.4038609, -1.0678931, 1.4123334, -1.914755, -1.5684259, -0.69786398],
    [-5.4110986, -1.066968, 1.4157421, -1.9188222, -1.5707182, -0.69888358],
    [-5.4113489, -1.066936, 1.4158601, -1.9189629, -1.5707975, -0.69891885]
  ]
}
