{
  "iteration": 0,
  "label": "pick_descend",
  "planning_time_ms": 7.652332,
  "scene": {
    "block_x": 0.2296688,
    "block_y": 0.35666919,
    "bin_x": 0.3837279,
    "bin_y": 0.33920475
  },
  "joint_names": ["shoulder_pan_joint", "shoulder_lift_joint", "elbow_joint", "wrist_1_joint", "wrist_2_joint", "wrist_3_joint"],
  "start_joints": [4.4537247, -2.0858067, -1.3986421, 5.0545843, -4.7128703, -0.25784456],
  "goal_joints": [4.4535862, -2.1743998, -1.510452, 5.2549873, -4.7128704, -0.25798316],
  "num_waypoints": 10,
  "trajectory": [
    [4.4537247, -2.0858067, -1.3986421, 5.0545843, -4.7128703, -0.25784456],
    [4.4537214, -2.0875494, -1.4018994, 5.0595843, -4.7128703, -0.25784792],
    [4.4537113, -2.0928247, -1.4116242, 5.0745843, -4.7128703, -0.257858],
    [4.4536944, -2.1021029, -1.4273463, 5.0995847, -4.7128704, -0.2578749],
    [4.4536705, -2.1161717, -1.4482783, 5.1345855, -4.7128704, -0.25789879],
    [4.4536413, -2.1348605, -1.4718505, 5.1768465, -4.7128704, -0.25792799],
    [4.4536171, -2.1515386, -1.4897047, 5.2113788, -4.7128704, -0.25795218],
    [4.4535998, -2.1641712, -1.5016047, 5.2359114, -4.7128704, -0.25796955],
    [4.4535894, -2.171952, -1.5083564, 5.2504439, -4.7128704, -0.25797991],
    [4.4535862, -2.1743998, -1.510452, 5.2549873, -4.7128704, -0.25798316]
  ]
}
