{
  "iteration": 459,
  "label": "pre_pick",
  "planning_time_ms": 48.857613,
  "scene": {
    "block_x": 0.28403634,
    "block_y": 0.43161047,
    "bin_x": 0.38400105,
    "bin_y": 0.29519926
  },
  "joint_names": ["shoulder_pan_joint", "shoulder_lift_joint", "elbow_joint", "wrist_1_joint", "wrist_2_joint", "wrist_3_joint"],
  "start_joints": [-0.45139315, -1.7008578, -0.92041361, 0.86834213, -4.1921501e-05, -0.00020580442],
  "goal_joints": [-5.5455519, -0.5610041, 0.51069555, 4.7637453, -1.5710885, -0.83372765],
  "num_waypoints": 89,
  "trajectory": [
    [-0.45139315, -1.7008578, -0.92041361, 0.86834213, -4.1921501e-05, -0.00020580442],
    [-0.45639315, -1.6997391, -0.91900896, 0.87216553, -0.0015839294, -0.0010239197],
    [-0.47139315, -1.6963827, -0.91479499, 0.88363574, -0.0062099531, -0.0034782656],
    [-0.49639315, -1.6907888, -0.9077717, 0.90275275, -0.013919992, -0.0075688421],
    [-0.53139315, -1.6829573, -0.8979391, 0.92951656, -0.024714048, -0.013295649],
    [-0.57639315, -1.6728882, -0.88529719, 0.96392718, -0.038592119, -0.020658687],
    [-0.63139315, -1.6605816, -0.86984596, 1.0059846, -0.055554205, -0.029657955],
    [-0.69382392, -1.6466123, -0.8523072, 1.0537242, -0.074807955, -0.039873069],
    [-0.75665578, -1.6325532, -0.83465576, 1.1017705, -0.094185398, -0.050153809],
    [-0.81948763, -1.6184941, -0.81700432, 1.1498168, -0.11356284, -0.060434549],
    [-0.88231948, -1.604435, -0.79935288, 1.197863, -0.13294028, -0.070715289],
    [-0.94515133, -1.590376, -0.78170144, 1.2459093, -0.15231773, -0.080996029],
    [-1.0079832, -1.5763169, -0.76405, 1.2939556, -0.17169517, -0.091276769],
    [-1.070815, -1.5622578, -0.74639855, 1.3420019, -0.19107261, -0.10155751],
    [-1.1336469, -1.5481988, -0.72874711, 1.3900482, -0.21045005, -0.11183825],
    [-1.1964787, -1.5341397, -0.71109567, 1.4380945, -0.2298275, -0.12211899],
    [-1.2593106, -1.5200806, -0.69344423, 1.4861407, -0.24920494, -0.13239973],
    [-1.3221425, -1.5060216, -0.67579279, 1.534187, -0.26858238, -0.14268047],
    [-1.3849743, -1.4919625, -0.65814135, 1.5822333, -0.28795982, -0.15296121],
    [-1.4478062, -1.4779034, -0.64048991, 1.6302796, -0.30733727, -0.16324195],
    [-1.510638, -1.4638444, -0.62283847, 1.6783259, -0.32671471, -0.17352269],
    [-1.5734699, -1.4497853, -0.60518703, 1.7263722, -0.34609215, -0.18380343],
    [-1.6363017, -1.4357262, -0.58753559, 1.7744185, -0.36546959, -0.19408417],
    [-1.6991336, -1.4216672, -0.56988415, 1.8224647, -0.38484704, -0.20436491],
    [-1.7619654, -1.4076081, -0.55223271, 1.870511, -0.40422448, -0.21464565],
    [-1.8247973, -1.393549, -0.53458127, 1.9185573, -0.42360192, -0.22492639],
    [-1.8876291, -1.37949, -0.51692983, 1.9666036, -0.44297936, -0.23520713],
    [-1.950461, -1.3654309, -0.49927839, 2.0146499, -0.46235681, -0.24548787],
    [-2.0132928, -1.3513718, -0.48162695, 2.0626962, -0.48173425, -0.25576861],
    [-2.0761247, -1.3373128, -0.46397551, 2.1107424, -0.50111169, -0.26604935],
    [-2.1389565, -1.3232537, -0.44632407, 2.1587887, -0.52048914, -0.27633009],
    [-2.2017884, -1.3091946, -0.42867263, 2.206835, -0.53986658, -0.28661083],
    [-2.2646202, -1.2951356, -0.41102119, 2.2548813, -0.55924402, -0.29689157],
    [-2.3274521, -1.2810765, -0.39336974, 2.3029276, -0.57862146, -0.30717231],
    [-2.390284, -1.2670174, -0.3757183, 2.3509739, -0.59799891, -0.31745305],
    [-2.4531158, -1.2529584, -0.35806686, 2.3990201, -0.61737635, -0.32773379],
    [-2.5159477, -1.2388993, -0.34041542, 2.4470664, -0.63675379, -0.33801453],
    [-2.5787795, -1.2248402, -0.32276398, 2.4951127, -0.65613123, -0.34829527],
    [-2.6416114, -1.2107812, -0.30511254, 2.543159, -0.67550868, -0.35857601],
    [-2.7044432, -1.1967221, -0.2874611, 2.5912053, -0.69488612, -0.36885675],
    [-2.7672751, -1.182663, -0.26980966, 2.6392516, -0.71426356, -0.37913749],
    [-2.8301069, -1.168604, -0.25215822, 2.6872979, -0.733641, -0.38941823],
    [-2.8929388, -1.1545449, -0.23450678, 2.7353441, -0.75301845, -0.39969897],
    [-2.9557706, -1.1404858, -0.21685534, 2.7833904, -0.77239589, -0.40997971],
    [-3.0186025, -1.1264268, -0.1992039, 2.8314367, -0.79177333, -0.42026045],
    [-3.0814343, -1.1123677, -0.18155246, 2.879483, -0.81115077, -0.43054119],
    [-3.1442662, -1.0983086, -0.16390102, 2.9275293, -0.83052822, -0.44082193],
    [-3.207098, -1.0842495, -0.14624958, 2.9755756, -0.84990566, -0.45110267],
    [-3.2699299, -1.0701905, -0.12859814, 3.0236218, -0.8692831, -0.46138341],
    [-3.3327618, -1.0561314, -0.1109467, 3.0716681, -0.88866055, -0.47166415],
    [-3.3955936, -1.0420723, -0.093295256, 3.1197144, -0.90803799, -0.48194489],
    [-3.4584255, -1.0280133, -0.075643816, 3.1677607, -0.92741543, -0.49222563],
    [-3.5212573, -1.0139542, -0.057992375, 3.215807, -0.94679287, -0.50250637],
    [-3.5840892, -0.99989514, -0.040340935, 3.2638533, -0.96617032, -0.51278711],
    [-3.646921, -0.98583607, -0.022689494, 3.3118996, -0.98554776, -0.52306785],
    [-3.7097529, -0.97177701, -0.0050380538, 3.3599458, -1.0049252, -0.53334859],
    [-3.7725847, -0.95771794, 0.012613387, 3.4079921, -1.0243026, -0.54362933],
    [-3.8354166, -0.94365887, 0.030264827, 3.4560384, -1.0436801, -0.55391007],
    [-3.8982484, -0.9295998, 0.047916268, 3.5040847, -1.0630575, -0.56419081],
    [-3.9610803, -0.91554074, 0.065567708, 3.552131, -1.082435, -0.57447155],
    [-4.0239121, -0.90148167, 0.083219149, 3.6001773, -1.1018124, -0.58475229],
    [-4.086744, -0.8874226, 0.10087059, 3.6482235, -1.1211899, -0.59503303],
    [-4.1495758, -0.87336353, 0.11852203, 3.6962698, -1.1405673, -0.60531377],
    [-4.2124077, -0.85930447, 0.13617347, 3.7443161, -1.1599447, -0.61559451],
    [-4.2752395, -0.8452454, 0.15382491, 3.7923624, -1.1793222, -0.62587525],
    [-4.3380714, -0.83118633, 0.17147635, 3.8404087, -1.1986996, -0.63615599],
    [-4.4009033, -0.81712726, 0.18912779, 3.888455, -1.2180771, -0.64643673],
    [-4.4637351, -0.8030682, 0.20677923, 3.9365013, -1.2374545, -0.65671747],
    [-4.526567, -0.78900913, 0.22443067, 3.9845475, -1.256832, -0.66699821],
    [-4.5893988, -0.77495006, 0.24208211, 4.0325938, -1.2762094, -0.67727895],
    [-4.6522307, -0.76089099, 0.25973355, 4.0806401, -1.2955868, -0.68755969],
    [-4.7150625, -0.74683193, 0.27738499, 4.1286864, -1.3149643, -0.69784043],
    [-4.7778944, -0.73277286, 0.29503643, 4.1767327, -1.3343417, -0.70812117],
    [-4.8407262, -0.71871379, 0.31268788, 4.224779, -1.3537192, -0.71840191],
    [-4.9035581, -0.70465472, 0.33033932, 4.2728252, -1.3730966, -0.72868265],
    [-4.9663899, -0.69059565, 0.34799076, 4.3208715, -1.3924741, -0.73896339],
    [-5.0292218, -0.67653659, 0.3656422, 4.3689178, -1.4118515, -0.74924413],
    [-5.0920536, -0.66247752, 0.38329364, 4.4169641, -1.4312289, -0.75952487],
    [-5.1548855, -0.64841845, 0.40094508, 4.4650104, -1.4506064, -0.76980561],
    [-5.2177173, -0.63435938, 0.41859652, 4.5130567, -1.4699838, -0.78008635],
    [-5.2805492, -0.62030032, 0.43624796, 4.5611029, -1.4893613, -0.79036709],
    [-5.343381, -0.60624125, 0.4538994, 4.6091492, -1.5087387, -0.80064783],
    [-5.4019445, -0.59313726, 0.47035172, 4.6539316, -1.5267998, -0.81023017],
    [-5.450537, -0.58226436, 0.48400286, 4.6910893, -1.5417858, -0.81818101],
    [-5.4891294, -0.57362904, 0.49484469, 4.7206001, -1.5536877, -0.82449562],
    [-5.5177218, -0.56723128, 0.50287719, 4.7424642, -1.5625057, -0.829174],
    [-5.5363142, -0.5630711, 0.50810039, 4.7566815, -1.5682396, -0.83221615],
    [-5.5449067, -0.56114848, 0.51051427, 4.7632519, -1.5708895, -0.83362206],
    [-5.5455519, -0.5610041, 0.51069555, 4.7637453, -1.5710885, -0.83372765]
  ]
}
