{
  "iteration": 41,
  "label": "pre_pick",
  "planning_time_ms": 63.595622,
  "scene": {
    "block_x": 0.17881883,
    "block_y": 0.47969938,
    "bin_x": 0.16239212,
    "bin_y": 0.29033295
  },
  "joint_names": ["shoulder_pan_joint", "shoulder_lift_joint", "elbow_joint", "wrist_1_joint", "wrist_2_joint", "wrist_3_joint"],
  "start_joints": [-0.45120671, -1.700929, -0.91986173, 0.86783177, -9.6922885e-05, 4.1063843e-05],
  "goal_joints": [0.96009518, -0.59446765, 0.57664904, 4.7301985, 4.7122757, -0.61006346],
  "num_waypoints": 133,
  "trajectory": [
    [-0.45120671, -1.700929, -0.91986173, 0.86783177, -9.6922885e-05, 4.1063843e-05],
    [-0.44722959, -1.7015531, -0.91692407, 0.87283177, -0.0033228596, -0.00035693367],
    [-0.43529823, -1.7034255, -0.9081111, 0.88783177, -0.01300067, -0.0015509262],
    [-0.41541263, -1.7065462, -0.89342283, 0.91283177, -0.029130353, -0.0035409138],
    [-0.3875728, -1.7109152, -0.87285924, 0.94783177, -0.05171191, -0.0063268964],
    [-0.35177872, -1.7165324, -0.84642035, 0.99283177, -0.08074534, -0.009908874],
    [-0.30803041, -1.7233979, -0.81410614, 1.0478318, -0.11623064, -0.014286847],
    [-0.25632786, -1.7315117, -0.77591663, 1.1128318, -0.15816781, -0.019460813],
    [-0.19671161, -1.7408674, -0.73188174, 1.1877808, -0.20652398, -0.025426719],
    [-0.13387976, -1.7507277, -0.68547169, 1.2667725, -0.2574884, -0.031714416],
    [-0.071047904, -1.7605881, -0.63906164, 1.3457641, -0.30845282, -0.038002113],
    [-0.008216051, -1.7704484, -0.59265158, 1.4247558, -0.35941724, -0.04428981],
    [0.054615802, -1.7803088, -0.54624153, 1.5037474, -0.41038166, -0.050577507],
    [0.11744766, -1.7901691, -0.49983148, 1.5827391, -0.46134608, -0.056865204],
    [0.18027951, -1.8000294, -0.45342142, 1.6617308, -0.51231049, -0.063152901],
    [0.24311136, -1.8098898, -0.40701137, 1.7407224, -0.56327491, -0.069440598],
    [0.30594321, -1.8197501, -0.36060132, 1.8197141, -0.61423933, -0.075728295],
    [0.36877507, -1.8296104, -0.31419127, 1.8987057, -0.66520375, -0.082015992],
    [0.43160692, -1.8394708, -0.26778121, 1.9776974, -0.71616817, -0.088303688],
    [0.49443877, -1.8493311, -0.22137116, 2.0566891, -0.76713259, -0.094591385],
    [0.55727063, -1.8591915, -0.17496111, 2.1356807, -0.81809701, -0.10087908],
    [0.62010248, -1.8690518, -0.12855106, 2.2146724, -0.86906143, -0.10716678],
    [0.68293433, -1.8789121, -0.082141003, 2.293664, -0.92002585, -0.11345448],
    [0.74576619, -1.8887725, -0.03573095, 2.3726557, -0.97099026, -0.11974217],
    [0.80859804, -1.8986328, 0.010679102, 2.4516474, -1.0219547, -0.12602987],
    [0.87142989, -1.9084931, 0.057089155, 2.530639, -1.0729191, -0.13231757],
    [0.93426175, -1.9183535, 0.10349921, 2.6096307, -1.1238835, -0.13860526],
    [0.9970936, -1.9282138, 0.14990926, 2.6886223, -1.1748479, -0.14489296],
    [1.0599255, -1.9380741, 0.19631931, 2.767614, -1.2258124, -0.15118066],
    [1.1227573, -1.9479345, 0.24272937, 2.8466057, -1.2767768, -0.15746835],
    [1.1855892, -1.9577948, 0.28913942, 2.9255973, -1.3277412, -0.16375605],
    [1.248421, -1.9676552, 0.33554947, 3.004589, -1.3787056, -0.17004375],
    [1.3112529, -1.9775155, 0.38195952, 3.0835806, -1.42967, -0.17633144],
    [1.3740847, -1.9873758, 0.42836958, 3.1625723, -1.4806345, -0.18261914],
    [1.4369166, -1.9972362, 0.47477963, 3.241564, -1.5315989, -0.18890684],
    [1.4997484, -2.0070965, 0.52118968, 3.3205556, -1.5825633, -0.19519454],
    [1.5625803, -2.0169568, 0.56759973, 3.3995473, -1.6335277, -0.20148223],
    [1.6254121, -2.0268172, 0.61400979, 3.4785389, -1.6844921, -0.20776993],
    [1.688244, -2.0366775, 0.66041984, 3.5575306, -1.7354565, -0.21405763],
    [1.7510758, -2.0465379, 0.70682989, 3.6365223, -1.786421, -0.22034532],
    [1.8139077, -2.0563982, 0.75323995, 3.7155139, -1.8373854, -0.22663302],
    [1.8767395, -2.0662585, 0.79965, 3.7945056, -1.8883498, -0.23292072],
    [1.9395714, -2.0761189, 0.84606005, 3.8734972, -1.9393142, -0.23920841],
    [2.0024032, -2.0859792, 0.8924701, 3.9524889, -1.9902786, -0.24549611],
    [2.0652351, -2.0958395, 0.93888016, 4.0314806, -2.0412431, -0.25178381],
    [2.128067, -2.1056999, 0.98529021, 4.1104722, -2.0922075, -0.2580715],
    [2.1908988, -2.1155602, 1.0317003, 4.1894639, -2.1431719, -0.2643592],
    [2.2537307, -2.1254205, 1.0781103, 4.2684555, -2.1941363, -0.2706469],
    [2.3165625, -2.1352809, 1.1245204, 4.3474472, -2.2451007, -0.2769346],
    [2.3793944, -2.1451412, 1.1709304, 4.4264389, -2.2960652, -0.28322229],
    [2.4422262, -2.1550016, 1.2173405, 4.5054305, -2.3470296, -0.28950999],
    [2.5050581, -2.1648619, 1.2637505, 4.5844222, -2.397994, -0.29579769],
    [2.5678899, -2.1747222, 1.3101606, 4.6634138, -2.4489584, -0.30208538],
    [2.6272171, -2.1840326, 1.3539819, 4.7379994, -2.4970801, -0.30802236],
    [2.6786049, -2.192097, 1.391939, 4.8026038, -2.538762, -0.31316483],
    [2.7220385, -2.1989131, 1.4240207, 4.8572081, -2.573992, -0.31751131],
    [2.7575179, -2.2044809, 1.4502272, 4.9018125, -2.6027702, -0.32106179],
    [2.785043, -2.2088005, 1.4705583, 4.9364168, -2.6250965, -0.32381628],
    [2.8046139, -2.2118718, 1.4850141, 4.9610211, -2.6409709, -0.32577478],
    [2.8191792, -2.2133224, 1.4960582, 4.9806459, -2.6491012, -0.32752726],
    [2.8325919, -2.2125454, 1.5069508, 5.0020397, -2.6472699, -0.32988701],
    [2.8434165, -2.2095714, 1.516544, 5.0229959, -2.6354399, -0.33262012],
    [2.8499361, -2.2044473, 1.5234616, 5.0408583, -2.6136148, -0.33544302],
    [2.8500412, -2.1979272, 1.5257743, 5.0512687, -2.5848692, -0.3377615],
    [2.8437718, -2.1913341, 1.5230614, 5.0522069, -2.5550435, -0.33911462],
    [2.8341123, -2.1831455, 1.5182083, 5.0505557, -2.517777, -0.34050404],
    [2.8218609, -2.1727595, 1.5120528, 5.0484613, -2.4705104, -0.34226629],
    [2.8070176, -2.1601762, 1.5045951, 5.0459239, -2.4132439, -0.34440137],
    [2.7895822, -2.1453955, 1.495835, 5.0429434, -2.3459774, -0.34690928],
    [2.7695548, -2.1284175, 1.4857727, 5.0395198, -2.2687108, -0.34979002],
    [2.7469355, -2.1092422, 1.4744081, 5.0356531, -2.1814443, -0.35304359],
    [2.7217242, -2.0878696, 1.4617413, 5.0313433, -2.0841778, -0.35667],
    [2.6939209, -2.0642997, 1.4477721, 5.0265904, -1.9769113, -0.36066924],
    [2.6635256, -2.0385324, 1.4325007, 5.0213944, -1.8596448, -0.36504131],
    [2.6311034, -2.0110468, 1.4162108, 5.015852, -1.7345582, -0.36970493],
    [2.5985316, -1.9834344, 1.3998458, 5.0102839, -1.6088945, -0.37439008],
    [2.5659598, -1.955822, 1.3834808, 5.0047159, -1.4832308, -0.37907522],
    [2.5333879, -1.9282096, 1.3671158, 4.9991478, -1.3575671, -0.38376037],
    [2.5008161, -1.9005972, 1.3507508, 4.9935798, -1.2319034, -0.38844551],
    [2.4682443, -1.8729848, 1.3343858, 4.9880117, -1.1062397, -0.39313065],
    [2.4356725, -1.8453724, 1.3180208, 4.9824437, -0.98057595, -0.3978158],
    [2.4031007, -1.81776, 1.3016558, 4.9768756, -0.85491224, -0.40250094],
    [2.3705289, -1.7901476, 1.2852908, 4.9713076, -0.72924853, -0.40718608],
    [2.3379571, -1.7625352, 1.2689258, 4.9657395, -0.60358483, -0.41187123],
    [2.3053852, -1.7349228, 1.2525608, 4.9601715, -0.47792112, -0.41655637],
    [2.2728134, -1.7073104, 1.2361958, 4.9546034, -0.35225742, -0.42124152],
    [2.2402416, -1.679698, 1.2198308, 4.9490354, -0.22659371, -0.42592666],
    [2.2076698, -1.6520856, 1.2034658, 4.9434674, -0.10093, -0.4306118],
    [2.175098, -1.6244732, 1.1871008, 4.9378993, 0.024733702, -0.43529695],
    [2.1425262, -1.5968607, 1.1707358, 4.9323313, 0.15039741, -0.43998209],
    [2.1099543, -1.5692483, 1.1543708, 4.9267632, 0.27606111, -0.44466723],
    [2.0773825, -1.5416359, 1.1380058, 4.9211952, 0.40172482, -0.44935238],
    [2.0448107, -1.5140235, 1.1216408, 4.9156271, 0.52738853, -0.45403752],
    [2.0122389, -1.4864111, 1.1052758, 4.9100591, 0.65305223, -0.45872266],
    [1.9796671, -1.4587987, 1.0889108, 4.904491, 0.77871594, -0.46340781],
    [1.9470953, -1.4311863, 1.0725458, 4.898923, 0.90437965, -0.46809295],
