{
  "iteration": 884,
  "label": "pre_pick",
  "planning_time_ms": 51.640694,
  "scene": {
    "block_x": 0.31091799,
    "block_y": 0.42585844,
    "bin_x": 0.15147578,
    "bin_y": 0.33397703
  },
  "joint_names": ["shoulder_pan_joint", "shoulder_lift_joint", "elbow_joint", "wrist_1_joint", "wrist_2_joint", "wrist_3_joint"],
  "start_joints": [-0.45137881, -1.7008429, -0.92041783, 0.86847558, 8.3308961e-05, -0.00018023063],
  "goal_joints": [-1.9472795, -2.6852389, -0.30174316, 4.5589776, 1.5702587, -0.37555869],
  "num_waypoints": 43,
  "trajectory": [
    [-0.45137881, -1.7008429, -0.92041783, 0.86847558, 8.3308961e-05, -0.00018023063],
    [-0.4534055, -1.7021766, -0.91957963, 0.87347558, 0.0022106284, -0.00068880433],
    [-0.45948557, -1.7061776, -0.91706503, 0.88847558, 0.0085925868, -0.0022145254],
    [-0.46961902, -1.7128461, -0.91287404, 0.91347558, 0.019229184, -0.004757394],
    [-0.48380585, -1.7221819, -0.90700665, 0.94847558, 0.03412042, -0.0083174099],
    [-0.50204606, -1.7341851, -0.89946286, 0.99347558, 0.053266295, -0.012894573],
    [-0.52433965, -1.7488557, -0.89024268, 1.0484756, 0.076666809, -0.018488884],
    [-0.55068662, -1.7661936, -0.8793461, 1.1134756, 0.10432196, -0.025100342],
    [-0.58108697, -1.7861989, -0.86677312, 1.1884756, 0.13623175, -0.032728947],
    [-0.6155407, -1.8088716, -0.85252375, 1.2734756, 0.17239618, -0.0413747],
    [-0.6540478, -1.8342117, -0.83659798, 1.3684756, 0.21281525, -0.051037599],
    [-0.69660829, -1.8622192, -0.81899581, 1.4734756, 0.25748895, -0.061717646],
    [-0.74322215, -1.892894, -0.79971725, 1.5884755, 0.30641729, -0.073414839],
    [-0.79350828, -1.9259854, -0.77891991, 1.7125353, 0.35920023, -0.086033543],
    [-0.84444455, -1.9595047, -0.75785368, 1.838199, 0.4126656, -0.098815394],
    [-0.89538083, -1.9930239, -0.73678746, 1.9638627, 0.46613097, -0.11159725],
    [-0.9463171, -2.0265432, -0.71572123, 2.0895264, 0.51959634, -0.1243791],
    [-0.99725338, -2.0600624, -0.694655, 2.2151901, 0.57306171, -0.13716095],
    [-1.0481897, -2.0935817, -0.67358878, 2.3408538, 0.62652707, -0.1499428],
    [-1.0991259, -2.1271009, -0.65252255, 2.4665175, 0.67999244, -0.16272465],
    [-1.1500622, -2.1606202, -0.63145632, 2.5921812, 0.73345781, -0.1755065],
    [-1.2009985, -2.1941394, -0.6103901, 2.7178449, 0.78692318, -0.18828835],
    [-1.2519348, -2.2276587, -0.58932387, 2.8435086, 0.84038855, -0.2010702],
    [-1.302871, -2.2611779, -0.56825765, 2.9691723, 0.89385392, -0.21385206],
    [-1.3538073, -2.2946971, -0.54719142, 3.094836, 0.94731929, -0.22663391],
    [-1.4047436, -2.3282164, -0.52612519, 3.2204997, 1.0007847, -0.23941576],
    [-1.4556799, -2.3617356, -0.50505897, 3.3461635, 1.05425, -0.25219761],
    [-1.5066161, -2.3952549, -0.48399274, 3.4718272, 1.1077154, -0.26497946],
    [-1.5575524, -2.4287741, -0.46292651, 3.5974909, 1.1611808, -0.27776131],
    [-1.6084887, -2.4622934, -0.44186029, 3.7231546, 1.2146461, -0.29054316],
    [-1.6586157, -2.4952801, -0.42112877, 3.8468217, 1.267262, -0.30312193],
    [-1.7049638, -2.5257801, -0.40196008, 3.9611662, 1.3159115, -0.31475246],
    [-1.7472587, -2.5536127, -0.3844678, 4.0655108, 1.3603063, -0.32536583],
    [-1.7855001, -2.5787779, -0.3686519, 4.1598553, 1.4004465, -0.33496206],
    [-1.8196881, -2.6012758, -0.35451241, 4.2441998, 1.4363321, -0.34354115],
    [-1.8498228, -2.6211063, -0.34204931, 4.3185444, 1.467963, -0.35110308],
    [-1.8759041, -2.6382694, -0.33126262, 4.3828889, 1.4953393, -0.35764787],
    [-1.897932, -2.6527651, -0.32215231, 4.4372335, 1.5184609, -0.36317551],
    [-1.9159065, -2.6645935, -0.31471841, 4.481578, 1.5373279, -0.36768601],
    [-1.9298277, -2.6737545, -0.3089609, 4.5159225, 1.5519403, -0.37117935],
    [-1.9396954, -2.6802481, -0.30487979, 4.5402671, 1.562298, -0.37365555],
    [-1.9455098, -2.6840743, -0.30247507, 4.5546116, 1.5684011, -0.3751146],
    [-1.9472795, -2.6852389, -0.30174316, 4.5589776, 1.5702587, -0.37555869]
  ]
}
