{
  "iteration": 16,
  "label": "pick_descend",
  "planning_time_ms": 6.658881,
  "scene": {
    "block_x": 0.14197811,
    "block_y": 0.47949463,
    "bin_x": 0.28795078,
    "bin_y": 0.34875076
  },
  "joint_names": ["shoulder_pan_joint", "shoulder_lift_joint", "elbow_joint", "wrist_1_joint", "wrist_2_joint", "wrist_3_joint"],
  "start_joints": [1.0255448, 0.0089158305, -0.73972244, 5.4422093, 4.7120924, -0.54518303],
  "goal_joints": [1.02542, 0.1937961, -0.89207874, 5.4096853, 4.7120925, -0.54530777],
  "num_waypoints": 10,
  "trajectory": [
    [1.0255448, 0.0089158305, -0.73972244, 5.4422093, 4.7120924, -0.54518303],
    [1.0255417, 0.01391583, -0.74456117, 5.4420481, 4.7120924, -0.54518613],
    [1.0255323, 0.028916092, -0.75899606, 5.4414827, 4.7120924, -0.54519547],
    [1.0255165, 0.053918351, -0.78223202, 5.4397164, 4.7120924, -0.54521136],
    [1.0254935, 0.088923307, -0.81295266, 5.4354321, 4.7120924, -0.54523429],
    [1.0254664, 0.12886694, -0.84539185, 5.4279276, 4.7120924, -0.54526143],
    [1.0254446, 0.15989973, -0.86863462, 5.4201376, 4.7120925, -0.54528324],
    [1.0254294, 0.18093602, -0.88339314, 5.4138598, 4.7120925, -0.54529838],
    [1.0254214, 0.19197349, -0.89085021, 5.4102794, 4.7120925, -0.54530644],
    [1.02542, 0.1937961, -0.89207874, 5.4096853, 4.7120925, -0.54530777]
  ]
}
