{
  "iteration": 974,
  "label": "pre_pick",
  "planning_time_ms": 53.11871,
  "scene": {
    "block_x": 0.25211109,
    "block_y": 0.42635858,
    "bin_x": 0.41950824,
    "bin_y": 0.30506841
  },
  "joint_names": ["shoulder_pan_joint", "shoulder_lift_joint", "elbow_joint", "wrist_1_joint", "wrist_2_joint", "wrist_3_joint"],
  "start_joints": [-0.45137925, -1.7007678, -0.92039773, 0.86849556, 6.9569127e-05, -0.00035809528],
  "goal_joints": [-5.5112468, 0.037123718, -0.81243305, -0.79596219, 4.7117625, -0.79960169],
  "num_waypoints": 88,
  "trajectory": [
    [-0.45137925, -1.7007678, -0.92039773, 0.86849556, 6.9569127e-05, -0.00035809528],
    [-0.45637925, -1.6990504, -0.92029105, 0.8668508, 0.0047255141, -0.0011478824],
    [-0.47137925, -1.6938985, -0.91997098, 0.86191651, 0.018693349, -0.0035172436],
    [-0.49637925, -1.6853118, -0.91943755, 0.85369268, 0.041973074, -0.0074661789],
    [-0.53137925, -1.6732905, -0.91869074, 0.84217934, 0.074564688, -0.012994688],
    [-0.57637925, -1.6578345, -0.91773055, 0.82737646, 0.11646819, -0.020102772],
    [-0.63137925, -1.6389439, -0.91655699, 0.80928405, 0.16768359, -0.02879043],
    [-0.69381002, -1.6175011, -0.91522488, 0.78874727, 0.22581844, -0.038651834],
    [-0.75664188, -1.5959205, -0.91388421, 0.76807856, 0.28432677, -0.048576591],
    [-0.81947373, -1.5743399, -0.91254353, 0.74740984, 0.3428351, -0.058501348],
    [-0.88230558, -1.5527593, -0.91120286, 0.72674112, 0.40134343, -0.068426105],
    [-0.94513744, -1.5311787, -0.90986219, 0.70607241, 0.45985176, -0.078350862],
    [-1.0079693, -1.5095981, -0.90852152, 0.68540369, 0.51836008, -0.088275619],
    [-1.0708011, -1.4880175, -0.90718085, 0.66473498, 0.57686841, -0.098200376],
    [-1.133633, -1.4664369, -0.90584018, 0.64406626, 0.63537674, -0.10812513],
    [-1.1964648, -1.4448563, -0.9044995, 0.62339755, 0.69388507, -0.11804989],
    [-1.2592967, -1.4232758, -0.90315883, 0.60272883, 0.7523934, -0.12797465],
    [-1.3221286, -1.4016952, -0.90181816, 0.58206011, 0.81090173, -0.1378994],
    [-1.3849604, -1.3801146, -0.90047749, 0.5613914, 0.86941006, -0.14782416],
    [-1.4477923, -1.358534, -0.89913682, 0.54072268, 0.92791839, -0.15774892],
    [-1.5106241, -1.3369534, -0.89779614, 0.52005397, 0.98642672, -0.16767368],
    [-1.573456, -1.3153728, -0.89645547, 0.49938525, 1.0449351, -0.17759843],
    [-1.6362878, -1.2937922, -0.8951148, 0.47871653, 1.1034434, -0.18752319],
    [-1.6991197, -1.2722116, -0.89377413, 0.45804782, 1.1619517, -0.19744795],
    [-1.7619515, -1.250631, -0.89243346, 0.4373791, 1.22046, -0.2073727],
    [-1.8247834, -1.2290504, -0.89109279, 0.41671039, 1.2789684, -0.21729746],
    [-1.8876152, -1.2074698, -0.88975211, 0.39604167, 1.3374767, -0.22722222],
    [-1.9504471, -1.1858892, -0.88841144, 0.37537295, 1.395985, -0.23714698],
    [-2.0132789, -1.1643086, -0.88707077, 0.35470424, 1.4544934, -0.24707173],
    [-2.0761108, -1.142728, -0.8857301, 0.33403552, 1.5130017, -0.25699649],
    [-2.1389426, -1.1211475, -0.88438943, 0.31336681, 1.57151, -0.26692125],
    [-2.2017745, -1.0995669, -0.88304876, 0.29269809, 1.6300183, -0.276846],
    [-2.2646064, -1.0779863, -0.88170808, 0.27202937, 1.6885267, -0.28677076],
    [-2.3274382, -1.0564057, -0.88036741, 0.25136066, 1.747035, -0.29669552],
    [-2.3902701, -1.0348251, -0.87902674, 0.23069194, 1.8055433, -0.30662027],
    [-2.4531019, -1.0132445, -0.87768607, 0.21002323, 1.8640517, -0.31654503],
    [-2.5159338, -0.99166389, -0.8763454, 0.18935451, 1.92256, -0.32646979],
    [-2.5787656, -0.9700833, -0.87500473, 0.1686858, 1.9810683, -0.33639455],
    [-2.6415975, -0.94850271, -0.87366405, 0.14801708, 2.0395767, -0.3463193],
    [-2.7044293, -0.92692211, -0.87232338, 0.12734836, 2.098085, -0.35624406],
    [-2.7672612, -0.90534152, -0.87098271, 0.10667965, 2.1565933, -0.36616882],
    [-2.830093, -0.88376093, -0.86964204, 0.086010932, 2.2151016, -0.37609357],
    [-2.8929249, -0.86218033, -0.86830137, 0.065342216, 2.27361, -0.38601833],
    [-2.9557567, -0.84059974, -0.8669607, 0.0446735, 2.3321183, -0.39594309],
    [-3.0185886, -0.81901915, -0.86562002, 0.024004784, 2.3906266, -0.40586785],
    [-3.0814204, -0.79743856, -0.86427935, 0.0033360683, 2.449135, -0.4157926],
    [-3.1442523, -0.77585796, -0.86293868, -0.017332648, 2.5076433, -0.42571736],
    [-3.2070841, -0.75427737, -0.86159801, -0.038001364, 2.5661516, -0.43564212],
    [-3.269916, -0.73269678, -0.86025734, -0.058670079, 2.62466, -0.44556687],
    [-3.3327479, -0.71111618, -0.85891667, -0.079338795, 2.6831683, -0.45549163],
    [-3.3955797, -0.68953559, -0.85757599, -0.10000751, 2.7416766, -0.46541639],
    [-3.4584116, -0.667955, -0.85623532, -0.12067623, 2.8001849, -0.47534115],
    [-3.5212434, -0.6463744, -0.85489465, -0.14134494, 2.8586933, -0.4852659],
    [-3.5840753, -0.62479381, -0.85355398, -0.16201366, 2.9172016, -0.49519066],
    [-3.6469071, -0.60321322, -0.85221331, -0.18268237, 2.9757099, -0.50511542],
    [-3.709739, -0.58163262, -0.85087264, -0.20335109, 3.0342183, -0.51504017],
    [-3.7725708, -0.56005203, -0.84953196, -0.22401981, 3.0927266, -0.52496493],
    [-3.8354027, -0.53847144, -0.84819129, -0.24468852, 3.1512349, -0.53488969],
    [-3.8982345, -0.51689084, -0.84685062, -0.26535724, 3.2097432, -0.54481444],
    [-3.9610664, -0.49531025, -0.84550995, -0.28602595, 3.2682516, -0.5547392],
    [-4.0238982, -0.47372966, -0.84416928, -0.30669467, 3.3267599, -0.56466396],
    [-4.0867301, -0.45214907, -0.8428286, -0.32736339, 3.3852682, -0.57458872],
    [-4.1495619, -0.43056847, -0.84148793, -0.3480321, 3.4437766, -0.58451347],
    [-4.2123938, -0.40898788, -0.84014726, -0.36870082, 3.5022849, -0.59443823],
    [-4.2752256, -0.38740729, -0.83880659, -0.38936953, 3.5607932, -0.60436299],
    [-4.3380575, -0.36582669, -0.83746592, -0.41003825, 3.6193016, -0.61428774],
    [-4.4008894, -0.3442461, -0.83612525, -0.43070697, 3.6778099, -0.6242125],
    [-4.4637212, -0.32266551, -0.83478457, -0.45137568, 3.7363182, -0.63413726],
    [-4.5265531, -0.30108491, -0.8334439, -0.4720444, 3.7948265, -0.64406202],
    [-4.5893849, -0.27950432, -0.83210323, -0.49271311, 3.8533349, -0.65398677],
    [-4.6522168, -0.25792373, -0.83076256, -0.51338183, 3.9118432, -0.66391153],
    [-4.7150486, -0.23634313, -0.82942189, -0.53405055, 3.9703515, -0.67383629],
    [-4.7778805, -0.21476254, -0.82808122, -0.55471926, 4.0288599, -0.68376104],
    [-4.8407123, -0.19318195, -0.82674054, -0.57538798, 4.0873682, -0.6936858],
    [-4.9035442, -0.17160135, -0.82539987, -0.59605669, 4.1458765, -0.70361056],
    [-4.966376, -0.15002076, -0.8240592, -0.61672541, 4.2043848, -0.71353532],
    [-5.0292079, -0.12844017, -0.82271853, -0.63739412, 4.2628932, -0.72346007],
    [-5.0920397, -0.10685957, -0.82137786, -0.65806284, 4.3214015, -0.73338483],
    [-5.1548716, -0.085278982, -0.82003719, -0.67873156, 4.3799098, -0.74330959],
    [-5.2177034, -0.063698389, -0.81869651, -0.69940027, 4.4384182, -0.75323434],
    [-5.2805353, -0.042117796, -0.81735584, -0.72006899, 4.4969265, -0.7631591],
    [-5.342264, -0.020916084, -0.81603871, -0.74037483, 4.5544076, -0.77290961],
    [-5.3953988, -0.0026660962, -0.81490495, -0.75785368, 4.6038862, -0.78130265],
    [-5.4385336, 0.012149234, -0.81398456, -0.77204299, 4.6440528, -0.78811611],
    [-5.4716684, 0.023529906, -0.81327755, -0.78294278, 4.6749076, -0.79335],
    [-5.4948033, 0.03147592, -0.81278391, -0.79055304, 4.6964505, -0.79700431],
    [-5.5079381, 0.035987276, -0.81250365, -0.79487377, 4.7086814, -0.79907905],
    [-5.5112468, 0.037123718, -0.81243305, -0.79596219, 4.7117625, -0.79960169]
  ]
}
