{
  "iteration": 912,
  "label": "pre_pick",
  "planning_time_ms": 63.678126,
  "scene": {
    "block_x": 0.15227799,
    "block_y": 0.46881914,
    "bin_x": 0.29346569,
    "bin_y": 0.29433084
  },
  "joint_names": ["shoulder_pan_joint", "shoulder_lift_joint", "elbow_joint", "wrist_1_joint", "wrist_2_joint", "wrist_3_joint"],
  "start_joints": [-0.45133426, -1.7008299, -0.92039171, 0.86828535, -8.1084359e-05, -0.0002997143],
  "goal_joints": [-5.2914647, 0.0452698, -0.8346918, 5.5020698, -1.5703869, -0.57883515],
  "num_waypoints": 85,
  "trajectory": [
    [-0.45133426, -1.7008299, -0.92039171, 0.86828535, -8.1084359e-05, -0.0002997143],
    [-0.45633426, -1.6990261, -0.92030318, 0.87307219, -0.0017032574, -0.00089735877],
    [-0.47133426, -1.6936148, -0.92003759, 0.88743271, -0.0065697766, -0.0026902922],
    [-0.49633426, -1.6845959, -0.91959494, 0.9113669, -0.014680642, -0.0056785145],
    [-0.53133426, -1.6719695, -0.91897522, 0.94487477, -0.026035853, -0.0098620258],
    [-0.57633426, -1.6557355, -0.91817845, 0.98795632, -0.040635411, -0.015240826],
    [-0.63133426, -1.635894, -0.91720461, 1.0406115, -0.058479314, -0.021814915],
    [-0.69376504, -1.6133718, -0.9160992, 1.1003807, -0.078734018, -0.029277197],
    [-0.75659689, -1.5907049, -0.9149867, 1.1605339, -0.099118846, -0.036787418],
    [-0.81942874, -1.5680381, -0.91387419, 1.2206871, -0.11950367, -0.04429764],
    [-0.8822606, -1.5453712, -0.91276168, 1.2808403, -0.1398885, -0.051807862],
    [-0.94509245, -1.5227043, -0.91164917, 1.3409935, -0.16027333, -0.059318084],
    [-1.0079243, -1.5000374, -0.91053666, 1.4011467, -0.18065816, -0.066828306],
    [-1.0707562, -1.4773705, -0.90942415, 1.4612999, -0.20104299, -0.074338528],
    [-1.133588, -1.4547036, -0.90831165, 1.5214531, -0.22142781, -0.08184875],
    [-1.1964199, -1.4320367, -0.90719914, 1.5816062, -0.24181264, -0.089358972],
    [-1.2592517, -1.4093699, -0.90608663, 1.6417594, -0.26219747, -0.096869194],
    [-1.3220836, -1.386703, -0.90497412, 1.7019126, -0.2825823, -0.10437942],
    [-1.3849154, -1.3640361, -0.90386161, 1.7620658, -0.30296712, -0.11188964],
    [-1.4477473, -1.3413692, -0.90274911, 1.822219, -0.32335195, -0.11939986],
    [-1.5105791, -1.3187023, -0.9016366, 1.8823722, -0.34373678, -0.12691008],
    [-1.573411, -1.2960354, -0.90052409, 1.9425254, -0.36412161, -0.1344203],
    [-1.6362428, -1.2733686, -0.89941158, 2.0026785, -0.38450644, -0.14193052],
    [-1.6990747, -1.2507017, -0.89829907, 2.0628317, -0.40489126, -0.14944075],
    [-1.7619065, -1.2280348, -0.89718657, 2.1229849, -0.42527609, -0.15695097],
    [-1.8247384, -1.2053679, -0.89607406, 2.1831381, -0.44566092, -0.16446119],
    [-1.8875702, -1.182701, -0.89496155, 2.2432913, -0.46604575, -0.17197141],
    [-1.9504021, -1.1600341, -0.89384904, 2.3034445, -0.48643057, -0.17948163],
    [-2.013234, -1.1373672, -0.89273653, 2.3635977, -0.5068154, -0.18699186],
    [-2.0760658, -1.1147004, -0.89162403, 2.4237509, -0.52720023, -0.19450208],
    [-2.1388977, -1.0920335, -0.89051152, 2.483904, -0.54758506, -0.2020123],
    [-2.2017295, -1.0693666, -0.88939901, 2.5440572, -0.56796989, -0.20952252],
    [-2.2645614, -1.0466997, -0.8882865, 2.6042104, -0.58835471, -0.21703274],
    [-2.3273932, -1.0240328, -0.88717399, 2.6643636, -0.60873954, -0.22454297],
    [-2.3902251, -1.0013659, -0.88606149, 2.7245168, -0.62912437, -0.23205319],
    [-2.4530569, -0.97869905, -0.88494898, 2.78467, -0.6495092, -0.23956341],
    [-2.5158888, -0.95603217, -0.88383647, 2.8448232, -0.66989402, -0.24707363],
    [-2.5787206, -0.93336529, -0.88272396, 2.9049763, -0.69027885, -0.25458385],
    [-2.6415525, -0.9106984, -0.88161145, 2.9651295, -0.71066368, -0.26209407],
    [-2.7043843, -0.88803152, -0.88049895, 3.0252827, -0.73104851, -0.2696043],
    [-2.7672162, -0.86536463, -0.87938644, 3.0854359, -0.75143334, -0.27711452],
    [-2.830048, -0.84269775, -0.87827393, 3.1455891, -0.77181816, -0.28462474],
    [-2.8928799, -0.82003086, -0.87716142, 3.2057423, -0.79220299, -0.29213496],
    [-2.9557117, -0.79736398, -0.87604891, 3.2658955, -0.81258782, -0.29964518],
    [-3.0185436, -0.77469709, -0.8749364, 3.3260486, -0.83297265, -0.30715541],
    [-3.0813755, -0.75203021, -0.8738239, 3.3862018, -0.85335747, -0.31466563],
    [-3.1442073, -0.72936332, -0.87271139, 3.446355, -0.8737423, -0.32217585],
    [-3.2070392, -0.70669644, -0.87159888, 3.5065082, -0.89412713, -0.32968607],
    [-3.269871, -0.68402955, -0.87048637, 3.5666614, -0.91451196, -0.33719629],
    [-3.3327029, -0.66136267, -0.86937386, 3.6268146, -0.93489679, -0.34470652],
    [-3.3955347, -0.63869578, -0.86826136, 3.6869678, -0.95528161, -0.35221674],
    [-3.4583666, -0.6160289, -0.86714885, 3.747121, -0.97566644, -0.35972696],
    [-3.5211984, -0.59336202, -0.86603634, 3.8072741, -0.99605127, -0.36723718],
    [-3.5840303, -0.57069513, -0.86492383, 3.8674273, -1.0164361, -0.3747474],
    [-3.6468621, -0.54802825, -0.86381132, 3.9275805, -1.0368209, -0.38225763],
    [-3.709694, -0.52536136, -0.86269882, 3.9877337, -1.0572058, -0.38976785],
    [-3.7725258, -0.50269448, -0.86158631, 4.0478869, -1.0775906, -0.39727807],
    [-3.8353577, -0.48002759, -0.8604738, 4.1080401, -1.0979754, -0.40478829],
    [-3.8981895, -0.45736071, -0.85936129, 4.1681933, -1.1183602, -0.41229851],
    [-3.9610214, -0.43469382, -0.85824878, 4.2283464, -1.1387451, -0.41980873],
    [-4.0238533, -0.41202694, -0.85713628, 4.2884996, -1.1591299, -0.42731896],
    [-4.0866851, -0.38936005, -0.85602377, 4.3486528, -1.1795147, -0.43482918],
    [-4.149517, -0.36669317, -0.85491126, 4.408806, -1.1998995, -0.4423394],
    [-4.2123488, -0.34402628, -0.85379875, 4.4689592, -1.2202844, -0.44984962],
    [-4.2751807, -0.3213594, -0.85268624, 4.5291124, -1.2406692, -0.45735984],
    [-4.3380125, -0.29869252, -0.85157374, 4.5892656, -1.261054, -0.46487007],
    [-4.4008444, -0.27602563, -0.85046123, 4.6494188, -1.2814389, -0.47238029],
    [-4.4636762, -0.25335875, -0.84934872, 4.7095719, -1.3018237, -0.47989051],
    [-4.5265081, -0.23069186, -0.84823621, 4.7697251, -1.3222085, -0.48740073],
    [-4.5893399, -0.20802498, -0.8471237, 4.8298783, -1.3425933, -0.49491095],
    [-4.6521718, -0.18535809, -0.8460112, 4.8900315, -1.3629782, -0.50242118],
    [-4.7150036, -0.16269121, -0.84489869, 4.9501847, -1.383363, -0.5099314],
    [-4.7778355, -0.14002432, -0.84378618, 5.0103379, -1.4037478, -0.51744162],
    [-4.8406673, -0.11735744, -0.84267367, 5.0704911, -1.4241327, -0.52495184],
    [-4.9034992, -0.094690554, -0.84156116, 5.1306442, -1.4445175, -0.53246206],
    [-4.966331, -0.072023669, -0.84044865, 5.1907974, -1.4649023, -0.53997228],
    [-5.0291629, -0.049356785, -0.83933615, 5.2509506, -1.4852871, -0.54748251],
    [-5.0919948, -0.0266899, -0.83822364, 5.3111038, -1.505672, -0.55499273],
    [-5.1501518, -0.0057094618, -0.8371939, 5.3667815, -1.5245401, -0.56194418],
    [-5.1983144, 0.011665402, -0.83634113, 5.4128908, -1.5401657, -0.567701],
    [-5.2364769, 0.02543272, -0.83566542, 5.4494264, -1.552547, -0.57226252],
    [-5.2646395, 0.035592491, -0.83516677, 5.4763883, -1.5616839, -0.57562876],
    [-5.282802, 0.042144714, -0.83484518, 5.4937765, -1.5675764, -0.57779971],
    [-5.2909646, 0.045089392, -0.83470066, 5.5015911, -1.5702247, -0.57877537],
    [-5.2914647, 0.0452698, -0.8346918, 5.5020698, -1.5703869, -0.57883515]
  ]
}
