{
  "iteration": 346,
  "label": "pre_pick",
  "planning_time_ms": 37.050707,
  "scene": {
    "block_x": 0.28494444,
    "block_y": 0.44412428,
    "bin_x": 0.18635141,
    "bin_y": 0.25275802
  },
  "joint_names": ["shoulder_pan_joint", "shoulder_lift_joint", "elbow_joint", "wrist_1_joint", "wrist_2_joint", "wrist_3_joint"],
  "start_joints": [-0.45139491, -1.7008591, -0.91995017, 0.86796508, -4.4208944e-05, -2.4919522e-05],
  "goal_joints": [0.7524933, -0.1765319, -0.29798858, -1.097083, -1.5703865, -0.81789787],
  "num_waypoints": 34,
  "trajectory": [
    [-0.45139491, -1.7008591, -0.91995017, 0.86796508, -4.4208944e-05, -2.4919522e-05],
    [-0.44833166, -1.6969805, -0.91836761, 0.86296508, -0.0040398933, -0.0021059703],
    [-0.4391419, -1.6853447, -0.91361993, 0.84796508, -0.016026946, -0.0083491227],
    [-0.42382563, -1.6659517, -0.90570713, 0.82296508, -0.036005368, -0.018754377],
    [-0.40238285, -1.6388015, -0.8946292, 0.78796508, -0.063975158, -0.033321732],
    [-0.37481357, -1.6038941, -0.88038615, 0.74296508, -0.099936317, -0.052051189],
    [-0.34111778, -1.5612295, -0.86297799, 0.68796509, -0.14388884, -0.074942745],
    [-0.30129548, -1.5108077, -0.8424047, 0.6229651, -0.19583273, -0.1019964],
    [-0.25534669, -1.4526287, -0.8186663, 0.54796512, -0.25576798, -0.13321216],
    [-0.20575373, -1.3898356, -0.79304522, 0.46701695, -0.32045665, -0.16690361],
    [-0.15613017, -1.3270037, -0.76740833, 0.38601884, -0.38518522, -0.20061584],
    [-0.10650662, -1.2641719, -0.74177145, 0.30502074, -0.44991379, -0.23432807],
    [-0.056883072, -1.20134, -0.71613456, 0.22402264, -0.51464236, -0.26804031],
    [-0.0072595209, -1.1385082, -0.69049768, 0.14302453, -0.57937093, -0.30175254],
    [0.04236403, -1.0756763, -0.66486079, 0.06202643, -0.6440995, -0.33546477],
    [0.091987582, -1.0128444, -0.63922391, -0.018971674, -0.70882807, -0.36917701],
    [0.14161113, -0.95001259, -0.61358703, -0.099969777, -0.77355664, -0.40288924],
    [0.19123468, -0.88718074, -0.58795014, -0.18096788, -0.83828521, -0.43660147],
    [0.24085824, -0.82434889, -0.56231326, -0.26196598, -0.90301378, -0.47031371],
    [0.29048179, -0.76151704, -0.53667637, -0.34296409, -0.96774235, -0.50402594],
    [0.34010534, -0.69868518, -0.51103949, -0.42396219, -1.0324709, -0.53773817],
    [0.38972889, -0.63585333, -0.4854026, -0.50496029, -1.0971995, -0.57145041],
    [0.43935244, -0.57302148, -0.45976572, -0.5859584, -1.1619281, -0.60516264],
    [0.48897599, -0.51018962, -0.43412884, -0.6669565, -1.2266566, -0.63887487],
    [0.53859954, -0.44735777, -0.40849195, -0.7479546, -1.2913852, -0.67258711],
    [0.58654757, -0.38664742, -0.38372069, -0.82621783, -1.3539282, -0.70516106],
    [0.62857684, -0.33343121, -0.36200722, -0.89482016, -1.4087509, -0.73371404],
    [0.6644796, -0.28797221, -0.34345887, -0.95342249, -1.4555822, -0.75810493],
    [0.69425585, -0.25027041, -0.32807564, -1.0020248, -1.4944221, -0.77833371],
    [0.7179056, -0.22032581, -0.31585754, -1.0406271, -1.5252706, -0.79440039],
    [0.73542884, -0.19813842, -0.30680455, -1.0692295, -1.5481278, -0.80630497],
    [0.74682557, -0.18370822, -0.30091669, -1.0878318, -1.5629936, -0.81404745],
    [0.75209579, -0.17703522, -0.29819395, -1.0964341, -1.569868, -0.81762782],
    [0.7524933, -0.1765319, -0.29798858, -1.097083, -1.5703865, -0.81789787]
  ]
}
