{
  "iteration": 309,
  "label": "pre_pick",
  "planning_time_ms": 50.1697,
  "scene": {
    "block_x": 0.17700727,
    "block_y": 0.4227094,
    "bin_x": 0.43444898,
    "bin_y": 0.33143923
  },
  "joint_names": ["shoulder_pan_joint", "shoulder_lift_joint", "elbow_joint", "wrist_1_joint", "wrist_2_joint", "wrist_3_joint"],
  "start_joints": [-0.45139828, -1.7007909, -0.91999801, 0.86788355, 1.8187677e-05, -4.9817687e-05],
  "goal_joints": [4.6061211, -3.2990965, 1.1499539, -2.563581, 1.570044, -0.10556771],
  "num_waypoints": 88,
  "trajectory": [
    [-0.45139828, -1.7007909, -0.91999801, 0.86788355, 1.8187677e-05, -4.9817687e-05],
    [-0.44639828, -1.702371, -0.9179516, 0.86449111, 0.0015703575, -0.00015413552],
    [-0.43139828, -1.7071114, -0.91181236, 0.8543138, 0.006226867, -0.00046708903],
    [-0.40639828, -1.7150121, -0.90158031, 0.83735161, 0.013987716, -0.0009886782],
    [-0.37139828, -1.726073, -0.88725544, 0.81360454, 0.024852905, -0.001718903],
    [-0.32639828, -1.7402941, -0.86883775, 0.7830726, 0.038822433, -0.0026577636],
    [-0.27139828, -1.7576755, -0.84632724, 0.74575577, 0.055896301, -0.0038052597],
    [-0.2089675, -1.7774052, -0.82077544, 0.70339726, 0.075276934, -0.0051077884],
    [-0.14613565, -1.7972617, -0.79505949, 0.66076663, 0.094782075, -0.006418685],
    [-0.083303796, -1.8171182, -0.76934354, 0.61813599, 0.11428722, -0.0077295815],
    [-0.020471943, -1.8369747, -0.74362759, 0.57550535, 0.13379236, -0.0090404781],
    [0.04235991, -1.8568311, -0.71791164, 0.53287471, 0.1532975, -0.010351375],
    [0.10519176, -1.8766876, -0.69219569, 0.49024408, 0.17280264, -0.011662271],
    [0.16802362, -1.8965441, -0.66647974, 0.44761344, 0.19230778, -0.012973168],
    [0.23085547, -1.9164006, -0.64076379, 0.4049828, 0.21181292, -0.014284064],
    [0.29368732, -1.936257, -0.61504784, 0.36235217, 0.23131806, -0.015594961],
    [0.35651918, -1.9561135, -0.58933189, 0.31972153, 0.2508232, -0.016905858],
    [0.41935103, -1.97597, -0.56361594, 0.27709089, 0.27032835, -0.018216754],
    [0.48218288, -1.9958265, -0.53789999, 0.23446026, 0.28983349, -0.019527651],
    [0.54501473, -2.0156829, -0.51218404, 0.19182962, 0.30933863, -0.020838547],
    [0.60784659, -2.0355394, -0.48646809, 0.14919898, 0.32884377, -0.022149444],
    [0.67067844, -2.0553959, -0.46075214, 0.10656834, 0.34834891, -0.02346034],
    [0.73351029, -2.0752524, -0.43503619, 0.063937707, 0.36785405, -0.024771237],
    [0.79634215, -2.0951088, -0.40932024, 0.02130707, 0.38735919, -0.026082134],
    [0.859174, -2.1149653, -0.38360429, -0.021323568, 0.40686433, -0.02739303],
    [0.92200585, -2.1348218, -0.35788834, -0.063954205, 0.42636948, -0.028703927],
    [0.98483771, -2.1546783, -0.33217239, -0.10658484, 0.44587462, -0.030014823],
    [1.0476696, -2.1745347, -0.30645644, -0.14921548, 0.46537976, -0.03132572],
    [1.1105014, -2.1943912, -0.28074049, -0.19184612, 0.4848849, -0.032636616],
    [1.1733333, -2.2142477, -0.25502454, -0.23447675, 0.50439004, -0.033947513],
    [1.2361651, -2.2341041, -0.22930859, -0.27710739, 0.52389518, -0.03525841],
    [1.298997, -2.2539606, -0.20359264, -0.31973803, 0.54340032, -0.036569306],
    [1.3618288, -2.2738171, -0.17787669, -0.36236866, 0.56290546, -0.037880203],
    [1.4246607, -2.2936736, -0.15216074, -0.4049993, 0.58241061, -0.039191099],
    [1.4874925, -2.31353, -0.1264448, -0.44762994, 0.60191575, -0.040501996],
    [1.5503244, -2.3333865, -0.10072885, -0.49026058, 0.62142089, -0.041812892],
    [1.6131562, -2.353243, -0.075012895, -0.53289121, 0.64092603, -0.043123789],
    [1.6759881, -2.3730995, -0.049296946, -0.57552185, 0.66043117, -0.044434686],
    [1.7388199, -2.3929559, -0.023580996, -0.61815249, 0.67993631, -0.045745582],
    [1.8016518, -2.4128124, 0.002134954, -0.66078312, 0.69944145, -0.047056479],
    [1.8644836, -2.4326689, 0.027850904, -0.70341376, 0.71894659, -0.048367375],
    [1.9273155, -2.4525254, 0.053566854, -0.7460444, 0.73845173, -0.049678272],
    [1.9901474, -2.4723818, 0.079282803, -0.78867504, 0.75795688, -0.050989168],
    [2.0529792, -2.4922383, 0.10499875, -0.83130567, 0.77746202, -0.052300065],
    [2.1158111, -2.5120948, 0.1307147, -0.87393631, 0.79696716, -0.053610962],
    [2.1786429, -2.5319513, 0.15643065, -0.91656695, 0.8164723, -0.054921858],
    [2.2414748, -2.5518077, 0.1821466, -0.95919758, 0.83597744, -0.056232755],
    [2.3043066, -2.5716642, 0.20786255, -1.0018282, 0.85548258, -0.057543651],
    [2.3671385, -2.5915207, 0.2335785, -1.0444589, 0.87498772, -0.058854548],
    [2.4299703, -2.6113772, 0.25929445, -1.0870895, 0.89449286, -0.060165445],
    [2.4928022, -2.6312336, 0.2850104, -1.1297201, 0.91399801, -0.061476341],
    [2.555634, -2.6510901, 0.31072635, -1.1723508, 0.93350315, -0.062787238],
    [2.6184659, -2.6709466, 0.3364423, -1.2149814, 0.95300829, -0.064098134],
    [2.6812977, -2.6908031, 0.36215825, -1.257612, 0.97251343, -0.065409031],
    [2.7441296, -2.7106595, 0.3878742, -1.3002427, 0.99201857, -0.066719927],
    [2.8069614, -2.730516, 0.41359015, -1.3428733, 1.0115237, -0.068030824],
    [2.8697933, -2.7503725, 0.4393061, -1.385504, 1.0310289, -0.069341721],
    [2.9326252, -2.770229, 0.46502205, -1.4281346, 1.050534, -0.070652617],
    [2.995457, -2.7900854, 0.490738, -1.4707652, 1.0700391, -0.071963514],
    [3.0582889, -2.8099419, 0.51645395, -1.5133959, 1.0895443, -0.07327441],
    [3.1211207, -2.8297984, 0.5421699, -1.5560265, 1.1090494, -0.074585307],
    [3.1839526, -2.8496548, 0.56788585, -1.5986571, 1.1285546, -0.075896203],
    [3.2467844, -2.8695113, 0.5936018, -1.6412878, 1.1480597, -0.0772071],
    [3.3096163, -2.8893678, 0.61931775, -1.6839184, 1.1675648, -0.078517997],
    [3.3724481, -2.9092243, 0.6450337, -1.7265491, 1.18707, -0.079828893],
    [3.43528, -2.9290807, 0.67074965, -1.7691797, 1.2065751, -0.08113979],
    [3.4981118, -2.9489372, 0.6964656, -1.8118103, 1.2260803, -0.082450686],
    [3.5609437, -2.9687937, 0.72218155, -1.854441, 1.2455854, -0.083761583],
    [3.6237755, -2.9886502, 0.7478975, -1.8970716, 1.2650905, -0.085072479],
    [3.6866074, -3.0085066, 0.77361345, -1.9397022, 1.2845957, -0.086383376],
    [3.7494392, -3.0283631, 0.7993294, -1.9823329, 1.3041008, -0.087694273],
    [3.8122711, -3.0482196, 0.82504535, -2.0249635, 1.323606, -0.089005169],
    [3.8751029, -3.0680761, 0.8507613, -2.0675941, 1.3431111, -0.090316066],
    [3.9379348, -3.0879325, 0.87647725, -2.1102248, 1.3626163, -0.091626962],
    [4.0007667, -3.107789, 0.9021932, -2.1528554, 1.3821214, -0.092937859],
    [4.0635985, -3.1276455, 0.92790915, -2.1954861, 1.4016265, -0.094248755],
    [4.1264304, -3.147502, 0.9536251, -2.2381167, 1.4211317, -0.095559652],
    [4.1892622, -3.1673584, 0.97934105, -2.2807473, 1.4406368, -0.096870549],
    [4.2520941, -3.1872149, 1.005057, -2.323378, 1.460142, -0.098181445],
    [4.3149259, -3.2070714, 1.0307729, -2.3660086, 1.4796471, -0.099492342],
    [4.3777578, -3.2269279, 1.0564889, -2.4086392, 1.4991522, -0.10080324],
    [4.439304, -3.246378, 1.0816787, -2.4503976, 1.5182583, -0.10208731],
    [4.4920651, -3.2630519, 1.1032728, -2.4861953, 1.5346371, -0.1031881],
    [4.5348262, -3.2765655, 1.1207742, -2.5152082, 1.5479116, -0.10408025],
    [4.5675872, -3.2869188, 1.1341827, -2.5374362, 1.5580818, -0.10476376],
    [4.5903483, -3.2941119, 1.1434984, -2.5528793, 1.5651476, -0.10523864],
    [4.6031094, -3.2981447, 1.1487213, -2.5615375, 1.569109, -0.10550488],
    [4.6061211, -3.2990965, 1.1499539, -2.563581, 1.570044, -0.10556771]
  ]
}
