{
  "iteration": 922,
  "label": "pre_pick",
  "planning_time_ms": 5167.4016,
  "scene": {
    "block_x": 0.24746433,
    "block_y": 0.41158667,
    "bin_x": 0.16842054,
    "bin_y": 0.31559606
  },
  "joint_names": ["shoulder_pan_joint", "shoulder_lift_joint", "elbow_joint", "wrist_1_joint", "wrist_2_joint", "wrist_3_joint"],
  "start_joints": [-0.45139016, -1.700875, -0.92028687, 0.86820773, 2.1546649e-05, -0.00022083372],
  "goal_joints": [0.7555873, -0.80088585, 0.9641531, -1.7346884, 4.7131409, -0.81609684],
  "num_waypoints": 52,
  "trajectory": [
    [-0.45139016, -1.700875, -0.92028687, 0.86820773, 2.1546649e-05, -0.00022083372],
    [-0.45010972, -1.6999202, -0.91828773, 0.8654464, 0.0050215466, -0.0010863709],
    [-0.44626838, -1.6970559, -0.9122903, 0.8571624, 0.020021547, -0.0036829824],
    [-0.43986616, -1.6922821, -0.90229459, 0.84335575, 0.045021547, -0.0080106682],
    [-0.43090305, -1.6855987, -0.88830058, 0.82402644, 0.080021547, -0.014069428],
    [-0.41937905, -1.6770058, -0.8703083, 0.79917446, 0.12502155, -0.021859263],
    [-0.40529416, -1.6665033, -0.84831772, 0.76879983, 0.18002155, -0.031380172],
    [-0.38864839, -1.6540913, -0.82232886, 0.73290253, 0.24502154, -0.042632155],
    [-0.36944172, -1.6397697, -0.79234173, 0.69148258, 0.32002153, -0.055615209],
    [-0.34767417, -1.6235386, -0.7583563, 0.64453997, 0.40502151, -0.070329338],
    [-0.32334574, -1.605398, -0.72037259, 0.59207471, 0.50002149, -0.08677454],
    [-0.29645641, -1.5853478, -0.6783906, 0.53408678, 0.60502146, -0.10495082],
    [-0.2670062, -1.5633881, -0.63241032, 0.4705762, 0.72002143, -0.12485816],
    [-0.23523589, -1.5396984, -0.58280771, 0.40206224, 0.84408111, -0.14633382],
    [-0.20305482, -1.5157024, -0.53256377, 0.33266243, 0.96974481, -0.16808714],
    [-0.17087374, -1.4917065, -0.48231982, 0.26326263, 1.0954085, -0.18984046],
    [-0.13869266, -1.4677105, -0.43207588, 0.19386282, 1.2210722, -0.21159378],
    [-0.10651158, -1.4437145, -0.38183193, 0.12446301, 1.3467359, -0.23334711],
    [-0.074330506, -1.4197185, -0.33158799, 0.055063208, 1.4723996, -0.25510043],
    [-0.042149429, -1.3957225, -0.28134404, -0.014336597, 1.5980633, -0.27685375],
    [-0.0099683515, -1.3717265, -0.2311001, -0.083736403, 1.7237271, -0.29860707],
    [0.022212726, -1.3477305, -0.18085615, -0.15313621, 1.8493908, -0.32036039],
    [0.054393803, -1.3237345, -0.13061221, -0.22253602, 1.9750545, -0.34211371],
    [0.086574881, -1.2997385, -0.080368263, -0.29193582, 2.1007182, -0.36386704],
    [0.11875596, -1.2757425, -0.030124318, -0.36133563, 2.2263819, -0.38562036],
    [0.15093704, -1.2517465, 0.020119626, -0.43073543, 2.3520456, -0.40737368],
    [0.18311811, -1.2277505, 0.070363571, -0.50013524, 2.4777093, -0.429127],
    [0.21529919, -1.2037546, 0.12060752, -0.56953504, 2.603373, -0.45088032],
    [0.24748027, -1.1797586, 0.17085146, -0.63893485, 2.7290367, -0.47263364],
    [0.27966135, -1.1557626, 0.22109541, -0.70833466, 2.8547004, -0.49438697],
    [0.31184242, -1.1317666, 0.27133935, -0.77773446, 2.9803641, -0.51614029],
    [0.3440235, -1.1077706, 0.3215833, -0.84713427, 3.1060278, -0.53789361],
    [0.37620458, -1.0837746, 0.37182724, -0.91653407, 3.2316915, -0.55964693],
    [0.40838566, -1.0597786, 0.42207119, -0.98593388, 3.3573552, -0.58140025],
    [0.44056673, -1.0357826, 0.47231513, -1.0553337, 3.4830189, -0.60315357],
    [0.47274781, -1.0117866, 0.52255908, -1.1247335, 3.6086826, -0.6249069],
    [0.50492889, -0.98779062, 0.57280302, -1.1941333, 3.7343463, -0.64666022],
    [0.53710997, -0.96379463, 0.62304696, -1.2635331, 3.8600101, -0.66841354],
    [0.56897833, -0.94003181, 0.67280268, -1.3322585, 3.9844527, -0.68995548],
    [0.59861341, -0.91793426, 0.71907159, -1.3961678, 4.1001745, -0.70998779],
    [0.6256876, -0.89774624, 0.76134221, -1.4545544, 4.2058964, -0.72828903],
    [0.65020091, -0.87946777, 0.79961454, -1.5074183, 4.3016182, -0.7448592],
    [0.67215332, -0.86309884, 0.83388859, -1.5547596, 4.3873401, -0.75969829],
    [0.69154484, -0.84863944, 0.86416436, -1.5965782, 4.4630619, -0.7728063],
    [0.70837548, -0.83608959, 0.89044183, -1.6328742, 4.5287838, -0.78418324],
    [0.72264522, -0.82544928, 0.91272102, -1.6636475, 4.5845056, -0.79382911],
    [0.73435408, -0.81671851, 0.93100193, -1.6888981, 4.6302275, -0.8017439],
    [0.74350205, -0.80989727, 0.94528455, -1.7086261, 4.6659493, -0.80792762],
    [0.75008913, -0.80498558, 0.95556888, -1.7228314, 4.6916712, -0.81238026],
    [0.75411532, -0.80198343, 0.96185493, -1.731514, 4.707393, -0.81510183],
    [0.75558063, -0.80089082, 0.96414269, -1.734674, 4.7131149, -0.81609233],
    [0.7555873, -0.80088585, 0.9641531, -1.7346884, 4.7131409, -0.81609684]
  ]
}
