{
  "iteration": 719,
  "label": "pre_pick",
  "planning_time_ms": 80.251477,
  "scene": {
    "block_x": 0.24153385,
    "block_y": 0.43982921,
    "bin_x": 0.23712852,
    "bin_y": 0.30564778
  },
  "joint_names": ["shoulder_pan_joint", "shoulder_lift_joint", "elbow_joint", "wrist_1_joint", "wrist_2_joint", "wrist_3_joint"],
  "start_joints": [-0.45135714, -1.7007055, -0.92052738, 0.86871717, 5.9655583e-05, -0.00034125025],
  "goal_joints": [0.81122769, 0.00040612531, -0.718587, 5.4302286, -1.5697736, -0.75875491],
  "num_waypoints": 50,
  "trajectory": [
    [-0.45135714, -1.7007055, -0.92052738, 0.86871717, 5.9655583e-05, -0.00034125025],
    [-0.44997318, -1.6988409, -0.92030603, 0.87371717, -0.0016610825, -0.0011725686],
    [-0.44582132, -1.693247, -0.91964197, 0.88871717, -0.0068232967, -0.0036665238],
    [-0.43890155, -1.6839238, -0.91853521, 0.91371717, -0.015426987, -0.0078231157],
    [-0.42921387, -1.6708714, -0.91698574, 0.94871717, -0.027472154, -0.013642344],
    [-0.41675827, -1.6540896, -0.91499357, 0.99371717, -0.042958796, -0.02112421],
    [-0.40153478, -1.6335786, -0.91255869, 1.0487172, -0.061886915, -0.030268712],
    [-0.38354337, -1.6093384, -0.90968111, 1.1137172, -0.08425651, -0.041075851],
    [-0.36278405, -1.5813688, -0.90636082, 1.1887172, -0.11006758, -0.053545625],
    [-0.33925683, -1.54967, -0.90259783, 1.2737171, -0.13932012, -0.067678035],
    [-0.3129617, -1.514242, -0.89839213, 1.3687171, -0.17201414, -0.083473081],
    [-0.28389866, -1.4750846, -0.89374373, 1.4737171, -0.20814963, -0.10093076],
    [-0.25206772, -1.432198, -0.88865262, 1.5887171, -0.24772659, -0.12005108],
    [-0.21772913, -1.3859328, -0.88316044, 1.7127768, -0.29042144, -0.1406777],
    [-0.18294656, -1.3390693, -0.87759725, 1.8384405, -0.33366831, -0.16157101],
    [-0.14816399, -1.2922059, -0.87203405, 1.9641042, -0.37691517, -0.18246432],
    [-0.11338142, -1.2453425, -0.86647086, 2.0897679, -0.42016204, -0.20335763],
    [-0.078598848, -1.1984791, -0.86090766, 2.2154316, -0.4634089, -0.22425094],
    [-0.043816278, -1.1516157, -0.85534447, 2.3410953, -0.50665577, -0.24514425],
    [-0.0090337087, -1.1047523, -0.84978127, 2.466759, -0.54990263, -0.26603756],
    [0.025748861, -1.0578889, -0.84421808, 2.5924227, -0.5931495, -0.28693087],
    [0.06053143, -1.0110254, -0.83865488, 2.7180864, -0.63639636, -0.30782418],
    [0.095314, -0.96416204, -0.83309169, 2.8437501, -0.67964323, -0.32871749],
    [0.13009657, -0.91729862, -0.82752849, 2.9694138, -0.72289009, -0.3496108],
    [0.16487914, -0.87043521, -0.8219653, 3.0950775, -0.76613696, -0.37050411],
    [0.19966171, -0.82357179, -0.8164021, 3.2207412, -0.80938382, -0.39139742],
    [0.23444428, -0.77670838, -0.81083891, 3.346405, -0.85263068, -0.41229073],
    [0.26922685, -0.72984497, -0.80527571, 3.4720687, -0.89587755, -0.43318404],
    [0.30400942, -0.68298155, -0.79971252, 3.5977324, -0.93912441, -0.45407735],
    [0.33879199, -0.63611814, -0.79414932, 3.7233961, -0.98237128, -0.47497066],
    [0.37357456, -0.58925473, -0.78858613, 3.8490598, -1.0256181, -0.49586397],
    [0.40835713, -0.54239131, -0.78302293, 3.9747235, -1.068865, -0.51675728],
    [0.4431397, -0.4955279, -0.77745974, 4.1003872, -1.1121119, -0.53765059],
    [0.47792227, -0.44866449, -0.77189654, 4.2260509, -1.1553587, -0.5585439],
    [0.51270483, -0.40180107, -0.76633335, 4.3517146, -1.1986056, -0.57943721],
    [0.5474874, -0.35493766, -0.76077015, 4.4773783, -1.2418525, -0.60033052],
    [0.58226997, -0.30807424, -0.75520696, 4.603042, -1.2850993, -0.62122383],
    [0.61637316, -0.26212618, -0.74975243, 4.7262512, -1.3275015, -0.64170904],
    [0.64783245, -0.2197403, -0.74472076, 4.8399085, -1.3666164, -0.66060612],
    [0.67652384, -0.18108368, -0.7401318, 4.9435657, -1.4022898, -0.67784056],
    [0.70244732, -0.14615634, -0.73598555, 5.037223, -1.4345217, -0.69341236],
    [0.72560289, -0.11495827, -0.732282, 5.1208803, -1.4633121, -0.70732153],
    [0.74599055, -0.08748947, -0.72902116, 5.1945376, -1.4886611, -0.71956805],
    [0.76361031, -0.063749943, -0.72620302, 5.2581948, -1.5105686, -0.73015195],
    [0.77846215, -0.043739688, -0.72382758, 5.3118521, -1.5290346, -0.7390732],
    [0.79054608, -0.027458705, -0.72189485, 5.3555094, -1.5440592, -0.74633182],
    [0.79986211, -0.014906994, -0.72040483, 5.3891666, -1.5556422, -0.7519278],
    [0.80641023, -0.0060845549, -0.71935751, 5.4128239, -1.5637838, -0.75586114],
    [0.81019043, -0.00099138783, -0.7187529, 5.4264812, -1.568484, -0.75813185],
    [0.81122769, 0.00040612531, -0.718587, 5.4302286, -1.5697736, -0.75875491]
  ]
}
