{
  "iteration": 725,
  "label": "pre_pick",
  "planning_time_ms": 42.527934,
  "scene": {
    "block_x": 0.2194411,
    "block_y": 0.35528228,
    "bin_x": 0.37169143,
    "bin_y": 0.28102442
  },
  "joint_names": ["shoulder_pan_joint", "shoulder_lift_joint", "elbow_joint", "wrist_1_joint", "wrist_2_joint", "wrist_3_joint"],
  "start_joints": [-0.45139393, -1.7007293, -0.92044592, 0.86838571, -3.0488389e-05, -0.00023958413],
  "goal_joints": [0.70335034, -1.0848029, 1.4447159, -1.9306447, -1.5713097, -0.86704457],
  "num_waypoints": 47,
  "trajectory": [
    [-0.45139393, -1.7007293, -0.92044592, 0.86838571, -3.0488389e-05, -0.00023958413],
    [-0.44933117, -1.6996291, -0.91622095, 0.86338571, -0.0028373161, -0.0017879863],
    [-0.44314289, -1.6963283, -0.90354605, 0.84838571, -0.011257799, -0.006433193],
    [-0.43282911, -1.6908271, -0.88242122, 0.82338571, -0.025291938, -0.014175204],
    [-0.4183898, -1.6831253, -0.85284646, 0.78838571, -0.044939732, -0.02501402],
    [-0.39982498, -1.6732231, -0.81482176, 0.74338571, -0.070201181, -0.03894964],
    [-0.37713465, -1.6611203, -0.76834714, 0.68838571, -0.10107629, -0.055982064],
    [-0.3503188, -1.6468171, -0.71342258, 0.62338572, -0.13756504, -0.076111291],
    [-0.32003415, -1.6306636, -0.65139317, 0.54997755, -0.17877386, -0.098844367],
    [-0.28935772, -1.6143012, -0.58856132, 0.47561973, -0.22051578, -0.12187153],
    [-0.25868129, -1.5979388, -0.52572946, 0.40126191, -0.2622577, -0.14489869],
    [-0.22800486, -1.5815763, -0.46289761, 0.32690409, -0.30399961, -0.16792585],
    [-0.19732842, -1.5652139, -0.40006576, 0.25254627, -0.34574153, -0.19095302],
    [-0.16665199, -1.5488515, -0.3372339, 0.17818845, -0.38748345, -0.21398018],
    [-0.13597556, -1.532489, -0.27440205, 0.10383064, -0.42922536, -0.23700734],
    [-0.10529913, -1.5161266, -0.2115702, 0.029472818, -0.47096728, -0.2600345],
    [-0.0746227, -1.4997642, -0.14873834, -0.044885, -0.5127092, -0.28306166],
    [-0.043946268, -1.4834017, -0.085906491, -0.11924282, -0.55445111, -0.30608883],
    [-0.013269837, -1.4670393, -0.023074638, -0.19360064, -0.59619303, -0.32911599],
    [0.017406594, -1.4506769, 0.039757215, -0.26795845, -0.63793495, -0.35214315],
    [0.048083025, -1.4343144, 0.10258907, -0.34231627, -0.67967686, -0.37517031],
    [0.078759456, -1.417952, 0.16542092, -0.41667409, -0.72141878, -0.39819747],
    [0.10943589, -1.4015896, 0.22825277, -0.49103191, -0.7631607, -0.42122464],
    [0.14011232, -1.3852272, 0.29108463, -0.56538973, -0.80490261, -0.4442518],
    [0.17078875, -1.3688647, 0.35391648, -0.63974755, -0.84664453, -0.46727896],
    [0.20146518, -1.3525023, 0.41674833, -0.71410536, -0.88838645, -0.49030612],
    [0.23214161, -1.3361399, 0.47958019, -0.78846318, -0.93012836, -0.51333329],
    [0.26281804, -1.3197774, 0.54241204, -0.862821, -0.97187028, -0.53636045],
    [0.29349448, -1.303415, 0.60524389, -0.93717882, -1.0136122, -0.55938761],
    [0.32417091, -1.2870526, 0.66807575, -1.0115366, -1.0553541, -0.58241477],
    [0.35484734, -1.2706901, 0.7309076, -1.0858945, -1.097096, -0.60544193],
    [0.38552377, -1.2543277, 0.79373945, -1.1602523, -1.1388379, -0.6284691],
    [0.4162002, -1.2379653, 0.85657131, -1.2346101, -1.1805799, -0.65149626],
    [0.44687663, -1.2216028, 0.91940316, -1.3089679, -1.2223218, -0.67452342],
    [0.47755306, -1.2052404, 0.98223501, -1.3833257, -1.2640637, -0.69755058],
    [0.50822949, -1.188878, 1.0450669, -1.4576835, -1.3058056, -0.72057774],
    [0.53890592, -1.1725155, 1.1078987, -1.5320414, -1.3475475, -0.74360491],
    [0.56958236, -1.1561531, 1.1707306, -1.6063992, -1.3892894, -0.76663207],
    [0.59999548, -1.1399311, 1.2330231, -1.6801188, -1.4306731, -0.78946158],
    [0.62713519, -1.1254551, 1.288611, -1.7459038, -1.4676025, -0.80983391],
    [0.65014938, -1.1131796, 1.335749, -1.8016888, -1.4989183, -0.82710944],
    [0.66903806, -1.1031046, 1.374437, -1.8474738, -1.5246204, -0.84128817],
    [0.68380123, -1.0952302, 1.4046751, -1.8832588, -1.5447089, -0.85237009],
    [0.69443888, -1.0895562, 1.4264633, -1.9090439, -1.5591837, -0.86035521],
    [0.70095101, -1.0860827, 1.4398015, -1.9248289, -1.5680449, -0.86524352],
    [0.70333763, -1.0848097, 1.4446898, -1.9306139, -1.5712924, -0.86703503],
    [0.70335034, -1.0848029, 1.4447159, -1.9306447, -1.5713097, -0.86704457]
  ]
}
