{
  "iteration": 421,
  "label": "pre_pick",
  "planning_time_ms": 33.927547,
  "scene": {
    "block_x": 0.17292742,
    "block_y": 0.39001529,
    "bin_x": 0.39362023,
    "bin_y": 0.38158918
  },
  "joint_names": ["shoulder_pan_joint", "shoulder_lift_joint", "elbow_joint", "wrist_1_joint", "wrist_2_joint", "wrist_3_joint"],
  "start_joints": [-0.45130493, -1.7007314, -0.92049441, 0.86858463, -9.3292147e-05, -0.0003058982],
  "goal_joints": [-1.6747321, -2.1009482, -1.3737776, 5.0448616, 1.571704, -0.10479362],
  "num_waypoints": 47,
  "trajectory": [
    [-0.45130493, -1.7007314, -0.92049441, 0.86858463, -9.3292147e-05, -0.0003058982],
    [-0.45276966, -1.7012106, -0.92103709, 0.87358463, 0.0017885243, -0.00043099493],
    [-0.45716387, -1.702648, -0.92266516, 0.88858463, 0.0074339735, -0.00080628511],
    [-0.46448754, -1.7050438, -0.9253786, 0.91358463, 0.016843056, -0.0014317688],
    [-0.47474068, -1.7083979, -0.92917741, 0.94858463, 0.03001577, -0.0023074459],
    [-0.48792328, -1.7127103, -0.93406161, 0.99358463, 0.046952118, -0.0034333164],
    [-0.50403536, -1.717981, -0.94003118, 1.0485846, 0.067652099, -0.0048093804],
    [-0.52307691, -1.72421, -0.94708612, 1.1135846, 0.092115712, -0.0064356379],
    [-0.54504792, -1.7313973, -0.95522644, 1.1885846, 0.12034296, -0.0083120888],
    [-0.5699484, -1.739543, -0.96445214, 1.2735846, 0.15233383, -0.010438733],
    [-0.59777834, -1.7486469, -0.97476321, 1.3685846, 0.18808834, -0.01281557],
    [-0.62853776, -1.7587092, -0.98615966, 1.4735846, 0.22760648, -0.015442601],
    [-0.66222664, -1.7697297, -0.99864149, 1.5885846, 0.27088825, -0.018319826],
    [-0.69856957, -1.7816185, -1.0121066, 1.7126444, 0.3175798, -0.02142372],
    [-0.73538235, -1.793661, -1.0257459, 1.8383081, 0.364875, -0.024567744],
    [-0.77219514, -1.8057034, -1.0393851, 1.9639718, 0.41217021, -0.027711768],
    [-0.80900793, -1.8177459, -1.0530244, 2.0896355, 0.45946541, -0.030855792],
    [-0.84582071, -1.8297884, -1.0666636, 2.2152992, 0.50676062, -0.033999815],
    [-0.8826335, -1.8418309, -1.0803028, 2.3409629, 0.55405582, -0.037143839],
    [-0.91944629, -1.8538734, -1.0939421, 2.4666266, 0.60135103, -0.040287863],
    [-0.95625907, -1.8659158, -1.1075813, 2.5922903, 0.64864623, -0.043431886],
    [-0.99307186, -1.8779583, -1.1212206, 2.717954, 0.69594144, -0.04657591],
    [-1.0298846, -1.8900008, -1.1348598, 2.8436177, 0.74323664, -0.049719934],
    [-1.0666974, -1.9020433, -1.148499, 2.9692814, 0.79053185, -0.052863958],
    [-1.1035102, -1.9140858, -1.1621383, 3.0949451, 0.83782705, -0.056007981],
    [-1.140323, -1.9261282, -1.1757775, 3.2206088, 0.88512226, -0.059152005],
    [-1.1771358, -1.9381707, -1.1894168, 3.3462725, 0.93241746, -0.062296029],
    [-1.2139486, -1.9502132, -1.203056, 3.4719362, 0.97971267, -0.065440052],
    [-1.2507614, -1.9622557, -1.2166952, 3.5976, 1.0270079, -0.068584076],
    [-1.2875742, -1.9742981, -1.2303345, 3.7232637, 1.0743031, -0.0717281],
    [-1.3243869, -1.9863406, -1.2439737, 3.8489274, 1.1215983, -0.074872124],
    [-1.3611997, -1.9983831, -1.257613, 3.9745911, 1.1688935, -0.078016147],
    [-1.3980125, -2.0104256, -1.2712522, 4.1002548, 1.2161887, -0.081160171],
    [-1.4348253, -2.0224681, -1.2848914, 4.2259185, 1.2634839, -0.084304195],
    [-1.4707781, -2.0342292, -1.2982121, 4.3486465, 1.3096742, -0.087374771],
    [-1.5038815, -2.0450582, -1.3104769, 4.4616478, 1.3522038, -0.090201989],
    [-1.5340554, -2.0549289, -1.3216565, 4.5646491, 1.3909697, -0.092779013],
    [-1.5612998, -2.0638414, -1.3317506, 4.6576504, 1.4259719, -0.095105844],
    [-1.5856148, -2.0717954, -1.3407594, 4.7406517, 1.4572106, -0.097182482],
    [-1.6070003, -2.0787912, -1.3486827, 4.8136529, 1.4846856, -0.099008926],
    [-1.6254563, -2.0848287, -1.3555207, 4.8766542, 1.5083969, -0.10058518],
    [-1.6409828, -2.0899079, -1.3612734, 4.9296555, 1.5283447, -0.10191123],
    [-1.6535799, -2.0940287, -1.3659406, 4.9726568, 1.5445288, -0.1029871],
    [-1.6632475, -2.0971913, -1.3695225, 5.0056581, 1.5569492, -0.10381277],
    [-1.6699857, -2.0993955, -1.372019, 5.0286593, 1.5656061, -0.10438825],
    [-1.6737944, -2.1006414, -1.3734301, 5.0416606, 1.5704993, -0.10471353],
    [-1.6747321, -2.1009482, -1.3737776, 5.0448616, 1.571704, -0.10479362]
  ]
}
