{
  "iteration": 677,
  "label": "pre_pick",
  "planning_time_ms": 5011.0121,
  "scene": {
    "block_x": 0.1270238,
    "block_y": 0.37276948,
    "bin_x": 0.23104628,
    "bin_y": 0.2587229
  },
  "joint_names": ["shoulder_pan_joint", "shoulder_lift_joint", "elbow_joint", "wrist_1_joint", "wrist_2_joint", "wrist_3_joint"],
  "start_joints": [-0.45135368, -1.7008406, -0.9205498, 0.86876807, 4.3415318e-05, -0.00046649152],
  "goal_joints": [4.7248599, -1.9685651, -1.5799319, -1.1637717, 1.5716483, 0.013217733],
  "num_waypoints": 90,
  "trajectory": [
    [-0.45135368, -1.7008406, -0.9205498, 0.86876807, 4.3415318e-05, -0.00046649152],
    [-0.44635368, -1.7010992, -0.92118674, 0.86680472, 0.0015615181, -0.00045327314],
    [-0.43135368, -1.701875, -0.92309754, 0.86091468, 0.0061158265, -0.00041361802],
    [-0.40635368, -1.7031681, -0.92628222, 0.85109795, 0.01370634, -0.00034752616],
    [-0.37135368, -1.7049783, -0.93074076, 0.83735453, 0.02433306, -0.00025499754],
    [-0.32635368, -1.7073058, -0.93647317, 0.81968441, 0.037995985, -0.00013603218],
    [-0.27135368, -1.7101505, -0.94347946, 0.7980876, 0.054695116, 9.3699239e-06],
    [-0.20892291, -1.7133796, -0.95143232, 0.77357296, 0.073650382, 0.00017441658],
    [-0.14609106, -1.7166294, -0.95943628, 0.74890082, 0.092727424, 0.00034052356],
    [-0.083259203, -1.7198792, -0.96744024, 0.72422869, 0.11180447, 0.00050663054],
    [-0.02042735, -1.723129, -0.9754442, 0.69955655, 0.13088151, 0.00067273752],
    [0.042404503, -1.7263788, -0.98344816, 0.67488442, 0.14995855, 0.00083884449],
    [0.10523636, -1.7296286, -0.99145211, 0.65021228, 0.16903559, 0.0010049515],
    [0.16806821, -1.7328784, -0.99945607, 0.62554014, 0.18811264, 0.0011710584],
    [0.23090006, -1.7361282, -1.00746, 0.60086801, 0.20718968, 0.0013371654],
    [0.29373192, -1.7393779, -1.015464, 0.57619587, 0.22626672, 0.0015032724],
    [0.35656377, -1.7426277, -1.0234679, 0.55152374, 0.24534376, 0.0016693794],
    [0.41939562, -1.7458775, -1.0314719, 0.5268516, 0.2644208, 0.0018354864],
    [0.48222747, -1.7491273, -1.0394759, 0.50217947, 0.28349785, 0.0020015933],
    [0.54505933, -1.7523771, -1.0474798, 0.47750733, 0.30257489, 0.0021677003],
    [0.60789118, -1.7556269, -1.0554838, 0.4528352, 0.32165193, 0.0023338073],
    [0.67072303, -1.7588767, -1.0634877, 0.42816306, 0.34072897, 0.0024999143],
    [0.73355489, -1.7621265, -1.0714917, 0.40349092, 0.35980602, 0.0026660213],
    [0.79638674, -1.7653763, -1.0794957, 0.37881879, 0.37888306, 0.0028321282],
    [0.85921859, -1.7686261, -1.0874996, 0.35414665, 0.3979601, 0.0029982352],
    [0.92205045, -1.7718759, -1.0955036, 0.32947452, 0.41703714, 0.0031643422],
    [0.9848823, -1.7751257, -1.1035075, 0.30480238, 0.43611418, 0.0033304492],
    [1.0477142, -1.7783755, -1.1115115, 0.28013025, 0.45519123, 0.0034965561],
    [1.110546, -1.7816253, -1.1195154, 0.25545811, 0.47426827, 0.0036626631],
    [1.1733779, -1.7848751, -1.1275194, 0.23078597, 0.49334531, 0.0038287701],
    [1.2362097, -1.7881249, -1.1355234, 0.20611384, 0.51242235, 0.0039948771],
    [1.2990416, -1.7913747, -1.1435273, 0.1814417, 0.5314994, 0.0041609841],
    [1.3618734, -1.7946245, -1.1515313, 0.15676957, 0.55057644, 0.004327091],
    [1.4247053, -1.7978742, -1.1595352, 0.13209743, 0.56965348, 0.004493198],
    [1.4875371, -1.801124, -1.1675392, 0.1074253, 0.58873052, 0.004659305],
    [1.550369, -1.8043738, -1.1755432, 0.082753161, 0.60780756, 0.004825412],
    [1.6132008, -1.8076236, -1.1835471, 0.058081025, 0.62688461, 0.0049915189],
    [1.6760327, -1.8108734, -1.1915511, 0.03340889, 0.64596165, 0.0051576259],
    [1.7388645, -1.8141232, -1.199555, 0.008736754, 0.66503869, 0.0053237329],
    [1.8016964, -1.817373, -1.207559, -0.015935382, 0.68411573, 0.0054898399],
    [1.8645282, -1.8206228, -1.2155629, -0.040607517, 0.70319278, 0.0056559469],
    [1.9273601, -1.8238726, -1.2235669, -0.065279653, 0.72226982, 0.0058220538],
    [1.9901919, -1.8271224, -1.2315709, -0.089951788, 0.74134686, 0.0059881608],
    [2.0530238, -1.8303722, -1.2395748, -0.11462392, 0.7604239, 0.0061542678],
    [2.1158557, -1.833622, -1.2475788, -0.13929606, 0.77950094, 0.0063203748],
    [2.1786875, -1.8368718, -1.2555827, -0.1639682, 0.79857799, 0.0064864817],
    [2.2415194, -1.8401216, -1.2635867, -0.18864033, 0.81765503, 0.0066525887],
    [2.3043512, -1.8433714, -1.2715907, -0.21331247, 0.83673207, 0.0068186957],
    [2.3671831, -1.8466212, -1.2795946, -0.2379846, 0.85580911, 0.0069848027],
    [2.4300149, -1.849871, -1.2875986, -0.26265674, 0.87488616, 0.0071509097],
    [2.4928468, -1.8531208, -1.2956025, -0.28732887, 0.8939632, 0.0073170166],
    [2.5556786, -1.8563705, -1.3036065, -0.31200101, 0.91304024, 0.0074831236],
    [2.6185105, -1.8596203, -1.3116104, -0.33667314, 0.93211728, 0.0076492306],
    [2.6813423, -1.8628701, -1.3196144, -0.36134528, 0.95119432, 0.0078153376],
    [2.7441742, -1.8661199, -1.3276184, -0.38601742, 0.97027137, 0.0079814445],
    [2.807006, -1.8693697, -1.3356223, -0.41068955, 0.98934841, 0.0081475515],
    [2.8698379, -1.8726195, -1.3436263, -0.43536169, 1.0084255, 0.0083136585],
    [2.9326697, -1.8758693, -1.3516302, -0.46003382, 1.0275025, 0.0084797655],
    [2.9955016, -1.8791191, -1.3596342, -0.48470596, 1.0465795, 0.0086458725],
    [3.0583335, -1.8823689, -1.3676382, -0.50937809, 1.0656566, 0.0088119794],
    [3.1211653, -1.8856187, -1.3756421, -0.53405023, 1.0847336, 0.0089780864],
    [3.1839972, -1.8888685, -1.3836461, -0.55872237, 1.1038107, 0.0091441934],
    [3.246829, -1.8921183, -1.39165, -0.5833945, 1.1228877, 0.0093103004],
    [3.3096609, -1.8953681, -1.399654, -0.60806664, 1.1419647, 0.0094764073],
    [3.3724927, -1.8986179, -1.4076579, -0.63273877, 1.1610418, 0.0096425143],
    [3.4353246, -1.9018677, -1.4156619, -0.65741091, 1.1801188, 0.0098086213],
    [3.4981564, -1.9051175, -1.4236659, -0.68208304, 1.1991959, 0.0099747283],
    [3.5609883, -1.9083673, -1.4316698, -0.70675518, 1.2182729, 0.010140835],
    [3.6238201, -1.9116171, -1.4396738, -0.73142731, 1.23735, 0.010306942],
    [3.686652, -1.9148668, -1.4476777, -0.75609945, 1.256427, 0.010473049],
    [3.7494838, -1.9181166, -1.4556817, -0.78077159, 1.275504, 0.010639156],
    [3.8123157, -1.9213664, -1.4636857, -0.80544372, 1.2945811, 0.010805263],
    [3.8751475, -1.9246162, -1.4716896, -0.83011586, 1.3136581, 0.01097137],
    [3.9379794, -1.927866, -1.4796936, -0.85478799, 1.3327352, 0.011137477],
    [4.0008112, -1.9311158, -1.4876975, -0.87946013, 1.3518122, 0.011303584],
    [4.0636431, -1.9343656, -1.4957015, -0.90413226, 1.3708893, 0.011469691],
    [4.126475, -1.9376154, -1.5037054, -0.9288044, 1.3899663, 0.011635798],
    [4.1893068, -1.9408652, -1.5117094, -0.95347654, 1.4090433, 0.011801905],
    [4.2521387, -1.944115, -1.5197134, -0.97814867, 1.4281204, 0.011968012],
    [4.3149705, -1.9473648, -1.5277173, -1.0028208, 1.4471974, 0.012134119],
    [4.3778024, -1.9506146, -1.5357213, -1.0274929, 1.4662745, 0.012300226],
    [4.4406342, -1.9538644, -1.5437252, -1.0521651, 1.4853515, 0.012466333],
    [4.5034661, -1.9571142, -1.5517292, -1.0768372, 1.5044285, 0.01263244],
    [4.5643883, -1.9602652, -1.5594899, -1.1007595, 1.5229258, 0.012793498],
    [4.6160401, -1.9629367, -1.5660697, -1.1210416, 1.5386084, 0.012930049],
    [4.657692, -1.9650911, -1.5713756, -1.137397, 1.5512547, 0.013040163],
    [4.6893438, -1.9667282, -1.5754076, -1.1498257, 1.5608649, 0.01312384],
    [4.7109957, -1.967848, -1.5781658, -1.1583277, 1.5674388, 0.013181081],
    [4.7226475, -1.9684507, -1.5796501, -1.162903, 1.5709765, 0.013211884],
    [4.7248599, -1.9685651, -1.5799319, -1.1637717, 1.5716483, 0.013217733]
  ]
}
