{
  "iteration": 583,
  "label": "pre_pick",
  "planning_time_ms": 199.59577,
  "scene": {
    "block_x": 0.2362077,
    "block_y": 0.40353866,
    "bin_x": 0.33420058,
    "bin_y": 0.26912413
  },
  "joint_names": ["shoulder_pan_joint", "shoulder_lift_joint", "elbow_joint", "wrist_1_joint", "wrist_2_joint", "wrist_3_joint"],
  "start_joints": [-0.45122766, -1.7009013, -0.92028812, 0.86841501, -9.9192701e-05, -0.00027110053],
  "goal_joints": [-5.5228359, -0.86195579, 1.0732153, -1.7821261, -1.5712622, -0.8106245],
  "num_waypoints": 89,
  "trajectory": [
    [-0.45122766, -1.7009013, -0.92028812, 0.86841501, -9.9192701e-05, -0.00027110053],
    [-0.45622766, -1.7000742, -0.91832277, 0.8658019, -0.0016481717, -0.0010700122],
    [-0.47122766, -1.6975929, -0.9124267, 0.85796255, -0.0062951088, -0.0034667472],
    [-0.49622766, -1.6934574, -0.90259992, 0.84489696, -0.014040004, -0.0074613055],
    [-0.53122766, -1.6876677, -0.88884242, 0.82660514, -0.024882857, -0.013053687],
    [-0.57622766, -1.6802238, -0.87115422, 0.80308709, -0.038823668, -0.020243892],
    [-0.63122766, -1.6711257, -0.8495353, 0.7743428, -0.055862438, -0.029031921],
    [-0.69365844, -1.6607984, -0.82499555, 0.74171502, -0.07520323, -0.039007255],
    [-0.75649029, -1.6504048, -0.80029816, 0.70887763, -0.094668274, -0.049046676],
    [-0.81932214, -1.6400111, -0.77560076, 0.67604023, -0.11413332, -0.059086096],
    [-0.882154, -1.6296175, -0.75090337, 0.64320283, -0.13359836, -0.069125516],
    [-0.94498585, -1.6192238, -0.72620597, 0.61036544, -0.15306341, -0.079164936],
    [-1.0078177, -1.6088302, -0.70150858, 0.57752804, -0.17252845, -0.089204356],
    [-1.0706496, -1.5984365, -0.67681118, 0.54469065, -0.1919935, -0.099243776],
    [-1.1334814, -1.5880429, -0.65211378, 0.51185325, -0.21145854, -0.1092832],
    [-1.1963133, -1.5776492, -0.62741639, 0.47901585, -0.23092359, -0.11932262],
    [-1.2591451, -1.5672556, -0.60271899, 0.44617846, -0.25038863, -0.12936204],
    [-1.321977, -1.556862, -0.5780216, 0.41334106, -0.26985367, -0.13940146],
    [-1.3848088, -1.5464683, -0.5533242, 0.38050367, -0.28931872, -0.14944088],
    [-1.4476407, -1.5360747, -0.52862681, 0.34766627, -0.30878376, -0.1594803],
    [-1.5104725, -1.525681, -0.50392941, 0.31482887, -0.32824881, -0.16951972],
    [-1.5733044, -1.5152874, -0.47923201, 0.28199148, -0.34771385, -0.17955914],
    [-1.6361362, -1.5048937, -0.45453462, 0.24915408, -0.3671789, -0.18959856],
    [-1.6989681, -1.4945001, -0.42983722, 0.21631669, -0.38664394, -0.19963798],
    [-1.7617999, -1.4841064, -0.40513983, 0.18347929, -0.40610899, -0.2096774],
    [-1.8246318, -1.4737128, -0.38044243, 0.1506419, -0.42557403, -0.21971682],
    [-1.8874636, -1.4633191, -0.35574504, 0.1178045, -0.44503908, -0.22975624],
    [-1.9502955, -1.4529255, -0.33104764, 0.084967103, -0.46450412, -0.23979566],
    [-2.0131274, -1.4425318, -0.30635025, 0.052129707, -0.48396916, -0.24983508],
    [-2.0759592, -1.4321382, -0.28165285, 0.019292312, -0.50343421, -0.2598745],
    [-2.1387911, -1.4217445, -0.25695545, -0.013545084, -0.52289925, -0.26991392],
    [-2.2016229, -1.4113509, -0.23225806, -0.04638248, -0.5423643, -0.27995334],
    [-2.2644548, -1.4009573, -0.20756066, -0.079219876, -0.56182934, -0.28999276],
    [-2.3272866, -1.3905636, -0.18286327, -0.11205727, -0.58129439, -0.30003218],
    [-2.3901185, -1.38017, -0.15816587, -0.14489467, -0.60075943, -0.3100716],
    [-2.4529503, -1.3697763, -0.13346848, -0.17773206, -0.62022448, -0.32011102],
    [-2.5157822, -1.3593827, -0.10877108, -0.21056946, -0.63968952, -0.33015044],
    [-2.578614, -1.348989, -0.084073684, -0.24340686, -0.65915457, -0.34018986],
    [-2.6414459, -1.3385954, -0.059376288, -0.27624425, -0.67861961, -0.35022928],
    [-2.7042777, -1.3282017, -0.034678893, -0.30908165, -0.69808465, -0.3602687],
    [-2.7671096, -1.3178081, -0.009981497, -0.34191904, -0.7175497, -0.37030812],
    [-2.8299414, -1.3074144, 0.014715899, -0.37475644, -0.73701474, -0.38034754],
    [-2.8927733, -1.2970208, 0.039413294, -0.40759384, -0.75647979, -0.39038696],
    [-2.9556051, -1.2866271, 0.06411069, -0.44043123, -0.77594483, -0.40042638],
    [-3.018437, -1.2762335, 0.088808086, -0.47326863, -0.79540988, -0.4104658],
    [-3.0812689, -1.2658399, 0.11350548, -0.50610602, -0.81487492, -0.42050522],
    [-3.1441007, -1.2554462, 0.13820288, -0.53894342, -0.83433997, -0.43054464],
    [-3.2069326, -1.2450526, 0.16290027, -0.57178081, -0.85380501, -0.44058406],
    [-3.2697644, -1.2346589, 0.18759767, -0.60461821, -0.87327005, -0.45062348],
    [-3.3325963, -1.2242653, 0.21229506, -0.63745561, -0.8927351, -0.4606629],
    [-3.3954281, -1.2138716, 0.23699246, -0.670293, -0.91220014, -0.47070232],
    [-3.45826, -1.203478, 0.26168986, -0.7031304, -0.93166519, -0.48074174],
    [-3.5210918, -1.1930843, 0.28638725, -0.73596779, -0.95113023, -0.49078116],
    [-3.5839237, -1.1826907, 0.31108465, -0.76880519, -0.97059528, -0.50082058],
    [-3.6467555, -1.172297, 0.33578204, -0.80164259, -0.99006032, -0.51086],
    [-3.7095874, -1.1619034, 0.36047944, -0.83447998, -1.0095254, -0.52089942],
    [-3.7724192, -1.1515097, 0.38517683, -0.86731738, -1.0289904, -0.53093884],
    [-3.8352511, -1.1411161, 0.40987423, -0.90015477, -1.0484555, -0.54097826],
    [-3.8980829, -1.1307225, 0.43457163, -0.93299217, -1.0679205, -0.55101768],
    [-3.9609148, -1.1203288, 0.45926902, -0.96582957, -1.0873855, -0.5610571],
    [-4.0237467, -1.1099352, 0.48396642, -0.99866696, -1.1068506, -0.57109652],
    [-4.0865785, -1.0995415, 0.50866381, -1.0315044, -1.1263156, -0.58113594],
    [-4.1494104, -1.0891479, 0.53336121, -1.0643418, -1.1457807, -0.59117536],
    [-4.2122422, -1.0787542, 0.5580586, -1.0971791, -1.1652457, -0.60121478],
    [-4.2750741, -1.0683606, 0.582756, -1.1300165, -1.1847108, -0.6112542],
    [-4.3379059, -1.0579669, 0.60745339, -1.1628539, -1.2041758, -0.62129362],
    [-4.4007378, -1.0475733, 0.63215079, -1.1956913, -1.2236409, -0.63133304],
    [-4.4635696, -1.0371796, 0.65684819, -1.2285287, -1.2431059, -0.64137246],
    [-4.5264015, -1.026786, 0.68154558, -1.2613661, -1.2625709, -0.65141188],
    [-4.5892333, -1.0163923, 0.70624298, -1.2942035, -1.282036, -0.6614513],
    [-4.6520652, -1.0059987, 0.73094037, -1.3270409, -1.301501, -0.67149072],
    [-4.714897, -0.99560505, 0.75563777, -1.3598783, -1.3209661, -0.68153014],
    [-4.7777289, -0.98521141, 0.78033516, -1.3927157, -1.3404311, -0.69156956],
    [-4.8405607, -0.97481776, 0.80503256, -1.4255531, -1.3598962, -0.70160898],
    [-4.9033926, -0.96442411, 0.82972996, -1.4583905, -1.3793612, -0.7116484],
    [-4.9662244, -0.95403047, 0.85442735, -1.4912279, -1.3988263, -0.72168782],
    [-5.0290563, -0.94363682, 0.87912475, -1.5240653, -1.4182913, -0.73172724],
    [-5.0918882, -0.93324317, 0.90382214, -1.5569027, -1.4377563, -0.74176666],
    [-5.15472, -0.92284953, 0.92851954, -1.5897401, -1.4572214, -0.75180608],
    [-5.2175519, -0.91245588, 0.95321693, -1.6225775, -1.4766864, -0.7618455],
    [-5.2803837, -0.90206224, 0.97791433, -1.6554149, -1.4961515, -0.77188492],
    [-5.3428156, -0.89173476, 1.0024545, -1.6880432, -1.5154926, -0.78186043],
    [-5.3978189, -0.8826361, 1.0240747, -1.7167893, -1.5325324, -0.790649],
    [-5.4428223, -0.87519164, 1.0417643, -1.7403091, -1.5464743, -0.79783975],
    [-5.4778257, -0.86940137, 1.0555231, -1.7586027, -1.5573182, -0.80343267],
    [-5.5028291, -0.86526531, 1.0653512, -1.7716701, -1.5650641, -0.80742777],
    [-5.5178325, -0.86278345, 1.0712486, -1.7795112, -1.5697121, -0.80982505],
    [-5.5228359, -0.86195579, 1.0732153, -1.7821261, -1.5712622, -0.8106245],
    [-5.5228359, -0.86195579, 1.0732153, -1.7821261, -1.5712622, -0.8106245]
  ]
}
