{
  "iteration": 695,
  "label": "pre_pick",
  "planning_time_ms": 50.999615,
  "scene": {
    "block_x": 0.28016077,
    "block_y": 0.41858632,
    "bin_x": 0.12488567,
    "bin_y": 0.32375691
  },
  "joint_names": ["shoulder_pan_joint", "shoulder_lift_joint", "elbow_joint", "wrist_1_joint", "wrist_2_joint", "wrist_3_joint"],
  "start_joints": [-0.45127627, -1.7009119, -0.92036939, 0.86843503, -1.7981294e-05, -0.0003906002],
  "goal_joints": [4.3853114, -2.4806601, -0.70482557, 4.7568758, -4.7114601, -0.32621556],
  "num_waypoints": 85,
  "trajectory": [
    [-0.45127627, -1.7009119, -0.92036939, 0.86843503, -1.7981294e-05, -0.0003906002],
    [-0.44627627, -1.701718, -0.92014656, 0.87245485, -0.0048886076, -0.00072743371],
    [-0.43127627, -1.7041363, -0.91947808, 0.8845143, -0.019500486, -0.0017379343],
    [-0.40627627, -1.7081667, -0.91836395, 0.90461339, -0.043853618, -0.0034221018],
    [-0.37127627, -1.7138094, -0.91680416, 0.93275212, -0.077948002, -0.0057799364],
    [-0.32627627, -1.7210642, -0.91479873, 0.96893049, -0.12178364, -0.0088114381],
    [-0.27127627, -1.7299313, -0.91234764, 1.0131485, -0.17536053, -0.012516607],
    [-0.20884549, -1.7399963, -0.90956539, 1.0633406, -0.23617592, -0.016722362],
    [-0.14601364, -1.7501259, -0.90676528, 1.1138551, -0.29738202, -0.020955137],
    [-0.083181788, -1.7602556, -0.90396516, 1.1643696, -0.35858811, -0.025187912],
    [-0.020349935, -1.7703853, -0.90116504, 1.2148842, -0.41979421, -0.029420687],
    [0.042481918, -1.7805149, -0.89836492, 1.2653987, -0.4810003, -0.033653461],
    [0.10531377, -1.7906446, -0.8955648, 1.3159132, -0.5422064, -0.037886236],
    [0.16814562, -1.8007743, -0.89276468, 1.3664277, -0.60341249, -0.042119011],
    [0.23097748, -1.8109039, -0.88996457, 1.4169423, -0.66461858, -0.046351786],
    [0.29380933, -1.8210336, -0.88716445, 1.4674568, -0.72582468, -0.05058456],
    [0.35664118, -1.8311633, -0.88436433, 1.5179713, -0.78703077, -0.054817335],
    [0.41947304, -1.8412929, -0.88156421, 1.5684858, -0.84823687, -0.05905011],
    [0.48230489, -1.8514226, -0.87876409, 1.6190004, -0.90944296, -0.063282885],
    [0.54513674, -1.8615523, -0.87596397, 1.6695149, -0.97064906, -0.06751566],
    [0.6079686, -1.8716819, -0.87316386, 1.7200294, -1.0318552, -0.071748434],
    [0.67080045, -1.8818116, -0.87036374, 1.770544, -1.0930612, -0.075981209],
    [0.7336323, -1.8919413, -0.86756362, 1.8210585, -1.1542673, -0.080213984],
    [0.79646415, -1.902071, -0.8647635, 1.871573, -1.2154734, -0.084446759],
    [0.85929601, -1.9122006, -0.86196338, 1.9220875, -1.2766795, -0.088679533],
    [0.92212786, -1.9223303, -0.85916327, 1.9726021, -1.3378856, -0.092912308],
    [0.98495971, -1.93246, -0.85636315, 2.0231166, -1.3990917, -0.097145083],
    [1.0477916, -1.9425896, -0.85356303, 2.0736311, -1.4602978, -0.10137786],
    [1.1106234, -1.9527193, -0.85076291, 2.1241457, -1.5215039, -0.10561063],
    [1.1734553, -1.962849, -0.84796279, 2.1746602, -1.58271, -0.10984341],
    [1.2362871, -1.9729786, -0.84516267, 2.2251747, -1.6439161, -0.11407618],
    [1.299119, -1.9831083, -0.84236256, 2.2756892, -1.7051222, -0.11830896],
    [1.3619508, -1.993238, -0.83956244, 2.3262038, -1.7663283, -0.12254173],
    [1.4247827, -2.0033676, -0.83676232, 2.3767183, -1.8275344, -0.12677451],
    [1.4876145, -2.0134973, -0.8339622, 2.4272328, -1.8887405, -0.13100728],
    [1.5504464, -2.023627, -0.83116208, 2.4777473, -1.9499466, -0.13524006],
    [1.6132782, -2.0337566, -0.82836196, 2.5282619, -2.0111527, -0.13947283],
    [1.6761101, -2.0438863, -0.82556185, 2.5787764, -2.0723588, -0.14370561],
    [1.738942, -2.054016, -0.82276173, 2.6292909, -2.1335649, -0.14793838],
    [1.8017738, -2.0641456, -0.81996161, 2.6798055, -2.194771, -0.15217116],
    [1.8646057, -2.0742753, -0.81716149, 2.73032, -2.255977, -0.15640393],
    [1.9274375, -2.084405, -0.81436137, 2.7808345, -2.3171831, -0.1606367],
    [1.9902694, -2.0945346, -0.81156125, 2.831349, -2.3783892, -0.16486948],
    [2.0531012, -2.1046643, -0.80876114, 2.8818636, -2.4395953, -0.16910225],
    [2.1159331, -2.114794, -0.80596102, 2.9323781, -2.5008014, -0.17333503],
    [2.1787649, -2.1249237, -0.8031609, 2.9828926, -2.5620075, -0.1775678],
    [2.2415968, -2.1350533, -0.80036078, 3.0334072, -2.6232136, -0.18180058],
    [2.3044286, -2.145183, -0.79756066, 3.0839217, -2.6844197, -0.18603335],
    [2.3672605, -2.1553127, -0.79476054, 3.1344362, -2.7456258, -0.19026613],
    [2.4300923, -2.1654423, -0.79196043, 3.1849507, -2.8068319, -0.1944989],
    [2.4929242, -2.175572, -0.78916031, 3.2354653, -2.868038, -0.19873168],
    [2.555756, -2.1857017, -0.78636019, 3.2859798, -2.9292441, -0.20296445],
    [2.6185879, -2.1958313, -0.78356007, 3.3364943, -2.9904502, -0.20719723],
    [2.6814197, -2.205961, -0.78075995, 3.3870089, -3.0516563, -0.21143],
    [2.7442516, -2.2160907, -0.77795984, 3.4375234, -3.1128624, -0.21566278],
    [2.8070835, -2.2262203, -0.77515972, 3.4880379, -3.1740685, -0.21989555],
    [2.8699153, -2.23635, -0.7723596, 3.5385524, -3.2352746, -0.22412833],
    [2.9327472, -2.2464797, -0.76955948, 3.589067, -3.2964807, -0.2283611],
    [2.995579, -2.2566093, -0.76675936, 3.6395815, -3.3576868, -0.23259388],
    [3.0584109, -2.266739, -0.76395924, 3.690096, -3.4188929, -0.23682665],
    [3.1212427, -2.2768687, -0.76115913, 3.7406105, -3.4800989, -0.24105943],
    [3.1840746, -2.2869983, -0.75835901, 3.7911251, -3.541305, -0.2452922],
    [3.2469064, -2.297128, -0.75555889, 3.8416396, -3.6025111, -0.24952498],
    [3.3097383, -2.3072577, -0.75275877, 3.8921541, -3.6637172, -0.25375775],
    [3.3725701, -2.3173873, -0.74995865, 3.9426687, -3.7249233, -0.25799052],
    [3.435402, -2.327517, -0.74715853, 3.9931832, -3.7861294, -0.2622233],
    [3.4982338, -2.3376467, -0.74435842, 4.0436977, -3.8473355, -0.26645607],
    [3.5610657, -2.3477763, -0.7415583, 4.0942122, -3.9085416, -0.27068885],
    [3.6238975, -2.357906, -0.73875818, 4.1447268, -3.9697477, -0.27492162],
    [3.6867294, -2.3680357, -0.73595806, 4.1952413, -4.0309538, -0.2791544],
    [3.7495612, -2.3781654, -0.73315794, 4.2457558, -4.0921599, -0.28338717],
    [3.8123931, -2.388295, -0.73035782, 4.2962704, -4.153366, -0.28761995],
    [3.875225, -2.3984247, -0.72755771, 4.3467849, -4.2145721, -0.29185272],
    [3.9380568, -2.4085544, -0.72475759, 4.3972994, -4.2757782, -0.2960855],
    [4.0008887, -2.418684, -0.72195747, 4.4478139, -4.3369843, -0.30031827],
    [4.0637205, -2.4288137, -0.71915735, 4.4983285, -4.3981904, -0.30455105],
    [4.1265524, -2.4389434, -0.71635723, 4.548843, -4.4593965, -0.30878382],
    [4.1893815, -2.4490726, -0.71355724, 4.5993553, -4.5205999, -0.31301641],
    [4.2469802, -2.4583586, -0.71099033, 4.6456626, -4.5767083, -0.31689665],
    [4.2945789, -2.4660324, -0.70886909, 4.6839302, -4.6230754, -0.32010322],
    [4.3321776, -2.472094, -0.70719349, 4.7141582, -4.6597012, -0.32263612],
    [4.3597763, -2.4765434, -0.70596355, 4.7363466, -4.6865858, -0.32449535],
    [4.377375, -2.4793807, -0.70517926, 4.7504953, -4.7037291, -0.32568092],
    [4.3849737, -2.4806057, -0.70484062, 4.7566044, -4.7111312, -0.32619282],
    [4.3853114, -2.4806601, -0.70482557, 4.7568758, -4.7114601, -0.32621556]
  ]
}
