{
  "iteration": 609,
  "label": "pre_pick",
  "planning_time_ms": 92.974991,
  "scene": {
    "block_x": 0.29230764,
    "block_y": 0.40781394,
    "bin_x": 0.39791261,
    "bin_y": 0.27446041
  },
  "joint_names": ["shoulder_pan_joint", "shoulder_lift_joint", "elbow_joint", "wrist_1_joint", "wrist_2_joint", "wrist_3_joint"],
  "start_joints": [-0.45130726, -1.7008459, -0.92068159, 0.86876971, -6.3608287e-05, -0.0003764877],
  "goal_joints": [0.68966131, -0.66956513, 0.72076627, -1.6222312, 4.7116648, -0.88121766],
  "num_waypoints": 52,
  "trajectory": [
    [-0.45130726, -1.7008459, -0.92068159, 0.86876971, -6.3608287e-05, -0.0003764877],
    [-0.45009649, -1.6997515, -0.91893972, 0.86612631, 0.0049363917, -0.0013112202],
    [-0.44646416, -1.6964684, -0.91371409, 0.8581961, 0.019936392, -0.0041154179],
    [-0.44041029, -1.6909965, -0.90500472, 0.84497907, 0.044936392, -0.0087890807],
    [-0.43193486, -1.6833359, -0.8928116, 0.82647524, 0.079936392, -0.015332209],
    [-0.42103789, -1.6734865, -0.87713473, 0.8026846, 0.12493639, -0.023744801],
    [-0.40771936, -1.6614483, -0.85797411, 0.77360715, 0.17993639, -0.03402686],
    [-0.39197929, -1.6472214, -0.83532974, 0.73924289, 0.24493639, -0.046178383],
    [-0.37381767, -1.6308058, -0.80920163, 0.69959182, 0.31993638, -0.060199369],
    [-0.3532345, -1.6122014, -0.77958977, 0.65465395, 0.40493637, -0.076089819],
    [-0.33022977, -1.5914083, -0.74649416, 0.60442927, 0.49993635, -0.093849735],
    [-0.3048035, -1.5684264, -0.7099148, 0.54891779, 0.60493633, -0.11347911],
    [-0.27695569, -1.5432557, -0.6698517, 0.48811949, 0.7199363, -0.13497796],
    [-0.246914, -1.5161021, -0.6266324, 0.42253147, 0.84399605, -0.15817049],
    [-0.2164839, -1.4885974, -0.58285432, 0.35609546, 0.96965975, -0.18166289],
    [-0.18605381, -1.4610928, -0.53907624, 0.28965946, 1.0953235, -0.20515528],
    [-0.15562372, -1.4335881, -0.49529816, 0.22322345, 1.2209872, -0.22864767],
    [-0.12519362, -1.4060834, -0.45152008, 0.15678745, 1.3466509, -0.25214006],
    [-0.094763526, -1.3785787, -0.407742, 0.090351444, 1.4723146, -0.27563245],
    [-0.064333431, -1.3510741, -0.36396392, 0.023915439, 1.5979783, -0.29912484],
    [-0.033903337, -1.3235694, -0.32018584, -0.042520566, 1.723642, -0.32261723],
    [-0.0034732421, -1.2960647, -0.27640776, -0.10895657, 1.8493057, -0.34610963],
    [0.026956852, -1.26856, -0.23262968, -0.17539258, 1.9749694, -0.36960202],
    [0.057386947, -1.2410554, -0.1888516, -0.24182858, 2.1006331, -0.39309441],
    [0.087817042, -1.2135507, -0.14507352, -0.30826459, 2.2262968, -0.4165868],
    [0.11824714, -1.186046, -0.10129544, -0.37470059, 2.3519605, -0.44007919],
    [0.14867723, -1.1585413, -0.05751736, -0.4411366, 2.4776242, -0.46357158],
    [0.17910733, -1.1310366, -0.01373928, -0.5075726, 2.6032879, -0.48706397],
    [0.20953742, -1.103532, 0.0300388, -0.57400861, 2.7289516, -0.51055636],
    [0.23996751, -1.0760273, 0.07381688, -0.64044461, 2.8546153, -0.53404876],
    [0.27039761, -1.0485226, 0.11759496, -0.70688062, 2.9802791, -0.55754115],
    [0.3008277, -1.0210179, 0.16137304, -0.77331662, 3.1059428, -0.58103354],
    [0.3312578, -0.99351327, 0.20515112, -0.83975263, 3.2316065, -0.60452593],
    [0.36168789, -0.96600859, 0.2489292, -0.90618863, 3.3572702, -0.62801832],
    [0.39211799, -0.93850392, 0.29270728, -0.97262464, 3.4829339, -0.65151071],
    [0.42254808, -0.91099924, 0.33648536, -1.0390606, 3.6085976, -0.6750031],
    [0.45297818, -0.88349457, 0.38026344, -1.1054966, 3.7342613, -0.6984955],
    [0.48340827, -0.85598989, 0.42404152, -1.1719327, 3.859925, -0.72198789],
    [0.51352927, -0.82876459, 0.46737493, -1.2376938, 3.9843123, -0.74524166],
    [0.54152509, -0.80346017, 0.50765095, -1.2988153, 4.0999234, -0.76685476],
    [0.56709936, -0.7803445, 0.54444322, -1.3546499, 4.2055346, -0.78659839],
    [0.59025208, -0.75941759, 0.57775175, -1.4051976, 4.3011457, -0.80447256],
    [0.61098325, -0.74067943, 0.60757652, -1.4504586, 4.3867569, -0.82047727],
    [0.62929286, -0.72413002, 0.63391755, -1.4904328, 4.462368, -0.83461251],
    [0.64518093, -0.70976936, 0.65677482, -1.5251202, 4.5279792, -0.84687828],
    [0.65864745, -0.69759745, 0.67614835, -1.5545207, 4.5835903, -0.8572746],
    [0.66969242, -0.6876143, 0.69203813, -1.5786345, 4.6292015, -0.86580144],
    [0.67831583, -0.6798199, 0.70444416, -1.5974614, 4.6648126, -0.87245882],
    [0.6845177, -0.67421426, 0.71336644, -1.6110015, 4.6904238, -0.87724674],
    [0.68829802, -0.67079736, 0.71880498, -1.6192548, 4.7060349, -0.88016519],
    [0.68965679, -0.66956922, 0.72075976, -1.6222213, 4.7116461, -0.88121417],
    [0.68966131, -0.66956513, 0.72076627, -1.6222312, 4.7116648, -0.88121766]
  ]
}
