{
  "iteration": 216,
  "label": "pre_pick",
  "planning_time_ms": 64.422815,
  "scene": {
    "block_x": 0.24630014,
    "block_y": 0.46492419,
    "bin_x": 0.16388455,
    "bin_y": 0.33274956
  },
  "joint_names": ["shoulder_pan_joint", "shoulder_lift_joint", "elbow_joint", "wrist_1_joint", "wrist_2_joint", "wrist_3_joint"],
  "start_joints": [-0.4514179, -1.7008896, -0.9203266, 0.86841502, -1.7928923e-05, -0.00022547973],
  "goal_joints": [-5.4476706, -0.14915159, -0.36040459, -1.0618769, 4.7125374, -0.73578717],
  "num_waypoints": 87,
  "trajectory": [
    [-0.4514179, -1.7008896, -0.9203266, 0.86841502, -1.7928923e-05, -0.00022547973],
    [-0.4564179, -1.6993367, -0.91976626, 0.86648328, 0.0046981609, -0.00096159311],
    [-0.4714179, -1.694678, -0.91808523, 0.86068806, 0.01884643, -0.0031699332],
    [-0.4964179, -1.6869135, -0.91528352, 0.85102937, 0.042426879, -0.0068505001],
    [-0.5314179, -1.6760432, -0.91136113, 0.83750719, 0.075439507, -0.012003294],
    [-0.5764179, -1.6620671, -0.90631805, 0.82012153, 0.11788432, -0.018628314],
    [-0.6314179, -1.6449852, -0.90015429, 0.79887239, 0.1697613, -0.026725561],
    [-0.69384867, -1.6255954, -0.89315777, 0.77475239, 0.22864713, -0.035916787],
    [-0.75668052, -1.6060811, -0.88611631, 0.75047744, 0.28791126, -0.045167061],
    [-0.81951238, -1.5865667, -0.87907484, 0.72620248, 0.34717539, -0.054417334],
    [-0.88234423, -1.5670524, -0.87203338, 0.70192752, 0.40643953, -0.063667608],
    [-0.94517608, -1.547538, -0.86499191, 0.67765256, 0.46570366, -0.072917881],
    [-1.0080079, -1.5280237, -0.85795045, 0.65337761, 0.52496779, -0.082168155],
    [-1.0708398, -1.5085093, -0.85090898, 0.62910265, 0.58423192, -0.091418428],
    [-1.1336716, -1.488995, -0.84386752, 0.60482769, 0.64349605, -0.1006687],
    [-1.1965035, -1.4694807, -0.83682605, 0.58055274, 0.70276019, -0.10991898],
    [-1.2593353, -1.4499663, -0.82978459, 0.55627778, 0.76202432, -0.11916925],
    [-1.3221672, -1.430452, -0.82274313, 0.53200282, 0.82128845, -0.12841952],
    [-1.3849991, -1.4109376, -0.81570166, 0.50772787, 0.88055258, -0.1376698],
    [-1.4478309, -1.3914233, -0.8086602, 0.48345291, 0.93981671, -0.14692007],
    [-1.5106628, -1.371909, -0.80161873, 0.45917795, 0.99908085, -0.15617034],
    [-1.5734946, -1.3523946, -0.79457727, 0.43490299, 1.058345, -0.16542062],
    [-1.6363265, -1.3328803, -0.7875358, 0.41062804, 1.1176091, -0.17467089],
    [-1.6991583, -1.3133659, -0.78049434, 0.38635308, 1.1768732, -0.18392116],
    [-1.7619902, -1.2938516, -0.77345287, 0.36207812, 1.2361374, -0.19317144],
    [-1.824822, -1.2743373, -0.76641141, 0.33780317, 1.2954015, -0.20242171],
    [-1.8876539, -1.2548229, -0.75936994, 0.31352821, 1.3546656, -0.21167198],
    [-1.9504857, -1.2353086, -0.75232848, 0.28925325, 1.4139298, -0.22092226],
    [-2.0133176, -1.2157942, -0.74528701, 0.2649783, 1.4731939, -0.23017253],
    [-2.0761494, -1.1962799, -0.73824555, 0.24070334, 1.532458, -0.2394228],
    [-2.1389813, -1.1767656, -0.73120408, 0.21642838, 1.5917222, -0.24867308],
    [-2.2018131, -1.1572512, -0.72416262, 0.19215343, 1.6509863, -0.25792335],
    [-2.264645, -1.1377369, -0.71712115, 0.16787847, 1.7102504, -0.26717363],
    [-2.3274769, -1.1182225, -0.71007969, 0.14360351, 1.7695146, -0.2764239],
    [-2.3903087, -1.0987082, -0.70303822, 0.11932855, 1.8287787, -0.28567417],
    [-2.4531406, -1.0791939, -0.69599676, 0.095053598, 1.8880428, -0.29492445],
    [-2.5159724, -1.0596795, -0.68895529, 0.070778641, 1.947307, -0.30417472],
    [-2.5788043, -1.0401652, -0.68191383, 0.046503684, 2.0065711, -0.31342499],
    [-2.6416361, -1.0206508, -0.67487237, 0.022228727, 2.0658352, -0.32267527],
    [-2.704468, -1.0011365, -0.6678309, -0.0020462302, 2.1250994, -0.33192554],
    [-2.7672998, -0.98162216, -0.66078944, -0.026321187, 2.1843635, -0.34117581],
    [-2.8301317, -0.96210782, -0.65374797, -0.050596144, 2.2436276, -0.35042609],
    [-2.8929635, -0.94259348, -0.64670651, -0.074871101, 2.3028917, -0.35967636],
    [-2.9557954, -0.92307914, -0.63966504, -0.099146058, 2.3621559, -0.36892663],
    [-3.0186272, -0.9035648, -0.63262358, -0.12342101, 2.42142, -0.37817691],
    [-3.0814591, -0.88405045, -0.62558211, -0.14769597, 2.4806841, -0.38742718],
    [-3.1442909, -0.86453611, -0.61854065, -0.17197093, 2.5399483, -0.39667745],
    [-3.2071228, -0.84502177, -0.61149918, -0.19624589, 2.5992124, -0.40592773],
    [-3.2699546, -0.82550743, -0.60445772, -0.22052084, 2.6584765, -0.415178],
    [-3.3327865, -0.80599309, -0.59741625, -0.2447958, 2.7177407, -0.42442827],
    [-3.3956184, -0.78647875, -0.59037479, -0.26907076, 2.7770048, -0.43367855],
    [-3.4584502, -0.76696441, -0.58333332, -0.29334571, 2.8362689, -0.44292882],
    [-3.5212821, -0.74745007, -0.57629186, -0.31762067, 2.8955331, -0.4521791],
    [-3.5841139, -0.72793573, -0.56925039, -0.34189563, 2.9547972, -0.46142937],
    [-3.6469458, -0.70842139, -0.56220893, -0.36617058, 3.0140613, -0.47067964],
    [-3.7097776, -0.68890705, -0.55516746, -0.39044554, 3.0733255, -0.47992992],
    [-3.7726095, -0.66939271, -0.548126, -0.4147205, 3.1325896, -0.48918019],
    [-3.8354413, -0.64987837, -0.54108453, -0.43899546, 3.1918537, -0.49843046],
    [-3.8982732, -0.63036403, -0.53404307, -0.46327041, 3.2511179, -0.50768074],
    [-3.961105, -0.61084969, -0.52700161, -0.48754537, 3.310382, -0.51693101],
    [-4.0239369, -0.59133535, -0.51996014, -0.51182033, 3.3696461, -0.52618128],
    [-4.0867687, -0.57182101, -0.51291868, -0.53609528, 3.4289103, -0.53543156],
    [-4.1496006, -0.55230667, -0.50587721, -0.56037024, 3.4881744, -0.54468183],
    [-4.2124324, -0.53279233, -0.49883575, -0.5846452, 3.5474385, -0.5539321],
    [-4.2752643, -0.51327799, -0.49179428, -0.60892015, 3.6067027, -0.56318238],
    [-4.3380962, -0.49376365, -0.48475282, -0.63319511, 3.6659668, -0.57243265],
    [-4.400928, -0.47424931, -0.47771135, -0.65747007, 3.7252309, -0.58168292],
    [-4.4637599, -0.45473497, -0.47066989, -0.68174502, 3.784495, -0.5909332],
    [-4.5265917, -0.43522062, -0.46362842, -0.70601998, 3.8437592, -0.60018347],
    [-4.5894236, -0.41570628, -0.45658696, -0.73029494, 3.9030233, -0.60943375],
    [-4.6522554, -0.39619194, -0.44954549, -0.7545699, 3.9622874, -0.61868402],
    [-4.7150873, -0.3766776, -0.44250403, -0.77884485, 4.0215516, -0.62793429],
    [-4.7779191, -0.35716326, -0.43546256, -0.80311981, 4.0808157, -0.63718457],
    [-4.840751, -0.33764892, -0.4284211, -0.82739477, 4.1400798, -0.64643484],
    [-4.9035828, -0.31813458, -0.42137963, -0.85166972, 4.199344, -0.65568511],
    [-4.9664147, -0.29862024, -0.41433817, -0.87594468, 4.2586081, -0.66493539],
    [-5.0292465, -0.2791059, -0.4072967, -0.90021964, 4.3178722, -0.67418566],
    [-5.0920784, -0.25959156, -0.40025524, -0.92449459, 4.3771364, -0.68343593],
    [-5.1549102, -0.24007722, -0.39321377, -0.94876955, 4.4364005, -0.69268621],
    [-5.2177421, -0.22056288, -0.38617231, -0.97304451, 4.4956646, -0.70193648],
    [-5.2794115, -0.20140956, -0.37926112, -0.99687037, 4.5538323, -0.71101562],
    [-5.3324217, -0.18494564, -0.37332035, -1.0173507, 4.6038325, -0.71881992],
    [-5.3754319, -0.17158752, -0.36850027, -1.0339676, 4.6444005, -0.725152],
    [-5.4084421, -0.1613352, -0.36480087, -1.0467211, 4.6755363, -0.73001184],
    [-5.4314523, -0.15418869, -0.36222215, -1.055611, 4.6972399, -0.73339947],
    [-5.4444625, -0.15014798, -0.36076412, -1.0606375, 4.7095114, -0.73531486],
    [-5.4476706, -0.14915159, -0.36040459, -1.0618769, 4.7125374, -0.73578717]
  ]
}
