{
  "iteration": 242,
  "label": "pre_pick",
  "planning_time_ms": 45.717371,
  "scene": {
    "block_x": 0.35407164,
    "block_y": 0.39515362,
    "bin_x": 0.17258249,
    "bin_y": 0.31895024
  },
  "joint_names": ["shoulder_pan_joint", "shoulder_lift_joint", "elbow_joint", "wrist_1_joint", "wrist_2_joint", "wrist_3_joint"],
  "start_joints": [-0.45122035, -1.7009124, -0.92003378, 0.86780135, 7.9864391e-05, 2.3149768e-05],
  "goal_joints": [4.2310344, -2.8698791, 0.087195698, -1.9302464, 1.5714985, -0.48118071],
  "num_waypoints": 82,
  "trajectory": [
    [-0.45122035, -1.7009124, -0.92003378, 0.86780135, 7.9864391e-05, 2.3149768e-05],
    [-0.44622035, -1.7021607, -0.9189582, 0.86481342, 0.001757922, -0.00049070935],
    [-0.43122035, -1.7059056, -0.91573145, 0.85584964, 0.0067920947, -0.0020322867],
    [-0.40622035, -1.7121471, -0.91035354, 0.84091, 0.015182383, -0.0046015823],
    [-0.37122035, -1.7208852, -0.90282447, 0.81999451, 0.026928786, -0.0081985961],
    [-0.32622035, -1.7321198, -0.89314424, 0.79310316, 0.042031304, -0.012823328],
    [-0.27122035, -1.7458511, -0.88131284, 0.76023595, 0.060489937, -0.018475778],
    [-0.20878958, -1.7614375, -0.86788296, 0.72292822, 0.081442424, -0.024891903],
    [-0.14595772, -1.777124, -0.8543668, 0.68538082, 0.10252952, -0.031349247],
    [-0.083125869, -1.7928105, -0.84085064, 0.64783341, 0.12361661, -0.037806591],
    [-0.020294016, -1.808497, -0.82733449, 0.610286, 0.1447037, -0.044263935],
    [0.042537837, -1.8241836, -0.81381833, 0.57273859, 0.1657908, -0.05072128],
    [0.10536969, -1.8398701, -0.80030217, 0.53519119, 0.18687789, -0.057178624],
    [0.16820154, -1.8555566, -0.78678601, 0.49764378, 0.20796499, -0.063635968],
    [0.2310334, -1.8712432, -0.77326985, 0.46009637, 0.22905208, -0.070093312],
    [0.29386525, -1.8869297, -0.7597537, 0.42254896, 0.25013917, -0.076550656],
    [0.3566971, -1.9026162, -0.74623754, 0.38500156, 0.27122627, -0.083008],
    [0.41952896, -1.9183028, -0.73272138, 0.34745415, 0.29231336, -0.089465344],
    [0.48236081, -1.9339893, -0.71920522, 0.30990674, 0.31340045, -0.095922688],
    [0.54519266, -1.9496758, -0.70568906, 0.27235933, 0.33448755, -0.10238003],
    [0.60802451, -1.9653624, -0.69217291, 0.23481193, 0.35557464, -0.10883738],
    [0.67085637, -1.9810489, -0.67865675, 0.19726452, 0.37666173, -0.11529472],
    [0.73368822, -1.9967354, -0.66514059, 0.15971711, 0.39774883, -0.12175206],
    [0.79652007, -2.012422, -0.65162443, 0.1221697, 0.41883592, -0.12820941],
    [0.85935193, -2.0281085, -0.63810828, 0.084622296, 0.43992301, -0.13466675],
    [0.92218378, -2.043795, -0.62459212, 0.047074889, 0.46101011, -0.1411241],
    [0.98501563, -2.0594816, -0.61107596, 0.0095274811, 0.4820972, -0.14758144],
    [1.0478475, -2.0751681, -0.5975598, -0.028019926, 0.50318429, -0.15403879],
    [1.1106793, -2.0908546, -0.58404364, -0.065567334, 0.52427139, -0.16049613],
    [1.1735112, -2.1065412, -0.57052749, -0.10311474, 0.54535848, -0.16695347],
    [1.236343, -2.1222277, -0.55701133, -0.14066215, 0.56644557, -0.17341082],
    [1.2991749, -2.1379142, -0.54349517, -0.17820956, 0.58753267, -0.17986816],
    [1.3620068, -2.1536008, -0.52997901, -0.21575696, 0.60861976, -0.18632551],
    [1.4248386, -2.1692873, -0.51646285, -0.25330437, 0.62970685, -0.19278285],
    [1.4876705, -2.1849738, -0.5029467, -0.29085178, 0.65079395, -0.19924019],
    [1.5505023, -2.2006604, -0.48943054, -0.32839919, 0.67188104, -0.20569754],
    [1.6133342, -2.2163469, -0.47591438, -0.36594659, 0.69296813, -0.21215488],
    [1.676166, -2.2320334, -0.46239822, -0.403494, 0.71405523, -0.21861223],
    [1.7389979, -2.24772, -0.44888207, -0.44104141, 0.73514232, -0.22506957],
    [1.8018297, -2.2634065, -0.43536591, -0.47858882, 0.75622942, -0.23152691],
    [1.8646616, -2.279093, -0.42184975, -0.51613622, 0.77731651, -0.23798426],
    [1.9274934, -2.2947796, -0.40833359, -0.55368363, 0.7984036, -0.2444416],
    [1.9903253, -2.3104661, -0.39481743, -0.59123104, 0.8194907, -0.25089895],
    [2.0531571, -2.3261526, -0.38130128, -0.62877845, 0.84057779, -0.25735629],
    [2.115989, -2.3418392, -0.36778512, -0.66632585, 0.86166488, -0.26381364],
    [2.1788208, -2.3575257, -0.35426896, -0.70387326, 0.88275198, -0.27027098],
    [2.2416527, -2.3732122, -0.3407528, -0.74142067, 0.90383907, -0.27672832],
    [2.3044845, -2.3888988, -0.32723664, -0.77896808, 0.92492616, -0.28318567],
    [2.3673164, -2.4045853, -0.31372049, -0.81651548, 0.94601326, -0.28964301],
    [2.4301483, -2.4202718, -0.30020433, -0.85406289, 0.96710035, -0.29610036],
    [2.4929801, -2.4359584, -0.28668817, -0.8916103, 0.98818744, -0.3025577],
    [2.555812, -2.4516449, -0.27317201, -0.92915771, 1.0092745, -0.30901504],
    [2.6186438, -2.4673314, -0.25965586, -0.96670512, 1.0303616, -0.31547239],
    [2.6814757, -2.483018, -0.2461397, -1.0042525, 1.0514487, -0.32192973],
    [2.7443075, -2.4987045, -0.23262354, -1.0417999, 1.0725358, -0.32838708],
    [2.8071394, -2.514391, -0.21910738, -1.0793473, 1.0936229, -0.33484442],
    [2.8699712, -2.5300776, -0.20559122, -1.1168947, 1.11471, -0.34130176],
    [2.9328031, -2.5457641, -0.19207507, -1.1544422, 1.1357971, -0.34775911],
    [2.9956349, -2.5614506, -0.17855891, -1.1919896, 1.1568842, -0.35421645],
    [3.0584668, -2.5771372, -0.16504275, -1.229537, 1.1779713, -0.3606738],
    [3.1212986, -2.5928237, -0.15152659, -1.2670844, 1.1990584, -0.36713114],
    [3.1841305, -2.6085102, -0.13801043, -1.3046318, 1.2201455, -0.37358849],
    [3.2469623, -2.6241967, -0.12449428, -1.3421792, 1.2412326, -0.38004583],
    [3.3097942, -2.6398833, -0.11097812, -1.3797266, 1.2623197, -0.38650317],
    [3.372626, -2.6555698, -0.097461961, -1.417274, 1.2834068, -0.39296052],
    [3.4354579, -2.6712563, -0.083945803, -1.4548214, 1.3044938, -0.39941786],
    [3.4982898, -2.6869429, -0.070429645, -1.4923688, 1.3255809, -0.40587521],
    [3.5611216, -2.7026294, -0.056913487, -1.5299162, 1.346668, -0.41233255],
    [3.6239535, -2.7183159, -0.043397329, -1.5674636, 1.3677551, -0.41878989],
    [3.6867853, -2.7340025, -0.029881171, -1.605011, 1.3888422, -0.42524724],
    [3.7496172, -2.749689, -0.016365014, -1.6425585, 1.4099293, -0.43170458],
    [3.812449, -2.7653755, -0.0028488557, -1.6801059, 1.4310164, -0.43816193],
    [3.8752809, -2.7810621, 0.010667302, -1.7176533, 1.4521035, -0.44461927],
    [3.9381127, -2.7967486, 0.02418346, -1.7552007, 1.4731906, -0.45107661],
    [4.0009446, -2.8124351, 0.037699618, -1.7927481, 1.4942777, -0.45753396],
    [4.0626264, -2.8278345, 0.050968375, -1.8296082, 1.5149788, -0.46387311],
    [4.1156622, -2.8410754, 0.062377255, -1.8613017, 1.5327782, -0.4693237],
    [4.1586981, -2.8518197, 0.071634971, -1.8870193, 1.5472216, -0.47374657],
    [4.1917339, -2.8600674, 0.078741524, -1.906761, 1.5583088, -0.47714173],
    [4.2147698, -2.8658185, 0.083696914, -1.9205269, 1.5660399, -0.47950917],
    [4.2278057, -2.869073, 0.086501141, -1.928317, 1.5704149, -0.48084889],
    [4.2310344, -2.8698791, 0.087195698, -1.9302464, 1.5714985, -0.48118071]
  ]
}
