{
  "iteration": 4,
  "label": "place_retreat",
  "planning_time_ms": 5607.5728,
  "scene": {
    "block_x": 0.27514273,
    "block_y": 0.43226805,
    "bin_x": 0.15081857,
    "bin_y": 0.38296343
  },
  "joint_names": ["shoulder_pan_joint", "shoulder_lift_joint", "elbow_joint", "wrist_1_joint", "wrist_2_joint", "wrist_3_joint"],
  "start_joints": [-1.5480469, -3.443647, 1.4294517, 3.5857765, 1.5701571, 0.021780127],
  "goal_joints": [-1.5477895, -2.0986756, -1.3778937, -1.2362212, 1.5699635, 0.022346581],
  "num_waypoints": 63,
  "trajectory": [
    [-1.5480469, -3.443647, 1.4294517, 3.5857765, 1.5701571, 0.021780127],
    [-1.5438973, -3.4411928, 1.4250628, 3.5819678, 1.5651571, 0.024142368],
    [-1.5314483, -3.4338302, 1.4118962, 3.5705419, 1.5501571, 0.031229092],
    [-1.5107001, -3.4215591, 1.3899517, 3.5514987, 1.5251571, 0.043040299],
    [-1.4816525, -3.4043796, 1.3592295, 3.5248382, 1.4901571, 0.059575988],
    [-1.4443057, -3.3822917, 1.3197295, 3.4905604, 1.4451571, 0.08083616],
    [-1.3986596, -3.3552954, 1.2714518, 3.4486654, 1.3901571, 0.10682081],
    [-1.3447141, -3.3233906, 1.2143963, 3.3991531, 1.3251571, 0.13752994],
    [-1.2854109, -3.2883171, 1.1516741, 3.3447233, 1.2537014, 0.17128904],
    [-1.2260041, -3.2531823, 1.0888422, 3.2901983, 1.1821208, 0.20510718],
    [-1.1665972, -3.2180474, 1.0260104, 3.2356733, 1.1105402, 0.23892532],
    [-1.1071903, -3.1829126, 0.96317853, 3.1811483, 1.0389596, 0.27274346],
    [-1.0477834, -3.1477778, 0.90034668, 3.1266234, 0.96737896, 0.30656159],
    [-0.98866854, -3.1128157, 0.83782373, 3.0723664, 0.89615026, 0.34021347],
    [-0.93561309, -3.0814373, 0.7817095, 3.023671, 0.83222263, 0.37041597],
    [-0.89085693, -3.0549673, 0.73437304, 2.9825927, 0.778295, 0.39589398],
    [-0.85440008, -3.0334057, 0.69581435, 2.9491318, 0.73436737, 0.41664752],
    [-0.82624234, -3.0167425, 0.6660124, 2.9232522, 0.70043952, 0.43267667],
    [-0.80582826, -3.0020432, 0.63894027, 2.8951007, 0.67584238, 0.44429847],
    [-0.79284545, -2.9873806, 0.61063082, 2.8581436, 0.66019973, 0.45169129],
    [-0.78814551, -2.9740637, 0.58366518, 2.8160491, 0.65453759, 0.45437008],
    [-0.7917444, -2.9628326, 0.55958571, 2.7714523, 0.65887512, 0.45232554],
    [-0.80098048, -2.9522276, 0.53581641, 2.7223207, 0.67000527, 0.44707279],
    [-0.81212848, -2.9394862, 0.5072495, 2.6632296, 0.6834394, 0.44073269],
    [-0.82516305, -2.9245886, 0.4738482, 2.5941384, 0.69914698, 0.43331965],
    [-0.84008419, -2.9075347, 0.43561253, 2.5150473, 0.71712803, 0.42483368],
    [-0.85689191, -2.8883247, 0.39254248, 2.4259562, 0.73738253, 0.41527477],
    [-0.87558621, -2.8669584, 0.34463805, 2.326865, 0.75991049, 0.40464293],
    [-0.89616708, -2.8434358, 0.29189924, 2.2177739, 0.78471191, 0.39293815],
    [-0.91863453, -2.8177571, 0.23432605, 2.0986828, 0.81178678, 0.38016043],
    [-0.9423186, -2.7906878, 0.17363525, 1.9731428, 0.84032778, 0.3666908],
    [-0.96602601, -2.7635918, 0.11288462, 1.8474791, 0.8688969, 0.35320789],
    [-0.98973342, -2.7364958, 0.052133991, 1.7218154, 0.89746603, 0.33972497],
    [-1.0134408, -2.7093999, -0.0086166365, 1.5961517, 0.92603515, 0.32624206],
    [-1.0371483, -2.6823039, -0.069367264, 1.470488, 0.95460428, 0.31275915],
    [-1.0608557, -2.655208, -0.13011789, 1.3448243, 0.98317341, 0.29927624],
    [-1.0845631, -2.628112, -0.19086852, 1.2191606, 1.0117425, 0.28579333],
    [-1.1082705, -2.601016, -0.25161915, 1.0934969, 1.0403117, 0.27231042],
    [-1.1319779, -2.5739201, -0.31236978, 0.96783318, 1.0688808, 0.25882751],
    [-1.1556853, -2.5468241, -0.3731204, 0.84216948, 1.0974499, 0.24534459],
    [-1.1793927, -2.5197281, -0.43387103, 0.71650577, 1.126019, 0.23186168],
    [-1.2031002, -2.4926322, -0.49462166, 0.59084206, 1.1545882, 0.21837877],
    [-1.2268076, -2.4655362, -0.55537229, 0.46517836, 1.1831573, 0.20489586],
    [-1.250515, -2.4384403, -0.61612292, 0.33951465, 1.2117264, 0.19141295],
    [-1.2742224, -2.4113443, -0.67687354, 0.21385095, 1.2402955, 0.17793004],
    [-1.2979298, -2.3842483, -0.73762417, 0.088187239, 1.2688647, 0.16444713],
    [-1.3216372, -2.3571524, -0.7983748, -0.037476467, 1.2974338, 0.15096422],
    [-1.3453446, -2.3300564, -0.85912543, -0.16314017, 1.3260029, 0.1374813],
    [-1.3690521, -2.3029604, -0.91987606, -0.28880388, 1.354572, 0.12399839],
    [-1.3927595, -2.2758645, -0.98062668, -0.41446759, 1.3831412, 0.11051548],
    [-1.4159449, -2.2493651, -1.0400397, -0.53736452, 1.4110813, 0.097329426],
    [-1.4373057, -2.2249512, -1.094777, -0.65058944, 1.4368225, 0.085181117],
    [-1.4567798, -2.2026936, -1.1446799, -0.75381437, 1.4602903, 0.074105743],
    [-1.4743674, -2.1825921, -1.1897483, -0.84703929, 1.4814846, 0.064103305],
    [-1.4900684, -2.1646469, -1.2299824, -0.93026422, 1.5004054, 0.055173803],
    [-1.5038829, -2.148858, -1.2653822, -1.0034891, 1.5170528, 0.047317237],
    [-1.5158107, -2.1352252, -1.2959475, -1.0667141, 1.5314267, 0.040533607],
    [-1.525852, -2.1237487, -1.3216785, -1.119939, 1.5435272, 0.034822914],
    [-1.5340067, -2.1144285, -1.342575, -1.1631639, 1.5533542, 0.030185156],
    [-1.5402749, -2.1072644, -1.3586372, -1.1963888, 1.5609077, 0.026620334],
    [-1.5446564, -2.1022566, -1.3698651, -1.2196138, 1.5661878, 0.024128448],
    [-1.5471514, -2.099405, -1.3762585, -1.2328387, 1.5691945, 0.022709498],
    [-1.5477895, -2.0986756, -1.3778937, -1.2362212, 1.5699635, 0.022346581]
  ]
}
