{
  "iteration": 877,
  "label": "pre_pick",
  "planning_time_ms": 47.606882,
  "scene": {
    "block_x": 0.17965804,
    "block_y": 0.40230213,
    "bin_x": 0.38086726,
    "bin_y": 0.25907719
  },
  "joint_names": ["shoulder_pan_joint", "shoulder_lift_joint", "elbow_joint", "wrist_1_joint", "wrist_2_joint", "wrist_3_joint"],
  "start_joints": [-0.45141867, -1.7008257, -0.92052228, 0.86868364, -8.4127965e-05, -0.00036071953],
  "goal_joints": [-1.6876187, -2.1561233, -1.2843045, 5.0108587, 1.5703993, -0.11588369],
  "num_waypoints": 47,
  "trajectory": [
    [-0.45141867, -1.7008257, -0.92052228, 0.86868364, -8.4127965e-05, -0.00036071953],
    [-0.45291088, -1.7013753, -0.9209614, 0.87368364, 0.0018115951, -0.00050016676],
    [-0.45738751, -1.7030241, -0.92227876, 0.88868364, 0.0074987644, -0.00091850844],
    [-0.46484857, -1.705772, -0.92447436, 0.91368364, 0.01697738, -0.0016157446],
    [-0.47529405, -1.7096191, -0.92754819, 0.94868364, 0.030247442, -0.0025918752],
    [-0.48872395, -1.7145654, -0.93150027, 0.99368364, 0.047308949, -0.0038469002],
    [-0.50513827, -1.7206109, -0.93633059, 1.0486836, 0.068161904, -0.0053808197],
    [-0.52453702, -1.7277555, -0.94203915, 1.1136836, 0.092806304, -0.0071936337],
    [-0.54692018, -1.7359993, -0.94862594, 1.1886836, 0.12124215, -0.0092853421],
    [-0.57228777, -1.7453423, -0.95609098, 1.2736836, 0.15346944, -0.011655945],
    [-0.60063978, -1.7557845, -0.96443425, 1.3686836, 0.18948817, -0.014305442],
    [-0.63197621, -1.7673258, -0.97365577, 1.4736836, 0.22929835, -0.017233833],
    [-0.66629706, -1.7799663, -0.98375552, 1.5886836, 0.27289998, -0.020441119],
    [-0.70332172, -1.7936026, -0.99465094, 1.7127433, 0.31993655, -0.023901075],
    [-0.74082508, -1.8074153, -1.0056872, 1.838407, 0.36758127, -0.027405766],
    [-0.77832843, -1.8212279, -1.0167235, 1.9640707, 0.41522598, -0.030910457],
    [-0.81583179, -1.8350406, -1.0277598, 2.0897344, 0.4628707, -0.034415148],
    [-0.85333515, -1.8488532, -1.0387961, 2.2153981, 0.51051542, -0.037919839],
    [-0.89083851, -1.8626659, -1.0498324, 2.3410618, 0.55816014, -0.041424531],
    [-0.92834186, -1.8764785, -1.0608686, 2.4667255, 0.60580486, -0.044929222],
    [-0.96584522, -1.8902911, -1.0719049, 2.5923892, 0.65344957, -0.048433913],
    [-1.0033486, -1.9041038, -1.0829412, 2.7180529, 0.70109429, -0.051938604],
    [-1.0408519, -1.9179164, -1.0939775, 2.8437166, 0.74873901, -0.055443295],
    [-1.0783553, -1.9317291, -1.1050138, 2.9693803, 0.79638373, -0.058947986],
    [-1.1158586, -1.9455417, -1.1160501, 3.0950441, 0.84402845, -0.062452677],
    [-1.153362, -1.9593543, -1.1270863, 3.2207078, 0.89167316, -0.065957368],
    [-1.1908654, -1.973167, -1.1381226, 3.3463715, 0.93931788, -0.069462059],
    [-1.2283687, -1.9869796, -1.1491589, 3.4720352, 0.9869626, -0.07296675],
    [-1.2658721, -2.0007923, -1.1601952, 3.5976989, 1.0346073, -0.076471441],
    [-1.3033754, -2.0146049, -1.1712315, 3.7233626, 1.082252, -0.079976132],
    [-1.3408788, -2.0284176, -1.1822678, 3.8490263, 1.1298968, -0.083480823],
    [-1.3783822, -2.0422302, -1.1933041, 3.97469, 1.1775415, -0.086985515],
    [-1.4158855, -2.0560428, -1.2043403, 4.1003537, 1.2251862, -0.090490206],
    [-1.4533868, -2.0698547, -1.215376, 4.2260103, 1.2728282, -0.093994699],
    [-1.4892856, -2.0830764, -1.2259401, 4.3462979, 1.3184346, -0.097349452],
    [-1.5222001, -2.0951989, -1.235626, 4.4565854, 1.3602495, -0.10042531],
    [-1.5521301, -2.1062223, -1.2444337, 4.556873, 1.398273, -0.10322227],
    [-1.5790758, -2.1161465, -1.2523631, 4.6471605, 1.432505, -0.10574034],
    [-1.6030369, -2.1249715, -1.2594142, 4.727448, 1.4629456, -0.10797952],
    [-1.6240137, -2.1326973, -1.2655872, 4.7977356, 1.4895948, -0.1099398],
    [-1.6420061, -2.139324, -1.2708819, 4.8580231, 1.5124525, -0.11162119],
    [-1.657014, -2.1448515, -1.2752983, 4.9083107, 1.5315187, -0.11302368],
    [-1.6690375, -2.1492798, -1.2788365, 4.9485982, 1.5467935, -0.11414727],
    [-1.6780766, -2.1526089, -1.2814965, 4.9788857, 1.5582769, -0.11499198],
    [-1.6841312, -2.1548389, -1.2832782, 4.9991733, 1.5659688, -0.11555779],
    [-1.6872015, -2.1559696, -1.2841817, 5.0094608, 1.5698693, -0.1158447],
    [-1.6876187, -2.1561233, -1.2843045, 5.0108587, 1.5703993, -0.11588369]
  ]
}
