{
  "iteration": 4,
  "label": "pick_descend",
  "planning_time_ms": 371.53395,
  "scene": {
    "block_x": 0.27514273,
    "block_y": 0.43226805,
    "bin_x": 0.15081857,
    "bin_y": 0.38296343
  },
  "joint_names": ["shoulder_pan_joint", "shoulder_lift_joint", "elbow_joint", "wrist_1_joint", "wrist_2_joint", "wrist_3_joint"],
  "start_joints": [0.75161215, -0.59466134, 0.57714592, 4.7301348, -1.5714916, -0.81843236],
  "goal_joints": [0.75163193, -0.56604972, 0.75651241, 4.5220807, -1.5714731, -0.81838881],
  "num_waypoints": 11,
  "trajectory": [
    [0.75161215, -0.59466134, 0.57714592, 4.7301348, -1.5714916, -0.81843236],
    [0.75161257, -0.59470587, 0.58214592, 4.7251777, -1.5714912, -0.81843145],
    [0.75161382, -0.59479436, 0.59710846, 4.7102989, -1.57149, -0.8184287],
    [0.75161596, -0.59423008, 0.6214021, 4.6854327, -1.571488, -0.81842398],
    [0.75161909, -0.59180416, 0.65383301, 4.6505639, -1.5714851, -0.81841708],
    [0.75162314, -0.58620916, 0.69095847, 4.6078278, -1.5714813, -0.81840817],
    [0.75162675, -0.57913249, 0.72020885, 4.5714869, -1.5714779, -0.81840021],
    [0.75162948, -0.57261175, 0.74011084, 4.5450537, -1.5714754, -0.81839419],
    [0.75163123, -0.56796366, 0.75189053, 4.5286192, -1.5714737, -0.81839035],
    [0.75163191, -0.56607987, 0.75643958, 4.5221837, -1.5714731, -0.81838884],
    [0.75163193, -0.56604972, 0.75651241, 4.5220807, -1.5714731, -0.81838881]
  ]
}
