{
  "iteration": 23,
  "label": "pre_pick",
  "planning_time_ms": 39.246253,
  "scene": {
    "block_x": 0.19970406,
    "block_y": 0.4799299,
    "bin_x": 0.35425523,
    "bin_y": 0.35693254
  },
  "joint_names": ["shoulder_pan_joint", "shoulder_lift_joint", "elbow_joint", "wrist_1_joint", "wrist_2_joint", "wrist_3_joint"],
  "start_joints": [-0.45133776, -1.7009435, -0.92000202, 0.86792048, 2.7226597e-05, -5.2860369e-05],
  "goal_joints": [-1.7096187, -3.0314474, 0.45120846, 4.1516733, 1.571329, -0.13875413],
  "num_waypoints": 40,
  "trajectory": [
    [-0.45133776, -1.7009435, -0.92000202, 0.86792048, 2.7226597e-05, -5.2860369e-05],
    [-0.45325368, -1.7029694, -0.91791415, 0.87292048, 0.0024197662, -0.00026405359],
    [-0.45900143, -1.709047, -0.91165054, 0.88792048, 0.0095973851, -0.00089763325],
    [-0.46858103, -1.7191765, -0.90121119, 0.91292048, 0.021560083, -0.0019535994],
    [-0.48199246, -1.7333577, -0.88659609, 0.94792048, 0.038307861, -0.0034319519],
    [-0.49923574, -1.7515907, -0.86780525, 0.99292048, 0.059840717, -0.0053326909],
    [-0.52031085, -1.7738755, -0.84483867, 1.0479205, 0.086158653, -0.0076558163],
    [-0.54521779, -1.800212, -0.81769635, 1.1129205, 0.11726166, -0.010401328],
    [-0.57395657, -1.8306004, -0.78637829, 1.1879205, 0.15314975, -0.013569226],
    [-0.60652719, -1.8650405, -0.75088449, 1.2729204, 0.19382292, -0.01715951],
    [-0.64292965, -1.9035324, -0.71121495, 1.3679204, 0.23928116, -0.02117218],
    [-0.68316394, -1.946076, -0.66736966, 1.4729204, 0.28952448, -0.025607237],
    [-0.72723007, -1.9926715, -0.61934864, 1.5879204, 0.34455288, -0.03046468],
    [-0.77476774, -2.0429377, -0.56754451, 1.7119801, 0.40391643, -0.035704793],
    [-0.82292004, -2.0938539, -0.51507059, 1.8376438, 0.46404751, -0.041012657],
    [-0.87107233, -2.14477, -0.46259667, 1.9633075, 0.52417858, -0.046320522],
    [-0.91922463, -2.1956861, -0.41012275, 2.0889712, 0.58430966, -0.051628386],
    [-0.96737693, -2.2466023, -0.35764882, 2.2146349, 0.64444074, -0.056936251],
    [-1.0155292, -2.2975184, -0.3051749, 2.3402986, 0.70457182, -0.062244116],
    [-1.0636815, -2.3484346, -0.25270098, 2.4659623, 0.7647029, -0.06755198],
    [-1.1118338, -2.3993507, -0.20022706, 2.591626, 0.82483398, -0.072859845],
    [-1.1599861, -2.4502669, -0.14775314, 2.7172897, 0.88496506, -0.078167709],
    [-1.2081384, -2.501183, -0.095279213, 2.8429534, 0.94509614, -0.083475574],
    [-1.2562907, -2.5520992, -0.042805291, 2.9686171, 1.0052272, -0.088783438],
    [-1.304443, -2.6030153, 0.0096686311, 3.0942808, 1.0653583, -0.094091303],
    [-1.3525953, -2.6539315, 0.062142553, 3.2199445, 1.1254894, -0.099399168],
    [-1.4007476, -2.7048476, 0.11461648, 3.3456082, 1.1856205, -0.10470703],
    [-1.447454, -2.7542349, 0.16551472, 3.4674986, 1.2439459, -0.10985551],
    [-1.4903616, -2.7996053, 0.21227321, 3.579475, 1.2975276, -0.11458525],
    [-1.5294373, -2.8409239, 0.25485596, 3.6814515, 1.3463241, -0.1188926],
    [-1.5646812, -2.8781907, 0.29326296, 3.773428, 1.3903356, -0.12277756],
    [-1.5960933, -2.9114058, 0.32749422, 3.8554045, 1.429562, -0.12624013],
    [-1.6236735, -2.940569, 0.35754974, 3.9273809, 1.4640033, -0.12928032],
    [-1.6474219, -2.9656805, 0.38342952, 3.9893574, 1.4936595, -0.13189812],
    [-1.6673384, -2.9867402, 0.40513355, 4.0413339, 1.5185307, -0.13409354],
    [-1.6834231, -3.0037482, 0.42266185, 4.0833104, 1.5386168, -0.13586657],
    [-1.695676, -3.0167043, 0.4360144, 4.1152868, 1.5539178, -0.13721721],
    [-1.704097, -3.0256087, 0.44519121, 4.1372633, 1.5644337, -0.13814547],
    [-1.7086862, -3.0304613, 0.45019227, 4.1492398, 1.5701645, -0.13865134],
    [-1.7096187, -3.0314474, 0.45120846, 4.1516733, 1.571329, -0.13875413]
  ]
}
