{
  "iteration": 965,
  "label": "pre_pick",
  "planning_time_ms": 5008.3786,
  "scene": {
    "block_x": 0.15336757,
    "block_y": 0.4808409,
    "bin_x": 0.37754455,
    "bin_y": 0.27055284
  },
  "joint_names": ["shoulder_pan_joint", "shoulder_lift_joint", "elbow_joint", "wrist_1_joint", "wrist_2_joint", "wrist_3_joint"],
  "start_joints": [-0.45139461, -1.7007666, -0.92045563, 0.86860972, -9.3173004e-05, -0.00044561733],
  "goal_joints": [1.0071655, -0.64921386, 0.68216645, 4.6798356, -1.571096, -0.56288177],
  "num_waypoints": 44,
  "trajectory": [
    [-0.45139461, -1.7007666, -0.92045563, 0.86860972, -9.3173004e-05, -0.00044561733],
    [-0.44948111, -1.6993871, -0.91835313, 0.87360972, -0.0021541934, -0.0011834851],
    [-0.44374059, -1.6952484, -0.91204562, 0.88860972, -0.0083372545, -0.0033970884],
    [-0.43417307, -1.6883507, -0.90153311, 0.91360972, -0.018642356, -0.0070864273],
    [-0.42077853, -1.6786939, -0.8868156, 0.94860972, -0.033069499, -0.012251502],
    [-0.40355699, -1.666278, -0.86789308, 0.99360972, -0.051618682, -0.018892312],
    [-0.38250843, -1.6511029, -0.84476555, 1.0486097, -0.074289907, -0.027008857],
    [-0.35763286, -1.6331688, -0.81743303, 1.1136097, -0.10108317, -0.036601137],
    [-0.32893029, -1.6124756, -0.78589551, 1.1886097, -0.13199847, -0.047669151],
    [-0.29640071, -1.5890234, -0.75015298, 1.2736097, -0.16703581, -0.060212901],
    [-0.26004412, -1.562812, -0.71020545, 1.3686097, -0.20619518, -0.074232385],
    [-0.21986052, -1.5338415, -0.66605292, 1.4736096, -0.2494766, -0.089727603],
    [-0.17584992, -1.5021119, -0.61769538, 1.5886096, -0.29688006, -0.10669856],
    [-0.12837213, -1.4678827, -0.56552821, 1.7126693, -0.34801799, -0.12500649],
    [-0.080280497, -1.4332109, -0.51268657, 1.838333, -0.39981708, -0.14355113],
    [-0.032188867, -1.3985391, -0.45984493, 1.9639967, -0.45161617, -0.16209577],
    [0.015902764, -1.3638673, -0.40700329, 2.0896604, -0.50341526, -0.18064041],
    [0.063994394, -1.3291955, -0.35416165, 2.2153242, -0.55521435, -0.19918505],
    [0.11208602, -1.2945238, -0.30132001, 2.3409879, -0.60701344, -0.21772969],
    [0.16017766, -1.259852, -0.24847837, 2.4666516, -0.65881254, -0.23627433],
    [0.20826929, -1.2251802, -0.19563673, 2.5923153, -0.71061163, -0.25481897],
    [0.25636092, -1.1905084, -0.14279509, 2.717979, -0.76241072, -0.27336361],
    [0.30445255, -1.1558366, -0.089953447, 2.8436427, -0.81420981, -0.29190825],
    [0.35254418, -1.1211648, -0.037111807, 2.9693064, -0.8660089, -0.31045289],
    [0.40063581, -1.086493, 0.015729834, 3.0949701, -0.917808, -0.32899753],
    [0.44872744, -1.0518212, 0.068571475, 3.2206338, -0.96960709, -0.34754217],
    [0.49681907, -1.0171495, 0.12141312, 3.3462975, -1.0214062, -0.36608681],
    [0.5449107, -0.98247767, 0.17425476, 3.4719612, -1.0732053, -0.38463145],
    [0.59300233, -0.94780588, 0.2270964, 3.5976249, -1.1250044, -0.40317609],
    [0.64109396, -0.91313409, 0.27993804, 3.7232886, -1.1768035, -0.42172073],
    [0.68918559, -0.8784623, 0.33277968, 3.8489523, -1.2286025, -0.44026537],
    [0.7364151, -0.84441206, 0.38467405, 3.9723633, -1.2794731, -0.45847757],
    [0.78002444, -0.8129718, 0.43259068, 4.0863148, -1.3264443, -0.47529379],
    [0.81980676, -0.78429062, 0.4763023, 4.1902662, -1.3692935, -0.49063427],
    [0.85576208, -0.75836854, 0.51580893, 4.2842177, -1.4080207, -0.50449902],
    [0.88789038, -0.73520556, 0.55111054, 4.3681691, -1.4426258, -0.51688803],
    [0.91619168, -0.71480166, 0.58220716, 4.4421205, -1.4731089, -0.52780131],
    [0.94066596, -0.69715686, 0.60909877, 4.506072, -1.4994699, -0.53723885],
    [0.96131324, -0.68227116, 0.63178537, 4.5600234, -1.521709, -0.54520066],
    [0.9781335, -0.67014454, 0.65026697, 4.6039749, -1.5398259, -0.55168673],
    [0.99112675, -0.66077702, 0.66454357, 4.6379263, -1.5538208, -0.55669706],
    [1.000293, -0.6541686, 0.67461516, 4.6618778, -1.5636937, -0.56023166],
    [1.0056322, -0.65031926, 0.68048175, 4.6758292, -1.5694446, -0.56229053],
    [1.0071655, -0.64921386, 0.68216645, 4.6798356, -1.571096, -0.56288177]
  ]
}
