{
  "iteration": 1,
  "label": "pre_pick",
  "planning_time_ms": 45.589962,
  "scene": {
    "block_x": 0.28087648,
    "block_y": 0.38975624,
    "bin_x": 0.12357647,
    "bin_y": 0.3135257
  },
  "joint_names": ["shoulder_pan_joint", "shoulder_lift_joint", "elbow_joint", "wrist_1_joint", "wrist_2_joint", "wrist_3_joint"],
  "start_joints": [-0.45128324, -1.7008659, -0.91985865, 0.86792816, -1.9790868e-05, -8.6272302e-05],
  "goal_joints": [-1.9173584, -3.2322693, 0.95485891, 3.8489868, 1.5704163, -0.34631919],
  "num_waypoints": 41,
  "trajectory": [
    [-0.45128324, -1.7008659, -0.91985865, 0.86792816, -1.9790868e-05, -8.6272302e-05],
    [-0.45374222, -1.7034345, -0.91671427, 0.87292816, 0.0026142333, -0.00066699372],
    [-0.46111918, -1.7111401, -0.90728112, 0.88792816, 0.010516306, -0.002409158],
    [-0.4734141, -1.7239829, -0.89155921, 0.91292816, 0.023686427, -0.0053127651],
    [-0.49062699, -1.7419628, -0.86954854, 0.94792816, 0.042124596, -0.009377815],
    [-0.51275784, -1.7650798, -0.84124909, 0.99292816, 0.065830814, -0.014604308],
    [-0.53980667, -1.7933339, -0.80666089, 1.0479282, 0.09480508, -0.020992243],
    [-0.57177345, -1.8267252, -0.76578393, 1.1129281, 0.12904739, -0.02854162],
    [-0.60865821, -1.8652535, -0.71861821, 1.1879281, 0.16855774, -0.037252439],
    [-0.65046093, -1.9089189, -0.66516373, 1.2729281, 0.21333614, -0.0471247],
    [-0.69718138, -1.9577213, -0.60542077, 1.3679276, 0.26338234, -0.05815835],
    [-0.74631743, -2.0090468, -0.54258892, 1.4678389, 0.31601608, -0.069762474],
    [-0.79545349, -2.0603724, -0.47975707, 1.5677502, 0.36864983, -0.081366599],
    [-0.84458954, -2.1116979, -0.41692521, 1.6676615, 0.42128358, -0.092970723],
    [-0.89372559, -2.1630235, -0.35409336, 1.7675727, 0.47391733, -0.10457485],
    [-0.94286164, -2.214349, -0.29126151, 1.867484, 0.52655107, -0.11617897],
    [-0.99199769, -2.2656746, -0.22842965, 1.9673953, 0.57918482, -0.1277831],
    [-1.0411337, -2.3170001, -0.1655978, 2.0673066, 0.63181857, -0.13938722],
    [-1.0902698, -2.3683257, -0.10276595, 2.1672179, 0.68445232, -0.15099135],
    [-1.1394059, -2.4196512, -0.039934095, 2.2671291, 0.73708606, -0.16259547],
    [-1.1885419, -2.4709768, 0.022897758, 2.3670404, 0.78971981, -0.17419959],
    [-1.237678, -2.5223023, 0.085729611, 2.4669517, 0.84235356, -0.18580372],
    [-1.286814, -2.5736279, 0.14856146, 2.566863, 0.8949873, -0.19740784],
    [-1.3359501, -2.6249534, 0.21139332, 2.6667743, 0.94762105, -0.20901197],
    [-1.3850861, -2.676279, 0.27422517, 2.7666856, 1.0002548, -0.22061609],
    [-1.4342222, -2.7276045, 0.33705702, 2.8665968, 1.0528885, -0.23222022],
    [-1.4833582, -2.7789301, 0.39988888, 2.9665081, 1.1055223, -0.24382434],
    [-1.5324943, -2.8302556, 0.46272073, 3.0664194, 1.158156, -0.25542846],
    [-1.5816303, -2.8815812, 0.52555258, 3.1663307, 1.2107898, -0.26703259],
    [-1.6307664, -2.9329067, 0.58838444, 3.266242, 1.2634235, -0.27863671],
    [-1.6798371, -2.9841641, 0.65113281, 3.3660205, 1.3159873, -0.29022542],
    [-1.7257129, -3.032084, 0.70979557, 3.4593024, 1.3651287, -0.30105958],
    [-1.7666706, -3.0748669, 0.76216958, 3.5425842, 1.409002, -0.31073229],
    [-1.8027104, -3.1125126, 0.80825482, 3.6158661, 1.4476072, -0.31924356],
    [-1.8338322, -3.1450212, 0.84805129, 3.679148, 1.4809444, -0.32659338],
    [-1.8600361, -3.1723927, 0.881559, 3.7324298, 1.5090136, -0.33278177],
    [-1.881322, -3.1946271, 0.90877795, 3.7757117, 1.5318147, -0.33780871],
    [-1.8976899, -3.2117243, 0.92970813, 3.8089936, 1.5493477, -0.34167421],
    [-1.9091398, -3.2236845, 0.94434955, 3.8322754, 1.5616127, -0.34437826],
    [-1.9156718, -3.2305075, 0.9527022, 3.8455573, 1.5686097, -0.34592088],
    [-1.9173584, -3.2322693, 0.95485891, 3.8489868, 1.5704163, -0.34631919]
  ]
}
