{
  "iteration": 911,
  "label": "pre_pick",
  "planning_time_ms": 65.573127,
  "scene": {
    "block_x": 0.27272696,
    "block_y": 0.35746498,
    "bin_x": 0.14602096,
    "bin_y": 0.26419421
  },
  "joint_names": ["shoulder_pan_joint", "shoulder_lift_joint", "elbow_joint", "wrist_1_joint", "wrist_2_joint", "wrist_3_joint"],
  "start_joints": [-0.45132886, -1.7008461, -0.92029206, 0.86814269, -7.9648707e-05, -0.00024042355],
  "goal_joints": [-1.9243295, -3.3229203, 1.2248711, 3.6690731, 1.5702716, -0.35385067],
  "num_waypoints": 44,
  "trajectory": [
    [-0.45132886, -1.7008461, -0.92029206, 0.86814269, -7.9648707e-05, -0.00024042355],
    [-0.45395834, -1.7037417, -0.91646268, 0.87314269, 0.0027236185, -0.00087166065],
    [-0.4618468, -1.7124285, -0.90497455, 0.88814269, 0.01113342, -0.002765372],
    [-0.47499422, -1.7269065, -0.88582767, 0.91314269, 0.025149756, -0.0059215575],
    [-0.49340061, -1.7471757, -0.85902204, 0.94814269, 0.044772626, -0.010340217],
    [-0.51706597, -1.7732361, -0.82455766, 0.99314269, 0.07000203, -0.016021351],
    [-0.5459903, -1.8050877, -0.78243453, 1.0481427, 0.10083797, -0.022964959],
    [-0.58017359, -1.8427305, -0.73265265, 1.1131427, 0.13728043, -0.031171039],
    [-0.61961585, -1.8861644, -0.67521203, 1.1881427, 0.17932943, -0.040639593],
    [-0.66265064, -1.9335545, -0.61253951, 1.2699739, 0.22520839, -0.050970576],
    [-0.70579485, -1.9810651, -0.54970766, 1.3520132, 0.271204, -0.061327824],
    [-0.74893906, -2.0285757, -0.48687581, 1.4340525, 0.31719961, -0.071685073],
    [-0.79208326, -2.0760862, -0.42404395, 1.5160918, 0.36319522, -0.082042321],
    [-0.83522747, -2.1235968, -0.3612121, 1.598131, 0.40919082, -0.092399569],
    [-0.87837168, -2.1711074, -0.29838025, 1.6801703, 0.45518643, -0.10275682],
    [-0.92151588, -2.218618, -0.23554839, 1.7622096, 0.50118204, -0.11311407],
    [-0.96466009, -2.2661285, -0.17271654, 1.8442489, 0.54717765, -0.12347131],
    [-1.0078043, -2.3136391, -0.10988469, 1.9262882, 0.59317325, -0.13382856],
    [-1.0509485, -2.3611497, -0.047052834, 2.0083275, 0.63916886, -0.14418581],
    [-1.0940927, -2.4086602, 0.01577902, 2.0903668, 0.68516447, -0.15454306],
    [-1.1372369, -2.4561708, 0.078610873, 2.172406, 0.73116007, -0.16490031],
    [-1.1803811, -2.5036814, 0.14144273, 2.2544453, 0.77715568, -0.17525755],
    [-1.2235253, -2.551192, 0.20427458, 2.3364846, 0.82315129, -0.1856148],
    [-1.2666695, -2.5987025, 0.26710643, 2.4185239, 0.8691469, -0.19597205],
    [-1.3098137, -2.6462131, 0.32993828, 2.5005632, 0.9151425, -0.2063293],
    [-1.3529579, -2.6937237, 0.39277014, 2.5826025, 0.96113811, -0.21668655],
    [-1.3961021, -2.7412343, 0.45560199, 2.6646418, 1.0071337, -0.2270438],
    [-1.4392464, -2.7887448, 0.51843384, 2.746681, 1.0531293, -0.23740104],
    [-1.4823906, -2.8362554, 0.5812657, 2.8287203, 1.0991249, -0.24775829],
    [-1.5255348, -2.883766, 0.64409755, 2.9107596, 1.1451205, -0.25811554],
    [-1.568679, -2.9312766, 0.7069294, 2.9927989, 1.1911161, -0.26847279],
    [-1.6118232, -2.9787871, 0.76976126, 3.0748382, 1.2371118, -0.27883004],
    [-1.6549674, -3.0262977, 0.83259311, 3.1568775, 1.2831074, -0.28918728],
    [-1.6981116, -3.0738083, 0.89542496, 3.2389168, 1.329103, -0.29954453],
    [-1.7412558, -3.1213188, 0.95825682, 3.320956, 1.3750986, -0.30990178],
    [-1.7824613, -3.1666945, 1.0182652, 3.3993088, 1.4190273, -0.31979361],
    [-1.8184603, -3.2063367, 1.0706914, 3.4677614, 1.4574055, -0.32843558],
    [-1.8492003, -3.2401878, 1.1154588, 3.526214, 1.4901772, -0.33581507],
    [-1.8746814, -3.2682477, 1.1525675, 3.5746666, 1.5173423, -0.34193209],
    [-1.8949035, -3.2905163, 1.1820174, 3.6131193, 1.5389009, -0.34678663],
    [-1.9098667, -3.3069938, 1.2038085, 3.6415719, 1.5548529, -0.3503787],
    [-1.9195708, -3.3176801, 1.2179409, 3.6600245, 1.5651985, -0.3527083],
    [-1.9240161, -3.3225752, 1.2244146, 3.6684771, 1.5699375, -0.35377542],
    [-1.9243295, -3.3229203, 1.2248711, 3.6690731, 1.5702716, -0.35385067]
  ]
}
