{
  "iteration": 937,
  "label": "pre_pick",
  "planning_time_ms": 64.781083,
  "scene": {
    "block_x": 0.26598761,
    "block_y": 0.41219606,
    "bin_x": 0.37412249,
    "bin_y": 0.31888142
  },
  "joint_names": ["shoulder_pan_joint", "shoulder_lift_joint", "elbow_joint", "wrist_1_joint", "wrist_2_joint", "wrist_3_joint"],
  "start_joints": [-0.45125407, -1.7008328, -0.92039726, 0.86838785, -6.4827471e-05, -0.00021907806],
  "goal_joints": [0.73334861, 0.050884083, -0.84886301, 5.5114593, -1.5710481, -0.83775797],
  "num_waypoints": 51,
  "trajectory": [
    [-0.45125407, -1.7008328, -0.92039726, 0.86838785, -6.4827471e-05, -0.00021907806],
    [-0.44997841, -1.6989464, -0.92032023, 0.87338785, -0.0017565775, -0.0011210014],
    [-0.44615141, -1.6932873, -0.92008913, 0.88838785, -0.0068318277, -0.0038267714],
    [-0.43977307, -1.6838554, -0.91970396, 0.91338785, -0.015290578, -0.0083363881],
    [-0.4308434, -1.6706508, -0.91916473, 0.94838785, -0.027132828, -0.014649851],
    [-0.4193624, -1.6536734, -0.91847143, 0.99338785, -0.042358579, -0.022767162],
    [-0.40533006, -1.6329232, -0.91762406, 1.0483878, -0.060967829, -0.032688318],
    [-0.38874639, -1.6084003, -0.91662263, 1.1133878, -0.08296058, -0.044413322],
    [-0.36961138, -1.5801047, -0.91546713, 1.1883878, -0.10833683, -0.057942171],
    [-0.34792504, -1.5480363, -0.91415756, 1.2733878, -0.13709658, -0.073274867],
    [-0.32368737, -1.5121951, -0.91269393, 1.3683878, -0.16923983, -0.090411409],
    [-0.29689836, -1.4725812, -0.91107623, 1.4733878, -0.20476658, -0.1093518],
    [-0.26755802, -1.4291945, -0.90930446, 1.5883878, -0.24367682, -0.13009603],
    [-0.23590625, -1.3823898, -0.90739311, 1.7124475, -0.28565242, -0.1524745],
    [-0.20384523, -1.33498, -0.90545705, 1.8381112, -0.32817074, -0.17514231],
    [-0.17178422, -1.2875701, -0.903521, 1.9637749, -0.37068906, -0.19781011],
    [-0.13972321, -1.2401603, -0.90158494, 2.0894386, -0.41320737, -0.22047792],
    [-0.1076622, -1.1927505, -0.89964888, 2.2151023, -0.45572569, -0.24314572],
    [-0.07560119, -1.1453407, -0.89771282, 2.340766, -0.49824401, -0.26581353],
    [-0.043540179, -1.0979308, -0.89577676, 2.4664298, -0.54076232, -0.28848134],
    [-0.011479168, -1.050521, -0.8938407, 2.5920935, -0.58328064, -0.31114914],
    [0.020581843, -1.0031112, -0.89190464, 2.7177572, -0.62579895, -0.33381695],
    [0.052642854, -0.95570132, -0.88996858, 2.8434209, -0.66831727, -0.35648475],
    [0.084703865, -0.90829149, -0.88803253, 2.9690846, -0.71083559, -0.37915256],
    [0.11676488, -0.86088166, -0.88609647, 3.0947483, -0.7533539, -0.40182037],
    [0.14882589, -0.81347182, -0.88416041, 3.220412, -0.79587222, -0.42448817],
    [0.1808869, -0.76606199, -0.88222435, 3.3460757, -0.83839054, -0.44715598],
    [0.21294791, -0.71865216, -0.88028829, 3.4717394, -0.88090885, -0.46982378],
    [0.24500892, -0.67124233, -0.87835223, 3.5974031, -0.92342717, -0.49249159],
    [0.27706993, -0.6238325, -0.87641617, 3.7230668, -0.96594549, -0.51515939],
    [0.30913094, -0.57642266, -0.87448011, 3.8487305, -1.0084638, -0.5378272],
    [0.34119195, -0.52901283, -0.87254406, 3.9743942, -1.0509821, -0.56049501],
    [0.37325296, -0.481603, -0.870608, 4.1000579, -1.0935004, -0.58316281],
    [0.40531398, -0.43419317, -0.86867194, 4.2257216, -1.1360188, -0.60583062],
    [0.43737499, -0.38678333, -0.86673588, 4.3513853, -1.1785371, -0.62849842],
    [0.469436, -0.3393735, -0.86479982, 4.477049, -1.2210554, -0.65116623],
    [0.50149701, -0.29196367, -0.86286376, 4.6027128, -1.2635737, -0.67383404],
    [0.53355462, -0.24455886, -0.86092791, 4.7283631, -1.3060875, -0.69649944],
    [0.56420829, -0.19923012, -0.85907683, 4.8485107, -1.3467395, -0.71817222],
    [0.59231063, -0.15767413, -0.85737983, 4.9586583, -1.3840079, -0.73804116],
    [0.61786163, -0.1198909, -0.85583689, 5.0588059, -1.4178928, -0.75610626],
    [0.64086129, -0.085880423, -0.85444801, 5.1489536, -1.4483943, -0.7723675],
    [0.66130962, -0.055642699, -0.8532132, 5.2291012, -1.4755122, -0.7868249],
    [0.67920662, -0.029177731, -0.85213246, 5.2992488, -1.4992467, -0.79947845],
    [0.69455228, -0.0064855167, -0.85120579, 5.3593964, -1.5195976, -0.81032816],
    [0.70734661, 0.012433943, -0.85043318, 5.409544, -1.536565, -0.81937401],
    [0.71758961, 0.027580648, -0.84981464, 5.4496916, -1.550149, -0.82661603],
    [0.72528127, 0.038954598, -0.84935017, 5.4798392, -1.5603494, -0.83205419],
    [0.7304216, 0.046555794, -0.84903976, 5.4999868, -1.5671664, -0.83568851],
    [0.73301059, 0.050384235, -0.84888342, 5.5101344, -1.5705998, -0.83751898],
    [0.73334861, 0.050884083, -0.84886301, 5.5114593, -1.5710481, -0.83775797]
  ]
}
