{
  "iteration": 143,
  "label": "pre_pick",
  "planning_time_ms": 48.807906,
  "scene": {
    "block_x": 0.34642367,
    "block_y": 0.39391163,
    "bin_x": 0.40820329,
    "bin_y": 0.28703925
  },
  "joint_names": ["shoulder_pan_joint", "shoulder_lift_joint", "elbow_joint", "wrist_1_joint", "wrist_2_joint", "wrist_3_joint"],
  "start_joints": [-0.45125542, -1.7008809, -0.92046298, 0.86849082, -7.4615717e-05, -0.00027682345],
  "goal_joints": [-5.6833402, -0.50523684, 0.40065078, 4.8162577, 4.7122378, -0.97029773],
  "num_waypoints": 95,
  "trajectory": [
    [-0.45125542, -1.7008809, -0.92046298, 0.86849082, -7.4615717e-05, -0.00027682345],
    [-0.45488351, -1.7009159, -0.91874228, 0.87349082, 0.0024064439, -0.00057404309],
    [-0.46576777, -1.7010208, -0.9135802, 0.88849082, 0.0098496227, -0.001465702],
    [-0.48390822, -1.7011956, -0.90497673, 0.91349082, 0.022254921, -0.0029518002],
    [-0.50930485, -1.7014403, -0.89293187, 0.94849082, 0.039622338, -0.0050323377],
    [-0.54195766, -1.7017549, -0.87744562, 0.99349082, 0.061951874, -0.0077073144],
    [-0.58186664, -1.7021395, -0.85851798, 1.0484908, 0.08924353, -0.01097673],
    [-0.62903181, -1.702594, -0.83614895, 1.1134908, 0.1214973, -0.014840586],
    [-0.68345315, -1.7031184, -0.81033854, 1.1884908, 0.15871319, -0.01929888],
    [-0.74470893, -1.7037087, -0.78128675, 1.2729096, 0.2006028, -0.024317063],
    [-0.80754078, -1.7043141, -0.75148749, 1.3595004, 0.24357019, -0.029464362],
    [-0.87037263, -1.7049196, -0.72168822, 1.4460912, 0.28653759, -0.03461166],
    [-0.93320449, -1.705525, -0.69188895, 1.5326821, 0.32950499, -0.039758959],
    [-0.99603634, -1.7061305, -0.66208968, 1.6192729, 0.37247239, -0.044906257],
    [-1.0588682, -1.7067359, -0.63229041, 1.7058637, 0.41543979, -0.050053556],
    [-1.1217, -1.7073414, -0.60249114, 1.7924545, 0.45840718, -0.055200854],
    [-1.1845319, -1.7079468, -0.57269188, 1.8790453, 0.50137458, -0.060348153],
    [-1.2473638, -1.7085523, -0.54289261, 1.9656362, 0.54434198, -0.065495451],
    [-1.3101956, -1.7091577, -0.51309334, 2.052227, 0.58730938, -0.07064275],
    [-1.3730275, -1.7097632, -0.48329407, 2.1388178, 0.63027678, -0.075790048],
    [-1.4358593, -1.7103686, -0.4534948, 2.2254086, 0.67324417, -0.080937347],
    [-1.4986912, -1.7109741, -0.42369553, 2.3119994, 0.71621157, -0.086084645],
    [-1.561523, -1.7115795, -0.39389627, 2.3985903, 0.75917897, -0.091231944],
    [-1.6243549, -1.712185, -0.364097, 2.4851811, 0.80214637, -0.096379242],
    [-1.6871867, -1.7127904, -0.33429773, 2.5717719, 0.84511376, -0.10152654],
    [-1.7500186, -1.7133959, -0.30449846, 2.6583627, 0.88808116, -0.10667384],
    [-1.8128504, -1.7140013, -0.27469919, 2.7449536, 0.93104856, -0.11182114],
    [-1.8756823, -1.7146068, -0.24489992, 2.8315444, 0.97401596, -0.11696844],
    [-1.9385141, -1.7152123, -0.21510066, 2.9181352, 1.0169834, -0.12211573],
    [-2.001346, -1.7158177, -0.18530139, 3.004726, 1.0599508, -0.12726303],
    [-2.0641778, -1.7164232, -0.15550212, 3.0913168, 1.1029182, -0.13241033],
    [-2.1270097, -1.7170286, -0.12570285, 3.1779077, 1.1458855, -0.13755763],
    [-2.1898415, -1.7176341, -0.095903583, 3.2644985, 1.1888529, -0.14270493],
    [-2.2526734, -1.7182395, -0.066104315, 3.3510893, 1.2318203, -0.14785223],
    [-2.3155053, -1.718845, -0.036305047, 3.4376801, 1.2747877, -0.15299953],
    [-2.3783371, -1.7194504, -0.0065057783, 3.5242709, 1.3177551, -0.15814682],
    [-2.441169, -1.7200559, 0.02329349, 3.6108618, 1.3607225, -0.16329412],
    [-2.5040008, -1.7206613, 0.053092758, 3.6974526, 1.4036899, -0.16844142],
    [-2.5668327, -1.7212668, 0.082892027, 3.7840434, 1.4466573, -0.17358872],
    [-2.6296645, -1.7218722, 0.11269129, 3.8706342, 1.4896247, -0.17873602],
    [-2.6924964, -1.7224777, 0.14249056, 3.957225, 1.5325921, -0.18388332],
    [-2.7548336, -1.7230784, 0.17205525, 4.0431342, 1.5752213, -0.1889901],
    [-2.8113582, -1.723623, 0.19886317, 4.1210328, 1.6138755, -0.19362069],
    [-2.8606266, -1.7240978, 0.2222297, 4.1889313, 1.6475675, -0.19765685],
    [-2.9026388, -1.7245026, 0.24215485, 4.2468299, 1.6762975, -0.20109857],
    [-2.9406477, -1.7231755, 0.25860444, 4.2947771, 1.7038313, -0.20494808],
    [-2.9806182, -1.7170215, 0.27147214, 4.3327395, 1.737118, -0.21106371],
    [-3.0215273, -1.7065643, 0.28076954, 4.360704, 1.7749723, -0.21912986],
    [-3.0624244, -1.6922951, 0.2865116, 4.3786704, 1.8162886, -0.22885127],
    [-3.1042564, -1.6740652, 0.2890006, 4.387531, 1.861858, -0.24037404],
    [-3.1538737, -1.6515789, 0.29114857, 4.395779, 1.9166946, -0.25441656],
    [-3.212532, -1.6249952, 0.29368793, 4.4055299, 1.9815233, -0.27101785],
    [-3.2753639, -1.5965201, 0.29640796, 4.4159745, 2.0509645, -0.28880031],
    [-3.3381958, -1.568045, 0.29912799, 4.4264192, 2.1204057, -0.30658277],
    [-3.4010276, -1.5395699, 0.30184802, 4.4368639, 2.1898468, -0.32436523],
    [-3.4638595, -1.5110948, 0.30456805, 4.4473086, 2.259288, -0.34214769],
    [-3.5266913, -1.4826198, 0.30728808, 4.4577533, 2.3287292, -0.35993015],
    [-3.5895232, -1.4541447, 0.31000811, 4.4681979, 2.3981704, -0.37771262],
    [-3.652355, -1.4256696, 0.31272814, 4.4786426, 2.4676116, -0.39549508],
    [-3.7151869, -1.3971945, 0.31544817, 4.4890873, 2.5370528, -0.41327754],
    [-3.7780187, -1.3687194, 0.3181682, 4.499532, 2.606494, -0.43106],
    [-3.8408506, -1.3402443, 0.32088824, 4.5099766, 2.6759352, -0.44884246],
    [-3.9036824, -1.3117692, 0.32360827, 4.5204213, 2.7453763, -0.46662492],
    [-3.9665143, -1.2832941, 0.3263283, 4.530866, 2.8148175, -0.48440738],
    [-4.0293461, -1.254819, 0.32904833, 4.5413107, 2.8842587, -0.50218985],
    [-4.092178, -1.2263439, 0.33176836, 4.5517553, 2.9536999, -0.51997231],
    [-4.1550098, -1.1978688, 0.33448839, 4.5622, 3.0231411, -0.53775477],
    [-4.2178417, -1.1693937, 0.33720842, 4.5726447, 3.0925823, -0.55553723],
    [-4.2806735, -1.1409186, 0.33992845, 4.5830894, 3.1620235, -0.57331969],
    [-4.3435054, -1.1124435, 0.34264848, 4.5935341, 3.2314647, -0.59110215],
    [-4.4063373, -1.0839684, 0.34536851, 4.6039787, 3.3009059, -0.60888461],
    [-4.4691691, -1.0554933, 0.34808854, 4.6144234, 3.370347, -0.62666708],
    [-4.532001, -1.0270183, 0.35080858, 4.6248681, 3.4397882, -0.64444954],
    [-4.5948328, -0.99854316, 0.35352861, 4.6353128, 3.5092294, -0.662232],
    [-4.6576647, -0.97006806, 0.35624864, 4.6457574, 3.5786706, -0.68001446],
    [-4.7204965, -0.94159297, 0.35896867, 4.6562021, 3.6481118, -0.69779692],
    [-4.7833284, -0.91311788, 0.3616887, 4.6666468, 3.717553, -0.71557938],
    [-4.8461602, -0.88464278, 0.36440873, 4.6770915, 3.7869942, -0.73336184],
    [-4.9089921, -0.85616769, 0.36712876, 4.6875361, 3.8564354, -0.75114431],
    [-4.9718239, -0.8276926, 0.36984879, 4.6979808, 3.9258765, -0.76892677],
    [-5.0346558, -0.7992175, 0.37256882, 4.7084255, 3.9953177, -0.78670923],
    [-5.0974876, -0.77074241, 0.37528885, 4.7188702, 4.0647589, -0.80449169],
    [-5.1603195, -0.74226731, 0.37800888, 4.7293148, 4.1342001, -0.82227415],
    [-5.2231513, -0.71379222, 0.38072892, 4.7397595, 4.2036413, -0.84005661],
    [-5.2859832, -0.68531713, 0.38344895, 4.7502042, 4.2730825, -0.85783907],
    [-5.348815, -0.65684203, 0.38616898, 4.7606489, 4.3425237, -0.87562154],
    [-5.4116469, -0.62836694, 0.38888901, 4.7710936, 4.4119649, -0.893404],
    [-5.4743798, -0.59993671, 0.39160475, 4.7815218, 4.4812966, -0.91115844],
    [-5.531349, -0.57411851, 0.39407099, 4.7909919, 4.5442586, -0.9272817],
    [-5.5792701, -0.55240091, 0.39614552, 4.7989579, 4.5972205, -0.94084416],
    [-5.618143, -0.53478392, 0.39782835, 4.8054198, 4.6401824, -0.95184582],
    [-5.6479676, -0.52126753, 0.39911948, 4.8103777, 4.6731443, -0.96028669],
    [-5.668744, -0.51185175, 0.40001891, 4.8138314, 4.6961063, -0.96616677],
    [-5.6804723, -0.50653658, 0.40052663, 4.815781, 4.7090682, -0.96948605],
    [-5.6833402, -0.50523684, 0.40065078, 4.8162577, 4.7122378, -0.97029773]
  ]
}
