{
  "iteration": 327,
  "label": "pre_pick",
  "planning_time_ms": 74.390482,
  "scene": {
    "block_x": 0.18685306,
    "block_y": 0.45596944,
    "bin_x": 0.24900863,
    "bin_y": 0.28477647
  },
  "joint_names": ["shoulder_pan_joint", "shoulder_lift_joint", "elbow_joint", "wrist_1_joint", "wrist_2_joint", "wrist_3_joint"],
  "start_joints": [-0.45134167, -1.7008107, -0.92042392, 0.86865664, -2.4185632e-05, -0.00032114413],
  "goal_joints": [-1.6887915, -3.191783, 0.8469643, 3.9156152, 1.5708449, -0.11876928],
  "num_waypoints": 40,
  "trajectory": [
    [-0.45134167, -1.7008107, -0.92042392, 0.86865664, -2.4185632e-05, -0.00032114413],
    [-0.4533723, -1.7032573, -0.91752367, 0.87365664, 0.0025535801, -0.00051551522],
    [-0.45946419, -1.7105973, -0.90882292, 0.88865664, 0.010286877, -0.0010986285],
    [-0.46961735, -1.7228306, -0.89432167, 0.91365664, 0.023175706, -0.002070484],
    [-0.48383177, -1.7399572, -0.87401992, 0.94865664, 0.041220067, -0.0034310817],
    [-0.50210745, -1.7619771, -0.84791767, 0.99365664, 0.064419959, -0.0051804216],
    [-0.52444439, -1.7888903, -0.81601493, 1.0486566, 0.092775382, -0.0073185036],
    [-0.55084259, -1.8206968, -0.77831168, 1.1136566, 0.12628633, -0.0098453274],
    [-0.58130205, -1.8573967, -0.73480795, 1.1886566, 0.16495281, -0.012760893],
    [-0.61582277, -1.8989898, -0.68550371, 1.2736566, 0.20877482, -0.016065201],
    [-0.65440476, -1.9454763, -0.63039897, 1.3686566, 0.25775236, -0.019758251],
    [-0.69699076, -1.9967871, -0.5695755, 1.4735156, 0.31181276, -0.023834564],
    [-0.74098294, -2.0497922, -0.50674364, 1.5818371, 0.36765823, -0.028045476],
    [-0.78497512, -2.1027973, -0.44391179, 1.6901585, 0.42350369, -0.032256388],
    [-0.8289673, -2.1558024, -0.38107994, 1.79848, 0.47934915, -0.036467299],
    [-0.87295949, -2.2088074, -0.31824808, 1.9068014, 0.53519462, -0.040678211],
    [-0.91695167, -2.2618125, -0.25541623, 2.0151228, 0.59104008, -0.044889123],
    [-0.96094385, -2.3148176, -0.19258438, 2.1234443, 0.64688555, -0.049100035],
    [-1.004936, -2.3678227, -0.12975252, 2.2317657, 0.70273101, -0.053310946],
    [-1.0489282, -2.4208278, -0.066920671, 2.3400872, 0.75857648, -0.057521858],
    [-1.0929204, -2.4738328, -0.0040888181, 2.4484086, 0.81442194, -0.06173277],
    [-1.1369126, -2.5268379, 0.058743035, 2.5567301, 0.8702674, -0.065943682],
    [-1.1809048, -2.579843, 0.12157489, 2.6650515, 0.92611287, -0.070154593],
    [-1.2248969, -2.6328481, 0.18440674, 2.773373, 0.98195833, -0.074365505],
    [-1.2688891, -2.6858532, 0.24723859, 2.8816944, 1.0378038, -0.078576417],
    [-1.3128813, -2.7388582, 0.31007045, 2.9900159, 1.0936493, -0.082787329],
    [-1.3568735, -2.7918633, 0.3729023, 3.0983373, 1.1494947, -0.08699824],
    [-1.4008657, -2.8448684, 0.43573415, 3.2066588, 1.2053402, -0.091209152],
    [-1.4448579, -2.8978735, 0.49856601, 3.3149802, 1.2611857, -0.095420064],
    [-1.487309, -2.9490218, 0.5591969, 3.4195072, 1.3150749, -0.09948347],
    [-1.5257326, -2.9953175, 0.61407544, 3.5141173, 1.3638514, -0.10316136],
    [-1.560095, -3.0367198, 0.66315349, 3.5987273, 1.4074724, -0.10645051],
    [-1.5903961, -3.0732288, 0.70643104, 3.6733373, 1.4459378, -0.10935092],
    [-1.6166359, -3.1048446, 0.74390809, 3.7379474, 1.4792477, -0.11186258],
    [-1.6388145, -3.131567, 0.77558464, 3.7925574, 1.5074021, -0.1139855],
    [-1.6569318, -3.1533961, 0.80146069, 3.8371674, 1.5304009, -0.11571968],
    [-1.6709878, -3.1703318, 0.82153624, 3.8717775, 1.5482442, -0.11706512],
    [-1.6809826, -3.1823743, 0.83581129, 3.8963875, 1.560932, -0.11802182],
    [-1.6869161, -3.1895234, 0.84428584, 3.9109975, 1.5684643, -0.11858977],
    [-1.6887915, -3.191783, 0.8469643, 3.9156152, 1.5708449, -0.11876928]
  ]
}
