{
  "iteration": 959,
  "label": "pre_pick",
  "planning_time_ms": 236.05996,
  "scene": {
    "block_x": 0.28677585,
    "block_y": 0.42046485,
    "bin_x": 0.41391423,
    "bin_y": 0.34912673
  },
  "joint_names": ["shoulder_pan_joint", "shoulder_lift_joint", "elbow_joint", "wrist_1_joint", "wrist_2_joint", "wrist_3_joint"],
  "start_joints": [-0.4513757, -1.7008236, -0.92010682, 0.86811039, -8.8143178e-05, -0.00023809963],
  "goal_joints": [0.71448948, -0.62870731, 0.64303768, -1.5858119, -1.5713808, -0.85709737],
  "num_waypoints": 36,
  "trajectory": [
    [-0.4513757, -1.7008236, -0.92010682, 0.86811039, -8.8143178e-05, -0.00023809963],
    [-0.44900018, -1.6986391, -0.91692183, 0.86311039, -0.0032897374, -0.0019839969],
    [-0.44187364, -1.6920856, -0.90736685, 0.84811039, -0.01289452, -0.0072216888],
    [-0.42999608, -1.6811631, -0.89144189, 0.82311039, -0.028902491, -0.015951175],
    [-0.41336748, -1.6658716, -0.86914695, 0.78811039, -0.051313651, -0.028172456],
    [-0.39198786, -1.6462112, -0.84048203, 0.74311039, -0.080127999, -0.043885532],
    [-0.36585721, -1.6221817, -0.80544712, 0.6881104, -0.11534554, -0.063090402],
    [-0.33497553, -1.5937833, -0.76404223, 0.6231104, -0.15696626, -0.085787065],
    [-0.29934283, -1.5610159, -0.71626735, 0.54811041, -0.20499017, -0.11197552],
    [-0.25895911, -1.5238795, -0.6621225, 0.46311042, -0.25941726, -0.14165577],
    [-0.21386847, -1.4824146, -0.60166682, 0.36820329, -0.32018808, -0.17479539],
    [-0.16700558, -1.4393201, -0.53883496, 0.26956591, -0.38334746, -0.20923754],
    [-0.12014269, -1.3962255, -0.47600311, 0.17092852, -0.44650684, -0.24367969],
    [-0.073279801, -1.3531309, -0.41317126, 0.072291137, -0.50966621, -0.27812184],
    [-0.02641691, -1.3100363, -0.3503394, -0.026346249, -0.57282559, -0.31256399],
    [0.02044598, -1.2669418, -0.28750755, -0.12498363, -0.63598497, -0.34700614],
    [0.067308871, -1.2238472, -0.2246757, -0.22362102, -0.69914434, -0.38144829],
    [0.11417176, -1.1807526, -0.16184384, -0.32225841, -0.76230372, -0.41589043],
    [0.16103465, -1.137658, -0.099011991, -0.42089579, -0.8254631, -0.45033258],
    [0.20789754, -1.0945634, -0.036180138, -0.51953318, -0.88862247, -0.48477473],
    [0.25476043, -1.0514689, 0.026651715, -0.61817056, -0.95178185, -0.51921688],
    [0.30162332, -1.0083743, 0.089483568, -0.71680795, -1.0149412, -0.55365903],
    [0.34848621, -0.96527972, 0.15231542, -0.81544533, -1.0781006, -0.58810118],
    [0.3953491, -0.92218514, 0.21514727, -0.91408272, -1.14126, -0.62254333],
    [0.442212, -0.87909057, 0.27797913, -1.0127201, -1.2044194, -0.65698548],
    [0.48903965, -0.83602839, 0.34076374, -1.1112833, -1.2675313, -0.69140173],
    [0.53294844, -0.79565037, 0.39963486, -1.2037029, -1.3267092, -0.72367275],
    [0.5721062, -0.75964134, 0.45213598, -1.2861225, -1.379484, -0.75245197],
    [0.60651293, -0.72800131, 0.49826713, -1.358542, -1.4258557, -0.77773939],
    [0.63616864, -0.70073026, 0.53802829, -1.4209616, -1.4658241, -0.79953502],
    [0.66107332, -0.6778282, 0.57141947, -1.4733812, -1.4993893, -0.81783886],
    [0.68122697, -0.65929514, 0.59844066, -1.5158007, -1.5265514, -0.8326509],
    [0.69662959, -0.64513106, 0.61909187, -1.5482203, -1.5473102, -0.84397114],
    [0.70728119, -0.63533597, 0.6333731, -1.5706399, -1.5616659, -0.8517996],
    [0.71318176, -0.62990988, 0.64128434, -1.5830594, -1.5696184, -0.85613625],
    [0.71448948, -0.62870731, 0.64303768, -1.5858119, -1.5713808, -0.85709737]
  ]
}
