{
  "iteration": 798,
  "label": "pre_pick",
  "planning_time_ms": 101.83794,
  "scene": {
    "block_x": 0.1264507,
    "block_y": 0.3964192,
    "bin_x": 0.30548323,
    "bin_y": 0.30552379
  },
  "joint_names": ["shoulder_pan_joint", "shoulder_lift_joint", "elbow_joint", "wrist_1_joint", "wrist_2_joint", "wrist_3_joint"],
  "start_joints": [-0.45135223, -1.7008672, -0.92001222, 0.86799861, -4.7810945e-05, -0.00012192064],
  "goal_joints": [-5.3340535, -1.0875365, 1.448637, -1.9317345, -1.5699016, -0.62193919],
  "num_waypoints": 85,
  "trajectory": [
    [-0.45135223, -1.7008672, -0.92001222, 0.86799861, -4.7810945e-05, -0.00012192064],
    [-0.45635223, -1.7002391, -0.91758666, 0.86513162, -0.0016553778, -0.00075867603],
    [-0.47135223, -1.6983549, -0.91031001, 0.85653065, -0.0064780785, -0.0026689422],
    [-0.49635223, -1.6952146, -0.89818225, 0.84219568, -0.014515913, -0.0058527192],
    [-0.53135223, -1.6908181, -0.88120338, 0.82212674, -0.025768881, -0.010310007],
    [-0.57635223, -1.6851655, -0.85937342, 0.79632381, -0.040236983, -0.016040805],
    [-0.63135223, -1.6782568, -0.83269234, 0.7647869, -0.057920219, -0.023045115],
    [-0.69378301, -1.6704147, -0.80240652, 0.72898919, -0.077992548, -0.030995741],
    [-0.75661486, -1.6625222, -0.77192614, 0.69296151, -0.098193829, -0.038997445],
    [-0.81944671, -1.6546297, -0.74144575, 0.65693382, -0.11839511, -0.04699915],
    [-0.88227856, -1.6467372, -0.71096537, 0.62090614, -0.13859639, -0.055000854],
    [-0.94511042, -1.6388447, -0.68048498, 0.58487846, -0.15879767, -0.063002558],
    [-1.0079423, -1.6309522, -0.6500046, 0.54885077, -0.17899895, -0.071004262],
    [-1.0707741, -1.6230597, -0.61952421, 0.51282309, -0.19920024, -0.079005967],
    [-1.133606, -1.6151672, -0.58904382, 0.4767954, -0.21940152, -0.087007671],
    [-1.1964378, -1.6072747, -0.55856344, 0.44076772, -0.2396028, -0.095009375],
    [-1.2592697, -1.5993822, -0.52808305, 0.40474003, -0.25980408, -0.10301108],
    [-1.3221015, -1.5914897, -0.49760267, 0.36871235, -0.28000536, -0.11101278],
    [-1.3849334, -1.5835973, -0.46712228, 0.33268466, -0.30020664, -0.11901449],
    [-1.4477652, -1.5757048, -0.4366419, 0.29665698, -0.32040792, -0.12701619],
    [-1.5105971, -1.5678123, -0.40616151, 0.2606293, -0.3406092, -0.1350179],
    [-1.5734289, -1.5599198, -0.37568112, 0.22460161, -0.36081049, -0.1430196],
    [-1.6362608, -1.5520273, -0.34520074, 0.18857393, -0.38101177, -0.1510213],
    [-1.6990927, -1.5441348, -0.31472035, 0.15254624, -0.40121305, -0.15902301],
    [-1.7619245, -1.5362423, -0.28423997, 0.11651856, -0.42141433, -0.16702471],
    [-1.8247564, -1.5283498, -0.25375958, 0.080490874, -0.44161561, -0.17502642],
    [-1.8875882, -1.5204573, -0.2232792, 0.044463189, -0.46181689, -0.18302812],
    [-1.9504201, -1.5125648, -0.19279881, 0.0084355049, -0.48201817, -0.19102983],
    [-2.0132519, -1.5046723, -0.16231842, -0.02759218, -0.50221946, -0.19903153],
    [-2.0760838, -1.4967798, -0.13183804, -0.063619864, -0.52242074, -0.20703323],
    [-2.1389156, -1.4888873, -0.10135765, -0.099647548, -0.54262202, -0.21503494],
    [-2.2017475, -1.4809948, -0.070877266, -0.13567523, -0.5628233, -0.22303664],
    [-2.2645793, -1.4731023, -0.04039688, -0.17170292, -0.58302458, -0.23103835],
    [-2.3274112, -1.4652098, -0.0099164947, -0.2077306, -0.60322586, -0.23904005],
    [-2.390243, -1.4573173, 0.020563891, -0.24375829, -0.62342714, -0.24704176],
    [-2.4530749, -1.4494248, 0.051044277, -0.27978597, -0.64362842, -0.25504346],
    [-2.5159067, -1.4415323, 0.081524663, -0.31581365, -0.66382971, -0.26304516],
    [-2.5787386, -1.4336398, 0.11200505, -0.35184134, -0.68403099, -0.27104687],
    [-2.6415705, -1.4257473, 0.14248543, -0.38786902, -0.70423227, -0.27904857],
    [-2.7044023, -1.4178548, 0.17296582, -0.42389671, -0.72443355, -0.28705028],
    [-2.7672342, -1.4099623, 0.20344621, -0.45992439, -0.74463483, -0.29505198],
    [-2.830066, -1.4020698, 0.23392659, -0.49595208, -0.76483611, -0.30305369],
    [-2.8928979, -1.3941773, 0.26440698, -0.53197976, -0.78503739, -0.31105539],
    [-2.9557297, -1.3862848, 0.29488736, -0.56800745, -0.80523867, -0.31905709],
    [-3.0185616, -1.3783923, 0.32536775, -0.60403513, -0.82543996, -0.3270588],
    [-3.0813934, -1.3704999, 0.35584813, -0.64006281, -0.84564124, -0.3350605],
    [-3.1442253, -1.3626074, 0.38632852, -0.6760905, -0.86584252, -0.34306221],
    [-3.2070571, -1.3547149, 0.41680891, -0.71211818, -0.8860438, -0.35106391],
    [-3.269889, -1.3468224, 0.44728929, -0.74814587, -0.90624508, -0.35906561],
    [-3.3327208, -1.3389299, 0.47776968, -0.78417355, -0.92644636, -0.36706732],
    [-3.3955527, -1.3310374, 0.50825006, -0.82020124, -0.94664764, -0.37506902],
    [-3.4583845, -1.3231449, 0.53873045, -0.85622892, -0.96684893, -0.38307073],
    [-3.5212164, -1.3152524, 0.56921084, -0.89225661, -0.98705021, -0.39107243],
    [-3.5840482, -1.3073599, 0.59969122, -0.92828429, -1.0072515, -0.39907414],
    [-3.6468801, -1.2994674, 0.63017161, -0.96431197, -1.0274528, -0.40707584],
    [-3.709712, -1.2915749, 0.66065199, -1.0003397, -1.0476541, -0.41507754],
    [-3.7725438, -1.2836824, 0.69113238, -1.0363673, -1.0678553, -0.42307925],
    [-3.8353757, -1.2757899, 0.72161276, -1.072395, -1.0880566, -0.43108095],
    [-3.8982075, -1.2678974, 0.75209315, -1.1084227, -1.1082579, -0.43908266],
    [-3.9610394, -1.2600049, 0.78257354, -1.1444504, -1.1284592, -0.44708436],
    [-4.0238712, -1.2521124, 0.81305392, -1.1804781, -1.1486605, -0.45508607],
    [-4.0867031, -1.2442199, 0.84353431, -1.2165058, -1.1688617, -0.46308777],
    [-4.1495349, -1.2363274, 0.87401469, -1.2525334, -1.189063, -0.47108947],
    [-4.2123668, -1.2284349, 0.90449508, -1.2885611, -1.2092643, -0.47909118],
    [-4.2751986, -1.2205424, 0.93497546, -1.3245888, -1.2294656, -0.48709288],
    [-4.3380305, -1.2126499, 0.96545585, -1.3606165, -1.2496669, -0.49509459],
    [-4.4008623, -1.2047574, 0.99593624, -1.3966442, -1.2698681, -0.50309629],
    [-4.4636942, -1.1968649, 1.0264166, -1.4326719, -1.2900694, -0.511098],
    [-4.526526, -1.1889724, 1.056897, -1.4686996, -1.3102707, -0.5190997],
    [-4.5893579, -1.1810799, 1.0873774, -1.5047272, -1.330472, -0.5271014],
    [-4.6521897, -1.1731874, 1.1178578, -1.5407549, -1.3506733, -0.53510311],
    [-4.7150216, -1.165295, 1.1483382, -1.5767826, -1.3708746, -0.54310481],
    [-4.7778535, -1.1574025, 1.1788186, -1.6128103, -1.3910758, -0.55110652],
    [-4.8406853, -1.14951, 1.2092989, -1.648838, -1.4112771, -0.55910822],
    [-4.9035172, -1.1416175, 1.2397793, -1.6848657, -1.4314784, -0.56710992],
    [-4.966349, -1.133725, 1.2702597, -1.7208933, -1.4516797, -0.57511163],
    [-5.0291809, -1.1258325, 1.3007401, -1.756921, -1.471881, -0.58311333],
    [-5.0920127, -1.11794, 1.3312205, -1.7929487, -1.4920822, -0.59111504],
    [-5.1544258, -1.1101001, 1.3614977, -1.8287363, -1.5121489, -0.59906341],
    [-5.2093637, -1.1031992, 1.3881487, -1.8602376, -1.5298122, -0.60605982],
    [-5.2543016, -1.0975544, 1.4099485, -1.8860049, -1.5442603, -0.61178271],
    [-5.2892395, -1.0931657, 1.4268973, -1.9060383, -1.5554933, -0.61623209],
    [-5.3141775, -1.0900332, 1.4389949, -1.9203376, -1.5635112, -0.61940796],
    [-5.3291154, -1.0881568, 1.4462414, -1.928903, -1.5683139, -0.62131031],
    [-5.3340535, -1.0875365, 1.448637, -1.9317345, -1.5699016, -0.62193919]
  ]
}
