{
  "iteration": 273,
  "label": "pre_pick",
  "planning_time_ms": 91.011804,
  "scene": {
    "block_x": 0.2213005,
    "block_y": 0.35574476,
    "bin_x": 0.40563448,
    "bin_y": 0.39356909
  },
  "joint_names": ["shoulder_pan_joint", "shoulder_lift_joint", "elbow_joint", "wrist_1_joint", "wrist_2_joint", "wrist_3_joint"],
  "start_joints": [-0.45137591, -1.7007686, -0.92034665, 0.86850924, 4.3310523e-05, -0.00036371701],
  "goal_joints": [4.4749204, -3.382055, 1.4360319, -2.7671146, 1.5701233, -0.23791286],
  "num_waypoints": 86,
  "trajectory": [
    [-0.45137591, -1.7007686, -0.92034665, 0.86850924, 4.3310523e-05, -0.00036371701],
    [-0.44637591, -1.702475, -0.91795502, 0.86481922, 0.0016368809, -0.0006048202],
    [-0.43137591, -1.7075943, -0.91078012, 0.85374917, 0.0064175921, -0.0013281298],
    [-0.40637591, -1.7161265, -0.89882195, 0.83529908, 0.014385444, -0.0025336457],
    [-0.37137591, -1.7280716, -0.88208052, 0.80946896, 0.025540437, -0.004221368],
    [-0.32637591, -1.7434296, -0.86055583, 0.7762588, 0.03988257, -0.0063912966],
    [-0.27137591, -1.7622004, -0.83424786, 0.73566861, 0.057411845, -0.0090434316],
    [-0.20894513, -1.7835073, -0.80438556, 0.68959448, 0.077309412, -0.012053883],
    [-0.14611328, -1.8049511, -0.77433142, 0.64322435, 0.097334808, -0.015083675],
    [-0.083281429, -1.8263949, -0.74427727, 0.59685423, 0.1173602, -0.018113467],
    [-0.020449576, -1.8478386, -0.71422312, 0.5504841, 0.1373856, -0.021143259],
    [0.042382277, -1.8692824, -0.68416898, 0.50411397, 0.157411, -0.024173051],
    [0.10521413, -1.8907262, -0.65411483, 0.45774385, 0.17743639, -0.027202843],
    [0.16804598, -1.9121699, -0.62406068, 0.41137372, 0.19746179, -0.030232635],
    [0.23087784, -1.9336137, -0.59400654, 0.36500359, 0.21748719, -0.033262427],
    [0.29370969, -1.9550575, -0.56395239, 0.31863347, 0.23751258, -0.036292219],
    [0.35654154, -1.9765012, -0.53389825, 0.27226334, 0.25753798, -0.039322011],
    [0.4193734, -1.997945, -0.5038441, 0.22589321, 0.27756337, -0.042351803],
    [0.48220525, -2.0193887, -0.47378995, 0.17952309, 0.29758877, -0.045381595],
    [0.5450371, -2.0408325, -0.44373581, 0.13315296, 0.31761417, -0.048411387],
    [0.60786895, -2.0622763, -0.41368166, 0.086782835, 0.33763956, -0.051441179],
    [0.67070081, -2.08372, -0.38362751, 0.040412709, 0.35766496, -0.054470971],
    [0.73353266, -2.1051638, -0.35357337, -0.0059574176, 0.37769035, -0.057500763],
    [0.79636451, -2.1266076, -0.32351922, -0.052327544, 0.39771575, -0.060530555],
    [0.85919637, -2.1480513, -0.29346508, -0.098697671, 0.41774115, -0.063560347],
    [0.92202822, -2.1694951, -0.26341093, -0.1450678, 0.43776654, -0.066590139],
    [0.98486007, -2.1909389, -0.23335678, -0.19143792, 0.45779194, -0.069619931],
    [1.0476919, -2.2123826, -0.20330264, -0.23780805, 0.47781734, -0.072649723],
    [1.1105238, -2.2338264, -0.17324849, -0.28417818, 0.49784273, -0.075679515],
    [1.1733556, -2.2552702, -0.14319434, -0.3305483, 0.51786813, -0.078709307],
    [1.2361875, -2.2767139, -0.1131402, -0.37691843, 0.53789352, -0.081739099],
    [1.2990193, -2.2981577, -0.083086051, -0.42328856, 0.55791892, -0.084768891],
    [1.3618512, -2.3196015, -0.053031905, -0.46965868, 0.57794432, -0.087798683],
    [1.424683, -2.3410452, -0.022977758, -0.51602881, 0.59796971, -0.090828475],
    [1.4875149, -2.362489, 0.0070763879, -0.56239894, 0.61799511, -0.093858267],
    [1.5503468, -2.3839328, 0.037130534, -0.60876906, 0.63802051, -0.096888059],
    [1.6131786, -2.4053765, 0.067184681, -0.65513919, 0.6580459, -0.09991785],
    [1.6760105, -2.4268203, 0.097238827, -0.70150931, 0.6780713, -0.10294764],
    [1.7388423, -2.4482641, 0.12729297, -0.74787944, 0.69809669, -0.10597743],
    [1.8016742, -2.4697078, 0.15734712, -0.79424957, 0.71812209, -0.10900723],
    [1.864506, -2.4911516, 0.18740127, -0.84061969, 0.73814749, -0.11203702],
    [1.9273379, -2.5125954, 0.21745541, -0.88698982, 0.75817288, -0.11506681],
    [1.9901697, -2.5340391, 0.24750956, -0.93335995, 0.77819828, -0.1180966],
    [2.0530016, -2.5554829, 0.2775637, -0.97973007, 0.79822367, -0.12112639],
    [2.1158334, -2.5769267, 0.30761785, -1.0261002, 0.81824907, -0.12415619],
    [2.1786653, -2.5983704, 0.337672, -1.0724703, 0.83827447, -0.12718598],
    [2.2414971, -2.6198142, 0.36772614, -1.1188405, 0.85829986, -0.13021577],
    [2.304329, -2.641258, 0.39778029, -1.1652106, 0.87832526, -0.13324556],
    [2.3671608, -2.6627017, 0.42783444, -1.2115807, 0.89835066, -0.13627535],
    [2.4299927, -2.6841455, 0.45788858, -1.2579508, 0.91837605, -0.13930515],
    [2.4928245, -2.7055893, 0.48794273, -1.304321, 0.93840145, -0.14233494],
    [2.5556564, -2.727033, 0.51799688, -1.3506911, 0.95842684, -0.14536473],
    [2.6184883, -2.7484768, 0.54805102, -1.3970612, 0.97845224, -0.14839452],
    [2.6813201, -2.7699206, 0.57810517, -1.4434313, 0.99847764, -0.15142431],
    [2.744152, -2.7913643, 0.60815931, -1.4898015, 1.018503, -0.15445411],
    [2.8069838, -2.8128081, 0.63821346, -1.5361716, 1.0385284, -0.1574839],
    [2.8698157, -2.8342518, 0.66826761, -1.5825417, 1.0585538, -0.16051369],
    [2.9326475, -2.8556956, 0.69832175, -1.6289118, 1.0785792, -0.16354348],
    [2.9954794, -2.8771394, 0.7283759, -1.675282, 1.0986046, -0.16657327],
    [3.0583112, -2.8985831, 0.75843005, -1.7216521, 1.11863, -0.16960307],
    [3.1211431, -2.9200269, 0.78848419, -1.7680222, 1.1386554, -0.17263286],
    [3.1839749, -2.9414707, 0.81853834, -1.8143924, 1.1586808, -0.17566265],
    [3.2468068, -2.9629144, 0.84859248, -1.8607625, 1.1787062, -0.17869244],
    [3.3096386, -2.9843582, 0.87864663, -1.9071326, 1.1987316, -0.18172223],
    [3.3724705, -3.005802, 0.90870078, -1.9535027, 1.218757, -0.18475203],
    [3.4353023, -3.0272457, 0.93875492, -1.9998729, 1.2387824, -0.18778182],
    [3.4981342, -3.0486895, 0.96880907, -2.046243, 1.2588078, -0.19081161],
    [3.560966, -3.0701333, 0.99886322, -2.0926131, 1.2788332, -0.1938414],
    [3.6237979, -3.091577, 1.0289174, -2.1389832, 1.2988586, -0.19687119],
    [3.6866298, -3.1130208, 1.0589715, -2.1853534, 1.318884, -0.19990099],
    [3.7494616, -3.1344646, 1.0890257, -2.2317235, 1.3389094, -0.20293078],
    [3.8122935, -3.1559083, 1.1190798, -2.2780936, 1.3589348, -0.20596057],
    [3.8751253, -3.1773521, 1.1491339, -2.3244637, 1.3789602, -0.20899036],
    [3.9379572, -3.1987959, 1.1791881, -2.3708339, 1.3989856, -0.21202015],
    [4.000789, -3.2202396, 1.2092422, -2.417204, 1.419011, -0.21504995],
    [4.0636209, -3.2416834, 1.2392964, -2.4635741, 1.4390364, -0.21807974],
    [4.1264527, -3.2631272, 1.2693505, -2.5099442, 1.4590617, -0.22110953],
    [4.1892846, -3.2845709, 1.2994047, -2.5563144, 1.4790871, -0.22413932],
    [4.2521164, -3.3060147, 1.3294588, -2.6026845, 1.4991125, -0.22716911],
    [4.3131748, -3.3268532, 1.3586647, -2.6477458, 1.5185727, -0.23011339],
    [4.3650511, -3.344558, 1.3834785, -2.6860307, 1.5351064, -0.2326149],
    [4.4069274, -3.3588498, 1.403509, -2.7169355, 1.548453, -0.2346342],
    [4.4388037, -3.3697288, 1.4187563, -2.7404603, 1.5586124, -0.23617129],
    [4.4606799, -3.3771949, 1.4292203, -2.7566051, 1.5655847, -0.23722618],
    [4.4725562, -3.3812482, 1.434901, -2.7653698, 1.5693698, -0.23779886],
    [4.4749204, -3.382055, 1.4360319, -2.7671146, 1.5701233, -0.23791286]
  ]
}
