{
  "iteration": 76,
  "label": "pre_pick",
  "planning_time_ms": 48.872102,
  "scene": {
    "block_x": 0.16380085,
    "block_y": 0.5033094,
    "bin_x": 0.37668484,
    "bin_y": 0.28406255
  },
  "joint_names": ["shoulder_pan_joint", "shoulder_lift_joint", "elbow_joint", "wrist_1_joint", "wrist_2_joint", "wrist_3_joint"],
  "start_joints": [-0.45126214, -1.7009043, -0.91990293, 0.8678076, 1.2196528e-05, -1.419944e-05],
  "goal_joints": [4.6487206, -2.7227237, -0.22490304, -1.7644391, 1.5711294, -0.063016467],
  "num_waypoints": 89,
  "trajectory": [
    [-0.45126214, -1.7009043, -0.91990293, 0.8678076, 1.2196528e-05, -1.419944e-05],
    [-0.44626214, -1.7019061, -0.91922156, 0.86522696, 0.0015525127, -7.5966578e-05],
    [-0.43126214, -1.7049115, -0.91717744, 0.85748503, 0.0061734612, -0.00026126799],
    [-0.40626214, -1.7099204, -0.91377056, 0.84458182, 0.013875042, -0.00057010368],
    [-0.37126214, -1.7169329, -0.90900094, 0.82651732, 0.024657255, -0.0010024736],
    [-0.32626214, -1.725949, -0.90286857, 0.80329154, 0.038520101, -0.0015583779],
    [-0.27126214, -1.7369687, -0.89537344, 0.77490447, 0.055463579, -0.0022378164],
    [-0.20883136, -1.7494771, -0.88686569, 0.74268216, 0.074696205, -0.0030090505],
    [-0.14599951, -1.762066, -0.87830329, 0.71025285, 0.094052389, -0.0037852392],
    [-0.083167656, -1.7746548, -0.86974088, 0.67782354, 0.11340857, -0.0045614279],
    [-0.020335803, -1.7872436, -0.86117847, 0.64539422, 0.13276476, -0.0053376167],
    [0.04249605, -1.7998324, -0.85261606, 0.61296491, 0.15212094, -0.0061138054],
    [0.1053279, -1.8124213, -0.84405366, 0.5805356, 0.17147712, -0.0068899942],
    [0.16815976, -1.8250101, -0.83549125, 0.54810629, 0.19083331, -0.0076661829],
    [0.23099161, -1.8375989, -0.82692884, 0.51567697, 0.21018949, -0.0084423717],
    [0.29382346, -1.8501878, -0.81836643, 0.48324766, 0.22954568, -0.0092185604],
    [0.35665532, -1.8627766, -0.80980403, 0.45081835, 0.24890186, -0.0099947492],
    [0.41948717, -1.8753654, -0.80124162, 0.41838903, 0.26825804, -0.010770938],
    [0.48231902, -1.8879542, -0.79267921, 0.38595972, 0.28761423, -0.011547127],
    [0.54515087, -1.9005431, -0.7841168, 0.35353041, 0.30697041, -0.012323315],
    [0.60798273, -1.9131319, -0.7755544, 0.3211011, 0.3263266, -0.013099504],
    [0.67081458, -1.9257207, -0.76699199, 0.28867178, 0.34568278, -0.013875693],
    [0.73364643, -1.9383096, -0.75842958, 0.25624247, 0.36503896, -0.014651882],
    [0.79647829, -1.9508984, -0.74986717, 0.22381316, 0.38439515, -0.01542807],
    [0.85931014, -1.9634872, -0.74130477, 0.19138384, 0.40375133, -0.016204259],
    [0.92214199, -1.976076, -0.73274236, 0.15895453, 0.42310752, -0.016980448],
    [0.98497385, -1.9886649, -0.72417995, 0.12652522, 0.4424637, -0.017756637],
    [1.0478057, -2.0012537, -0.71561754, 0.094095906, 0.46181988, -0.018532825],
    [1.1106376, -2.0138425, -0.70705514, 0.061666593, 0.48117607, -0.019309014],
    [1.1734694, -2.0264313, -0.69849273, 0.029237281, 0.50053225, -0.020085203],
    [1.2363013, -2.0390202, -0.68993032, -0.0031920322, 0.51988844, -0.020861392],
    [1.2991331, -2.051609, -0.68136791, -0.035621345, 0.53924462, -0.02163758],
    [1.361965, -2.0641978, -0.67280551, -0.068050658, 0.5586008, -0.022413769],
    [1.4247968, -2.0767867, -0.6642431, -0.10047997, 0.57795699, -0.023189958],
    [1.4876287, -2.0893755, -0.65568069, -0.13290928, 0.59731317, -0.023966147],
    [1.5504605, -2.1019643, -0.64711828, -0.1653386, 0.61666936, -0.024742335],
    [1.6132924, -2.1145531, -0.63855587, -0.19776791, 0.63602554, -0.025518524],
    [1.6761242, -2.127142, -0.62999347, -0.23019722, 0.65538172, -0.026294713],
    [1.7389561, -2.1397308, -0.62143106, -0.26262653, 0.67473791, -0.027070902],
    [1.8017879, -2.1523196, -0.61286865, -0.29505585, 0.69409409, -0.02784709],
    [1.8646198, -2.1649085, -0.60430624, -0.32748516, 0.71345027, -0.028623279],
    [1.9274516, -2.1774973, -0.59574384, -0.35991447, 0.73280646, -0.029399468],
    [1.9902835, -2.1900861, -0.58718143, -0.39234379, 0.75216264, -0.030175657],
    [2.0531153, -2.2026749, -0.57861902, -0.4247731, 0.77151883, -0.030951845],
    [2.1159472, -2.2152638, -0.57005661, -0.45720241, 0.79087501, -0.031728034],
    [2.1787791, -2.2278526, -0.56149421, -0.48963172, 0.81023119, -0.032504223],
    [2.2416109, -2.2404414, -0.5529318, -0.52206104, 0.82958738, -0.033280412],
    [2.3044428, -2.2530303, -0.54436939, -0.55449035, 0.84894356, -0.0340566],
    [2.3672746, -2.2656191, -0.53580698, -0.58691966, 0.86829975, -0.034832789],
    [2.4301065, -2.2782079, -0.52724458, -0.61934898, 0.88765593, -0.035608978],
    [2.4929383, -2.2907967, -0.51868217, -0.65177829, 0.90701211, -0.036385166],
    [2.5557702, -2.3033856, -0.51011976, -0.6842076, 0.9263683, -0.037161355],
    [2.618602, -2.3159744, -0.50155735, -0.71663691, 0.94572448, -0.037937544],
    [2.6814339, -2.3285632, -0.49299495, -0.74906623, 0.96508067, -0.038713733],
    [2.7442657, -2.341152, -0.48443254, -0.78149554, 0.98443685, -0.039489921],
    [2.8070976, -2.3537409, -0.47587013, -0.81392485, 1.003793, -0.04026611],
    [2.8699294, -2.3663297, -0.46730772, -0.84635416, 1.0231492, -0.041042299],
    [2.9327613, -2.3789185, -0.45874532, -0.87878348, 1.0425054, -0.041818488],
    [2.9955931, -2.3915074, -0.45018291, -0.91121279, 1.0618616, -0.042594676],
    [3.058425, -2.4040962, -0.4416205, -0.9436421, 1.0812178, -0.043370865],
    [3.1212569, -2.416685, -0.43305809, -0.97607142, 1.100574, -0.044147054],
    [3.1840887, -2.4292738, -0.42449569, -1.0085007, 1.1199301, -0.044923243],
    [3.2469206, -2.4418627, -0.41593328, -1.04093, 1.1392863, -0.045699431],
    [3.3097524, -2.4544515, -0.40737087, -1.0733594, 1.1586425, -0.04647562],
    [3.3725843, -2.4670403, -0.39880846, -1.1057887, 1.1779987, -0.047251809],
    [3.4354161, -2.4796292, -0.39024606, -1.138218, 1.1973549, -0.048027998],
    [3.498248, -2.492218, -0.38168365, -1.1706473, 1.2167111, -0.048804186],
    [3.5610798, -2.5048068, -0.37312124, -1.2030766, 1.2360672, -0.049580375],
    [3.6239117, -2.5173956, -0.36455883, -1.2355059, 1.2554234, -0.050356564],
    [3.6867435, -2.5299845, -0.35599643, -1.2679352, 1.2747796, -0.051132753],
    [3.7495754, -2.5425733, -0.34743402, -1.3003645, 1.2941358, -0.051908941],
    [3.8124072, -2.5551621, -0.33887161, -1.3327939, 1.313492, -0.05268513],
    [3.8752391, -2.5677509, -0.3303092, -1.3652232, 1.3328482, -0.053461319],
    [3.9380709, -2.5803398, -0.3217468, -1.3976525, 1.3522043, -0.054237508],
    [4.0009028, -2.5929286, -0.31318439, -1.4300818, 1.3715605, -0.055013696],
    [4.0637346, -2.6055174, -0.30462198, -1.4625111, 1.3909167, -0.055789885],
    [4.1265665, -2.6181063, -0.29605957, -1.4949404, 1.4102729, -0.056566074],
    [4.1893984, -2.6306951, -0.28749717, -1.5273697, 1.4296291, -0.057342263],
    [4.2522302, -2.6432839, -0.27893476, -1.559799, 1.4489853, -0.058118451],
    [4.3150621, -2.6558727, -0.27037235, -1.5922284, 1.4683414, -0.05889464],
    [4.3778939, -2.6684616, -0.26180994, -1.6246577, 1.4876976, -0.059670829],
    [4.4407258, -2.6810504, -0.25324754, -1.657087, 1.5070538, -0.060447018],
    [4.5001027, -2.692947, -0.24515594, -1.6877331, 1.5253457, -0.061180527],
    [4.5496221, -2.7028686, -0.2384077, -1.7132915, 1.5406008, -0.06179226],
    [4.5891414, -2.7107866, -0.2330222, -1.7336885, 1.5527752, -0.062280459],
    [4.6186607, -2.716701, -0.22899946, -1.7489243, 1.561869, -0.062645124],
    [4.6381801, -2.7206118, -0.22633946, -1.7589988, 1.5678822, -0.062886255],
    [4.6476994, -2.7225191, -0.22504221, -1.763912, 1.5708148, -0.063003852],
    [4.6487206, -2.7227237, -0.22490304, -1.7644391, 1.5711294, -0.063016467]
  ]
}
