{
  "iteration": 173,
  "label": "pre_pick",
  "planning_time_ms": 67.88299,
  "scene": {
    "block_x": 0.32178194,
    "block_y": 0.35179335,
    "bin_x": 0.2328595,
    "bin_y": 0.26838137
  },
  "joint_names": ["shoulder_pan_joint", "shoulder_lift_joint", "elbow_joint", "wrist_1_joint", "wrist_2_joint", "wrist_3_joint"],
  "start_joints": [-0.45135652, -1.7008139, -0.91995836, 0.86802903, -1.5498296e-05, -0.0001531998],
  "goal_joints": [-2.0341701, -3.2458176, 0.99416909, 3.8219915, 1.5699486, -0.46434302],
  "num_waypoints": 42,
  "trajectory": [
    [-0.45135652, -1.7008139, -0.91995836, 0.86802903, -1.5498296e-05, -0.0001531998],
    [-0.45403565, -1.7034291, -0.91671843, 0.87302903, 0.0026418884, -0.00093890684],
    [-0.46207306, -1.7112745, -0.90699863, 0.88802903, 0.010614049, -0.003296028],
    [-0.47546875, -1.7243502, -0.89079897, 0.91302903, 0.023900982, -0.0072245631],
    [-0.4942227, -1.7426561, -0.86811945, 0.94802903, 0.042502689, -0.012724512],
    [-0.51833493, -1.7661924, -0.83896006, 0.99302903, 0.066419169, -0.019795876],
    [-0.54780543, -1.7949589, -0.80332081, 1.048029, 0.095650423, -0.028438653],
    [-0.58263419, -1.8289557, -0.76120171, 1.113029, 0.13019644, -0.038652842],
    [-0.62282122, -1.8681827, -0.71260274, 1.188029, 0.17005723, -0.050438445],
    [-0.66836653, -1.91264, -0.65752391, 1.273029, 0.21523279, -0.063795461],
    [-0.71902323, -1.9620867, -0.59626377, 1.3675682, 0.26547826, -0.078651491],
    [-0.7709796, -2.0128019, -0.53343192, 1.464533, 0.31701284, -0.093888672],
    [-0.82293597, -2.0635172, -0.47060006, 1.5614978, 0.36854742, -0.10912585],
    [-0.87489234, -2.1142324, -0.40776821, 1.6584625, 0.420082, -0.12436303],
    [-0.92684871, -2.1649477, -0.34493636, 1.7554273, 0.47161658, -0.13960022],
    [-0.97880508, -2.2156629, -0.2821045, 1.8523921, 0.52315116, -0.1548374],
    [-1.0307615, -2.2663781, -0.21927265, 1.9493569, 0.57468574, -0.17007458],
    [-1.0827178, -2.3170934, -0.1564408, 2.0463216, 0.62622032, -0.18531176],
    [-1.1346742, -2.3678086, -0.093608946, 2.1432864, 0.6777549, -0.20054894],
    [-1.1866306, -2.4185239, -0.030777092, 2.2402512, 0.72928948, -0.21578612],
    [-1.2385869, -2.4692391, 0.032054761, 2.337216, 0.78082406, -0.2310233],
    [-1.2905433, -2.5199544, 0.094886614, 2.4341807, 0.83235864, -0.24626048],
    [-1.3424997, -2.5706696, 0.15771847, 2.5311455, 0.88389322, -0.26149766],
    [-1.394456, -2.6213849, 0.22055032, 2.6281103, 0.9354278, -0.27673485],
    [-1.4464124, -2.6721001, 0.28338217, 2.7250751, 0.98696238, -0.29197203],
    [-1.4983688, -2.7228154, 0.34621403, 2.8220398, 1.038497, -0.30720921],
    [-1.5503251, -2.7735306, 0.40904588, 2.9190046, 1.0900315, -0.32244639],
    [-1.6022815, -2.8242458, 0.47187773, 3.0159694, 1.1415661, -0.33768357],
    [-1.6542379, -2.8749611, 0.53470959, 3.1129342, 1.1931007, -0.35292075],
    [-1.7061943, -2.9256763, 0.59754144, 3.2098989, 1.2446353, -0.36815793],
    [-1.7581506, -2.9763916, 0.66037329, 3.3068637, 1.2961699, -0.38339511],
    [-1.8093381, -3.0263563, 0.72227532, 3.4023935, 1.3469418, -0.3984068],
    [-1.8557448, -3.0716545, 0.77839589, 3.4890012, 1.3929718, -0.41201645],
    [-1.8967933, -3.1117224, 0.8280366, 3.5656088, 1.433687, -0.42405468],
    [-1.9324835, -3.14656, 0.87119744, 3.6322164, 1.4690875, -0.4345215],
    [-1.9628154, -3.1761674, 0.90787842, 3.6888241, 1.4991732, -0.4434169],
    [-1.9877891, -3.2005445, 0.93807953, 3.7354317, 1.5239441, -0.45074089],
    [-2.0074044, -3.2196913, 0.96180078, 3.7720394, 1.5434002, -0.45649347],
    [-2.0216615, -3.2336078, 0.97904217, 3.798647, 1.5575415, -0.46067463],
    [-2.0305603, -3.242294, 0.98980369, 3.8152546, 1.5663681, -0.46328438],
    [-2.0341009, -3.24575, 0.99408535, 3.8218623, 1.5698799, -0.46432271],
    [-2.0341701, -3.2458176, 0.99416909, 3.8219915, 1.5699486, -0.46434302]
  ]
}
