{
  "iteration": 9,
  "label": "place_above_bin",
  "planning_time_ms": 475.55586,
  "scene": {
    "block_x": 0.14773033,
    "block_y": 0.46673565,
    "bin_x": 0.36177461,
    "bin_y": 0.36495905
  },
  "joint_names": ["shoulder_pan_joint", "shoulder_lift_joint", "elbow_joint", "wrist_1_joint", "wrist_2_joint", "wrist_3_joint"],
  "start_joints": [4.6768714, -2.4465523, -1.0106241, -1.2543656, 1.5708372, -0.034468957],
  "goal_joints": [0.5324013, -0.58996875, 0.66163837, -1.6422429, 4.7127912, -1.0379029],
  "num_waypoints": 74,
  "trajectory": [
    [4.6768714, -2.4465523, -1.0106241, -1.2543656, 1.5708372, -0.034468957],
    [4.6718714, -2.4443125, -1.0086067, -1.2548336, 1.5746277, -0.035679527],
    [4.6568714, -2.437593, -1.0025543, -1.2562374, 1.5859993, -0.039311235],
    [4.6318714, -2.4263938, -0.99246698, -1.2585771, 1.604952, -0.045364084],
    [4.5968714, -2.410715, -0.97834474, -1.2618528, 1.6314858, -0.053838071],
    [4.5518714, -2.3905565, -0.96018758, -1.2660643, 1.6656006, -0.064733198],
    [4.4968714, -2.3659184, -0.9379955, -1.2712117, 1.7072965, -0.078049463],
    [4.4344406, -2.3379515, -0.91280515, -1.2770545, 1.7546258, -0.093164823],
    [4.3716088, -2.3098049, -0.88745297, -1.2829349, 1.8022591, -0.10837729],
    [4.3087769, -2.2816583, -0.86210079, -1.2888153, 1.8498924, -0.12358976],
    [4.2459451, -2.2535118, -0.83674861, -1.2946956, 1.8975257, -0.13880222],
    [4.1831132, -2.2253652, -0.81139643, -1.300576, 1.945159, -0.15401469],
    [4.1202814, -2.1972187, -0.78604425, -1.3064564, 1.9927923, -0.16922716],
    [4.0574495, -2.1690721, -0.76069207, -1.3123368, 2.0404256, -0.18443962],
    [3.9946177, -2.1409255, -0.73533989, -1.3182172, 2.0880589, -0.19965209],
    [3.9317858, -2.112779, -0.70998771, -1.3240975, 2.1356922, -0.21486456],
    [3.868954, -2.0846324, -0.68463553, -1.3299779, 2.1833255, -0.23007702],
    [3.8061221, -2.0564858, -0.65928335, -1.3358583, 2.2309588, -0.24528949],
    [3.7432903, -2.0283393, -0.63393117, -1.3417387, 2.2785921, -0.26050196],
    [3.6804584, -2.0001927, -0.60857899, -1.347619, 2.3262254, -0.27571442],
    [3.6176266, -1.9720462, -0.58322681, -1.3534994, 2.3738587, -0.29092689],
    [3.5547947, -1.9438996, -0.55787463, -1.3593798, 2.421492, -0.30613935],
    [3.4919628, -1.915753, -0.53252245, -1.3652602, 2.4691253, -0.32135182],
    [3.429131, -1.8876065, -0.50717027, -1.3711405, 2.5167586, -0.33656429],
    [3.3662991, -1.8594599, -0.48181809, -1.3770209, 2.5643919, -0.35177675],
    [3.3034673, -1.8313133, -0.45646591, -1.3829013, 2.6120252, -0.36698922],
    [3.2406354, -1.8031668, -0.43111373, -1.3887817, 2.6596585, -0.38220169],
    [3.1778036, -1.7750202, -0.40576155, -1.3946621, 2.7072918, -0.39741415],
    [3.1149717, -1.7468737, -0.38040937, -1.4005424, 2.7549251, -0.41262662],
    [3.0521399, -1.7187271, -0.35505719, -1.4064228, 2.8025584, -0.42783909],
    [2.989308, -1.6905805, -0.32970501, -1.4123032, 2.8501917, -0.44305155],
    [2.9264762, -1.662434, -0.30435283, -1.4181836, 2.897825, -0.45826402],
    [2.8636443, -1.6342874, -0.27900065, -1.4240639, 2.9454583, -0.47347649],
    [2.8008125, -1.6061408, -0.25364847, -1.4299443, 2.9930916, -0.48868895],
    [2.7379806, -1.5779943, -0.22829629, -1.4358247, 3.0407249, -0.50390142],
    [2.6751488, -1.5498477, -0.2029441, -1.4417051, 3.0883582, -0.51911389],
    [2.6123169, -1.5217012, -0.17759192, -1.4475854, 3.1359915, -0.53432635],
    [2.549485, -1.4935546, -0.15223974, -1.4534658, 3.1836248, -0.54953882],
    [2.4866532, -1.465408, -0.12688756, -1.4593462, 3.2312581, -0.56475129],
    [2.4238213, -1.4372615, -0.10153538, -1.4652266, 3.2788914, -0.57996375],
    [2.3609895, -1.4091149, -0.076183205, -1.4711069, 3.3265247, -0.59517622],
    [2.2981576, -1.3809684, -0.050831024, -1.4769873, 3.374158, -0.61038869],
    [2.2353258, -1.3528218, -0.025478844, -1.4828677, 3.4217913, -0.62560115],
    [2.1724939, -1.3246752, -0.00012666432, -1.4887481, 3.4694246, -0.64081362],
    [2.1096621, -1.2965287, 0.025225516, -1.4946285, 3.5170579, -0.65602609],
    [2.0468302, -1.2683821, 0.050577696, -1.5005088, 3.5646912, -0.67123855],
    [1.9839984, -1.2402355, 0.075929876, -1.5063892, 3.6123245, -0.68645102],
    [1.9211665, -1.212089, 0.10128206, -1.5122696, 3.6599578, -0.70166348],
    [1.8583347, -1.1839424, 0.12663424, -1.51815, 3.7075911, -0.71687595],
    [1.7955028, -1.1557959, 0.15198642, -1.5240303, 3.7552244, -0.73208842],
    [1.732671, -1.1276493, 0.1773386, -1.5299107, 3.8028577, -0.74730088],
    [1.6698391, -1.0995027, 0.20269078, -1.5357911, 3.850491, -0.76251335],
    [1.6070073, -1.0713562, 0.22804296, -1.5416715, 3.8981243, -0.77772582],
    [1.5441754, -1.0432096, 0.25339514, -1.5475518, 3.9457576, -0.79293828],
    [1.4813435, -1.015063, 0.27874732, -1.5534322, 3.9933909, -0.80815075],
    [1.4185117, -0.98691648, 0.3040995, -1.5593126, 4.0410242, -0.82336322],
    [1.3556798, -0.95876992, 0.32945168, -1.565193, 4.0886575, -0.83857568],
    [1.292848, -0.93062336, 0.35480386, -1.5710734, 4.1362908, -0.85378815],
    [1.2300161, -0.90247679, 0.38015604, -1.5769537, 4.1839241, -0.86900062],
    [1.1671843, -0.87433023, 0.40550822, -1.5828341, 4.2315574, -0.88421308],
    [1.1043524, -0.84618367, 0.4308604, -1.5887145, 4.2791907, -0.89942555],
    [1.0415206, -0.81803711, 0.45621258, -1.5945949, 4.326824, -0.91463802],
    [0.97868872, -0.78989055, 0.48156476, -1.6004752, 4.3744573, -0.92985048],
    [0.91585687, -0.76174398, 0.50691694, -1.6063556, 4.4220906, -0.94506295],
    [0.85302502, -0.73359742, 0.53226912, -1.612236, 4.4697239, -0.96027542],
    [0.79019316, -0.70545086, 0.5576213, -1.6181164, 4.5173572, -0.97548788],
    [0.7273688, -0.67730765, 0.58297045, -1.623996, 4.5649848, -0.99069854],
    [0.66992403, -0.65157432, 0.60614899, -1.6293722, 4.6085341, -1.0046067],
    [0.62247925, -0.63032065, 0.6252926, -1.6338126, 4.6445024, -1.0160938],
    [0.58503447, -0.61354665, 0.64040129, -1.637317, 4.6728896, -1.0251597],
    [0.5575897, -0.60125231, 0.65147505, -1.6398855, 4.6936956, -1.0318044],
    [0.54014492, -0.59343764, 0.65851388, -1.6415182, 4.7069207, -1.036028],
    [0.53270015, -0.59010263, 0.66151779, -1.6422149, 4.7125646, -1.0378305],
    [0.5324013, -0.58996875, 0.66163837, -1.6422429, 4.7127912, -1.0379029]
  ]
}
