{
  "iteration": 610,
  "label": "pre_pick",
  "planning_time_ms": 5013.1136,
  "scene": {
    "block_x": 0.23674406,
    "block_y": 0.38358221,
    "bin_x": 0.44498736,
    "bin_y": 0.29730526
  },
  "joint_names": ["shoulder_pan_joint", "shoulder_lift_joint", "elbow_joint", "wrist_1_joint", "wrist_2_joint", "wrist_3_joint"],
  "start_joints": [-0.45122079, -1.7008014, -0.91985387, 0.86780822, -5.0841629e-05, -1.3409739e-05],
  "goal_joints": [4.4545972, -2.198695, -1.2135229, 4.9839417, 1.5702796, -0.25767191],
  "num_waypoints": 86,
  "trajectory": [
    [-0.45122079, -1.7008014, -0.91985387, 0.86780822, -5.0841629e-05, -1.3409739e-05],
    [-0.44622079, -1.7013088, -0.92015318, 0.87200337, 0.001549636, -0.00027601478],
    [-0.43122079, -1.7028312, -0.9210511, 0.88458884, 0.0063510689, -0.0010638299],
    [-0.40622079, -1.7053684, -0.92254763, 0.90556461, 0.014353457, -0.0023768551],
    [-0.37122079, -1.7089206, -0.92464278, 0.9349307, 0.025556801, -0.0042150903],
    [-0.32622079, -1.7134877, -0.92733654, 0.9726871, 0.039961099, -0.0065785356],
    [-0.27122079, -1.7190697, -0.93062892, 1.0188338, 0.057566353, -0.0094671911],
    [-0.20879002, -1.7254058, -0.93436611, 1.0712152, 0.077550165, -0.012746118],
    [-0.14595817, -1.7317826, -0.93812731, 1.123933, 0.09766236, -0.01604611],
    [-0.083126312, -1.7381594, -0.94188852, 1.1766509, 0.11777456, -0.019346103],
    [-0.020294459, -1.7445363, -0.94564972, 1.2293688, 0.13788675, -0.022646095],
    [0.042537394, -1.7509131, -0.94941092, 1.2820867, 0.15799895, -0.025946087],
    [0.10536925, -1.7572899, -0.95317212, 1.3348045, 0.17811114, -0.029246079],
    [0.1682011, -1.7636668, -0.95693332, 1.3875224, 0.19822334, -0.032546072],
    [0.23103295, -1.7700436, -0.96069453, 1.4402403, 0.21833553, -0.035846064],
    [0.29386481, -1.7764204, -0.96445573, 1.4929582, 0.23844773, -0.039146056],
    [0.35669666, -1.7827973, -0.96821693, 1.545676, 0.25855992, -0.042446048],
    [0.41952851, -1.7891741, -0.97197813, 1.5983939, 0.27867212, -0.04574604],
    [0.48236037, -1.7955509, -0.97573933, 1.6511118, 0.29878431, -0.049046033],
    [0.54519222, -1.8019278, -0.97950053, 1.7038296, 0.31889651, -0.052346025],
    [0.60802407, -1.8083046, -0.98326174, 1.7565475, 0.3390087, -0.055646017],
    [0.67085592, -1.8146814, -0.98702294, 1.8092654, 0.3591209, -0.058946009],
    [0.73368778, -1.8210583, -0.99078414, 1.8619833, 0.37923309, -0.062246001],
    [0.79651963, -1.8274351, -0.99454534, 1.9147011, 0.39934529, -0.065545994],
    [0.85935148, -1.8338119, -0.99830654, 1.967419, 0.41945748, -0.068845986],
    [0.92218334, -1.8401888, -1.0020677, 2.0201369, 0.43956968, -0.072145978],
    [0.98501519, -1.8465656, -1.0058289, 2.0728548, 0.45968187, -0.07544597],
    [1.047847, -1.8529424, -1.0095901, 2.1255726, 0.47979407, -0.078745962],
    [1.1106789, -1.8593193, -1.0133513, 2.1782905, 0.49990626, -0.082045955],
    [1.1735107, -1.8656961, -1.0171126, 2.2310084, 0.52001846, -0.085345947],
    [1.2363426, -1.8720729, -1.0208738, 2.2837263, 0.54013065, -0.088645939],
    [1.2991745, -1.8784498, -1.024635, 2.3364441, 0.56024285, -0.091945931],
    [1.3620063, -1.8848266, -1.0283962, 2.389162, 0.58035504, -0.095245924],
    [1.4248382, -1.8912034, -1.0321574, 2.4418799, 0.60046724, -0.098545916],
    [1.48767, -1.8975802, -1.0359186, 2.4945978, 0.62057943, -0.10184591],
    [1.5505019, -1.9039571, -1.0396798, 2.5473156, 0.64069163, -0.1051459],
    [1.6133337, -1.9103339, -1.043441, 2.6000335, 0.66080382, -0.10844589],
    [1.6761656, -1.9167107, -1.0472022, 2.6527514, 0.68091602, -0.11174588],
    [1.7389974, -1.9230876, -1.0509634, 2.7054692, 0.70102821, -0.11504588],
    [1.8018293, -1.9294644, -1.0547246, 2.7581871, 0.72114041, -0.11834587],
    [1.8646611, -1.9358412, -1.0584858, 2.810905, 0.7412526, -0.12164586],
    [1.927493, -1.9422181, -1.062247, 2.8636229, 0.7613648, -0.12494585],
    [1.9903248, -1.9485949, -1.0660082, 2.9163407, 0.78147699, -0.12824585],
    [2.0531567, -1.9549717, -1.0697694, 2.9690586, 0.80158919, -0.13154584],
    [2.1159885, -1.9613486, -1.0735306, 3.0217765, 0.82170138, -0.13484583],
    [2.1788204, -1.9677254, -1.0772918, 3.0744944, 0.84181358, -0.13814582],
    [2.2416523, -1.9741022, -1.081053, 3.1272122, 0.86192577, -0.14144581],
    [2.3044841, -1.9804791, -1.0848142, 3.1799301, 0.88203797, -0.14474581],
    [2.367316, -1.9868559, -1.0885754, 3.232648, 0.90215016, -0.1480458],
    [2.4301478, -1.9932327, -1.0923366, 3.2853659, 0.92226236, -0.15134579],
    [2.4929797, -1.9996096, -1.0960978, 3.3380837, 0.94237455, -0.15464578],
    [2.5558115, -2.0059864, -1.099859, 3.3908016, 0.96248675, -0.15794578],
    [2.6186434, -2.0123632, -1.1036202, 3.4435195, 0.98259894, -0.16124577],
    [2.6814752, -2.0187401, -1.1073814, 3.4962374, 1.0027111, -0.16454576],
    [2.7443071, -2.0251169, -1.1111426, 3.5489552, 1.0228233, -0.16784575],
    [2.8071389, -2.0314937, -1.1149038, 3.6016731, 1.0429355, -0.17114574],
    [2.8699708, -2.0378706, -1.118665, 3.654391, 1.0630477, -0.17444574],
    [2.9328026, -2.0442474, -1.1224262, 3.7071089, 1.0831599, -0.17774573],
    [2.9956345, -2.0506242, -1.1261874, 3.7598267, 1.1032721, -0.18104572],
    [3.0584663, -2.0570011, -1.1299486, 3.8125446, 1.1233843, -0.18434571],
    [3.1212982, -2.0633779, -1.1337098, 3.8652625, 1.1434965, -0.18764571],
    [3.18413, -2.0697547, -1.137471, 3.9179803, 1.1636087, -0.1909457],
    [3.2469619, -2.0761315, -1.1412322, 3.9706982, 1.1837209, -0.19424569],
    [3.3097938, -2.0825084, -1.1449934, 4.0234161, 1.2038331, -0.19754568],
    [3.3726256, -2.0888852, -1.1487546, 4.076134, 1.2239453, -0.20084567],
    [3.4354575, -2.095262, -1.1525158, 4.1288518, 1.2440575, -0.20414567],
    [3.4982893, -2.1016389, -1.156277, 4.1815697, 1.2641697, -0.20744566],
    [3.5611212, -2.1080157, -1.1600382, 4.2342876, 1.2842819, -0.21074565],
    [3.623953, -2.1143925, -1.1637994, 4.2870055, 1.3043941, -0.21404564],
    [3.6867849, -2.1207694, -1.1675606, 4.3397233, 1.3245063, -0.21734564],
    [3.7496167, -2.1271462, -1.1713218, 4.3924412, 1.3446185, -0.22064563],
    [3.8124486, -2.133523, -1.175083, 4.4451591, 1.3647307, -0.22394562],
    [3.8752804, -2.1398999, -1.1788442, 4.497877, 1.3848428, -0.22724561],
    [3.9381123, -2.1462767, -1.1826054, 4.5505948, 1.404955, -0.2305456],
    [4.0009441, -2.1526535, -1.1863666, 4.6033127, 1.4250672, -0.2338456],
    [4.063776, -2.1590304, -1.1901278, 4.6560306, 1.4451794, -0.23714559],
    [4.1266078, -2.1654072, -1.193889, 4.7087485, 1.4652916, -0.24044558],
    [4.1894397, -2.171784, -1.1976502, 4.7614663, 1.4854038, -0.24374557],
    [4.2522715, -2.1781609, -1.2014114, 4.8141842, 1.505516, -0.24704557],
    [4.3108578, -2.1841068, -1.2049185, 4.8633399, 1.5242692, -0.25012257],
    [4.3594748, -2.189041, -1.2078288, 4.9041311, 1.5398313, -0.25267599],
    [4.3980919, -2.1929602, -1.2101404, 4.936532, 1.5521925, -0.2547042],
    [4.4267089, -2.1958646, -1.2118535, 4.9605426, 1.5613526, -0.25620719],
    [4.445326, -2.197754, -1.2129679, 4.9761629, 1.5673119, -0.25718498],
    [4.453943, -2.1986286, -1.2134838, 4.9833928, 1.5700702, -0.25763756],
    [4.4545972, -2.198695, -1.2135229, 4.9839417, 1.5702796, -0.25767191]
  ]
}
