{
  "iteration": 306,
  "label": "pre_pick",
  "planning_time_ms": 58.776152,
  "scene": {
    "block_x": 0.13097219,
    "block_y": 0.5143232,
    "bin_x": 0.27981551,
    "bin_y": 0.36023266
  },
  "joint_names": ["shoulder_pan_joint", "shoulder_lift_joint", "elbow_joint", "wrist_1_joint", "wrist_2_joint", "wrist_3_joint"],
  "start_joints": [-0.45123351, -1.7008941, -0.92056508, 0.86862644, 1.1547129e-05, -0.00026282492],
  "goal_joints": [1.0804633, -0.39454834, 0.17492747, 4.9308413, -1.5709772, -0.48965645],
  "num_waypoints": 46,
  "trajectory": [
    [-0.45123351, -1.7008941, -0.92056508, 0.86862644, 1.1547129e-05, -0.00026282492],
    [-0.44934822, -1.6992861, -0.91921668, 0.87362644, -0.0019221132, -0.00086519781],
    [-0.44369232, -1.6944624, -0.9151715, 0.88862644, -0.0077230941, -0.0026723165],
    [-0.43426583, -1.6864228, -0.90842954, 0.91362644, -0.017391396, -0.0056841809],
    [-0.42106875, -1.6751673, -0.89899079, 0.94862644, -0.030927018, -0.0099007911],
    [-0.40410107, -1.660696, -0.88685525, 0.99362644, -0.04832996, -0.015322147],
    [-0.3833628, -1.6430088, -0.87202292, 1.0486264, -0.069600224, -0.021948249],
    [-0.35885393, -1.6221058, -0.85449381, 1.1136264, -0.094737807, -0.029779096],
    [-0.33057447, -1.597987, -0.83426792, 1.1886264, -0.12374271, -0.038814688],
    [-0.29852442, -1.5706523, -0.81134524, 1.2736264, -0.15661493, -0.049055025],
    [-0.26270377, -1.5401018, -0.78572578, 1.3686264, -0.19335446, -0.060500108],
    [-0.22311253, -1.5063354, -0.75740953, 1.4736264, -0.23396132, -0.073149935],
    [-0.1797507, -1.4693532, -0.72639649, 1.5886263, -0.2784355, -0.087004508],
    [-0.1329728, -1.4294575, -0.69294024, 1.712686, -0.32641336, -0.10195055],
    [-0.085590104, -1.389046, -0.65905142, 1.8383498, -0.37501155, -0.11708983],
    [-0.038207407, -1.3486345, -0.62516261, 1.9640135, -0.42360973, -0.13222911],
    [0.0091752904, -1.308223, -0.59127379, 2.0896772, -0.47220792, -0.1473684],
    [0.056557987, -1.2678115, -0.55738498, 2.2153409, -0.5208061, -0.16250768],
    [0.10394068, -1.2273999, -0.52349616, 2.3410046, -0.56940428, -0.17764696],
    [0.15132338, -1.1869884, -0.48960734, 2.4666683, -0.61800247, -0.19278624],
    [0.19870608, -1.1465769, -0.45571853, 2.592332, -0.66660065, -0.20792552],
    [0.24608878, -1.1061654, -0.42182971, 2.7179957, -0.71519884, -0.22306481],
    [0.29347147, -1.0657539, -0.3879409, 2.8436594, -0.76379702, -0.23820409],
    [0.34085417, -1.0253424, -0.35405208, 2.9693231, -0.8123952, -0.25334337],
    [0.38823687, -0.98493087, -0.32016327, 3.0949868, -0.86099339, -0.26848265],
    [0.43561956, -0.94451936, -0.28627445, 3.2206505, -0.90959157, -0.28362193],
    [0.48300226, -0.90410785, -0.25238563, 3.3463142, -0.95818976, -0.29876121],
    [0.53038496, -0.86369634, -0.21849682, 3.4719779, -1.0067879, -0.3139005],
    [0.57776765, -0.82328482, -0.184608, 3.5976416, -1.0553861, -0.32903978],
    [0.62515035, -0.78287331, -0.15071919, 3.7233053, -1.1039843, -0.34417906],
    [0.67253305, -0.7424618, -0.11683037, 3.8489691, -1.1525825, -0.35931834],
    [0.71991575, -0.70205029, -0.082941554, 3.9746328, -1.2011807, -0.37445762],
    [0.76729844, -0.66163878, -0.049052738, 4.1002965, -1.2497789, -0.38959691],
    [0.8138249, -0.62195753, -0.015776317, 4.2236893, -1.2974988, -0.40446261],
    [0.85678122, -0.58532116, 0.014946689, 4.3376139, -1.3415571, -0.41818762],
    [0.89596695, -0.55190064, 0.04297291, 4.4415384, -1.381748, -0.43070788],
    [0.93138208, -0.52169596, 0.068302344, 4.5354629, -1.4180717, -0.4420234],
    [0.96302662, -0.49470713, 0.090934992, 4.6193874, -1.450528, -0.45213417],
    [0.99090056, -0.47093415, 0.11087085, 4.6933119, -1.4791169, -0.46104019],
    [1.0150039, -0.45037701, 0.12810993, 4.7572364, -1.5038386, -0.46874147],
    [1.0353367, -0.43303572, 0.14265222, 4.8111609, -1.5246929, -0.475238],
    [1.0518988, -0.41891027, 0.15449772, 4.8550855, -1.54168, -0.48052979],
    [1.0646904, -0.40800067, 0.16364644, 4.88901, -1.5547997, -0.48461683],
    [1.0737113, -0.40030691, 0.17009837, 4.9129345, -1.564052, -0.48749913],
    [1.0789617, -0.395829, 0.17385351, 4.926859, -1.5694371, -0.48917668],
    [1.0804633, -0.39454834, 0.17492747, 4.9308413, -1.5709772, -0.48965645]
  ]
}
