{
  "iteration": 765,
  "label": "pre_pick",
  "planning_time_ms": 43.435771,
  "scene": {
    "block_x": 0.13042058,
    "block_y": 0.44172916,
    "bin_x": 0.33799398,
    "bin_y": 0.3596812
  },
  "joint_names": ["shoulder_pan_joint", "shoulder_lift_joint", "elbow_joint", "wrist_1_joint", "wrist_2_joint", "wrist_3_joint"],
  "start_joints": [-0.45139306, -1.7008714, -0.9199934, 0.86787847, 5.2978715e-05, 3.5017257e-05],
  "goal_joints": [1.0023085, 0.14917961, -1.1234717, -0.59723575, -1.5704019, -0.5686341],
  "num_waypoints": 37,
  "trajectory": [
    [-0.45139306, -1.7008714, -0.9199934, 0.86787847, 5.2978715e-05, 3.5017257e-05],
    [-0.44746425, -1.6958714, -0.92054332, 0.86391881, -0.0041913767, -0.0015018839],
    [-0.43567781, -1.6808714, -0.9221931, 0.85203984, -0.016924443, -0.0061125873],
    [-0.41603373, -1.6558714, -0.92494273, 0.83224154, -0.03814622, -0.013797093],
    [-0.38853203, -1.6208714, -0.92879222, 0.80452393, -0.067856708, -0.024555401],
    [-0.3531727, -1.5758714, -0.93374155, 0.768887, -0.10605591, -0.038387511],
    [-0.30995574, -1.5208715, -0.93979074, 0.72533076, -0.15274381, -0.055293421],
    [-0.26089988, -1.4584406, -0.94665721, 0.67588977, -0.20573956, -0.074483434],
    [-0.21152894, -1.3956087, -0.95356778, 0.62613123, -0.25907571, -0.093796704],
    [-0.162158, -1.3327769, -0.96047836, 0.57637269, -0.31241185, -0.11310997],
    [-0.11278705, -1.269945, -0.96738893, 0.52661415, -0.36574799, -0.13242324],
    [-0.063416113, -1.2071132, -0.9742995, 0.47685561, -0.41908414, -0.15173651],
    [-0.01404517, -1.1442813, -0.98121008, 0.42709707, -0.47242028, -0.17104978],
    [0.035325772, -1.0814495, -0.98812065, 0.37733853, -0.52575642, -0.19036305],
    [0.084696714, -1.0186176, -0.99503123, 0.32757999, -0.57909257, -0.20967632],
    [0.13406766, -0.95578577, -1.0019418, 0.27782144, -0.63242871, -0.22898959],
    [0.1834386, -0.89295392, -1.0088524, 0.2280629, -0.68576485, -0.24830286],
    [0.23280954, -0.83012206, -1.015763, 0.17830436, -0.739101, -0.26761613],
    [0.28218048, -0.76729021, -1.0226735, 0.12854582, -0.79243714, -0.2869294],
    [0.33155143, -0.70445836, -1.0295841, 0.078787281, -0.84577328, -0.30624267],
    [0.38092237, -0.6416265, -1.0364947, 0.02902874, -0.89910943, -0.32555594],
    [0.43029331, -0.57879465, -1.0434052, -0.020729802, -0.95244557, -0.34486921],
    [0.47966425, -0.5159628, -1.0503158, -0.070488343, -1.0057817, -0.36418248],
    [0.52903519, -0.45313094, -1.0572264, -0.12024688, -1.0591179, -0.38349574],
    [0.57840614, -0.39029909, -1.064137, -0.17000542, -1.112454, -0.40280901],
    [0.62777708, -0.32746724, -1.0710475, -0.21976397, -1.1657901, -0.42212228],
    [0.67714802, -0.26463539, -1.0779581, -0.26952251, -1.2191263, -0.44143555],
    [0.72651896, -0.20180353, -1.0848687, -0.31928105, -1.2724624, -0.46074882],
    [0.77588991, -0.13897168, -1.0917793, -0.36903959, -1.3257986, -0.48006209],
    [0.82526085, -0.076139826, -1.0986898, -0.41879813, -1.3791347, -0.49937536],
    [0.87341934, -0.014850999, -1.1054307, -0.4673347, -1.431161, -0.51821433],
    [0.91449637, 0.037425629, -1.1111804, -0.50873422, -1.4755371, -0.53428314],
    [0.94771578, 0.079702257, -1.1158302, -0.54221443, -1.5114246, -0.54727814],
    [0.97307756, 0.11197889, -1.1193801, -0.56777532, -1.5388233, -0.55719933],
    [0.99058171, 0.13425551, -1.1218302, -0.58541689, -1.5577332, -0.56404673],
    [1.0002282, 0.14653214, -1.1231805, -0.59513914, -1.5681545, -0.56782032],
    [1.0023085, 0.14917961, -1.1234717, -0.59723575, -1.5704019, -0.5686341]
  ]
}
