{
  "iteration": 752,
  "label": "pre_pick",
  "planning_time_ms": 44.67675,
  "scene": {
    "block_x": 0.30353431,
    "block_y": 0.42649641,
    "bin_x": 0.35228575,
    "bin_y": 0.26231913
  },
  "joint_names": ["shoulder_pan_joint", "shoulder_lift_joint", "elbow_joint", "wrist_1_joint", "wrist_2_joint", "wrist_3_joint"],
  "start_joints": [-0.45134894, -1.7008136, -0.92065758, 0.86877128, -6.7739031e-05, -0.00049763645],
  "goal_joints": [0.70569408, -0.49306924, 0.37516382, 4.830731, -1.5700323, -0.8656943],
  "num_waypoints": 46,
  "trajectory": [
    [-0.45134894, -1.7008136, -0.92065758, 0.86877128, -6.7739031e-05, -0.00049763645],
    [-0.44988875, -1.6992894, -0.91902225, 0.87377128, -0.002049037, -0.0015895161],
    [-0.44550818, -1.6947169, -0.91411627, 0.88877128, -0.007992931, -0.0048651552],
    [-0.43820723, -1.687096, -0.90593962, 0.91377128, -0.017899421, -0.010324554],
    [-0.4279859, -1.6764268, -0.89449232, 0.94877128, -0.031768507, -0.017967712],
    [-0.41484418, -1.6627092, -0.87977436, 0.99377128, -0.049600189, -0.027794629],
    [-0.39878209, -1.6459433, -0.86178574, 1.0487713, -0.071394467, -0.039805306],
    [-0.37979962, -1.626129, -0.84052647, 1.1137713, -0.09715134, -0.053999741],
    [-0.35789677, -1.6032664, -0.81599654, 1.1887713, -0.1268708, -0.070377933],
    [-0.33307354, -1.5773554, -0.78819595, 1.2737712, -0.16055286, -0.088939885],
    [-0.30532993, -1.5483961, -0.75712471, 1.3687712, -0.19819752, -0.1096856],
    [-0.27466594, -1.5163884, -0.72278281, 1.4737712, -0.23980477, -0.13261506],
    [-0.24108157, -1.4813324, -0.68517026, 1.5887712, -0.28537461, -0.15772829],
    [-0.2048514, -1.4435146, -0.64459456, 1.7128309, -0.33453448, -0.18481996],
    [-0.16815281, -1.4052079, -0.60349426, 1.8384946, -0.38432993, -0.21226189],
    [-0.13145423, -1.3669012, -0.56239396, 1.9641584, -0.43412539, -0.23970382],
    [-0.09475564, -1.3285945, -0.52129366, 2.0898221, -0.48392084, -0.26714575],
    [-0.058057055, -1.2902878, -0.48019337, 2.2154858, -0.53371629, -0.29458768],
    [-0.02135847, -1.2519811, -0.43909307, 2.3411495, -0.58351174, -0.32202961],
    [0.015340115, -1.2136743, -0.39799277, 2.4668132, -0.63330719, -0.34947154],
    [0.0520387, -1.1753676, -0.35689248, 2.5924769, -0.68310264, -0.37691347],
    [0.088737285, -1.1370609, -0.31579218, 2.7181406, -0.73289809, -0.4043554],
    [0.12543587, -1.0987542, -0.27469188, 2.8438043, -0.78269354, -0.43179733],
    [0.16213445, -1.0604475, -0.23359158, 2.969468, -0.83248899, -0.45923926],
    [0.19883304, -1.0221408, -0.19249129, 3.0951317, -0.88228444, -0.48668119],
    [0.23553162, -0.9838341, -0.15139099, 3.2207954, -0.93207989, -0.51412312],
    [0.27223021, -0.94552739, -0.11029069, 3.3464591, -0.98187534, -0.54156505],
    [0.30892879, -0.90722068, -0.069190396, 3.4721228, -1.0316708, -0.56900698],
    [0.34562738, -0.86891397, -0.028090099, 3.5977865, -1.0814662, -0.59644891],
    [0.38232596, -0.83060727, 0.013010198, 3.7234502, -1.1312617, -0.62389084],
    [0.41902455, -0.79230056, 0.054110495, 3.8491139, -1.1810571, -0.65133277],
    [0.45572313, -0.75399385, 0.095210792, 3.9747777, -1.2308526, -0.6787747],
    [0.49209679, -0.71602631, 0.13594719, 4.0993287, -1.2802071, -0.70597366],
    [0.52595757, -0.68068176, 0.1738693, 4.2152752, -1.326152, -0.73129357],
    [0.55689797, -0.64838556, 0.20852076, 4.3212216, -1.3681343, -0.75442973],
    [0.58491798, -0.61913771, 0.23990156, 4.4171681, -1.406154, -0.77538212],
    [0.61001762, -0.59293822, 0.26801171, 4.5031145, -1.4402112, -0.79415076],
    [0.63219687, -0.56978707, 0.29285119, 4.579061, -1.4703057, -0.81073564],
    [0.65145575, -0.54968428, 0.31442002, 4.6450075, -1.4964376, -0.82513676],
    [0.66779424, -0.53262984, 0.33271819, 4.7009539, -1.5186069, -0.83735412],
    [0.68121235, -0.51862375, 0.3477457, 4.7469004, -1.5368136, -0.84738772],
    [0.69171009, -0.50766601, 0.35950256, 4.7828468, -1.5510578, -0.85523756],
    [0.69928744, -0.49975662, 0.36798875, 4.8087933, -1.5613393, -0.86090364],
    [0.70394441, -0.49489558, 0.37320429, 4.8247397, -1.5676582, -0.86438596],
    [0.705681, -0.49308289, 0.37514917, 4.8306862, -1.5700146, -0.86568452],
    [0.70569408, -0.49306924, 0.37516382, 4.830731, -1.5700323, -0.8656943]
  ]
}
