{
  "iteration": 576,
  "label": "pre_pick",
  "planning_time_ms": 48.875998,
  "scene": {
    "block_x": 0.35199599,
    "block_y": 0.35598128,
    "bin_x": 0.2325776,
    "bin_y": 0.32639647
  },
  "joint_names": ["shoulder_pan_joint", "shoulder_lift_joint", "elbow_joint", "wrist_1_joint", "wrist_2_joint", "wrist_3_joint"],
  "start_joints": [-0.45141139, -1.7007967, -0.92052675, 0.86866423, -0.00010399061, -0.00031514233],
  "goal_joints": [-2.0855623, -2.4635671, -0.73709844, 4.7715736, -4.7128971, -0.51503725],
  "num_waypoints": 52,
  "trajectory": [
    [-0.45141139, -1.7007967, -0.92052675, 0.86866423, -0.00010399061, -0.00031514233],
    [-0.45314513, -1.701606, -0.92033215, 0.87280499, -0.0051039906, -0.00086123262],
    [-0.45834635, -1.7040337, -0.91974833, 0.88522727, -0.020103991, -0.0024995035],
    [-0.46701504, -1.70808, -0.91877529, 0.90593107, -0.045103991, -0.0052299549],
    [-0.47915122, -1.7137448, -0.91741305, 0.93491639, -0.080103991, -0.0090525869],
    [-0.49475487, -1.7210281, -0.91566158, 0.97218324, -0.12510399, -0.013967399],
    [-0.51382601, -1.7299299, -0.91352091, 1.0177316, -0.18010399, -0.019974393],
    [-0.53636462, -1.7404502, -0.91099102, 1.0715615, -0.24510399, -0.027073566],
    [-0.5623707, -1.752589, -0.90807192, 1.1336729, -0.32010398, -0.035264919],
    [-0.59184426, -1.7663464, -0.90476361, 1.2040658, -0.40510396, -0.044548452],
    [-0.62478531, -1.7817222, -0.90106608, 1.2827402, -0.50010394, -0.054924166],
    [-0.66119382, -1.7987166, -0.89697933, 1.3696962, -0.60510392, -0.066392059],
    [-0.70106982, -1.8173294, -0.89250338, 1.4649336, -0.72010389, -0.078952133],
    [-0.74408726, -1.8374086, -0.88767481, 1.5676739, -0.8441636, -0.092501693],
    [-0.78766088, -1.8577474, -0.8827838, 1.6717426, -0.96982731, -0.10622644],
    [-0.8312345, -1.8780862, -0.8778928, 1.7758113, -1.095491, -0.11995118],
    [-0.87480812, -1.898425, -0.8730018, 1.8798799, -1.2211547, -0.13367593],
    [-0.91838174, -1.9187638, -0.8681108, 1.9839486, -1.3468184, -0.14740068],
    [-0.96195537, -1.9391026, -0.8632198, 2.0880172, -1.4724821, -0.16112542],
    [-1.005529, -1.9594414, -0.85832879, 2.1920859, -1.5981458, -0.17485017],
    [-1.0491026, -1.9797802, -0.85343779, 2.2961545, -1.7238095, -0.18857491],
    [-1.0926762, -2.000119, -0.84854679, 2.4002232, -1.8494732, -0.20229966],
    [-1.1362499, -2.0204578, -0.84365579, 2.5042919, -1.975137, -0.2160244],
    [-1.1798235, -2.0407966, -0.83876478, 2.6083605, -2.1008007, -0.22974915],
    [-1.2233971, -2.0611354, -0.83387378, 2.7124292, -2.2264644, -0.2434739],
    [-1.2669707, -2.0814742, -0.82898278, 2.8164978, -2.3521281, -0.25719864],
    [-1.3105443, -2.101813, -0.82409178, 2.9205665, -2.4777918, -0.27092339],
    [-1.354118, -2.1221518, -0.81920078, 3.0246351, -2.6034555, -0.28464813],
    [-1.3976916, -2.1424906, -0.81430977, 3.1287038, -2.7291192, -0.29837288],
    [-1.4412652, -2.1628294, -0.80941877, 3.2327725, -2.8547829, -0.31209763],
    [-1.4848388, -2.1831682, -0.80452777, 3.3368411, -2.9804466, -0.32582237],
    [-1.5284124, -2.203507, -0.79963677, 3.4409098, -3.1061103, -0.33954712],
    [-1.5719861, -2.2238458, -0.79474576, 3.5449784, -3.231774, -0.35327186],
    [-1.6155597, -2.2441846, -0.78985476, 3.6490471, -3.3574377, -0.36699661],
    [-1.6591333, -2.2645234, -0.78496376, 3.7531158, -3.4831014, -0.38072135],
    [-1.7027069, -2.2848622, -0.78007276, 3.8571844, -3.6087651, -0.3944461],
    [-1.7462806, -2.305201, -0.77518176, 3.9612531, -3.7344288, -0.40817085],
    [-1.7898542, -2.3255398, -0.77029075, 4.0653217, -3.8600925, -0.42189559],
    [-1.8329999, -2.3456789, -0.76544778, 4.1683685, -3.9845223, -0.43548557],
    [-1.8731172, -2.3644044, -0.76094474, 4.2641823, -4.1002182, -0.44812165],
    [-1.909767, -2.3815114, -0.75683091, 4.3517145, -4.2059141, -0.45966554],
    [-1.9429494, -2.3969999, -0.7531063, 4.4309653, -4.3016099, -0.47011726],
    [-1.9726643, -2.4108698, -0.7497709, 4.5019345, -4.3873058, -0.4794768],
    [-1.9989116, -2.4231213, -0.74682471, 4.5646222, -4.4630017, -0.48774416],
    [-2.0216916, -2.4337543, -0.74426774, 4.6190284, -4.5286976, -0.49491934],
    [-2.041004, -2.4427687, -0.74209998, 4.665153, -4.5843935, -0.50100233],
    [-2.0568489, -2.4501646, -0.74032143, 4.7029962, -4.6300894, -0.50599315],
    [-2.0692264, -2.455942, -0.7389321, 4.7325578, -4.6657852, -0.50989178],
    [-2.0781364, -2.4601009, -0.73793198, 4.7538379, -4.6914811, -0.51269824],
    [-2.0835789, -2.4626413, -0.73732107, 4.7668365, -4.707177, -0.51441251],
    [-2.0855539, -2.4635632, -0.73709938, 4.7715535, -4.7128729, -0.5150346],
    [-2.0855623, -2.4635671, -0.73709844, 4.7715736, -4.7128971, -0.51503725]
  ]
}
