{
  "iteration": 389,
  "label": "pre_pick",
  "planning_time_ms": 47.552139,
  "scene": {
    "block_x": 0.21620902,
    "block_y": 0.42645799,
    "bin_x": 0.18551534,
    "bin_y": 0.26722138
  },
  "joint_names": ["shoulder_pan_joint", "shoulder_lift_joint", "elbow_joint", "wrist_1_joint", "wrist_2_joint", "wrist_3_joint"],
  "start_joints": [-0.45139365, -1.7007228, -0.92065616, 0.86877762, -2.2174035e-05, -0.00051339547],
  "goal_joints": [-1.7624031, -2.334303, -0.97561295, -1.4025324, 1.5706494, -0.19231665],
  "num_waypoints": 33,
  "trajectory": [
    [-0.45139365, -1.7007228, -0.92065616, 0.86877762, -2.2174035e-05, -0.00051339547],
    [-0.45427967, -1.7021175, -0.92077714, 0.86377762, 0.0034354596, -0.00093562592],
    [-0.46293773, -1.7063018, -0.92114008, 0.84877762, 0.01380836, -0.0022023173],
    [-0.47736783, -1.7132755, -0.92174498, 0.82377762, 0.031096528, -0.0043134696],
    [-0.49756998, -1.7230387, -0.92259184, 0.78877762, 0.055299963, -0.0072690827],
    [-0.52354416, -1.7355915, -0.92368067, 0.74377762, 0.086418666, -0.011069157],
    [-0.55529039, -1.7509337, -0.92501145, 0.68877762, 0.12445264, -0.015713692],
    [-0.59280865, -1.7690654, -0.92658419, 0.62377762, 0.16940187, -0.021202688],
    [-0.63609896, -1.7899865, -0.9283989, 0.54877762, 0.22126638, -0.027536144],
    [-0.68516131, -1.8136972, -0.93045557, 0.46377762, 0.28004615, -0.034714062],
    [-0.7399957, -1.8401974, -0.93275419, 0.36877763, 0.34574118, -0.04273644],
    [-0.80056425, -1.8694688, -0.93529319, 0.26384325, 0.41830611, -0.051597739],
    [-0.86339611, -1.8998339, -0.93792707, 0.15498772, 0.49358261, -0.060790162],
    [-0.92622796, -1.9301991, -0.94056095, 0.046132204, 0.56885911, -0.069982585],
    [-0.98905981, -1.9605643, -0.94319482, -0.062723317, 0.64413561, -0.079175008],
    [-1.0518917, -1.9909294, -0.9458287, -0.17157884, 0.71941211, -0.088367432],
    [-1.1147235, -2.0212946, -0.94846258, -0.28043436, 0.79468861, -0.097559855],
    [-1.1775554, -2.0516597, -0.95109645, -0.38928988, 0.86996512, -0.10675228],
    [-1.2403872, -2.0820249, -0.95373033, -0.4981454, 0.94524162, -0.1159447],
    [-1.3032191, -2.1123901, -0.95636421, -0.60700092, 1.0205181, -0.12513712],
    [-1.3660509, -2.1427552, -0.95899808, -0.71585644, 1.0957946, -0.13432955],
    [-1.4288305, -2.1730951, -0.96162977, -0.82462133, 1.1710084, -0.14351432],
    [-1.4879992, -2.20169, -0.96411009, -0.9271305, 1.2418963, -0.15217082],
    [-1.5413959, -2.2274953, -0.96634845, -1.0196397, 1.3058688, -0.15998285],
    [-1.5890205, -2.2505112, -0.96834485, -1.1021488, 1.3629261, -0.16695043],
    [-1.6308731, -2.2707376, -0.97009928, -1.174658, 1.4130682, -0.17307355],
    [-1.6669536, -2.2881744, -0.97161176, -1.2371672, 1.4562949, -0.1783522],
    [-1.6972621, -2.3028218, -0.97288228, -1.2896764, 1.4926064, -0.1827864],
    [-1.7217986, -2.3146797, -0.97391083, -1.3321855, 1.5220026, -0.18637613],
    [-1.740563, -2.3237481, -0.97469743, -1.3646947, 1.5444836, -0.1891214],
    [-1.7535554, -2.3300271, -0.97524206, -1.3872039, 1.5600493, -0.19102221],
    [-1.7607758, -2.3335165, -0.97554473, -1.399713, 1.5686997, -0.19207856],
    [-1.7624031, -2.334303, -0.97561295, -1.4025324, 1.5706494, -0.19231665]
  ]
}
