{
  "iteration": 555,
  "label": "pre_pick",
  "planning_time_ms": 77.341085,
  "scene": {
    "block_x": 0.33247832,
    "block_y": 0.36221385,
    "bin_x": 0.44134748,
    "bin_y": 0.30914459
  },
  "joint_names": ["shoulder_pan_joint", "shoulder_lift_joint", "elbow_joint", "wrist_1_joint", "wrist_2_joint", "wrist_3_joint"],
  "start_joints": [-0.45132935, -1.700768, -0.92065219, 0.86876661, -5.7334241e-05, -0.00048179513],
  "goal_joints": [-2.0442058, -3.1947727, 0.85494737, -2.3729158, -4.7116517, -0.47336769],
  "num_waypoints": 52,
  "trajectory": [
    [-0.45132935, -1.700768, -0.92065219, 0.86876661, -5.7334241e-05, -0.00048179513],
    [-0.45301973, -1.7023535, -0.9187679, 0.8653265, -0.0050573342, -0.00098362726],
    [-0.45809087, -1.7071098, -0.91311504, 0.85500616, -0.020057334, -0.0024891236],
    [-0.46654276, -1.7150371, -0.9036936, 0.8378056, -0.045057334, -0.0049982843],
    [-0.47837542, -1.7261353, -0.89050359, 0.81372482, -0.080057334, -0.0085111092],
    [-0.49358883, -1.7404044, -0.873545, 0.78276381, -0.12505733, -0.013027598],
    [-0.51218301, -1.7578444, -0.85281784, 0.74492258, -0.18005733, -0.018547752],
    [-0.53415794, -1.7784553, -0.82832211, 0.70020113, -0.24505733, -0.025071569],
    [-0.55951362, -1.8022371, -0.80005781, 0.64859947, -0.32005731, -0.032599049],
    [-0.58825007, -1.8291899, -0.76802493, 0.59011758, -0.40505729, -0.041130193],
    [-0.62036727, -1.8593135, -0.73222348, 0.52475547, -0.50005727, -0.050665001],
    [-0.65586523, -1.8926081, -0.69265345, 0.45251313, -0.60505724, -0.061203473],
    [-0.69474395, -1.9290736, -0.64931485, 0.37339058, -0.72005722, -0.07274561],
    [-0.73668557, -1.9684118, -0.602562, 0.28803467, -0.844117, -0.085197047],
    [-0.77916944, -2.0082587, -0.55520469, 0.20157523, -0.96978071, -0.097809464],
    [-0.82165331, -2.0481055, -0.50784738, 0.11511579, -1.0954444, -0.11042188],
    [-0.86413717, -2.0879524, -0.46049008, 0.028656344, -1.2211081, -0.1230343],
    [-0.90662104, -2.1277992, -0.41313277, -0.057803098, -1.3467718, -0.13564672],
    [-0.94910491, -2.167646, -0.36577546, -0.14426254, -1.4724355, -0.14825913],
    [-0.99158878, -2.2074929, -0.31841816, -0.23072198, -1.5980992, -0.16087155],
    [-1.0340726, -2.2473397, -0.27106085, -0.31718142, -1.7237629, -0.17348397],
    [-1.0765565, -2.2871866, -0.22370354, -0.40364087, -1.8494266, -0.18609638],
    [-1.1190404, -2.3270334, -0.17634624, -0.49010031, -1.9750904, -0.1987088],
    [-1.1615243, -2.3668803, -0.12898893, -0.57655975, -2.1007541, -0.21132122],
    [-1.2040081, -2.4067271, -0.081631625, -0.66301919, -2.2264178, -0.22393363],
    [-1.246492, -2.446574, -0.034274318, -0.74947863, -2.3520815, -0.23654605],
    [-1.2889759, -2.4864208, 0.013082988, -0.83593807, -2.4777452, -0.24915847],
    [-1.3314597, -2.5262677, 0.060440295, -0.92239752, -2.6034089, -0.26177089],
    [-1.3739436, -2.5661145, 0.1077976, -1.008857, -2.7290726, -0.2743833],
    [-1.4164275, -2.6059613, 0.15515491, -1.0953164, -2.8547363, -0.28699572],
    [-1.4589113, -2.6458082, 0.20251221, -1.1817758, -2.9804, -0.29960814],
    [-1.5013952, -2.685655, 0.24986952, -1.2682353, -3.1060637, -0.31222055],
    [-1.5438791, -2.7255019, 0.29722683, -1.3546947, -3.2317274, -0.32483297],
    [-1.5863629, -2.7653487, 0.34458413, -1.4411542, -3.3573911, -0.33744539],
    [-1.6288468, -2.8051956, 0.39194144, -1.5276136, -3.4830548, -0.3500578],
    [-1.6713307, -2.8450424, 0.43929875, -1.6140731, -3.6087185, -0.36267022],
    [-1.7138145, -2.8848893, 0.48665605, -1.7005325, -3.7343822, -0.37528264],
    [-1.7562984, -2.9247361, 0.53401336, -1.7869919, -3.8600459, -0.38789506],
    [-1.7983489, -2.9641765, 0.58088761, -1.8725695, -3.9844278, -0.40037882],
    [-1.8374307, -3.0008324, 0.62445251, -1.9521052, -4.1000283, -0.41198123],
    [-1.8731317, -3.0343174, 0.66424885, -2.0247607, -4.2056288, -0.42257997],
    [-1.9054519, -3.0646314, 0.70027661, -2.090536, -4.3012293, -0.43217505],
    [-1.9343913, -3.0917746, 0.73253579, -2.149431, -4.3868298, -0.44076647],
    [-1.95995, -3.1157468, 0.7610264, -2.2014458, -4.4624303, -0.44835422],
    [-1.982128, -3.1365482, 0.78574843, -2.2465804, -4.5280308, -0.45493831],
    [-2.0009252, -3.1541786, 0.80670189, -2.2848348, -4.5836313, -0.46051873],
    [-2.0163416, -3.1686381, 0.82388678, -2.316209, -4.6292318, -0.46509549],
    [-2.0283773, -3.1799267, 0.83730309, -2.3407029, -4.6648322, -0.46866858],
    [-2.0370322, -3.1880444, 0.84695082, -2.3583166, -4.6904327, -0.47123801],
    [-2.0423063, -3.1929912, 0.85282999, -2.3690501, -4.7060332, -0.47280378],
    [-2.0441997, -3.194767, 0.85494057, -2.3729034, -4.7116337, -0.47336588],
    [-2.0442058, -3.1947727, 0.85494737, -2.3729158, -4.7116517, -0.47336769]
  ]
}
