{
  "iteration": 990,
  "label": "pre_pick",
  "planning_time_ms": 5147.6994,
  "scene": {
    "block_x": 0.12073003,
    "block_y": 0.35987742,
    "bin_x": 0.37563743,
    "bin_y": 0.31235896
  },
  "joint_names": ["shoulder_pan_joint", "shoulder_lift_joint", "elbow_joint", "wrist_1_joint", "wrist_2_joint", "wrist_3_joint"],
  "start_joints": [-0.45121746, -1.7008392, -0.91994246, 0.86777649, 9.4236391e-05, -1.0702417e-05],
  "goal_joints": [4.7412997, -1.9058768, -1.6700378, 5.1462925, 1.5712915, 0.029413765],
  "num_waypoints": 90,
  "trajectory": [
    [-0.45121746, -1.7008392, -0.91994246, 0.86777649, 9.4236391e-05, -1.0702417e-05],
    [-0.44621746, -1.7010366, -0.92066474, 0.87189638, 0.0016071801, 1.7631113e-05],
    [-0.43121746, -1.7016289, -0.9228316, 0.88425604, 0.0061460113, 0.0001026317],
    [-0.40621746, -1.7026161, -0.92644302, 0.90485547, 0.01371073, 0.00024429935],
    [-0.37121746, -1.7039982, -0.93149902, 0.93369467, 0.024301336, 0.00044263405],
    [-0.32621746, -1.7057751, -0.93799958, 0.97077365, 0.03791783, 0.00069763582],
    [-0.27121746, -1.7079469, -0.94594471, 1.0160924, 0.054560211, 0.0010093046],
    [-0.20878668, -1.7104121, -0.95496328, 1.0675339, 0.07345106, 0.0013630815],
    [-0.14595483, -1.7128932, -0.96403978, 1.1193059, 0.092463272, 0.0017191311],
    [-0.083122976, -1.7153742, -0.97311628, 1.171078, 0.11147548, 0.0020751807],
    [-0.020291123, -1.7178553, -0.98219278, 1.22285, 0.1304877, 0.0024312304],
    [0.04254073, -1.7203363, -0.99126928, 1.274622, 0.14949991, 0.00278728],
    [0.10537258, -1.7228174, -1.0003458, 1.326394, 0.16851212, 0.0031433296],
    [0.16820444, -1.7252984, -1.0094223, 1.378166, 0.18752433, 0.0034993793],
    [0.23103629, -1.7277795, -1.0184988, 1.429938, 0.20653654, 0.0038554289],
    [0.29386814, -1.7302605, -1.0275753, 1.4817101, 0.22554875, 0.0042114785],
    [0.3567, -1.7327416, -1.0366518, 1.5334821, 0.24456096, 0.0045675282],
    [0.41953185, -1.7352226, -1.0457283, 1.5852541, 0.26357318, 0.0049235778],
    [0.4823637, -1.7377037, -1.0548048, 1.6370261, 0.28258539, 0.0052796274],
    [0.54519555, -1.7401847, -1.0638813, 1.6887981, 0.3015976, 0.0056356771],
    [0.60802741, -1.7426658, -1.0729578, 1.7405701, 0.32060981, 0.0059917267],
    [0.67085926, -1.7451468, -1.0820343, 1.7923422, 0.33962202, 0.0063477763],
    [0.73369111, -1.7476279, -1.0911108, 1.8441142, 0.35863423, 0.0067038259],
    [0.79652297, -1.7501089, -1.1001873, 1.8958862, 0.37764645, 0.0070598756],
    [0.85935482, -1.75259, -1.1092638, 1.9476582, 0.39665866, 0.0074159252],
    [0.92218667, -1.755071, -1.1183403, 1.9994302, 0.41567087, 0.0077719748],
    [0.98501853, -1.7575521, -1.1274168, 2.0512022, 0.43468308, 0.0081280245],
    [1.0478504, -1.7600331, -1.1364933, 2.1029743, 0.45369529, 0.0084840741],
    [1.1106822, -1.7625142, -1.1455698, 2.1547463, 0.4727075, 0.0088401237],
    [1.1735141, -1.7649952, -1.1546463, 2.2065183, 0.49171972, 0.0091961734],
    [1.2363459, -1.7674763, -1.1637228, 2.2582903, 0.51073193, 0.009552223],
    [1.2991778, -1.7699573, -1.1727993, 2.3100623, 0.52974414, 0.0099082726],
    [1.3620096, -1.7724384, -1.1818758, 2.3618343, 0.54875635, 0.010264322],
    [1.4248415, -1.7749194, -1.1909523, 2.4136064, 0.56776856, 0.010620372],
    [1.4876734, -1.7774005, -1.2000288, 2.4653784, 0.58678077, 0.010976422],
    [1.5505052, -1.7798815, -1.2091053, 2.5171504, 0.60579298, 0.011332471],
    [1.6133371, -1.7823626, -1.2181818, 2.5689224, 0.6248052, 0.011688521],
    [1.6761689, -1.7848436, -1.2272583, 2.6206944, 0.64381741, 0.01204457],
    [1.7390008, -1.7873247, -1.2363348, 2.6724664, 0.66282962, 0.01240062],
    [1.8018326, -1.7898057, -1.2454113, 2.7242385, 0.68184183, 0.01275667],
    [1.8646645, -1.7922868, -1.2544878, 2.7760105, 0.70085404, 0.013112719],
    [1.9274963, -1.7947678, -1.2635643, 2.8277825, 0.71986625, 0.013468769],
    [1.9903282, -1.7972488, -1.2726408, 2.8795545, 0.73887847, 0.013824819],
    [2.05316, -1.7997299, -1.2817173, 2.9313265, 0.75789068, 0.014180868],
    [2.1159919, -1.8022109, -1.2907938, 2.9830985, 0.77690289, 0.014536918],
    [2.1788237, -1.804692, -1.2998703, 3.0348706, 0.7959151, 0.014892967],
    [2.2416556, -1.807173, -1.3089468, 3.0866426, 0.81492731, 0.015249017],
    [2.3044874, -1.8096541, -1.3180233, 3.1384146, 0.83393952, 0.015605067],
    [2.3673193, -1.8121351, -1.3270998, 3.1901866, 0.85295174, 0.015961116],
    [2.4301511, -1.8146162, -1.3361763, 3.2419586, 0.87196395, 0.016317166],
    [2.492983, -1.8170972, -1.3452528, 3.2937306, 0.89097616, 0.016673216],
    [2.5558149, -1.8195783, -1.3543293, 3.3455027, 0.90998837, 0.017029265],
    [2.6186467, -1.8220593, -1.3634058, 3.3972747, 0.92900058, 0.017385315],
    [2.6814786, -1.8245404, -1.3724823, 3.4490467, 0.94801279, 0.017741365],
    [2.7443104, -1.8270214, -1.3815588, 3.5008187, 0.96702501, 0.018097414],
    [2.8071423, -1.8295025, -1.3906353, 3.5525907, 0.98603722, 0.018453464],
    [2.8699741, -1.8319835, -1.3997118, 3.6043627, 1.0050494, 0.018809513],
    [2.932806, -1.8344646, -1.4087883, 3.6561348, 1.0240616, 0.019165563],
    [2.9956378, -1.8369456, -1.4178648, 3.7079068, 1.0430739, 0.019521613],
    [3.0584697, -1.8394267, -1.4269413, 3.7596788, 1.0620861, 0.019877662],
    [3.1213015, -1.8419077, -1.4360178, 3.8114508, 1.0810983, 0.020233712],
    [3.1841334, -1.8443888, -1.4450943, 3.8632228, 1.1001105, 0.020589762],
    [3.2469652, -1.8468698, -1.4541708, 3.9149948, 1.1191227, 0.020945811],
    [3.3097971, -1.8493509, -1.4632473, 3.9667669, 1.1381349, 0.021301861],
    [3.3726289, -1.8518319, -1.4723238, 4.0185389, 1.1571471, 0.02165791],
    [3.4354608, -1.854313, -1.4814003, 4.0703109, 1.1761593, 0.02201396],
    [3.4982926, -1.856794, -1.4904768, 4.1220829, 1.1951715, 0.02237001],
    [3.5611245, -1.8592751, -1.4995533, 4.1738549, 1.2141838, 0.022726059],
    [3.6239564, -1.8617561, -1.5086298, 4.2256269, 1.233196, 0.023082109],
    [3.6867882, -1.8642372, -1.5177063, 4.277399, 1.2522082, 0.023438159],
    [3.7496201, -1.8667182, -1.5267828, 4.329171, 1.2712204, 0.023794208],
    [3.8124519, -1.8691993, -1.5358593, 4.380943, 1.2902326, 0.024150258],
    [3.8752838, -1.8716803, -1.5449358, 4.432715, 1.3092448, 0.024506308],
    [3.9381156, -1.8741614, -1.5540123, 4.484487, 1.328257, 0.024862357],
    [4.0009475, -1.8766424, -1.5630888, 4.536259, 1.3472692, 0.025218407],
    [4.0637793, -1.8791235, -1.5721653, 4.588031, 1.3662814, 0.025574456],
    [4.1266112, -1.8816045, -1.5812418, 4.6398031, 1.3852937, 0.025930506],
    [4.189443, -1.8840856, -1.5903183, 4.6915751, 1.4043059, 0.026286556],
    [4.2522749, -1.8865666, -1.5993948, 4.7433471, 1.4233181, 0.026642605],
    [4.3151067, -1.8890477, -1.6084713, 4.7951191, 1.4423303, 0.026998655],
    [4.3779386, -1.8915287, -1.6175478, 4.8468911, 1.4613425, 0.027354705],
    [4.4407704, -1.8940098, -1.6266243, 4.8986631, 1.4803547, 0.027710754],
    [4.5036023, -1.8964908, -1.6357008, 4.9504352, 1.4993669, 0.028066804],
    [4.5657915, -1.8989465, -1.6446844, 5.0016776, 1.5181847, 0.028419212],
    [4.6200381, -1.9010886, -1.6525207, 5.0463756, 1.5345991, 0.028726611],
    [4.6642848, -1.9028357, -1.6589125, 5.0828339, 1.5479876, 0.028977344],
    [4.6985314, -1.904188, -1.6638596, 5.1110523, 1.5583503, 0.02917141],
    [4.7227781, -1.9051455, -1.6673622, 5.131031, 1.5656871, 0.029308808],
    [4.7370247, -1.905708, -1.6694203, 5.1427699, 1.5699979, 0.02938954],
    [4.7412997, -1.9058768, -1.6700378, 5.1462925, 1.5712915, 0.029413765]
  ]
}
