{
  "iteration": 169,
  "label": "pre_pick",
  "planning_time_ms": 5024.6258,
  "scene": {
    "block_x": 0.21472678,
    "block_y": 0.41099472,
    "bin_x": 0.2861913,
    "bin_y": 0.26675099
  },
  "joint_names": ["shoulder_pan_joint", "shoulder_lift_joint", "elbow_joint", "wrist_1_joint", "wrist_2_joint", "wrist_3_joint"],
  "start_joints": [-0.45133383, -1.7008462, -0.92039621, 0.86859574, 1.3321858e-05, -0.00026645478],
  "goal_joints": [-1.761573, -2.2573339, -1.1120877, 4.9409385, 1.5699711, -0.1902209],
  "num_waypoints": 46,
  "trajectory": [
    [-0.45133383, -1.7008462, -0.92039621, 0.86859574, 1.3321858e-05, -0.00026645478],
    [-0.45294254, -1.7015294, -0.92063157, 0.87359574, 0.0019409074, -0.0004996798],
    [-0.45776865, -1.7035792, -0.92133764, 0.88859574, 0.007723664, -0.0011993548],
    [-0.46581217, -1.7069954, -0.92251443, 0.91359574, 0.017361592, -0.0023654799],
    [-0.4770731, -1.7117782, -0.92416194, 0.94859574, 0.03085469, -0.003998055],
    [-0.49155144, -1.7179275, -0.92628016, 0.99359574, 0.04820296, -0.0060970802],
    [-0.50924719, -1.7254432, -0.92886909, 1.0485957, 0.069406401, -0.0086625553],
    [-0.53016035, -1.7343255, -0.93192874, 1.1135957, 0.094465013, -0.011694481],
    [-0.55429092, -1.7445743, -0.93545911, 1.1885957, 0.1233788, -0.015192856],
    [-0.58163889, -1.7561896, -0.93946019, 1.2735957, 0.15614774, -0.01915768],
    [-0.61220426, -1.7691714, -0.94393199, 1.3685957, 0.19277186, -0.023588955],
    [-0.64598705, -1.7835197, -0.9488745, 1.4735957, 0.23325115, -0.028486679],
    [-0.68298725, -1.7992345, -0.95428773, 1.5885957, 0.27758561, -0.033850854],
    [-0.72290233, -1.8161873, -0.96012741, 1.7126554, 0.32541276, -0.03963762],
    [-0.76333348, -1.8333594, -0.9660426, 1.8383191, 0.37385827, -0.045499204],
    [-0.80376464, -1.8505314, -0.97195778, 1.9639828, 0.42230377, -0.051360788],
    [-0.84419579, -1.8677034, -0.97787297, 2.0896465, 0.47074928, -0.057222372],
    [-0.88462694, -1.8848754, -0.98378815, 2.2153102, 0.51919479, -0.063083956],
    [-0.92505809, -1.9020474, -0.98970334, 2.3409739, 0.5676403, -0.06894554],
    [-0.96548925, -1.9192194, -0.99561852, 2.4666376, 0.61608581, -0.074807124],
    [-1.0059204, -1.9363914, -1.0015337, 2.5923013, 0.66453132, -0.080668708],
    [-1.0463515, -1.9535634, -1.0074489, 2.717965, 0.71297682, -0.086530292],
    [-1.0867827, -1.9707354, -1.0133641, 2.8436288, 0.76142233, -0.092391875],
    [-1.1272139, -1.9879075, -1.0192793, 2.9692925, 0.80986784, -0.098253459],
    [-1.167645, -2.0050795, -1.0251945, 3.0949562, 0.85831335, -0.10411504],
    [-1.2080762, -2.0222515, -1.0311096, 3.2206199, 0.90675886, -0.10997663],
    [-1.2485073, -2.0394235, -1.0370248, 3.3462836, 0.95520437, -0.11583821],
    [-1.2889385, -2.0565955, -1.04294, 3.4719473, 1.0036499, -0.1216998],
    [-1.3293696, -2.0737675, -1.0488552, 3.597611, 1.0520954, -0.12756138],
    [-1.3698008, -2.0909395, -1.0547704, 3.7232747, 1.1005409, -0.13342296],
    [-1.4102319, -2.1081115, -1.0606856, 3.8489384, 1.1489864, -0.13928455],
    [-1.4506631, -2.1252835, -1.0666007, 3.9746021, 1.1974319, -0.14514613],
    [-1.4910942, -2.1424556, -1.0725159, 4.1002658, 1.2458774, -0.15100772],
    [-1.5309591, -2.159387, -1.0783483, 4.2241694, 1.2936443, -0.1567872],
    [-1.5678725, -2.175065, -1.0837488, 4.3388998, 1.3378749, -0.1621388],
    [-1.6015686, -2.1893765, -1.0886786, 4.4436303, 1.3782503, -0.16702395],
    [-1.6320473, -2.2023215, -1.0931377, 4.5383607, 1.4147705, -0.17144265],
    [-1.6593085, -2.2138999, -1.0971261, 4.6230912, 1.4474355, -0.17539491],
    [-1.6833524, -2.2241119, -1.1006438, 4.6978217, 1.4762454, -0.17888071],
    [-1.7041788, -2.2329573, -1.1036908, 4.7625521, 1.5012001, -0.18190006],
    [-1.7217878, -2.2404363, -1.106267, 4.8172826, 1.5222997, -0.18445296],
    [-1.7361795, -2.2465487, -1.1083726, 4.8620131, 1.539544, -0.18653942],
    [-1.7473537, -2.2512947, -1.1100074, 4.8967435, 1.5529332, -0.18815942],
    [-1.7553105, -2.2546741, -1.1111715, 4.921474, 1.5624672, -0.18931297],
    [-1.7600499, -2.256687, -1.1118649, 4.9362044, 1.5681461, -0.19000008],
    [-1.761573, -2.2573339, -1.1120877, 4.9409385, 1.5699711, -0.1902209]
  ]
}
