{
  "iteration": 64,
  "label": "pre_pick",
  "planning_time_ms": 50.102458,
  "scene": {
    "block_x": 0.20443824,
    "block_y": 0.48303285,
    "bin_x": 0.33261276,
    "bin_y": 0.30160018
  },
  "joint_names": ["shoulder_pan_joint", "shoulder_lift_joint", "elbow_joint", "wrist_1_joint", "wrist_2_joint", "wrist_3_joint"],
  "start_joints": [-0.45140874, -1.7008147, -0.92027967, 0.86842617, -9.5601249e-05, -0.00020248628],
  "goal_joints": [4.5659216, -2.6628343, -0.34677724, 4.5812383, 1.5711463, -0.14551009],
  "num_waypoints": 88,
  "trajectory": [
    [-0.45140874, -1.7008147, -0.92027967, 0.86842617, -9.5601249e-05, -0.00020248628],
    [-0.44640874, -1.7017734, -0.91970815, 0.87212616, 0.0014702135, -0.00034729198],
    [-0.43140874, -1.7046495, -0.91799359, 0.88322612, 0.0061676576, -0.00078170908],
    [-0.40640874, -1.709443, -0.91513598, 0.90172606, 0.013996731, -0.0015057376],
    [-0.37140874, -1.7161539, -0.91113533, 0.92762597, 0.024957434, -0.0025193775],
    [-0.32640874, -1.7247821, -0.90599164, 0.96092586, 0.039049766, -0.0038226288],
    [-0.27140874, -1.7353278, -0.8997049, 1.0016257, 0.056273728, -0.0054154915],
    [-0.20897797, -1.7472982, -0.89256879, 1.0478243, 0.075824733, -0.0072235579],
    [-0.14614611, -1.7593456, -0.88538684, 1.0943198, 0.095501341, -0.00904324],
    [-0.08331426, -1.7713929, -0.87820489, 1.1408152, 0.11517795, -0.010862922],
    [-0.020482407, -1.7834402, -0.87102294, 1.1873106, 0.13485456, -0.012682604],
    [0.042349446, -1.7954876, -0.86384099, 1.233806, 0.15453116, -0.014502286],
    [0.1051813, -1.8075349, -0.85665904, 1.2803014, 0.17420777, -0.016321968],
    [0.16801315, -1.8195822, -0.84947709, 1.3267968, 0.19388438, -0.018141651],
    [0.230845, -1.8316296, -0.84229514, 1.3732923, 0.21356099, -0.019961333],
    [0.29367686, -1.8436769, -0.83511319, 1.4197877, 0.2332376, -0.021781015],
    [0.35650871, -1.8557243, -0.82793123, 1.4662831, 0.2529142, -0.023600697],
    [0.41934056, -1.8677716, -0.82074928, 1.5127785, 0.27259081, -0.025420379],
    [0.48217242, -1.8798189, -0.81356733, 1.5592739, 0.29226742, -0.027240061],
    [0.54500427, -1.8918663, -0.80638538, 1.6057693, 0.31194403, -0.029059743],
    [0.60783612, -1.9039136, -0.79920343, 1.6522648, 0.33162064, -0.030879425],
    [0.67066798, -1.9159609, -0.79202148, 1.6987602, 0.35129724, -0.032699107],
    [0.73349983, -1.9280083, -0.78483953, 1.7452556, 0.37097385, -0.034518789],
    [0.79633168, -1.9400556, -0.77765758, 1.791751, 0.39065046, -0.036338472],
    [0.85916354, -1.952103, -0.77047563, 1.8382464, 0.41032707, -0.038158154],
    [0.92199539, -1.9641503, -0.76329368, 1.8847418, 0.43000367, -0.039977836],
    [0.98482724, -1.9761976, -0.75611173, 1.9312372, 0.44968028, -0.041797518],
    [1.0476591, -1.988245, -0.74892977, 1.9777327, 0.46935689, -0.0436172],
    [1.1104909, -2.0002923, -0.74174782, 2.0242281, 0.4890335, -0.045436882],
    [1.1733228, -2.0123396, -0.73456587, 2.0707235, 0.50871011, -0.047256564],
    [1.2361547, -2.024387, -0.72738392, 2.1172189, 0.52838671, -0.049076246],
    [1.2989865, -2.0364343, -0.72020197, 2.1637143, 0.54806332, -0.050895928],
    [1.3618184, -2.0484817, -0.71302002, 2.2102097, 0.56773993, -0.05271561],
    [1.4246502, -2.060529, -0.70583807, 2.2567052, 0.58741654, -0.054535293],
    [1.4874821, -2.0725763, -0.69865612, 2.3032006, 0.60709315, -0.056354975],
    [1.5503139, -2.0846237, -0.69147417, 2.349696, 0.62676975, -0.058174657],
    [1.6131458, -2.096671, -0.68429222, 2.3961914, 0.64644636, -0.059994339],
    [1.6759776, -2.1087183, -0.67711027, 2.4426868, 0.66612297, -0.061814021],
    [1.7388095, -2.1207657, -0.66992831, 2.4891822, 0.68579958, -0.063633703],
    [1.8016413, -2.132813, -0.66274636, 2.5356777, 0.70547618, -0.065453385],
    [1.8644732, -2.1448604, -0.65556441, 2.5821731, 0.72515279, -0.067273067],
    [1.927305, -2.1569077, -0.64838246, 2.6286685, 0.7448294, -0.069092749],
    [1.9901369, -2.168955, -0.64120051, 2.6751639, 0.76450601, -0.070912431],
    [2.0529687, -2.1810024, -0.63401856, 2.7216593, 0.78418262, -0.072732114],
    [2.1158006, -2.1930497, -0.62683661, 2.7681547, 0.80385922, -0.074551796],
    [2.1786325, -2.205097, -0.61965466, 2.8146502, 0.82353583, -0.076371478],
    [2.2414643, -2.2171444, -0.61247271, 2.8611456, 0.84321244, -0.07819116],
    [2.3042962, -2.2291917, -0.60529076, 2.907641, 0.86288905, -0.080010842],
    [2.367128, -2.2412391, -0.59810881, 2.9541364, 0.88256566, -0.081830524],
    [2.4299599, -2.2532864, -0.59092685, 3.0006318, 0.90224226, -0.083650206],
    [2.4927917, -2.2653337, -0.5837449, 3.0471272, 0.92191887, -0.085469888],
    [2.5556236, -2.2773811, -0.57656295, 3.0936226, 0.94159548, -0.08728957],
    [2.6184554, -2.2894284, -0.569381, 3.1401181, 0.96127209, -0.089109252],
    [2.6812873, -2.3014757, -0.56219905, 3.1866135, 0.9809487, -0.090928935],
    [2.7441191, -2.3135231, -0.5550171, 3.2331089, 1.0006253, -0.092748617],
    [2.806951, -2.3255704, -0.54783515, 3.2796043, 1.0203019, -0.094568299],
    [2.8697828, -2.3376178, -0.5406532, 3.3260997, 1.0399785, -0.096387981],
    [2.9326147, -2.3496651, -0.53347125, 3.3725951, 1.0596551, -0.098207663],
    [2.9954465, -2.3617124, -0.5262893, 3.4190906, 1.0793317, -0.10002735],
    [3.0582784, -2.3737598, -0.51910735, 3.465586, 1.0990083, -0.10184703],
    [3.1211102, -2.3858071, -0.51192539, 3.5120814, 1.118685, -0.10366671],
    [3.1839421, -2.3978545, -0.50474344, 3.5585768, 1.1383616, -0.10548639],
    [3.246774, -2.4099018, -0.49756149, 3.6050722, 1.1580382, -0.10730607],
    [3.3096058, -2.4219491, -0.49037954, 3.6515676, 1.1777148, -0.10912576],
    [3.3724377, -2.4339965, -0.48319759, 3.6980631, 1.1973914, -0.11094544],
    [3.4352695, -2.4460438, -0.47601564, 3.7445585, 1.217068, -0.11276512],
    [3.4981014, -2.4580911, -0.46883369, 3.7910539, 1.2367446, -0.1145848],
    [3.5609332, -2.4701385, -0.46165174, 3.8375493, 1.2564212, -0.11640448],
    [3.6237651, -2.4821858, -0.45446979, 3.8840447, 1.2760978, -0.11822417],
    [3.6865969, -2.4942332, -0.44728784, 3.9305401, 1.2957744, -0.12004385],
    [3.7494288, -2.5062805, -0.44010589, 3.9770356, 1.315451, -0.12186353],
    [3.8122606, -2.5183278, -0.43292393, 4.023531, 1.3351276, -0.12368321],
    [3.8750925, -2.5303752, -0.42574198, 4.0700264, 1.3548042, -0.12550289],
    [3.9379243, -2.5424225, -0.41856003, 4.1165218, 1.3744809, -0.12732258],
    [4.0007562, -2.5544698, -0.41137808, 4.1630172, 1.3941575, -0.12914226],
    [4.063588, -2.5665172, -0.40419613, 4.2095126, 1.4138341, -0.13096194],
    [4.1264199, -2.5785645, -0.39701418, 4.256008, 1.4335107, -0.13278162],
    [4.1892517, -2.5906119, -0.38983223, 4.3025035, 1.4531873, -0.1346013],
    [4.2520836, -2.6026592, -0.38265028, 4.3489989, 1.4728639, -0.13642099],
    [4.3149155, -2.6147065, -0.37546833, 4.3954943, 1.4925405, -0.13824067],
    [4.3776397, -2.6267332, -0.36829868, 4.4419101, 1.5121834, -0.14005723],
    [4.4340045, -2.6375406, -0.36185594, 4.4836199, 1.5298348, -0.14168962],
    [4.4803693, -2.6464305, -0.35655624, 4.5179297, 1.5443545, -0.1430324],
    [4.5167341, -2.6534031, -0.35239959, 4.5448396, 1.5557426, -0.14408557],
    [4.5430989, -2.6584583, -0.34938598, 4.5643495, 1.5639991, -0.14484912],
    [4.5594637, -2.661596, -0.34751541, 4.5764594, 1.5691239, -0.14532307],
    [4.5658285, -2.6628164, -0.34678789, 4.5811693, 1.5711172, -0.1455074],
    [4.5659216, -2.6628343, -0.34677724, 4.5812383, 1.5711463, -0.14551009]
  ]
}
