{
  "iteration": 58,
  "label": "pre_pick",
  "planning_time_ms": 108.99532,
  "scene": {
    "block_x": 0.31701833,
    "block_y": 0.41909189,
    "bin_x": 0.44292139,
    "bin_y": 0.28843537
  },
  "joint_names": ["shoulder_pan_joint", "shoulder_lift_joint", "elbow_joint", "wrist_1_joint", "wrist_2_joint", "wrist_3_joint"],
  "start_joints": [-0.45140494, -1.7008938, -0.92038807, 0.86837684, -9.8796622e-05, -0.00019118794],
  "goal_joints": [-1.9647706, -2.6674812, -0.33728623, 4.5760631, 1.570859, -0.39379388],
  "num_waypoints": 44,
  "trajectory": [
    [-0.45140494, -1.7008938, -0.92038807, 0.86837684, -9.8796622e-05, -0.00019118794],
    [-0.45344579, -1.7021973, -0.91960173, 0.87337684, 0.0020197183, -0.00072198082],
    [-0.45956833, -1.7061078, -0.91724271, 0.88837684, 0.0083752632, -0.0023143594],
    [-0.46977258, -1.7126252, -0.913311, 0.91337684, 0.018967838, -0.0049683238],
    [-0.48405852, -1.7217497, -0.9078066, 0.94837684, 0.033797443, -0.008683874],
    [-0.50242616, -1.7334811, -0.90072953, 0.99337684, 0.052864077, -0.01346101],
    [-0.5248755, -1.7478195, -0.89207976, 1.0483768, 0.076167742, -0.019299731],
    [-0.55140654, -1.7647649, -0.88185732, 1.1133768, 0.10370844, -0.026200039],
    [-0.58201927, -1.7843172, -0.87006219, 1.1883768, 0.13548616, -0.034161931],
    [-0.6167137, -1.8064766, -0.85669438, 1.2733768, 0.17150091, -0.043185409],
    [-0.65548983, -1.8312429, -0.84175389, 1.3683768, 0.21175269, -0.053270472],
    [-0.69834765, -1.8586162, -0.82524071, 1.4733768, 0.25624149, -0.064417121],
    [-0.74528717, -1.8885965, -0.80715485, 1.5883768, 0.30496733, -0.076625354],
    [-0.7959246, -1.9209387, -0.78764418, 1.7124365, 0.35753179, -0.089795355],
    [-0.84721673, -1.953699, -0.76788125, 1.8381002, 0.41077588, -0.10313563],
    [-0.89850886, -1.9864593, -0.74811832, 1.9637639, 0.46401997, -0.11647591],
    [-0.94980099, -2.0192196, -0.7283554, 2.0894276, 0.51726405, -0.12981619],
    [-1.0010931, -2.0519799, -0.70859247, 2.2150913, 0.57050814, -0.14315647],
    [-1.0523853, -2.0847402, -0.68882954, 2.340755, 0.62375223, -0.15649675],
    [-1.1036774, -2.1175005, -0.66906661, 2.4664187, 0.67699632, -0.16983703],
    [-1.1549695, -2.1502608, -0.64930368, 2.5920824, 0.73024041, -0.18317731],
    [-1.2062616, -2.1830212, -0.62954075, 2.7177461, 0.7834845, -0.19651759],
    [-1.2575538, -2.2157815, -0.60977783, 2.8434098, 0.83672858, -0.20985787],
    [-1.3088459, -2.2485418, -0.5900149, 2.9690735, 0.88997267, -0.22319815],
    [-1.360138, -2.2813021, -0.57025197, 3.0947372, 0.94321676, -0.23653843],
    [-1.4114302, -2.3140624, -0.55048904, 3.2204009, 0.99646085, -0.24987871],
    [-1.4627223, -2.3468227, -0.53072611, 3.3460646, 1.0497049, -0.26321899],
    [-1.5140144, -2.379583, -0.51096319, 3.4717283, 1.102949, -0.27655927],
    [-1.5653066, -2.4123433, -0.49120026, 3.5973921, 1.1561931, -0.28989955],
    [-1.6165987, -2.4451036, -0.47143733, 3.7230558, 1.2094372, -0.30323983],
    [-1.6673904, -2.4775443, -0.45186721, 3.8474935, 1.2621618, -0.31644997],
    [-1.7146206, -2.5077103, -0.43366936, 3.9632055, 1.3111894, -0.32873379],
    [-1.757769, -2.5352692, -0.4170442, 4.0689176, 1.3559799, -0.33995603],
    [-1.7968358, -2.5602212, -0.40199173, 4.1646296, 1.3965334, -0.35011668],
    [-1.8318209, -2.5825661, -0.38851194, 4.2503416, 1.4328498, -0.35921575],
    [-1.8627242, -2.6023041, -0.37660483, 4.3260536, 1.4649292, -0.36725323],
    [-1.8895459, -2.6194351, -0.3662704, 4.3917656, 1.4927716, -0.37422912],
    [-1.9122859, -2.6339592, -0.35750866, 4.4474777, 1.5163769, -0.38014343],
    [-1.9309441, -2.6458762, -0.35031961, 4.4931897, 1.5357453, -0.38499616],
    [-1.9455207, -2.6551863, -0.34470323, 4.5289017, 1.5508765, -0.38878729],
    [-1.9560156, -2.6618894, -0.34065955, 4.5546137, 1.5617708, -0.39151685],
    [-1.9624287, -2.6659855, -0.33818854, 4.5703258, 1.568428, -0.39318481],
    [-1.9647602, -2.6674746, -0.33729022, 4.5760378, 1.5708482, -0.39379119],
    [-1.9647706, -2.6674812, -0.33728623, 4.5760631, 1.570859, -0.39379388]
  ]
}
