{
  "iteration": 878,
  "label": "pre_pick",
  "planning_time_ms": 5021.828,
  "scene": {
    "block_x": 0.16164598,
    "block_y": 0.48783932,
    "bin_x": 0.2280465,
    "bin_y": 0.29810567
  },
  "joint_names": ["shoulder_pan_joint", "shoulder_lift_joint", "elbow_joint", "wrist_1_joint", "wrist_2_joint", "wrist_3_joint"],
  "start_joints": [-0.45142407, -1.7008095, -0.92062194, 0.86882625, -8.5562909e-05, -0.00041995456],
  "goal_joints": [-5.2857156, -0.59206067, 0.57167039, -1.5503019, -1.570186, -0.57340731],
  "num_waypoints": 85,
  "trajectory": [
    [-0.45142407, -1.7008095, -0.92062194, 0.86882625, -8.5562909e-05, -0.00041995456],
    [-0.45642407, -1.6996627, -0.91907849, 0.8663242, -0.0017094828, -0.0010125826],
    [-0.47142407, -1.6962224, -0.91444816, 0.85881805, -0.0065812423, -0.0027904668],
    [-0.49642407, -1.6904887, -0.90673094, 0.8463078, -0.014700842, -0.005753607],
    [-0.53142407, -1.6824614, -0.89592682, 0.82879345, -0.026068281, -0.0099020034],
    [-0.57642407, -1.6721406, -0.88203582, 0.806275, -0.040683559, -0.015235656],
    [-0.63142407, -1.6595263, -0.86505793, 0.77875244, -0.058546678, -0.021754565],
    [-0.69385485, -1.6452078, -0.84578624, 0.74751145, -0.078823193, -0.02915421],
    [-0.7566867, -1.6307972, -0.82639074, 0.71606976, -0.099229971, -0.036601394],
    [-0.81951855, -1.6163867, -0.80699524, 0.68462807, -0.11963675, -0.044048578],
    [-0.88235041, -1.6019761, -0.78759975, 0.65318638, -0.14004353, -0.051495762],
    [-0.94518226, -1.5875656, -0.76820425, 0.62174468, -0.16045031, -0.058942945],
    [-1.0080141, -1.5731551, -0.74880875, 0.59030299, -0.18085709, -0.066390129],
    [-1.070846, -1.5587445, -0.72941325, 0.5588613, -0.20126387, -0.073837313],
    [-1.1336778, -1.544334, -0.71001775, 0.52741961, -0.22167064, -0.081284497],
    [-1.1965097, -1.5299235, -0.69062226, 0.49597792, -0.24207742, -0.08873168],
    [-1.2593415, -1.5155129, -0.67122676, 0.46453622, -0.2624842, -0.096178864],
    [-1.3221734, -1.5011024, -0.65183126, 0.43309453, -0.28289098, -0.10362605],
    [-1.3850052, -1.4866918, -0.63243576, 0.40165284, -0.30329776, -0.11107323],
    [-1.4478371, -1.4722813, -0.61304026, 0.37021115, -0.32370454, -0.11852042],
    [-1.5106689, -1.4578708, -0.59364476, 0.33876946, -0.34411132, -0.1259676],
    [-1.5735008, -1.4434602, -0.57424927, 0.30732776, -0.3645181, -0.13341478],
    [-1.6363326, -1.4290497, -0.55485377, 0.27588607, -0.38492487, -0.14086197],
    [-1.6991645, -1.4146391, -0.53545827, 0.24444438, -0.40533165, -0.14830915],
    [-1.7619963, -1.4002286, -0.51606277, 0.21300269, -0.42573843, -0.15575633],
    [-1.8248282, -1.3858181, -0.49666727, 0.181561, -0.44614521, -0.16320352],
    [-1.8876601, -1.3714075, -0.47727178, 0.1501193, -0.46655199, -0.1706507],
    [-1.9504919, -1.356997, -0.45787628, 0.11867761, -0.48695877, -0.17809789],
    [-2.0133238, -1.3425865, -0.43848078, 0.087235919, -0.50736555, -0.18554507],
    [-2.0761556, -1.3281759, -0.41908528, 0.055794227, -0.52777233, -0.19299225],
    [-2.1389875, -1.3137654, -0.39968978, 0.024352535, -0.5481791, -0.20043944],
    [-2.2018193, -1.2993548, -0.38029429, -0.0070891574, -0.56858588, -0.20788662],
    [-2.2646512, -1.2849443, -0.36089879, -0.03853085, -0.58899266, -0.2153338],
    [-2.327483, -1.2705338, -0.34150329, -0.069972542, -0.60939944, -0.22278099],
    [-2.3903149, -1.2561232, -0.32210779, -0.10141423, -0.62980622, -0.23022817],
    [-2.4531467, -1.2417127, -0.30271229, -0.13285593, -0.650213, -0.23767536],
    [-2.5159786, -1.2273022, -0.2833168, -0.16429762, -0.67061978, -0.24512254],
    [-2.5788104, -1.2128916, -0.2639213, -0.19573931, -0.69102656, -0.25256972],
    [-2.6416423, -1.1984811, -0.2445258, -0.227181, -0.71143333, -0.26001691],
    [-2.7044741, -1.1840705, -0.2251303, -0.25862269, -0.73184011, -0.26746409],
    [-2.767306, -1.16966, -0.2057348, -0.29006439, -0.75224689, -0.27491127],
    [-2.8301379, -1.1552495, -0.18633931, -0.32150608, -0.77265367, -0.28235846],
    [-2.8929697, -1.1408389, -0.16694381, -0.35294777, -0.79306045, -0.28980564],
    [-2.9558016, -1.1264284, -0.14754831, -0.38438946, -0.81346723, -0.29725283],
    [-3.0186334, -1.1120179, -0.12815281, -0.41583115, -0.83387401, -0.30470001],
    [-3.0814653, -1.0976073, -0.10875731, -0.44727285, -0.85428079, -0.31214719],
    [-3.1442971, -1.0831968, -0.089361816, -0.47871454, -0.87468756, -0.31959438],
    [-3.207129, -1.0687862, -0.069966318, -0.51015623, -0.89509434, -0.32704156],
    [-3.2699608, -1.0543757, -0.05057082, -0.54159792, -0.91550112, -0.33448874],
    [-3.3327927, -1.0399652, -0.031175322, -0.57303962, -0.9359079, -0.34193593],
    [-3.3956245, -1.0255546, -0.011779824, -0.60448131, -0.95631468, -0.34938311],
    [-3.4584564, -1.0111441, 0.0076156743, -0.635923, -0.97672146, -0.3568303],
    [-3.5212882, -0.99673355, 0.027011172, -0.66736469, -0.99712824, -0.36427748],
    [-3.5841201, -0.98232302, 0.04640667, -0.69880638, -1.017535, -0.37172466],
    [-3.6469519, -0.96791248, 0.065802168, -0.73024808, -1.0379418, -0.37917185],
    [-3.7097838, -0.95350194, 0.085197667, -0.76168977, -1.0583486, -0.38661903],
    [-3.7726156, -0.9390914, 0.10459316, -0.79313146, -1.0787554, -0.39406622],
    [-3.8354475, -0.92468086, 0.12398866, -0.82457315, -1.0991621, -0.4015134],
    [-3.8982794, -0.91027033, 0.14338416, -0.85601484, -1.1195689, -0.40896058],
    [-3.9611112, -0.89585979, 0.16277966, -0.88745654, -1.1399757, -0.41640777],
    [-4.0239431, -0.88144925, 0.18217516, -0.91889823, -1.1603825, -0.42385495],
    [-4.0867749, -0.86703871, 0.20157065, -0.95033992, -1.1807892, -0.43130213],
    [-4.1496068, -0.85262818, 0.22096615, -0.98178161, -1.201196, -0.43874932],
    [-4.2124386, -0.83821764, 0.24036165, -1.0132233, -1.2216028, -0.4461965],
    [-4.2752705, -0.8238071, 0.25975715, -1.044665, -1.2420096, -0.45364369],
    [-4.3381023, -0.80939656, 0.27915265, -1.0761067, -1.2624164, -0.46109087],
    [-4.4009342, -0.79498603, 0.29854814, -1.1075484, -1.2828231, -0.46853805],
    [-4.463766, -0.78057549, 0.31794364, -1.1389901, -1.3032299, -0.47598524],
    [-4.5265979, -0.76616495, 0.33733914, -1.1704318, -1.3236367, -0.48343242],
    [-4.5894297, -0.75175441, 0.35673464, -1.2018735, -1.3440435, -0.4908796],
    [-4.6522616, -0.73734387, 0.37613014, -1.2333151, -1.3644503, -0.49832679],
    [-4.7150934, -0.72293334, 0.39552564, -1.2647568, -1.384857, -0.50577397],
    [-4.7779253, -0.7085228, 0.41492113, -1.2961985, -1.4052638, -0.51322116],
    [-4.8407572, -0.69411226, 0.43431663, -1.3276402, -1.4256706, -0.52066834],
    [-4.903589, -0.67970172, 0.45371213, -1.3590819, -1.4460774, -0.52811552],
    [-4.9664209, -0.66529119, 0.47310763, -1.3905236, -1.4664841, -0.53556271],
    [-5.0292527, -0.65088065, 0.49250313, -1.4219653, -1.4868909, -0.54300989],
    [-5.0920666, -0.63647422, 0.51189309, -1.453398, -1.5072919, -0.55045495],
    [-5.1492999, -0.62334772, 0.52956037, -1.4820381, -1.5258803, -0.55723856],
    [-5.1965332, -0.61251473, 0.54414076, -1.5056741, -1.5412209, -0.56283691],
    [-5.2337664, -0.60397525, 0.55563425, -1.524306, -1.5533137, -0.56725001],
    [-5.2609997, -0.59772928, 0.56404086, -1.5379338, -1.5621586, -0.57047784],
    [-5.278233, -0.59377682, 0.56936058, -1.5465575, -1.5677557, -0.57252043],
    [-5.2854662, -0.59211786, 0.57159341, -1.5501771, -1.570105, -0.57337776],
    [-5.2857156, -0.59206067, 0.57167039, -1.5503019, -1.570186, -0.57340731]
  ]
}
