{
  "iteration": 167,
  "label": "pre_pick",
  "planning_time_ms": 53.984959,
  "scene": {
    "block_x": 0.20765581,
    "block_y": 0.44736152,
    "bin_x": 0.4189141,
    "bin_y": 0.25141495
  },
  "joint_names": ["shoulder_pan_joint", "shoulder_lift_joint", "elbow_joint", "wrist_1_joint", "wrist_2_joint", "wrist_3_joint"],
  "start_joints": [-0.45132302, -1.7008787, -0.92019691, 0.86831042, 1.6187298e-05, -0.0001478745],
  "goal_joints": [0.87454445, -0.71798881, 0.81166351, 4.6190624, -1.5709476, -0.69711428],
  "num_waypoints": 44,
  "trajectory": [
    [-0.45132302, -1.7008787, -0.92019691, 0.86831042, 1.6187298e-05, -0.0001478745],
    [-0.44955555, -1.6995684, -0.91788822, 0.87331042, -0.0020780112, -0.0010769767],
    [-0.44425315, -1.6956377, -0.91096217, 0.88831042, -0.0083606065, -0.0038642834],
    [-0.4354158, -1.6890864, -0.89941875, 0.91331042, -0.018831599, -0.0085097945],
    [-0.42304352, -1.6799146, -0.88325796, 0.94831042, -0.033490988, -0.01501351],
    [-0.4071363, -1.6681223, -0.8624798, 0.99331042, -0.052338774, -0.02337543],
    [-0.38769414, -1.6537094, -0.83708427, 1.0483104, -0.075374957, -0.033595554],
    [-0.36471705, -1.6366761, -0.80707138, 1.1133104, -0.10259953, -0.045673882],
    [-0.33820502, -1.6170222, -0.77244112, 1.1883104, -0.1340125, -0.059610413],
    [-0.30815806, -1.5947479, -0.7331935, 1.2733104, -0.16961387, -0.075405148],
    [-0.27457615, -1.569853, -0.68932851, 1.3683104, -0.20940363, -0.093058086],
    [-0.23745932, -1.5423376, -0.64084615, 1.4733103, -0.25338179, -0.11256923],
    [-0.19680754, -1.5122017, -0.58774642, 1.5883103, -0.30154835, -0.13393858],
    [-0.15295318, -1.4796916, -0.53046345, 1.7123701, -0.35350951, -0.15699142],
    [-0.10853184, -1.4467613, -0.47243989, 1.8380338, -0.40614245, -0.1803423],
    [-0.064110506, -1.4138309, -0.41441632, 1.9636975, -0.4587754, -0.20369319],
    [-0.019689169, -1.3809006, -0.35639276, 2.0893612, -0.51140835, -0.22704408],
    [0.024732169, -1.3479702, -0.29836919, 2.2150249, -0.5640413, -0.25039496],
    [0.069153507, -1.3150399, -0.24034563, 2.3406886, -0.61667424, -0.27374585],
    [0.11357484, -1.2821095, -0.18232206, 2.4663523, -0.66930719, -0.29709673],
    [0.15799618, -1.2491792, -0.1242985, 2.592016, -0.72194014, -0.32044762],
    [0.20241752, -1.2162488, -0.066274937, 2.7176797, -0.77457309, -0.3437985],
    [0.24683886, -1.1833185, -0.0082513726, 2.8433435, -0.82720603, -0.36714939],
    [0.2912602, -1.1503881, 0.049772191, 2.9690072, -0.87983898, -0.39050028],
    [0.33568153, -1.1174578, 0.10779576, 3.0946709, -0.93247193, -0.41385116],
    [0.38010287, -1.0845274, 0.16581932, 3.2203346, -0.98510488, -0.43720205],
    [0.42452421, -1.0515971, 0.22384288, 3.3459983, -1.0377378, -0.46055293],
    [0.46894555, -1.0186667, 0.28186645, 3.471662, -1.0903708, -0.48390382],
    [0.51336688, -0.98573637, 0.33989001, 3.5973257, -1.1430037, -0.5072547],
    [0.55778822, -0.95280601, 0.39791358, 3.7229894, -1.1956367, -0.53060559],
    [0.60216847, -0.91990612, 0.45588348, 3.8485369, -1.2482209, -0.55393488],
    [0.6442834, -0.88868555, 0.51089438, 3.967676, -1.2981211, -0.57607335],
    [0.68286338, -0.8600855, 0.56128791, 4.076815, -1.3438329, -0.59635363],
    [0.71790843, -0.83410597, 0.60706408, 4.1759541, -1.3853563, -0.61477569],
    [0.74941854, -0.81074695, 0.64822288, 4.2650932, -1.4226913, -0.63133956],
    [0.77739371, -0.79000844, 0.6847643, 4.3442323, -1.4558378, -0.64604522],
    [0.80183394, -0.77189045, 0.71668836, 4.4133713, -1.484796, -0.65889267],
    [0.82273924, -0.75639297, 0.74399506, 4.4725104, -1.5095658, -0.66988192],
    [0.8401096, -0.743516, 0.76668438, 4.5216495, -1.5301472, -0.67901296],
    [0.85394502, -0.73325955, 0.78475633, 4.5607886, -1.5465402, -0.68628581],
    [0.8642455, -0.72562362, 0.79821092, 4.5899277, -1.5587448, -0.69170044],
    [0.87101104, -0.72060819, 0.80704814, 4.6090667, -1.566761, -0.69525687],
    [0.87424165, -0.71821328, 0.81126799, 4.6182058, -1.5705888, -0.6969551],
    [0.87454445, -0.71798881, 0.81166351, 4.6190624, -1.5709476, -0.69711428]
  ]
}
