{
  "iteration": 14,
  "label": "place_retreat",
  "planning_time_ms": 463.62975,
  "scene": {
    "block_x": 0.20052618,
    "block_y": 0.39034595,
    "bin_x": 0.38239037,
    "bin_y": 0.27132658
  },
  "joint_names": ["shoulder_pan_joint", "shoulder_lift_joint", "elbow_joint", "wrist_1_joint", "wrist_2_joint", "wrist_3_joint"],
  "start_joints": [4.0396438, -3.3451596, 1.1226033, 3.793124, -4.7132807, -0.67363976],
  "goal_joints": [-2.2439182, -2.2836704, -1.065331, 4.9191451, 1.5714345, -0.67401737],
  "num_waypoints": 108,
  "trajectory": [
    [4.0396438, -3.3451596, 1.1226033, 3.793124, -4.7132807, -0.67363976],
    [4.0346447, -3.3443151, 1.1208627, 3.7940198, -4.7082807, -0.67364006],
    [4.0196475, -3.3417816, 1.1156406, 3.7967074, -4.6932807, -0.67364096],
    [3.994652, -3.3375591, 1.1069372, 3.8011866, -4.6682807, -0.67364246],
    [3.9596585, -3.3316476, 1.0947525, 3.8074574, -4.6332807, -0.67364456],
    [3.9146667, -3.3240471, 1.0790864, 3.81552, -4.5882807, -0.67364727],
    [3.8596768, -3.3147576, 1.0599389, 3.8253743, -4.5332807, -0.67365057],
    [3.7972492, -3.3042116, 1.0382016, 3.8365614, -4.4708417, -0.67365432],
    [3.7344174, -3.2935974, 1.0163236, 3.8478209, -4.4079983, -0.6736581],
    [3.6715855, -3.2829831, 0.99444558, 3.8590804, -4.3451549, -0.67366187],
    [3.6087537, -3.2723688, 0.97256755, 3.87034, -4.2823115, -0.67366565],
    [3.5459218, -3.2617546, 0.95068951, 3.8815995, -4.2194682, -0.67366943],
    [3.48309, -3.2511403, 0.92881148, 3.892859, -4.1566248, -0.6736732],
    [3.4202581, -3.2405261, 0.90693345, 3.9041186, -4.0937814, -0.67367698],
    [3.3574263, -3.2299118, 0.88505542, 3.9153781, -4.030938, -0.67368075],
    [3.2945944, -3.2192976, 0.86317739, 3.9266376, -3.9680946, -0.67368453],
    [3.2317626, -3.2086833, 0.84129935, 3.9378972, -3.9052512, -0.67368831],
    [3.1689307, -3.1980691, 0.81942132, 3.9491567, -3.8424078, -0.67369208],
    [3.1060989, -3.1874548, 0.79754329, 3.9604163, -3.7795645, -0.67369586],
    [3.043267, -3.1768405, 0.77566526, 3.9716758, -3.7167211, -0.67369963],
    [2.9804352, -3.1662263, 0.75378722, 3.9829353, -3.6538777, -0.67370341],
    [2.9176033, -3.155612, 0.73190919, 3.9941949, -3.5910343, -0.67370718],
    [2.8547715, -3.1449978, 0.71003116, 4.0054544, -3.5281909, -0.67371096],
    [2.7919396, -3.1343835, 0.68815313, 4.0167139, -3.4653475, -0.67371474],
    [2.7291077, -3.1237693, 0.6662751, 4.0279735, -3.4025041, -0.67371851],
    [2.6662759, -3.113155, 0.64439706, 4.039233, -3.3396608, -0.67372229],
    [2.603444, -3.1025408, 0.62251903, 4.0504925, -3.2768174, -0.67372606],
    [2.5406122, -3.0919265, 0.600641, 4.0617521, -3.213974, -0.67372984],
    [2.4777803, -3.0813122, 0.57876297, 4.0730116, -3.1511306, -0.67373362],
    [2.4149485, -3.070698, 0.55688494, 4.0842712, -3.0882872, -0.67373739],
    [2.3521166, -3.0600837, 0.5350069, 4.0955307, -3.0254438, -0.67374117],
    [2.2892848, -3.0494695, 0.51312887, 4.1067902, -2.9626005, -0.67374494],
    [2.2264529, -3.0388552, 0.49125084, 4.1180498, -2.8997571, -0.67374872],
    [2.1636211, -3.028241, 0.46937281, 4.1293093, -2.8369137, -0.6737525],
    [2.1007892, -3.0176267, 0.44749478, 4.1405688, -2.7740703, -0.67375627],
    [2.0379574, -3.0070125, 0.42561674, 4.1518284, -2.7112269, -0.67376005],
    [1.9751255, -2.9963982, 0.40373871, 4.1630879, -2.6483835, -0.67376382],
    [1.9122937, -2.985784, 0.38186068, 4.1743474, -2.5855401, -0.6737676],
    [1.8494618, -2.9751697, 0.35998265, 4.185607, -2.5226968, -0.67377137],
    [1.78663, -2.9645554, 0.33810462, 4.1968665, -2.4598534, -0.67377515],
    [1.7237981, -2.9539412, 0.31622658, 4.2081261, -2.39701, -0.67377893],
    [1.6609662, -2.9433269, 0.29434855, 4.2193856, -2.3341666, -0.6737827],
    [1.5981344, -2.9327127, 0.27247052, 4.2306451, -2.2713232, -0.67378648],
    [1.5353025, -2.9220984, 0.25059249, 4.2419047, -2.2084798, -0.67379025],
    [1.4724707, -2.9114842, 0.22871445, 4.2531642, -2.1456364, -0.67379403],
    [1.4096388, -2.9008699, 0.20683642, 4.2644237, -2.0827931, -0.67379781],
    [1.346807, -2.8902557, 0.18495839, 4.2756833, -2.0199497, -0.67380158],
    [1.2839751, -2.8796414, 0.16308036, 4.2869428, -1.9571063, -0.67380536],
    [1.2211433, -2.8690271, 0.14120233, 4.2982023, -1.8942629, -0.67380913],
    [1.1583114, -2.8584129, 0.11932429, 4.3094619, -1.8314195, -0.67381291],
    [1.0954796, -2.8477986, 0.097446262, 4.3207214, -1.7685761, -0.67381668],
    [1.0326477, -2.8371844, 0.07556823, 4.331981, -1.7057328, -0.67382046],
    [0.96981586, -2.8265701, 0.053690198, 4.3432405, -1.6428894, -0.67382424],
    [0.90698401, -2.8159559, 0.031812166, 4.3545, -1.580046, -0.67382801],
    [0.84415215, -2.8053416, 0.0099341336, 4.3657596, -1.5172026, -0.67383179],
    [0.7813203, -2.7947274, -0.011943899, 4.3770191, -1.4543592, -0.67383556],
    [0.71848845, -2.7841131, -0.033821931, 4.3882786, -1.3915158, -0.67383934],
    [0.6556566, -2.7734988, -0.055699963, 4.3995382, -1.3286724, -0.67384312],
    [0.59282474, -2.7628846, -0.077577995, 4.4107977, -1.2658291, -0.67384689],
    [0.52999289, -2.7522703, -0.099456027, 4.4220572, -1.2029857, -0.67385067],
    [0.46716104, -2.7416561, -0.12133406, 4.4333168, -1.1401423, -0.67385444],
    [0.40432918, -2.7310418, -0.14321209, 4.4445763, -1.0772989, -0.67385822],
    [0.34149733, -2.7204276, -0.16509012, 4.4558359, -1.0144555, -0.673862],
    [0.27866548, -2.7098133, -0.18696816, 4.4670954, -0.95161213, -0.67386577],
    [0.21583362, -2.6991991, -0.20884619, 4.4783549, -0.88876875, -0.67386955],
    [0.15300177, -2.6885848, -0.23072422, 4.4896145, -0.82592536, -0.67387332],
    [0.090169918, -2.6779706, -0.25260225, 4.500874, -0.76308198, -0.6738771],
    [0.027338065, -2.6673563, -0.27448028, 4.5121335, -0.70023859, -0.67388087],
    [-0.035493789, -2.656742, -0.29635832, 4.5233931, -0.63739521, -0.67388465],
    [-0.098325642, -2.6461278, -0.31823635, 4.5346526, -0.57455182, -0.67388843],
    [-0.16115749, -2.6355135, -0.34011438, 4.5459121, -0.51170844, -0.6738922],
    [-0.22398935, -2.6248993, -0.36199241, 4.5571717, -0.44886505, -0.67389598],
    [-0.2868212, -2.614285, -0.38387044, 4.5684312, -0.38602167, -0.67389975],
    [-0.34965305, -2.6036708, -0.40574848, 4.5796908, -0.32317828, -0.67390353],
    [-0.41248491, -2.5930565, -0.42762651, 4.5909503, -0.2603349, -0.67390731],
    [-0.47531676, -2.5824423, -0.44950454, 4.6022098, -0.19749151, -0.67391108],
    [-0.53814861, -2.571828, -0.47138257, 4.6134694, -0.13464813, -0.67391486],
    [-0.60098047, -2.5612137, -0.4932606, 4.6247289, -0.071804741, -0.67391863],
    [-0.66381232, -2.5505995, -0.51513864, 4.6359884, -0.0089613558, -0.67392241],
    [-0.72664417, -2.5399852, -0.53701667, 4.647248, 0.053882029, -0.67392618],
    [-0.78947603, -2.529371, -0.5588947, 4.6585075, 0.11672541, -0.67392996],
    [-0.85230788, -2.5187567, -0.58077273, 4.669767, 0.1795688, -0.67393374],
    [-0.91513973, -2.5081425, -0.60265077, 4.6810266, 0.24241218, -0.67393751],
    [-0.97797158, -2.4975282, -0.6245288, 4.6922861, 0.30525557, -0.67394129],
    [-1.0408034, -2.486914, -0.64640683, 4.7035457, 0.36809895, -0.67394506],
    [-1.1036353, -2.4762997, -0.66828486, 4.7148052, 0.43094234, -0.67394884],
    [-1.1664671, -2.4656854, -0.69016289, 4.7260647, 0.49378572, -0.67395262],
    [-1.229299, -2.4550712, -0.71204093, 4.7373243, 0.55662911, -0.67395639],
    [-1.2921308, -2.4444569, -0.73391896, 4.7485838, 0.61947249, -0.67396017],
    [-1.3549627, -2.4338427, -0.75579699, 4.7598433, 0.68231588, -0.67396394],
    [-1.4177946, -2.4232284, -0.77767502, 4.7711029, 0.74515926, -0.67396772],
    [-1.4806264, -2.4126142, -0.79955305, 4.7823624, 0.80800265, -0.6739715],
    [-1.5434583, -2.4019999, -0.82143109, 4.7936219, 0.87084603, -0.67397527],
    [-1.6062901, -2.3913857, -0.84330912, 4.8048815, 0.93368942, -0.67397905],
    [-1.669122, -2.3807714, -0.86518715, 4.816141, 0.9965328, -0.67398282],
