{
  "iteration": 403,
  "label": "pre_pick",
  "planning_time_ms": 67.929273,
  "scene": {
    "block_x": 0.12693339,
    "block_y": 0.43231462,
    "bin_x": 0.30172847,
    "bin_y": 0.39618728
  },
  "joint_names": ["shoulder_pan_joint", "shoulder_lift_joint", "elbow_joint", "wrist_1_joint", "wrist_2_joint", "wrist_3_joint"],
  "start_joints": [-0.45135256, -1.7009814, -0.91995311, 0.86789139, -1.3184833e-05, -7.6509911e-05],
  "goal_joints": [4.7233182, -2.2071487, -1.1986078, -1.3071511, 1.570856, 0.011677259],
  "num_waypoints": 90,
  "trajectory": [
    [-0.45135256, -1.7009814, -0.91995311, 0.86789139, -1.3184833e-05, -7.6509911e-05],
    [-0.44635256, -1.7014705, -0.92022236, 0.86578976, 0.0015046597, -6.515289e-05],
    [-0.43135256, -1.7029378, -0.92103011, 0.85948489, 0.0060581935, -3.1081827e-05],
    [-0.40635256, -1.7053832, -0.92237635, 0.84897677, 0.013647416, 2.5703278e-05],
    [-0.37135256, -1.7088067, -0.92426109, 0.8342654, 0.024272328, 0.00010520242],
    [-0.32635256, -1.7132085, -0.92668433, 0.81535079, 0.03793293, 0.00020741561],
    [-0.27135256, -1.7185884, -0.92964607, 0.79223292, 0.05462922, 0.00033234284],
    [-0.20892178, -1.7246951, -0.93300795, 0.76599172, 0.073581263, 0.00047414837],
    [-0.14608993, -1.7308411, -0.93639143, 0.73958193, 0.09265506, 0.0006168649],
    [-0.083258076, -1.7369871, -0.93977491, 0.71317215, 0.11172886, 0.00075958144],
    [-0.020426223, -1.7431331, -0.94315839, 0.68676236, 0.13080266, 0.00090229797],
    [0.04240563, -1.749279, -0.94654187, 0.66035257, 0.14987645, 0.0010450145],
    [0.10523748, -1.755425, -0.94992534, 0.63394279, 0.16895025, 0.001187731],
    [0.16806934, -1.761571, -0.95330882, 0.607533, 0.18802405, 0.0013304476],
    [0.23090119, -1.767717, -0.9566923, 0.58112322, 0.20709785, 0.0014731641],
    [0.29373304, -1.773863, -0.96007578, 0.55471343, 0.22617164, 0.0016158806],
    [0.3565649, -1.780009, -0.96345926, 0.52830364, 0.24524544, 0.0017585972],
    [0.41939675, -1.7861549, -0.96684274, 0.50189386, 0.26431924, 0.0019013137],
    [0.4822286, -1.7923009, -0.97022622, 0.47548407, 0.28339304, 0.0020440302],
    [0.54506045, -1.7984469, -0.9736097, 0.44907428, 0.30246683, 0.0021867468],
    [0.60789231, -1.8045929, -0.97699318, 0.4226645, 0.32154063, 0.0023294633],
    [0.67072416, -1.8107389, -0.98037666, 0.39625471, 0.34061443, 0.0024721799],
    [0.73355601, -1.8168848, -0.98376014, 0.36984493, 0.35968823, 0.0026148964],
    [0.79638787, -1.8230308, -0.98714362, 0.34343514, 0.37876202, 0.0027576129],
    [0.85921972, -1.8291768, -0.9905271, 0.31702535, 0.39783582, 0.0029003295],
    [0.92205157, -1.8353228, -0.99391058, 0.29061557, 0.41690962, 0.003043046],
    [0.98488343, -1.8414688, -0.99729406, 0.26420578, 0.43598342, 0.0031857625],
    [1.0477153, -1.8476147, -1.0006775, 0.23779599, 0.45505721, 0.0033284791],
    [1.1105471, -1.8537607, -1.004061, 0.21138621, 0.47413101, 0.0034711956],
    [1.173379, -1.8599067, -1.0074445, 0.18497642, 0.49320481, 0.0036139121],
    [1.2362108, -1.8660527, -1.010828, 0.15856664, 0.51227861, 0.0037566287],
    [1.2990427, -1.8721987, -1.0142115, 0.13215685, 0.5313524, 0.0038993452],
    [1.3618745, -1.8783446, -1.0175949, 0.10574706, 0.5504262, 0.0040420617],
    [1.4247064, -1.8844906, -1.0209784, 0.079337277, 0.5695, 0.0041847783],
    [1.4875383, -1.8906366, -1.0243619, 0.052927491, 0.5885738, 0.0043274948],
    [1.5503701, -1.8967826, -1.0277454, 0.026517705, 0.60764759, 0.0044702113],
    [1.613202, -1.9029286, -1.0311289, 0.00010791873, 0.62672139, 0.0046129279],
    [1.6760338, -1.9090746, -1.0345123, -0.026301867, 0.64579519, 0.0047556444],
    [1.7388657, -1.9152205, -1.0378958, -0.052711654, 0.66486899, 0.0048983609],
    [1.8016975, -1.9213665, -1.0412793, -0.07912144, 0.68394278, 0.0050410775],
    [1.8645294, -1.9275125, -1.0446628, -0.10553123, 0.70301658, 0.005183794],
    [1.9273612, -1.9336585, -1.0480462, -0.13194101, 0.72209038, 0.0053265105],
    [1.9901931, -1.9398045, -1.0514297, -0.1583508, 0.74116418, 0.0054692271],
    [2.0530249, -1.9459504, -1.0548132, -0.18476058, 0.76023797, 0.0056119436],
    [2.1158568, -1.9520964, -1.0581967, -0.21117037, 0.77931177, 0.0057546601],
    [2.1786886, -1.9582424, -1.0615802, -0.23758016, 0.79838557, 0.0058973767],
    [2.2415205, -1.9643884, -1.0649636, -0.26398994, 0.81745937, 0.0060400932],
    [2.3043523, -1.9705344, -1.0683471, -0.29039973, 0.83653316, 0.0061828098],
    [2.3671842, -1.9766803, -1.0717306, -0.31680952, 0.85560696, 0.0063255263],
    [2.430016, -1.9828263, -1.0751141, -0.3432193, 0.87468076, 0.0064682428],
    [2.4928479, -1.9889723, -1.0784976, -0.36962909, 0.89375456, 0.0066109594],
    [2.5556798, -1.9951183, -1.081881, -0.39603887, 0.91282835, 0.0067536759],
    [2.6185116, -2.0012643, -1.0852645, -0.42244866, 0.93190215, 0.0068963924],
    [2.6813435, -2.0074102, -1.088648, -0.44885845, 0.95097595, 0.007039109],
    [2.7441753, -2.0135562, -1.0920315, -0.47526823, 0.97004975, 0.0071818255],
    [2.8070072, -2.0197022, -1.095415, -0.50167802, 0.98912354, 0.007324542],
    [2.869839, -2.0258482, -1.0987984, -0.52808781, 1.0081973, 0.0074672586],
    [2.9326709, -2.0319942, -1.1021819, -0.55449759, 1.0272711, 0.0076099751],
    [2.9955027, -2.0381402, -1.1055654, -0.58090738, 1.0463449, 0.0077526916],
    [3.0583346, -2.0442861, -1.1089489, -0.60731716, 1.0654187, 0.0078954082],
    [3.1211664, -2.0504321, -1.1123324, -0.63372695, 1.0844925, 0.0080381247],
    [3.1839983, -2.0565781, -1.1157158, -0.66013674, 1.1035663, 0.0081808412],
    [3.2468301, -2.0627241, -1.1190993, -0.68654652, 1.1226401, 0.0083235578],
    [3.309662, -2.0688701, -1.1224828, -0.71295631, 1.1417139, 0.0084662743],
    [3.3724938, -2.075016, -1.1258663, -0.73936609, 1.1607877, 0.0086089908],
    [3.4353257, -2.081162, -1.1292498, -0.76577588, 1.1798615, 0.0087517074],
    [3.4981575, -2.087308, -1.1326332, -0.79218567, 1.1989353, 0.0088944239],
    [3.5609894, -2.093454, -1.1360167, -0.81859545, 1.2180091, 0.0090371404],
    [3.6238213, -2.0996, -1.1394002, -0.84500524, 1.2370829, 0.009179857],
    [3.6866531, -2.1057459, -1.1427837, -0.87141503, 1.2561567, 0.0093225735],
    [3.749485, -2.1118919, -1.1461672, -0.89782481, 1.2752305, 0.0094652901],
    [3.8123168, -2.1180379, -1.1495506, -0.9242346, 1.2943043, 0.0096080066],
    [3.8751487, -2.1241839, -1.1529341, -0.95064438, 1.3133781, 0.0097507231],
    [3.9379805, -2.1303299, -1.1563176, -0.97705417, 1.3324519, 0.0098934397],
    [4.0008124, -2.1364759, -1.1597011, -1.003464, 1.3515257, 0.010036156],
    [4.0636442, -2.1426218, -1.1630845, -1.0298737, 1.3705995, 0.010178873],
    [4.1264761, -2.1487678, -1.166468, -1.0562835, 1.3896733, 0.010321589],
    [4.1893079, -2.1549138, -1.1698515, -1.0826933, 1.4087471, 0.010464306],
    [4.2521398, -2.1610598, -1.173235, -1.1091031, 1.4278209, 0.010607022],
    [4.3149716, -2.1672058, -1.1766185, -1.1355129, 1.4468947, 0.010749739],
    [4.3778035, -2.1733517, -1.1800019, -1.1619227, 1.4659685, 0.010892455],
    [4.4406353, -2.1794977, -1.1833854, -1.1883325, 1.4850423, 0.011035172],
    [4.5034672, -2.1856437, -1.1867689, -1.2147422, 1.5041161, 0.011177888],
    [4.5642347, -2.1915878, -1.1900412, -1.2402843, 1.5225632, 0.011315916],
    [4.615641, -2.1966161, -1.1928094, -1.2618917, 1.5381685, 0.01143268],
    [4.6570473, -2.2006663, -1.1950392, -1.2792958, 1.5507382, 0.011526731],
    [4.6884536, -2.2037384, -1.1967304, -1.2924966, 1.5602722, 0.011598067],
    [4.7098599, -2.2058323, -1.1978831, -1.3014942, 1.5667705, 0.01164669],
    [4.7212662, -2.206948, -1.1984973, -1.3062886, 1.5702331, 0.011672598],
    [4.7233182, -2.2071487, -1.1986078, -1.3071511, 1.570856, 0.011677259]
  ]
}
