{
  "iteration": 587,
  "label": "pre_pick",
  "planning_time_ms": 39.368798,
  "scene": {
    "block_x": 0.20242437,
    "block_y": 0.48492481,
    "bin_x": 0.34714975,
    "bin_y": 0.3971475
  },
  "joint_names": ["shoulder_pan_joint", "shoulder_lift_joint", "elbow_joint", "wrist_1_joint", "wrist_2_joint", "wrist_3_joint"],
  "start_joints": [-0.45124118, -1.7008607, -0.92053726, 0.86877161, -0.0001027835, -0.0004192534],
  "goal_joints": [-1.7124802, -2.9823239, 0.33745435, -2.0682659, 1.570346, -0.14262287],
  "num_waypoints": 37,
  "trajectory": [
    [-0.45124118, -1.7008607, -0.92053726, 0.86877161, -0.0001027835, -0.0004192534],
    [-0.4533883, -1.7030422, -0.91839566, 0.86377161, 0.0025707416, -0.00066134023],
    [-0.45982969, -1.7095869, -0.91197086, 0.84877161, 0.010591317, -0.0013876007],
    [-0.47056533, -1.7204947, -0.90126286, 0.82377161, 0.023958943, -0.0025980348],
    [-0.48559522, -1.7357656, -0.88627167, 0.78877161, 0.042673618, -0.0042926426],
    [-0.50491937, -1.7553996, -0.86699727, 0.74377161, 0.066735344, -0.0064714239],
    [-0.52853778, -1.7793967, -0.84343968, 0.68877161, 0.096144121, -0.009134379],
    [-0.55645044, -1.807757, -0.81559889, 0.62377161, 0.13089994, -0.012281507],
    [-0.58865735, -1.8404803, -0.7834749, 0.54877163, 0.17100281, -0.015912809],
    [-0.62515851, -1.8775668, -0.74706772, 0.46377164, 0.21645273, -0.020028284],
    [-0.66595393, -1.9190164, -0.70637734, 0.36877167, 0.2672497, -0.024627933],
    [-0.7110436, -1.9648291, -0.66140376, 0.26377169, 0.32339371, -0.029711755],
    [-0.76042753, -2.0150049, -0.61214698, 0.14877172, 0.38488477, -0.03527975],
    [-0.81370194, -2.0691336, -0.55900974, 0.024712017, 0.45122012, -0.041286394],
    [-0.86766515, -2.1239621, -0.50518548, -0.10095169, 0.51841313, -0.0473707],
    [-0.92162836, -2.1787906, -0.45136121, -0.22661539, 0.58560615, -0.053455005],
    [-0.97559157, -2.2336191, -0.39753695, -0.3522791, 0.65279916, -0.05953931],
    [-1.0295548, -2.2884477, -0.34371268, -0.47794281, 0.71999218, -0.065623616],
    [-1.083518, -2.3432762, -0.28988842, -0.60360651, 0.78718519, -0.071707921],
    [-1.1374812, -2.3981047, -0.23606415, -0.72927022, 0.85437821, -0.077792227],
    [-1.1914444, -2.4529332, -0.18223989, -0.85493393, 0.92157122, -0.083876532],
    [-1.2454076, -2.5077617, -0.12841562, -0.98059763, 0.98876424, -0.089960838],
    [-1.2993708, -2.5625903, -0.074591358, -1.1062613, 1.0559573, -0.096045143],
    [-1.353334, -2.6174188, -0.020767093, -1.231925, 1.1231503, -0.10212945],
    [-1.406451, -2.6713875, 0.032213109, -1.3556181, 1.1892896, -0.10811834],
    [-1.4555712, -2.7212953, 0.0812068, -1.4700039, 1.2504522, -0.1136566],
    [-1.5003971, -2.76684, 0.12591729, -1.5743896, 1.3062678, -0.11871068],
    [-1.5409287, -2.8080216, 0.16634459, -1.6687754, 1.3567363, -0.12328059],
    [-1.5771661, -2.8448401, 0.20248868, -1.7531611, 1.4018578, -0.12736632],
    [-1.6091093, -2.8772954, 0.23434958, -1.8275469, 1.4416322, -0.13096789],
    [-1.6367581, -2.9053877, 0.26192727, -1.8919326, 1.4760596, -0.13408527],
    [-1.6601128, -2.9291168, 0.28522177, -1.9463183, 1.50514, -0.13671849],
    [-1.6791731, -2.9484828, 0.30423307, -1.9907041, 1.5288732, -0.13886753],
    [-1.6939393, -2.9634857, 0.31896117, -2.0250898, 1.5472595, -0.1405324],
    [-1.7044111, -2.9741255, 0.32940607, -2.0494756, 1.5602987, -0.14171309],
    [-1.7105887, -2.9804022, 0.33556777, -2.0638613, 1.5679908, -0.14240961],
    [-1.7124802, -2.9823239, 0.33745435, -2.0682659, 1.570346, -0.14262287]
  ]
}
