{
  "iteration": 251,
  "label": "pre_pick",
  "planning_time_ms": 45.590104,
  "scene": {
    "block_x": 0.22794845,
    "block_y": 0.37318552,
    "bin_x": 0.40661336,
    "bin_y": 0.32955586
  },
  "joint_names": ["shoulder_pan_joint", "shoulder_lift_joint", "elbow_joint", "wrist_1_joint", "wrist_2_joint", "wrist_3_joint"],
  "start_joints": [-0.45120878, -1.7008652, -0.91997755, 0.86782617, -1.1331135e-05, 2.7327918e-05],
  "goal_joints": [-1.814332, -3.3477762, 1.3085182, -2.6736813, -4.7122589, -0.24359143],
  "num_waypoints": 52,
  "trajectory": [
    [-0.45120878, -1.7008652, -0.91997755, 0.86782617, -1.1331135e-05, 2.7327918e-05],
    [-0.45265514, -1.7026126, -0.91761298, 0.86406841, -0.0050113311, -0.00023116737],
    [-0.45699423, -1.7078551, -0.91051924, 0.8527951, -0.020011331, -0.0010066532],
    [-0.46422604, -1.7165925, -0.89869635, 0.83400625, -0.045011331, -0.0022991297],
    [-0.47435057, -1.7288248, -0.8821443, 0.80770187, -0.080011331, -0.0041085967],
    [-0.48736783, -1.7445521, -0.86086309, 0.77388195, -0.12501133, -0.0064350542],
    [-0.50327781, -1.7637744, -0.83485273, 0.73254649, -0.18001133, -0.0092785024],
    [-0.52208052, -1.7864917, -0.80411321, 0.68369551, -0.24501132, -0.012638941],
    [-0.54377594, -1.8127038, -0.76864455, 0.62732899, -0.3200113, -0.016516369],
    [-0.56836409, -1.842411, -0.72844672, 0.56344693, -0.40501128, -0.020910788],
    [-0.59584497, -1.8756131, -0.68351974, 0.49204934, -0.50001126, -0.025822197],
    [-0.62621856, -1.9123101, -0.63386361, 0.41313621, -0.60501124, -0.031250597],
    [-0.65948488, -1.9525021, -0.57947831, 0.32670754, -0.72001121, -0.037195987],
    [-0.69537196, -1.9958605, -0.52080848, 0.23346993, -0.84407102, -0.043609762],
    [-0.731723, -2.0397795, -0.46138014, 0.13902689, -0.96973473, -0.050106457],
    [-0.76807405, -2.0836984, -0.40195181, 0.044583862, -1.0953984, -0.056603152],
    [-0.80442509, -2.1276174, -0.34252347, -0.049859171, -1.2210621, -0.063099848],
    [-0.84077613, -2.1715363, -0.28309513, -0.1443022, -1.3467258, -0.069596543],
    [-0.87712718, -2.2154553, -0.22366679, -0.23874524, -1.4723896, -0.076093238],
    [-0.91347822, -2.2593742, -0.16423845, -0.33318827, -1.5980533, -0.082589933],
    [-0.94982926, -2.3032932, -0.10481011, -0.4276313, -1.723717, -0.089086628],
    [-0.98618031, -2.3472121, -0.045381775, -0.52207434, -1.8493807, -0.095583323],
    [-1.0225313, -2.3911311, 0.014046563, -0.61651737, -1.9750444, -0.10208002],
    [-1.0588824, -2.43505, 0.073474902, -0.7109604, -2.1007081, -0.10857671],
    [-1.0952334, -2.4789689, 0.13290324, -0.80540344, -2.2263718, -0.11507341],
    [-1.1315845, -2.5228879, 0.19233158, -0.89984647, -2.3520355, -0.1215701],
    [-1.1679355, -2.5668068, 0.25175992, -0.9942895, -2.4776992, -0.1280668],
    [-1.2042866, -2.6107258, 0.31118826, -1.0887325, -2.6033629, -0.13456349],
    [-1.2406376, -2.6546447, 0.37061659, -1.1831756, -2.7290266, -0.14106019],
    [-1.2769887, -2.6985637, 0.43004493, -1.2776186, -2.8546903, -0.14755688],
    [-1.3133397, -2.7424826, 0.48947327, -1.3720616, -2.980354, -0.15405358],
    [-1.3496907, -2.7864016, 0.54890161, -1.4665047, -3.1060177, -0.16055027],
    [-1.3860418, -2.8303205, 0.60832995, -1.5609477, -3.2316814, -0.16704697],
    [-1.4223928, -2.8742395, 0.66775829, -1.6553907, -3.3573451, -0.17354366],
    [-1.4587439, -2.9181584, 0.72718663, -1.7498338, -3.4830088, -0.18004036],
    [-1.4950949, -2.9620774, 0.78661496, -1.8442768, -3.6086726, -0.18653706],
    [-1.531446, -3.0059963, 0.8460433, -1.9387198, -3.7343363, -0.19303375],
    [-1.567797, -3.0499152, 0.90547164, -2.0331629, -3.86, -0.19953045],
    [-1.6037848, -3.0933954, 0.96430617, -2.1266622, -3.984408, -0.20596223],
    [-1.6372399, -3.1338154, 1.019, -2.2135813, -4.1000605, -0.21194135],
    [-1.6678022, -3.1707405, 1.0689647, -2.2929848, -4.205713, -0.21740348],
    [-1.6954718, -3.2041707, 1.1142003, -2.3648727, -4.3013654, -0.22234862],
    [-1.7202487, -3.2341058, 1.1547067, -2.4292452, -4.3870179, -0.22677677],
    [-1.7421329, -3.2605461, 1.1904839, -2.4861021, -4.4626703, -0.23068794],
    [-1.7611244, -3.2834913, 1.221532, -2.5354434, -4.5283228, -0.23408211],
    [-1.7772231, -3.3029416, 1.2478509, -2.5772692, -4.5839753, -0.23695929],
    [-1.7904291, -3.318897, 1.2694407, -2.6115795, -4.6296277, -0.23931947],
    [-1.8007423, -3.3313574, 1.2863013, -2.6383743, -4.6652802, -0.24116267],
    [-1.8081629, -3.3403228, 1.2984327, -2.6576535, -4.6909326, -0.24248888],
    [-1.8126907, -3.3457933, 1.305835, -2.6694171, -4.7065851, -0.2432981],
    [-1.8143258, -3.3477688, 1.3085082, -2.6736653, -4.7122376, -0.24359033],
    [-1.814332, -3.3477762, 1.3085182, -2.6736813, -4.7122589, -0.24359143]
  ]
}
