{
  "iteration": 998,
  "label": "pre_pick",
  "planning_time_ms": 100.56083,
  "scene": {
    "block_x": 0.2987827,
    "block_y": 0.35808449,
    "bin_x": 0.13561292,
    "bin_y": 0.39998434
  },
  "joint_names": ["shoulder_pan_joint", "shoulder_lift_joint", "elbow_joint", "wrist_1_joint", "wrist_2_joint", "wrist_3_joint"],
  "start_joints": [-0.45123097, -1.7007985, -0.92019159, 0.86813328, 9.0661063e-05, -0.00015907637],
  "goal_joints": [-1.9811111, -2.27298, -1.0848158, -1.3540625, 1.5720604, -0.41061332],
  "num_waypoints": 35,
  "trajectory": [
    [-0.45123097, -1.7007985, -0.92019159, 0.86813328, 9.0661063e-05, -0.00015907637],
    [-0.45467324, -1.702086, -0.920562, 0.86313328, 0.0036276352, -0.0010826094],
    [-0.46500005, -1.7059482, -0.92167322, 0.84813328, 0.014238558, -0.0038532086],
    [-0.48221141, -1.7123853, -0.92352527, 0.82313328, 0.031923428, -0.008470874],
    [-0.50630731, -1.7213973, -0.92611813, 0.78813328, 0.056682248, -0.014935605],
    [-0.53728775, -1.7329841, -0.92945181, 0.74313328, 0.088515015, -0.023247403],
    [-0.57515274, -1.7471458, -0.93352631, 0.68813328, 0.12742173, -0.033406267],
    [-0.61990225, -1.7638823, -0.93834162, 0.62313329, 0.17340239, -0.045412195],
    [-0.67153631, -1.7831936, -0.94389775, 0.54813331, 0.22645699, -0.059265187],
    [-0.73005491, -1.8050798, -0.9501947, 0.46313333, 0.28658553, -0.074965246],
    [-0.7928316, -1.8285586, -0.95694985, 0.37194835, 0.35108932, -0.091807715],
    [-0.85566345, -1.852058, -0.96371093, 0.28068324, 0.41564978, -0.10866498],
    [-0.91849531, -1.8755573, -0.97047201, 0.18941813, 0.48021025, -0.12552225],
    [-0.98132716, -1.8990567, -0.97723309, 0.098153023, 0.54477071, -0.14237952],
    [-1.044159, -1.9225561, -0.98399417, 0.0068879146, 0.60933118, -0.15923679],
    [-1.1069909, -1.9460554, -0.99075525, -0.084377194, 0.67389165, -0.17609406],
    [-1.1698227, -1.9695548, -0.99751633, -0.1756423, 0.73845211, -0.19295133],
    [-1.2326546, -1.9930542, -1.0042774, -0.26690741, 0.80301258, -0.2098086],
    [-1.2954864, -2.0165536, -1.0110385, -0.35817252, 0.86757304, -0.22666587],
    [-1.3583183, -2.0400529, -1.0177996, -0.44943763, 0.93213351, -0.24352314],
    [-1.4211501, -2.0635523, -1.0245607, -0.54070274, 0.99669398, -0.26038041],
    [-1.483982, -2.0870517, -1.0313217, -0.63196784, 1.0612544, -0.27723767],
    [-1.5468138, -2.1105511, -1.0380828, -0.72323295, 1.1258149, -0.29409494],
    [-1.6096457, -2.1340504, -1.0448439, -0.81449806, 1.1903754, -0.31095221],
    [-1.6724775, -2.1575498, -1.051605, -0.90576317, 1.2549358, -0.32780948],
    [-1.7338497, -2.1805032, -1.058209, -0.99490797, 1.3179964, -0.34427512],
    [-1.788756, -2.2010384, -1.0641172, -1.0746611, 1.3744133, -0.35900604],
    [-1.8367779, -2.2189988, -1.0692847, -1.1444142, 1.4237563, -0.3718899],
    [-1.8779151, -2.2343843, -1.0737113, -1.2041673, 1.4660254, -0.3829267],
    [-1.9121679, -2.247195, -1.0773971, -1.2539204, 1.5012205, -0.39211643],
    [-1.9395361, -2.2574308, -1.0803421, -1.2936735, 1.5293416, -0.39945909],
    [-1.9600197, -2.2650918, -1.0825462, -1.3234266, 1.5503888, -0.40495469],
    [-1.9736188, -2.2701779, -1.0840096, -1.3431797, 1.5643621, -0.40860322],
    [-1.9803334, -2.2726892, -1.0847321, -1.3529328, 1.5712614, -0.41040468],
    [-1.9811111, -2.27298, -1.0848158, -1.3540625, 1.5720604, -0.41061332]
  ]
}
