{
  "iteration": 20,
  "label": "pre_pick",
  "planning_time_ms": 24.403746,
  "scene": {
    "block_x": 0.29446505,
    "block_y": 0.44047538,
    "bin_x": 0.37826357,
    "bin_y": 0.31500939
  },
  "joint_names": ["shoulder_pan_joint", "shoulder_lift_joint", "elbow_joint", "wrist_1_joint", "wrist_2_joint", "wrist_3_joint"],
  "start_joints": [-0.45123856, -1.7008413, -0.92036438, 0.86851698, -0.0001026194, -0.00039614709],
  "goal_joints": [0.73570161, -0.21087006, -0.22136793, -1.1376148, 4.7123032, -0.83431693],
  "num_waypoints": 52,
  "trajectory": [
    [-0.45123856, -1.7008413, -0.92036438, 0.86851698, -0.0001026194, -0.00039614709],
    [-0.44997918, -1.6992604, -0.91962272, 0.86638842, 0.0048973806, -0.0012809614],
    [-0.44620105, -1.6945177, -0.91739776, 0.86000273, 0.019897381, -0.0039354042],
    [-0.43990416, -1.6866132, -0.91368948, 0.84935991, 0.044897381, -0.0083594755],
    [-0.43108851, -1.6755469, -0.90849789, 0.83445995, 0.079897381, -0.014553175],
    [-0.41975411, -1.6613187, -0.90182299, 0.81530288, 0.12489738, -0.022516504],
    [-0.40590095, -1.6439288, -0.89366478, 0.79188867, 0.17989738, -0.032249461],
    [-0.38952903, -1.6233771, -0.88402325, 0.76421733, 0.24489738, -0.043752046],
    [-0.37063836, -1.5996635, -0.87289842, 0.73228887, 0.31989737, -0.057024258],
    [-0.34922894, -1.5727882, -0.86029028, 0.69610328, 0.40489735, -0.072066098],
    [-0.32530076, -1.542751, -0.84619882, 0.65566057, 0.49989733, -0.088877566],
    [-0.29885382, -1.5095521, -0.83062406, 0.61096073, 0.60489731, -0.10745866],
    [-0.26988813, -1.4731913, -0.81356598, 0.56200376, 0.71989728, -0.12780938],
    [-0.23864052, -1.433966, -0.79516407, 0.50918994, 0.84395699, -0.14976334],
    [-0.20698889, -1.3942336, -0.77652423, 0.45569329, 0.96962069, -0.17200115],
    [-0.17533727, -1.3545012, -0.75788439, 0.40219663, 1.0952844, -0.19423896],
    [-0.14368564, -1.3147688, -0.73924455, 0.34869997, 1.2209481, -0.21647677],
    [-0.11203402, -1.2750363, -0.72060472, 0.29520331, 1.3466118, -0.23871458],
    [-0.080382394, -1.2353039, -0.70196488, 0.24170666, 1.4722755, -0.26095238],
    [-0.048730769, -1.1955715, -0.68332504, 0.18821, 1.5979392, -0.28319019],
    [-0.017079144, -1.1558391, -0.6646852, 0.13471334, 1.7236029, -0.305428],
    [0.014572481, -1.1161066, -0.64604536, 0.081216685, 1.8492666, -0.32766581],
    [0.046224106, -1.0763742, -0.62740552, 0.027720028, 1.9749303, -0.34990362],
    [0.077875731, -1.0366418, -0.60876568, -0.02577663, 2.100594, -0.37214142],
    [0.10952736, -0.99690937, -0.59012584, -0.079273287, 2.2262578, -0.39437923],
    [0.14117898, -0.95717695, -0.57148601, -0.13276994, 2.3519215, -0.41661704],
    [0.17283061, -0.91744452, -0.55284617, -0.1862666, 2.4775852, -0.43885485],
    [0.20448223, -0.8777121, -0.53420633, -0.23976326, 2.6032489, -0.46109266],
    [0.23613386, -0.83797967, -0.51556649, -0.29325992, 2.7289126, -0.48333046],
    [0.26778548, -0.79824725, -0.49692665, -0.34675657, 2.8545763, -0.50556827],
    [0.29943711, -0.75851482, -0.47828681, -0.40025323, 2.98024, -0.52780608],
    [0.33108873, -0.7187824, -0.45964697, -0.45374989, 3.1059037, -0.55004389],
    [0.36274036, -0.67904997, -0.44100714, -0.50724655, 3.2315674, -0.5722817],
    [0.39439198, -0.63931755, -0.4223673, -0.5607432, 3.3572311, -0.5945195],
    [0.4260436, -0.59958512, -0.40372746, -0.61423986, 3.4828948, -0.61675731],
    [0.45769523, -0.5598527, -0.38508762, -0.66773652, 3.6085585, -0.63899512],
    [0.48934685, -0.52012027, -0.36644778, -0.72123318, 3.7342222, -0.66123293],
    [0.52099848, -0.48038785, -0.34780794, -0.77472983, 3.8598859, -0.68347074],
    [0.55233543, -0.44105044, -0.32935342, -0.82769464, 3.9843003, -0.70548746],
    [0.58146864, -0.40447939, -0.31219669, -0.87693474, 4.0999654, -0.72595588],
    [0.6080831, -0.37107015, -0.29652327, -0.92191772, 4.2056304, -0.74465467],
    [0.63217879, -0.34082271, -0.28233316, -0.96264357, 4.3012955, -0.76158383],
    [0.65375574, -0.31373708, -0.26962637, -0.99911229, 4.3869606, -0.77674337],
    [0.67281392, -0.28981325, -0.25840289, -1.0313239, 4.4626256, -0.79013327],
    [0.68935335, -0.26905124, -0.24866271, -1.0592783, 4.5282907, -0.80175355],
    [0.70337402, -0.25145102, -0.24040585, -1.0829757, 4.5839558, -0.8116042],
    [0.71487594, -0.23701262, -0.2336323, -1.1024159, 4.6296208, -0.81968522],
    [0.7238591, -0.22573602, -0.22834206, -1.117599, 4.6652859, -0.82599661],
    [0.7303235, -0.21762122, -0.22453513, -1.1285249, 4.690951, -0.83053837],
    [0.73426915, -0.21266823, -0.22221152, -1.1351937, 4.706616, -0.83331051],
    [0.73569604, -0.21087705, -0.22137121, -1.1376054, 4.7122811, -0.83431301],
    [0.73570161, -0.21087006, -0.22136793, -1.1376148, 4.7123032, -0.83431693]
  ]
}
