{
  "iteration": 237,
  "label": "pre_pick",
  "planning_time_ms": 56.327457,
  "scene": {
    "block_x": 0.12631868,
    "block_y": 0.51307424,
    "bin_x": 0.25358265,
    "bin_y": 0.2770556
  },
  "joint_names": ["shoulder_pan_joint", "shoulder_lift_joint", "elbow_joint", "wrist_1_joint", "wrist_2_joint", "wrist_3_joint"],
  "start_joints": [-0.45126894, -1.7008875, -0.92040992, 0.8683483, -1.1253248e-05, -0.00019902322],
  "goal_joints": [4.723945, -2.9426004, 0.24768929, -2.017272, -4.7127612, 0.012306246],
  "num_waypoints": 90,
  "trajectory": [
    [-0.45126894, -1.7008875, -0.92040992, 0.8683483, -1.1253248e-05, -0.00019902322],
    [-0.44626894, -1.7020872, -0.91928137, 0.86556038, -0.0045644466, -0.00018694134],
    [-0.43126894, -1.7056862, -0.91589571, 0.85719661, -0.018224026, -0.00015069568],
    [-0.40626894, -1.7116846, -0.91025296, 0.84325699, -0.040989993, -9.0286247e-05],
    [-0.37126894, -1.7200823, -0.9023531, 0.82374152, -0.072862346, -5.7130431e-06],
    [-0.32626894, -1.7308794, -0.89219613, 0.79865021, -0.11384109, 0.00010302393],
    [-0.27126894, -1.7440758, -0.87978206, 0.76798305, -0.16392621, 0.00023592468],
    [-0.20883817, -1.7590551, -0.86569079, 0.7331726, -0.22077809, 0.00038678099],
    [-0.14600631, -1.7741306, -0.851509, 0.69813852, -0.2779952, 0.00053860645],
    [-0.083174462, -1.7892062, -0.8373272, 0.66310444, -0.33521232, 0.00069043191],
    [-0.020342609, -1.8042817, -0.8231454, 0.62807036, -0.39242943, 0.00084225737],
    [0.042489244, -1.8193572, -0.8089636, 0.59303627, -0.44964655, 0.00099408283],
    [0.1053211, -1.8344328, -0.7947818, 0.55800219, -0.50686366, 0.0011459083],
    [0.16815295, -1.8495083, -0.78060001, 0.52296811, -0.56408078, 0.0012977338],
    [0.2309848, -1.8645838, -0.76641821, 0.48793403, -0.62129789, 0.0014495592],
    [0.29381666, -1.8796594, -0.75223641, 0.45289995, -0.67851501, 0.0016013847],
    [0.35664851, -1.8947349, -0.73805461, 0.41786586, -0.73573212, 0.0017532101],
    [0.41948036, -1.9098104, -0.72387282, 0.38283178, -0.79294924, 0.0019050356],
    [0.48231222, -1.924886, -0.70969102, 0.3477977, -0.85016635, 0.0020568611],
    [0.54514407, -1.9399615, -0.69550922, 0.31276362, -0.90738346, 0.0022086865],
    [0.60797592, -1.955037, -0.68132742, 0.27772954, -0.96460058, 0.002360512],
    [0.67080778, -1.9701126, -0.66714562, 0.24269545, -1.0218177, 0.0025123374],
    [0.73363963, -1.9851881, -0.65296383, 0.20766137, -1.0790348, 0.0026641629],
    [0.79647148, -2.0002636, -0.63878203, 0.17262729, -1.1362519, 0.0028159884],
    [0.85930333, -2.0153392, -0.62460023, 0.13759321, -1.193469, 0.0029678138],
    [0.92213519, -2.0304147, -0.61041843, 0.10255913, -1.2506862, 0.0031196393],
    [0.98496704, -2.0454903, -0.59623663, 0.067525044, -1.3079033, 0.0032714647],
    [1.0477989, -2.0605658, -0.58205484, 0.032490962, -1.3651204, 0.0034232902],
    [1.1106307, -2.0756413, -0.56787304, -0.00254312, -1.4223375, 0.0035751157],
    [1.1734626, -2.0907169, -0.55369124, -0.037577202, -1.4795546, 0.0037269411],
    [1.2362945, -2.1057924, -0.53950944, -0.072611284, -1.5367717, 0.0038787666],
    [1.2991263, -2.1208679, -0.52532765, -0.10764537, -1.5939888, 0.004030592],
    [1.3619582, -2.1359435, -0.51114585, -0.14267945, -1.651206, 0.0041824175],
    [1.42479, -2.151019, -0.49696405, -0.17771353, -1.7084231, 0.004334243],
    [1.4876219, -2.1660945, -0.48278225, -0.21274761, -1.7656402, 0.0044860684],
    [1.5504537, -2.1811701, -0.46860045, -0.24778169, -1.8228573, 0.0046378939],
    [1.6132856, -2.1962456, -0.45441866, -0.28281578, -1.8800744, 0.0047897194],
    [1.6761174, -2.2113211, -0.44023686, -0.31784986, -1.9372915, 0.0049415448],
    [1.7389493, -2.2263967, -0.42605506, -0.35288394, -1.9945086, 0.0050933703],
    [1.8017811, -2.2414722, -0.41187326, -0.38791802, -2.0517258, 0.0052451957],
    [1.864613, -2.2565478, -0.39769147, -0.4229521, -2.1089429, 0.0053970212],
    [1.9274448, -2.2716233, -0.38350967, -0.45798619, -2.16616, 0.0055488467],
    [1.9902767, -2.2866988, -0.36932787, -0.49302027, -2.2233771, 0.0057006721],
    [2.0531085, -2.3017744, -0.35514607, -0.52805435, -2.2805942, 0.0058524976],
    [2.1159404, -2.3168499, -0.34096427, -0.56308843, -2.3378113, 0.006004323],
    [2.1787722, -2.3319254, -0.32678248, -0.59812252, -2.3950284, 0.0061561485],
    [2.2416041, -2.347001, -0.31260068, -0.6331566, -2.4522456, 0.006307974],
    [2.304436, -2.3620765, -0.29841888, -0.66819068, -2.5094627, 0.0064597994],
    [2.3672678, -2.377152, -0.28423708, -0.70322476, -2.5666798, 0.0066116249],
    [2.4300997, -2.3922276, -0.27005529, -0.73825884, -2.6238969, 0.0067634503],
    [2.4929315, -2.4073031, -0.25587349, -0.77329293, -2.681114, 0.0069152758],
    [2.5557634, -2.4223786, -0.24169169, -0.80832701, -2.7383311, 0.0070671013],
    [2.6185952, -2.4374542, -0.22750989, -0.84336109, -2.7955482, 0.0072189267],
    [2.6814271, -2.4525297, -0.21332809, -0.87839517, -2.8527654, 0.0073707522],
    [2.7442589, -2.4676052, -0.1991463, -0.91342925, -2.9099825, 0.0075225776],
    [2.8070908, -2.4826808, -0.1849645, -0.94846334, -2.9671996, 0.0076744031],
    [2.8699226, -2.4977563, -0.1707827, -0.98349742, -3.0244167, 0.0078262286],
    [2.9327545, -2.5128319, -0.1566009, -1.0185315, -3.0816338, 0.007978054],
    [2.9955863, -2.5279074, -0.14241911, -1.0535656, -3.1388509, 0.0081298795],
    [3.0584182, -2.5429829, -0.12823731, -1.0885997, -3.196068, 0.008281705],
    [3.12125, -2.5580585, -0.11405551, -1.1236337, -3.2532852, 0.0084335304],
    [3.1840819, -2.573134, -0.099873712, -1.1586678, -3.3105023, 0.0085853559],
    [3.2469138, -2.5882095, -0.085691914, -1.1937019, -3.3677194, 0.0087371813],
    [3.3097456, -2.6032851, -0.071510116, -1.228736, -3.4249365, 0.0088890068],
    [3.3725775, -2.6183606, -0.057328318, -1.2637701, -3.4821536, 0.0090408323],
    [3.4354093, -2.6334361, -0.043146521, -1.2988042, -3.5393707, 0.0091926577],
    [3.4982412, -2.6485117, -0.028964723, -1.3338382, -3.5965879, 0.0093444832],
    [3.561073, -2.6635872, -0.014782925, -1.3688723, -3.653805, 0.0094963086],
    [3.6239049, -2.6786627, -0.00060112714, -1.4039064, -3.7110221, 0.0096481341],
    [3.6867367, -2.6937383, 0.013580671, -1.4389405, -3.7682392, 0.0097999596],
    [3.7495686, -2.7088138, 0.027762468, -1.4739746, -3.8254563, 0.009951785],
    [3.8124004, -2.7238894, 0.041944266, -1.5090086, -3.8826734, 0.01010361],
    [3.8752323, -2.7389649, 0.056126064, -1.5440427, -3.9398905, 0.010255436],
    [3.9380641, -2.7540404, 0.070307862, -1.5790768, -3.9971077, 0.010407261],
    [4.000896, -2.769116, 0.08448966, -1.6141109, -4.0543248, 0.010559087],
    [4.0637278, -2.7841915, 0.098671457, -1.649145, -4.1115419, 0.010710912],
    [4.1265597, -2.799267, 0.11285326, -1.6841791, -4.168759, 0.010862738],
    [4.1893915, -2.8143426, 0.12703505, -1.7192131, -4.2259761, 0.011014563],
    [4.2522234, -2.8294181, 0.14121685, -1.7542472, -4.2831932, 0.011166389],
    [4.3150553, -2.8444936, 0.15539865, -1.7892813, -4.3404103, 0.011318214],
    [4.3778871, -2.8595692, 0.16958045, -1.8243154, -4.3976275, 0.01147004],
    [4.440719, -2.8746447, 0.18376224, -1.8593495, -4.4548446, 0.011621865],
    [4.5035508, -2.8897202, 0.19794404, -1.8943836, -4.5120617, 0.011773691],
    [4.5643735, -2.9043137, 0.21167234, -1.9282973, -4.5674491, 0.011920661],
    [4.6158662, -2.9166686, 0.22329479, -1.9570089, -4.6143404, 0.012045087],
    [4.657359, -2.9266241, 0.23266013, -1.9801446, -4.6521253, 0.012145349],
    [4.6888517, -2.9341803, 0.23976837, -1.9977045, -4.6808038, 0.012221447],
    [4.7103445, -2.9393372, 0.2446195, -2.0096885, -4.700376, 0.012273382],
    [4.7218372, -2.9420947, 0.24721354, -2.0160967, -4.7108417, 0.012301153],
    [4.723945, -2.9426004, 0.24768929, -2.017272, -4.7127612, 0.012306246]
  ]
}
