{
  "iteration": 821,
  "label": "pre_pick",
  "planning_time_ms": 106.98745,
  "scene": {
    "block_x": 0.22033884,
    "block_y": 0.44678224,
    "bin_x": 0.42868188,
    "bin_y": 0.32440133
  },
  "joint_names": ["shoulder_pan_joint", "shoulder_lift_joint", "elbow_joint", "wrist_1_joint", "wrist_2_joint", "wrist_3_joint"],
  "start_joints": [-0.45126477, -1.7008374, -0.91985442, 0.86780874, 1.1296156e-05, 8.3350567e-06],
  "goal_joints": [-5.4313855, 0.016215078, -0.75835953, -0.82899862, 4.712181, -0.71930319],
  "num_waypoints": 87,
  "trajectory": [
    [-0.45126477, -1.7008374, -0.91985442, 0.86780874, 1.1296156e-05, 8.3350567e-06],
    [-0.45626477, -1.6991135, -0.91969228, 0.86610516, 0.0047422756, -0.00071384777],
    [-0.47126477, -1.6939418, -0.91920586, 0.86099442, 0.018935214, -0.0028803962],
    [-0.49626477, -1.6853223, -0.91839516, 0.85247652, 0.042590111, -0.0064913104],
    [-0.53126477, -1.6732549, -0.91726019, 0.84055146, 0.075706967, -0.01154659],
    [-0.57626477, -1.6577398, -0.91580093, 0.82521923, 0.11828578, -0.018046236],
    [-0.63126477, -1.6387768, -0.9140174, 0.80647984, 0.17032656, -0.025990247],
    [-0.69369554, -1.6172518, -0.9119929, 0.78520867, 0.2293983, -0.035007533],
    [-0.7565274, -1.5955886, -0.90995539, 0.76380085, 0.28884954, -0.04408275],
    [-0.81935925, -1.5739253, -0.90791789, 0.74239302, 0.34830078, -0.053157967],
    [-0.8821911, -1.5522621, -0.90588038, 0.7209852, 0.40775202, -0.062233185],
    [-0.94502296, -1.5305988, -0.90384287, 0.69957737, 0.46720326, -0.071308402],
    [-1.0078548, -1.5089356, -0.90180537, 0.67816955, 0.5266545, -0.080383619],
    [-1.0706867, -1.4872723, -0.89976786, 0.65676172, 0.58610574, -0.089458836],
    [-1.1335185, -1.4656091, -0.89773036, 0.6353539, 0.64555698, -0.098534053],
    [-1.1963504, -1.4439458, -0.89569285, 0.61394607, 0.70500823, -0.10760927],
    [-1.2591822, -1.4222826, -0.89365535, 0.59253825, 0.76445947, -0.11668449],
    [-1.3220141, -1.4006193, -0.89161784, 0.57113043, 0.82391071, -0.1257597],
    [-1.3848459, -1.3789561, -0.88958034, 0.5497226, 0.88336195, -0.13483492],
    [-1.4476778, -1.3572928, -0.88754283, 0.52831478, 0.94281319, -0.14391014],
    [-1.5105096, -1.3356296, -0.88550533, 0.50690695, 1.0022644, -0.15298536],
    [-1.5733415, -1.3139664, -0.88346782, 0.48549913, 1.0617157, -0.16206057],
    [-1.6361733, -1.2923031, -0.88143031, 0.4640913, 1.1211669, -0.17113579],
    [-1.6990052, -1.2706399, -0.87939281, 0.44268348, 1.1806182, -0.18021101],
    [-1.761837, -1.2489766, -0.8773553, 0.42127565, 1.2400694, -0.18928622],
    [-1.8246689, -1.2273134, -0.8753178, 0.39986783, 1.2995206, -0.19836144],
    [-1.8875008, -1.2056501, -0.87328029, 0.37846, 1.3589719, -0.20743666],
    [-1.9503326, -1.1839869, -0.87124279, 0.35705218, 1.4184231, -0.21651187],
    [-2.0131645, -1.1623236, -0.86920528, 0.33564435, 1.4778744, -0.22558709],
    [-2.0759963, -1.1406604, -0.86716778, 0.31423653, 1.5373256, -0.23466231],
    [-2.1388282, -1.1189971, -0.86513027, 0.2928287, 1.5967768, -0.24373753],
    [-2.20166, -1.0973339, -0.86309276, 0.27142088, 1.6562281, -0.25281274],
    [-2.2644919, -1.0756706, -0.86105526, 0.25001305, 1.7156793, -0.26188796],
    [-2.3273237, -1.0540074, -0.85901775, 0.22860523, 1.7751306, -0.27096318],
    [-2.3901556, -1.0323441, -0.85698025, 0.2071974, 1.8345818, -0.28003839],
    [-2.4529874, -1.0106809, -0.85494274, 0.18578958, 1.894033, -0.28911361],
    [-2.5158193, -0.98901763, -0.85290524, 0.16438175, 1.9534843, -0.29818883],
    [-2.5786511, -0.96735438, -0.85086773, 0.14297393, 2.0129355, -0.30726404],
    [-2.641483, -0.94569113, -0.84883023, 0.1215661, 2.0723868, -0.31633926],
    [-2.7043148, -0.92402788, -0.84679272, 0.10015828, 2.131838, -0.32541448],
    [-2.7671467, -0.90236464, -0.84475522, 0.078750455, 2.1912892, -0.3344897],
    [-2.8299785, -0.88070139, -0.84271771, 0.057342631, 2.2507405, -0.34356491],
    [-2.8928104, -0.85903814, -0.8406802, 0.035934806, 2.3101917, -0.35264013],
    [-2.9556423, -0.83737489, -0.8386427, 0.014526981, 2.369643, -0.36171535],
    [-3.0184741, -0.81571164, -0.83660519, -0.0068808437, 2.4290942, -0.37079056],
    [-3.081306, -0.79404839, -0.83456769, -0.028288668, 2.4885455, -0.37986578],
    [-3.1441378, -0.77238515, -0.83253018, -0.049696493, 2.5479967, -0.388941],
    [-3.2069697, -0.7507219, -0.83049268, -0.071104318, 2.6074479, -0.39801622],
    [-3.2698015, -0.72905865, -0.82845517, -0.092512143, 2.6668992, -0.40709143],
    [-3.3326334, -0.7073954, -0.82641767, -0.11391997, 2.7263504, -0.41616665],
    [-3.3954652, -0.68573215, -0.82438016, -0.13532779, 2.7858017, -0.42524187],
    [-3.4582971, -0.66406891, -0.82234265, -0.15673562, 2.8452529, -0.43431708],
    [-3.5211289, -0.64240566, -0.82030515, -0.17814344, 2.9047041, -0.4433923],
    [-3.5839608, -0.62074241, -0.81826764, -0.19955127, 2.9641554, -0.45246752],
    [-3.6467926, -0.59907916, -0.81623014, -0.22095909, 3.0236066, -0.46154273],
    [-3.7096245, -0.57741591, -0.81419263, -0.24236692, 3.0830579, -0.47061795],
    [-3.7724563, -0.55575266, -0.81215513, -0.26377474, 3.1425091, -0.47969317],
    [-3.8352882, -0.53408942, -0.81011762, -0.28518257, 3.2019603, -0.48876839],
    [-3.8981201, -0.51242617, -0.80808012, -0.30659039, 3.2614116, -0.4978436],
    [-3.9609519, -0.49076292, -0.80604261, -0.32799822, 3.3208628, -0.50691882],
    [-4.0237838, -0.46909967, -0.8040051, -0.34940604, 3.3803141, -0.51599404],
    [-4.0866156, -0.44743642, -0.8019676, -0.37081386, 3.4397653, -0.52506925],
    [-4.1494475, -0.42577318, -0.79993009, -0.39222169, 3.4992165, -0.53414447],
    [-4.2122793, -0.40410993, -0.79789259, -0.41362951, 3.5586678, -0.54321969],
    [-4.2751112, -0.38244668, -0.79585508, -0.43503734, 3.618119, -0.55229491],
    [-4.337943, -0.36078343, -0.79381758, -0.45644516, 3.6775703, -0.56137012],
    [-4.4007749, -0.33912018, -0.79178007, -0.47785299, 3.7370215, -0.57044534],
    [-4.4636067, -0.31745694, -0.78974257, -0.49926081, 3.7964728, -0.57952056],
    [-4.5264386, -0.29579369, -0.78770506, -0.52066864, 3.855924, -0.58859577],
    [-4.5892704, -0.27413044, -0.78566756, -0.54207646, 3.9153752, -0.59767099],
    [-4.6521023, -0.25246719, -0.78363005, -0.56348429, 3.9748265, -0.60674621],
    [-4.7149341, -0.23080394, -0.78159254, -0.58489211, 4.0342777, -0.61582142],
    [-4.777766, -0.20914069, -0.77955504, -0.60629994, 4.093729, -0.62489664],
    [-4.8405978, -0.18747745, -0.77751753, -0.62770776, 4.1531802, -0.63397186],
    [-4.9034297, -0.1658142, -0.77548003, -0.64911559, 4.2126314, -0.64304708],
    [-4.9662616, -0.14415095, -0.77344252, -0.67052341, 4.2720827, -0.65212229],
    [-5.0290934, -0.1224877, -0.77140502, -0.69193124, 4.3315339, -0.66119751],
    [-5.0919253, -0.10082445, -0.76936751, -0.71333906, 4.3909852, -0.67027273],
    [-5.1547571, -0.079161206, -0.76733001, -0.73474689, 4.4504364, -0.67934794],
    [-5.217589, -0.057497957, -0.7652925, -0.75615471, 4.5098876, -0.68842316],
    [-5.2776908, -0.036775956, -0.76334352, -0.77663239, 4.5667558, -0.69710407],
    [-5.3281335, -0.019384257, -0.76170777, -0.79381903, 4.6144845, -0.70438984],
    [-5.3685762, -0.005440372, -0.7603963, -0.8075985, 4.6527512, -0.71023124],
    [-5.3990189, 0.0050557005, -0.75940911, -0.81797082, 4.6815559, -0.71462828],
    [-5.4194616, 0.01210396, -0.75874619, -0.82493598, 4.7008987, -0.71758095],
    [-5.4299043, 0.015704406, -0.75840756, -0.82849397, 4.7107796, -0.71908926],
    [-5.4313855, 0.016215078, -0.75835953, -0.82899862, 4.712181, -0.71930319]
  ]
}
