{
  "iteration": 428,
  "label": "pre_pick",
  "planning_time_ms": 52.5745,
  "scene": {
    "block_x": 0.1211364,
    "block_y": 0.49943079,
    "bin_x": 0.4176651,
    "bin_y": 0.32446017
  },
  "joint_names": ["shoulder_pan_joint", "shoulder_lift_joint", "elbow_joint", "wrist_1_joint", "wrist_2_joint", "wrist_3_joint"],
  "start_joints": [-0.45124, -1.700845, -0.91990333, 0.8678435, 7.3396183e-05, 1.9703789e-05],
  "goal_joints": [-5.2026896, -0.58459126, 0.55724632, 4.7394034, -1.5705733, -0.49082232],
  "num_waypoints": 83,
  "trajectory": [
    [-0.45124, -1.700845, -0.91990333, 0.8678435, 7.3396183e-05, 1.9703789e-05],
    [-0.45624, -1.6996704, -0.91834891, 0.87191758, -0.0015794117, -0.0004968144],
    [-0.47124, -1.6961464, -0.91368565, 0.88413983, -0.0065378355, -0.002046369],
    [-0.49624, -1.6902732, -0.90591355, 0.90451024, -0.014801875, -0.0046289599],
    [-0.53124, -1.6820507, -0.89503261, 0.93302883, -0.02637153, -0.0082445873],
    [-0.57624, -1.6714789, -0.88104283, 0.96969557, -0.041246802, -0.012893251],
    [-0.63124, -1.6585578, -0.86394421, 1.0145105, -0.059427689, -0.018574951],
    [-0.69367077, -1.643891, -0.84453548, 1.0653801, -0.080064904, -0.025024277],
    [-0.75650263, -1.62913, -0.82500206, 1.1165765, -0.1008347, -0.031515036],
    [-0.81933448, -1.6143689, -0.80546864, 1.167773, -0.1216045, -0.038005795],
    [-0.88216633, -1.5996079, -0.78593523, 1.2189694, -0.14237429, -0.044496554],
    [-0.94499818, -1.5848469, -0.76640181, 1.2701659, -0.16314409, -0.050987313],
    [-1.00783, -1.5700858, -0.74686839, 1.3213623, -0.18391389, -0.057478072],
    [-1.0706619, -1.5553248, -0.72733497, 1.3725587, -0.20468369, -0.063968831],
    [-1.1334937, -1.5405638, -0.70780156, 1.4237552, -0.22545348, -0.07045959],
    [-1.1963256, -1.5258027, -0.68826814, 1.4749516, -0.24622328, -0.076950349],
    [-1.2591575, -1.5110417, -0.66873472, 1.526148, -0.26699308, -0.083441108],
    [-1.3219893, -1.4962807, -0.6492013, 1.5773445, -0.28776287, -0.089931867],
    [-1.3848212, -1.4815196, -0.62966788, 1.6285409, -0.30853267, -0.096422626],
    [-1.447653, -1.4667586, -0.61013447, 1.6797373, -0.32930247, -0.10291339],
    [-1.5104849, -1.4519976, -0.59060105, 1.7309338, -0.35007226, -0.10940414],
    [-1.5733167, -1.4372366, -0.57106763, 1.7821302, -0.37084206, -0.1158949],
    [-1.6361486, -1.4224755, -0.55153421, 1.8333267, -0.39161186, -0.12238566],
    [-1.6989804, -1.4077145, -0.5320008, 1.8845231, -0.41238165, -0.12887642],
    [-1.7618123, -1.3929535, -0.51246738, 1.9357195, -0.43315145, -0.13536718],
    [-1.8246441, -1.3781924, -0.49293396, 1.986916, -0.45392125, -0.14185794],
    [-1.887476, -1.3634314, -0.47340054, 2.0381124, -0.47469104, -0.1483487],
    [-1.9503078, -1.3486704, -0.45386712, 2.0893088, -0.49546084, -0.15483946],
    [-2.0131397, -1.3339093, -0.43433371, 2.1405053, -0.51623064, -0.16133022],
    [-2.0759715, -1.3191483, -0.41480029, 2.1917017, -0.53700043, -0.16782098],
    [-2.1388034, -1.3043873, -0.39526687, 2.2428981, -0.55777023, -0.17431173],
    [-2.2016352, -1.2896262, -0.37573345, 2.2940946, -0.57854003, -0.18080249],
    [-2.2644671, -1.2748652, -0.35620004, 2.345291, -0.59930982, -0.18729325],
    [-2.327299, -1.2601042, -0.33666662, 2.3964874, -0.62007962, -0.19378401],
    [-2.3901308, -1.2453432, -0.3171332, 2.4476839, -0.64084942, -0.20027477],
    [-2.4529627, -1.2305821, -0.29759978, 2.4988803, -0.66161921, -0.20676553],
    [-2.5157945, -1.2158211, -0.27806636, 2.5500768, -0.68238901, -0.21325629],
    [-2.5786264, -1.2010601, -0.25853295, 2.6012732, -0.70315881, -0.21974705],
    [-2.6414582, -1.186299, -0.23899953, 2.6524696, -0.7239286, -0.22623781],
    [-2.7042901, -1.171538, -0.21946611, 2.7036661, -0.7446984, -0.23272857],
    [-2.7671219, -1.156777, -0.19993269, 2.7548625, -0.7654682, -0.23921932],
    [-2.8299538, -1.1420159, -0.18039928, 2.8060589, -0.786238, -0.24571008],
    [-2.8927856, -1.1272549, -0.16086586, 2.8572554, -0.80700779, -0.25220084],
    [-2.9556175, -1.1124939, -0.14133244, 2.9084518, -0.82777759, -0.2586916],
    [-3.0184493, -1.0977329, -0.12179902, 2.9596482, -0.84854739, -0.26518236],
    [-3.0812812, -1.0829718, -0.1022656, 3.0108447, -0.86931718, -0.27167312],
    [-3.144113, -1.0682108, -0.082732187, 3.0620411, -0.89008698, -0.27816388],
    [-3.2069449, -1.0534498, -0.063198769, 3.1132375, -0.91085678, -0.28465464],
    [-3.2697767, -1.0386887, -0.043665352, 3.164434, -0.93162657, -0.2911454],
    [-3.3326086, -1.0239277, -0.024131934, 3.2156304, -0.95239637, -0.29763616],
    [-3.3954405, -1.0091667, -0.0045985161, 3.2668269, -0.97316617, -0.30412691],
    [-3.4582723, -0.99440564, 0.014934902, 3.3180233, -0.99393596, -0.31061767],
    [-3.5211042, -0.97964461, 0.034468319, 3.3692197, -1.0147058, -0.31710843],
    [-3.583936, -0.96488358, 0.054001737, 3.4204162, -1.0354756, -0.32359919],
    [-3.6467679, -0.95012255, 0.073535155, 3.4716126, -1.0562454, -0.33008995],
    [-3.7095997, -0.93536151, 0.093068573, 3.522809, -1.0770152, -0.33658071],
    [-3.7724316, -0.92060048, 0.11260199, 3.5740055, -1.0977849, -0.34307147],
    [-3.8352634, -0.90583945, 0.13213541, 3.6252019, -1.1185547, -0.34956223],
    [-3.8980953, -0.89107842, 0.15166883, 3.6763983, -1.1393245, -0.35605299],
    [-3.9609271, -0.87631739, 0.17120224, 3.7275948, -1.1600943, -0.36254375],
    [-4.023759, -0.86155636, 0.19073566, 3.7787912, -1.1808641, -0.3690345],
    [-4.0865908, -0.84679533, 0.21026908, 3.8299876, -1.2016339, -0.37552526],
    [-4.1494227, -0.8320343, 0.2298025, 3.8811841, -1.2224037, -0.38201602],
    [-4.2122545, -0.81727327, 0.24933591, 3.9323805, -1.2431735, -0.38850678],
    [-4.2750864, -0.80251224, 0.26886933, 3.983577, -1.2639433, -0.39499754],
    [-4.3379183, -0.78775121, 0.28840275, 4.0347734, -1.2847131, -0.4014883],
    [-4.4007501, -0.77299018, 0.30793617, 4.0859698, -1.3054829, -0.40797906],
    [-4.463582, -0.75822915, 0.32746959, 4.1371663, -1.3262527, -0.41446982],
    [-4.5264138, -0.74346812, 0.347003, 4.1883627, -1.3470225, -0.42096058],
    [-4.5892457, -0.72870709, 0.36653642, 4.2395591, -1.3677923, -0.42745134],
    [-4.6520775, -0.71394606, 0.38606984, 4.2907556, -1.3885621, -0.43394209],
    [-4.7149094, -0.69918503, 0.40560326, 4.341952, -1.4093319, -0.44043285],
    [-4.7777412, -0.68442399, 0.42513667, 4.3931484, -1.4301017, -0.44692361],
    [-4.8405731, -0.66966296, 0.44467009, 4.4443449, -1.4508715, -0.45341437],
    [-4.9034049, -0.65490193, 0.46420351, 4.4955413, -1.4716413, -0.45990513],
    [-4.9662368, -0.6401409, 0.48373693, 4.5467377, -1.4924111, -0.46639589],
    [-5.028353, -0.625548, 0.50304786, 4.597351, -1.5129443, -0.47281272],
    [-5.0824015, -0.61285042, 0.51985069, 4.6413907, -1.5308107, -0.47839613],
    [-5.1264501, -0.60250214, 0.53354468, 4.6772822, -1.5453714, -0.48294651],
    [-5.1604986, -0.59450314, 0.54412983, 4.7050255, -1.5566266, -0.48646385],
    [-5.1845472, -0.58885343, 0.55160614, 4.7246207, -1.5645761, -0.48894815],
    [-5.1985958, -0.58555302, 0.55597361, 4.7360677, -1.56922, -0.49039942],
    [-5.2026896, -0.58459126, 0.55724632, 4.7394034, -1.5705733, -0.49082232]
  ]
}
