{
  "iteration": 44,
  "label": "pre_pick",
  "planning_time_ms": 127.9596,
  "scene": {
    "block_x": 0.21992382,
    "block_y": 0.38492507,
    "bin_x": 0.38102069,
    "bin_y": 0.39282853
  },
  "joint_names": ["shoulder_pan_joint", "shoulder_lift_joint", "elbow_joint", "wrist_1_joint", "wrist_2_joint", "wrist_3_joint"],
  "start_joints": [-0.45130788, -1.7008164, -0.92053513, 0.86866376, 7.208406e-05, -0.00048517143],
  "goal_joints": [4.4932703, -3.3367745, 1.26928, -2.6441693, 1.5717005, -0.21849571],
  "num_waypoints": 86,
  "trajectory": [
    [-0.45130788, -1.7008164, -0.92053513, 0.86866376, 7.208406e-05, -0.00048517143],
    [-0.44630788, -1.7024707, -0.91832077, 0.86511155, 0.0016613283, -0.00070562557],
    [-0.43130788, -1.7074335, -0.91167769, 0.85445493, 0.006429061, -0.001366988],
    [-0.40630788, -1.715705, -0.90060589, 0.83669389, 0.014375282, -0.0024692587],
    [-0.37130788, -1.7272851, -0.88510537, 0.81182844, 0.025499992, -0.0040124376],
    [-0.32630788, -1.7421737, -0.86517613, 0.77985858, 0.03980319, -0.0059965249],
    [-0.27130788, -1.760371, -0.84081817, 0.7407843, 0.057284877, -0.0084215204],
    [-0.2088771, -1.7810268, -0.81316933, 0.69643089, 0.077128426, -0.011174145],
    [-0.14604525, -1.8018153, -0.78534286, 0.65179254, 0.097099458, -0.013944453],
    [-0.083213396, -1.8226037, -0.7575164, 0.60715419, 0.11707049, -0.016714762],
    [-0.020381543, -1.8433922, -0.72968993, 0.56251584, 0.13704152, -0.01948507],
    [0.04245031, -1.8641807, -0.70186346, 0.51787749, 0.15701255, -0.022255379],
    [0.10528216, -1.8849692, -0.67403699, 0.47323914, 0.17698359, -0.025025687],
    [0.16811402, -1.9057577, -0.64621053, 0.42860079, 0.19695462, -0.027795995],
    [0.23094587, -1.9265461, -0.61838406, 0.38396244, 0.21692565, -0.030566304],
    [0.29377772, -1.9473346, -0.59055759, 0.33932409, 0.23689668, -0.033336612],
    [0.35660958, -1.9681231, -0.56273112, 0.29468574, 0.25686771, -0.036106921],
    [0.41944143, -1.9889116, -0.53490466, 0.25004739, 0.27683875, -0.038877229],
    [0.48227328, -2.0097001, -0.50707819, 0.20540904, 0.29680978, -0.041647537],
    [0.54510513, -2.0304886, -0.47925172, 0.16077069, 0.31678081, -0.044417846],
    [0.60793699, -2.051277, -0.45142525, 0.11613234, 0.33675184, -0.047188154],
    [0.67076884, -2.0720655, -0.42359879, 0.07149399, 0.35672288, -0.049958463],
    [0.73360069, -2.092854, -0.39577232, 0.02685564, 0.37669391, -0.052728771],
    [0.79643255, -2.1136425, -0.36794585, -0.017782711, 0.39666494, -0.05549908],
    [0.8592644, -2.134431, -0.34011938, -0.062421061, 0.41663597, -0.058269388],
    [0.92209625, -2.1552195, -0.31229292, -0.10705941, 0.436607, -0.061039696],
    [0.98492811, -2.1760079, -0.28446645, -0.15169776, 0.45657804, -0.063810005],
    [1.04776, -2.1967964, -0.25663998, -0.19633611, 0.47654907, -0.066580313],
    [1.1105918, -2.2175849, -0.22881351, -0.24097446, 0.4965201, -0.069350622],
    [1.1734237, -2.2383734, -0.20098705, -0.28561281, 0.51649113, -0.07212093],
    [1.2362555, -2.2591619, -0.17316058, -0.33025116, 0.53646216, -0.074891238],
    [1.2990874, -2.2799504, -0.14533411, -0.37488951, 0.5564332, -0.077661547],
    [1.3619192, -2.3007388, -0.11750764, -0.41952786, 0.57640423, -0.080431855],
    [1.4247511, -2.3215273, -0.089681176, -0.46416621, 0.59637526, -0.083202164],
    [1.4875829, -2.3423158, -0.061854708, -0.50880456, 0.61634629, -0.085972472],
    [1.5504148, -2.3631043, -0.034028241, -0.55344291, 0.63631732, -0.08874278],
    [1.6132466, -2.3838928, -0.0062017734, -0.59808126, 0.65628836, -0.091513089],
    [1.6760785, -2.4046813, 0.021624694, -0.64271961, 0.67625939, -0.094283397],
    [1.7389103, -2.4254697, 0.049451162, -0.68735797, 0.69623042, -0.097053706],
    [1.8017422, -2.4462582, 0.077277629, -0.73199632, 0.71620145, -0.099824014],
    [1.864574, -2.4670467, 0.1051041, -0.77663467, 0.73617248, -0.10259432],
    [1.9274059, -2.4878352, 0.13293056, -0.82127302, 0.75614352, -0.10536463],
    [1.9902378, -2.5086237, 0.16075703, -0.86591137, 0.77611455, -0.10813494],
    [2.0530696, -2.5294122, 0.1885835, -0.91054972, 0.79608558, -0.11090525],
    [2.1159015, -2.5502006, 0.21640997, -0.95518807, 0.81605661, -0.11367556],
    [2.1787333, -2.5709891, 0.24423643, -0.99982642, 0.83602764, -0.11644586],
    [2.2415652, -2.5917776, 0.2720629, -1.0444648, 0.85599868, -0.11921617],
    [2.304397, -2.6125661, 0.29988937, -1.0891031, 0.87596971, -0.12198648],
    [2.3672289, -2.6333546, 0.32771584, -1.1337415, 0.89594074, -0.12475679],
    [2.4300607, -2.6541431, 0.3555423, -1.1783798, 0.91591177, -0.1275271],
    [2.4928926, -2.6749315, 0.38336877, -1.2230182, 0.93588281, -0.13029741],
    [2.5557244, -2.69572, 0.41119524, -1.2676565, 0.95585384, -0.13306772],
    [2.6185563, -2.7165085, 0.43902171, -1.3122949, 0.97582487, -0.13583802],
    [2.6813881, -2.737297, 0.46684817, -1.3569332, 0.9957959, -0.13860833],
    [2.74422, -2.7580855, 0.49467464, -1.4015716, 1.0157669, -0.14137864],
    [2.8070518, -2.778874, 0.52250111, -1.4462099, 1.035738, -0.14414895],
    [2.8698837, -2.7996624, 0.55032758, -1.4908483, 1.055709, -0.14691926],
    [2.9327156, -2.8204509, 0.57815404, -1.5354866, 1.07568, -0.14968957],
    [2.9955474, -2.8412394, 0.60598051, -1.580125, 1.0956511, -0.15245987],
    [3.0583793, -2.8620279, 0.63380698, -1.6247633, 1.1156221, -0.15523018],
    [3.1212111, -2.8828164, 0.66163345, -1.6694017, 1.1355931, -0.15800049],
    [3.184043, -2.9036049, 0.68945991, -1.71404, 1.1555642, -0.1607708],
    [3.2468748, -2.9243933, 0.71728638, -1.7586784, 1.1755352, -0.16354111],
    [3.3097067, -2.9451818, 0.74511285, -1.8033167, 1.1955062, -0.16631142],
    [3.3725385, -2.9659703, 0.77293932, -1.8479551, 1.2154773, -0.16908172],
    [3.4353704, -2.9867588, 0.80076578, -1.8925934, 1.2354483, -0.17185203],
    [3.4982022, -3.0075473, 0.82859225, -1.9372318, 1.2554193, -0.17462234],
    [3.5610341, -3.0283358, 0.85641872, -1.9818701, 1.2753904, -0.17739265],
    [3.6238659, -3.0491242, 0.88424519, -2.0265085, 1.2953614, -0.18016296],
    [3.6866978, -3.0699127, 0.91207165, -2.0711468, 1.3153324, -0.18293327],
    [3.7495296, -3.0907012, 0.93989812, -2.1157852, 1.3353034, -0.18570357],
    [3.8123615, -3.1114897, 0.96772459, -2.1604235, 1.3552745, -0.18847388],
    [3.8751933, -3.1322782, 0.99555106, -2.2050619, 1.3752455, -0.19124419],
    [3.9380252, -3.1530667, 1.0233775, -2.2497002, 1.3952165, -0.1940145],
    [4.0008571, -3.1738551, 1.051204, -2.2943386, 1.4151876, -0.19678481],
    [4.0636889, -3.1946436, 1.0790305, -2.3389769, 1.4351586, -0.19955512],
    [4.1265208, -3.2154321, 1.1068569, -2.3836153, 1.4551296, -0.20232543],
    [4.1893526, -3.2362206, 1.1346834, -2.4282536, 1.4751007, -0.20509573],
    [4.2521845, -3.2570091, 1.1625099, -2.472892, 1.4950717, -0.20786604],
    [4.3145524, -3.2776441, 1.1901309, -2.5172008, 1.5148953, -0.2106159],
    [4.3693384, -3.2957705, 1.214394, -2.556123, 1.5323089, -0.21303145],
    [4.4141243, -3.3105883, 1.2342285, -2.5879407, 1.5465441, -0.2150061],
    [4.4489102, -3.3220976, 1.2496342, -2.6126541, 1.5576008, -0.21653984],
    [4.4736961, -3.3302982, 1.2606112, -2.630263, 1.5654789, -0.21763267],
    [4.488482, -3.3351903, 1.2671594, -2.6407676, 1.5701786, -0.2182846],
    [4.4932703, -3.3367745, 1.26928, -2.6441693, 1.5717005, -0.21849571]
  ]
}
