{
  "iteration": 797,
  "label": "pre_pick",
  "planning_time_ms": 38.324141,
  "scene": {
    "block_x": 0.22705395,
    "block_y": 0.45672885,
    "bin_x": 0.16499918,
    "bin_y": 0.27437732
  },
  "joint_names": ["shoulder_pan_joint", "shoulder_lift_joint", "elbow_joint", "wrist_1_joint", "wrist_2_joint", "wrist_3_joint"],
  "start_joints": [-0.45134682, -1.7008834, -0.91991257, 0.8678559, -4.6374393e-05, -6.256646e-05],
  "goal_joints": [4.5126983, -2.5317995, -0.60615773, -1.5750109, -4.71217, -0.20000339],
  "num_waypoints": 102,
  "trajectory": [
    [-0.45134682, -1.7008834, -0.91991257, 0.8678559, -4.6374393e-05, -6.256646e-05],
    [-0.45365286, -1.7014534, -0.91911358, 0.86404802, -0.0050463744, -0.00030204778],
    [-0.46057096, -1.7031633, -0.91671663, 0.85262439, -0.020046374, -0.0010204918],
    [-0.47210113, -1.7060131, -0.9127217, 0.83358501, -0.045046374, -0.0022178984],
    [-0.48824338, -1.7100029, -0.90712879, 0.80692988, -0.080046374, -0.0038942676],
    [-0.50899769, -1.7151326, -0.89993792, 0.772659, -0.12504637, -0.0060495996],
    [-0.53436407, -1.7214023, -0.89114908, 0.73077237, -0.18004637, -0.008683894],
    [-0.5643133, -1.7288046, -0.88077238, 0.68131822, -0.24498302, -0.011794117],
    [-0.59355768, -1.7360327, -0.8706399, 0.63302797, -0.30839141, -0.014831142],
    [-0.61819, -1.742121, -0.86210539, 0.59235347, -0.36179979, -0.017389204],
    [-0.63821024, -1.7470692, -0.85516886, 0.55929473, -0.40520817, -0.019468303],
    [-0.65341114, -1.7509524, -0.84977753, 0.53354225, -0.43911509, -0.02109074],
    [-0.66001919, -1.755064, -0.84503876, 0.50981662, -0.47208035, -0.022638639],
    [-0.6566275, -1.7597192, -0.84078492, 0.48701381, -0.50603824, -0.024196348],
    [-0.64323649, -1.7647155, -0.83721609, 0.4661806, -0.53946613, -0.025693476],
    [-0.61984718, -1.7698369, -0.83454557, 0.44843311, -0.57074045, -0.027054964],
    [-0.58646075, -1.7750322, -0.83282394, 0.43403619, -0.59947568, -0.028262994],
    [-0.54307493, -1.7814711, -0.83089536, 0.41694236, -0.63446824, -0.029724234],
    [-0.48968911, -1.7893941, -0.82852227, 0.39590858, -0.67752623, -0.031522276],
    [-0.42784573, -1.7985722, -0.82577323, 0.37154255, -0.72740561, -0.03360517],
    [-0.36501388, -1.8078971, -0.82298025, 0.34678706, -0.77808224, -0.035721355],
    [-0.30218202, -1.817222, -0.82018727, 0.32203158, -0.82875888, -0.037837541],
    [-0.23935017, -1.8265469, -0.81739429, 0.29727609, -0.87943551, -0.039953727],
    [-0.17651832, -1.8358718, -0.8146013, 0.27252061, -0.93011214, -0.042069912],
    [-0.11368646, -1.8451967, -0.81180832, 0.24776513, -0.98078877, -0.044186098],
    [-0.050854611, -1.8545216, -0.80901534, 0.22300964, -1.0314654, -0.046302283],
    [0.011977242, -1.8638465, -0.80622236, 0.19825416, -1.082142, -0.048418469],
    [0.074809095, -1.8731714, -0.80342938, 0.17349867, -1.1328187, -0.050534655],
    [0.13764095, -1.8824963, -0.8006364, 0.14874319, -1.1834953, -0.05265084],
    [0.2004728, -1.8918211, -0.79784341, 0.12398771, -1.2341719, -0.054767026],
    [0.26330465, -1.901146, -0.79505043, 0.099232222, -1.2848486, -0.056883212],
    [0.32613651, -1.9104709, -0.79225745, 0.074476738, -1.3355252, -0.058999397],
    [0.38896836, -1.9197958, -0.78946447, 0.049721254, -1.3862018, -0.061115583],
    [0.45180021, -1.9291207, -0.78667149, 0.02496577, -1.4368784, -0.063231769],
    [0.51463207, -1.9384456, -0.78387851, 0.00021028636, -1.4875551, -0.065347954],
    [0.57746392, -1.9477705, -0.78108552, -0.024545198, -1.5382317, -0.06746414],
    [0.64029577, -1.9570954, -0.77829254, -0.049300682, -1.5889083, -0.069580325],
    [0.70312763, -1.9664203, -0.77549956, -0.074056166, -1.639585, -0.071696511],
    [0.76595948, -1.9757451, -0.77270658, -0.09881165, -1.6902616, -0.073812697],
    [0.82879133, -1.98507, -0.7699136, -0.12356713, -1.7409382, -0.075928882],
    [0.89162318, -1.9943949, -0.76712062, -0.14832262, -1.7916149, -0.078045068],
    [0.95445504, -2.0037198, -0.76432763, -0.1730781, -1.8422915, -0.080161254],
    [1.0172869, -2.0130447, -0.76153465, -0.19783359, -1.8929681, -0.082277439],
    [1.0801187, -2.0223696, -0.75874167, -0.22258907, -1.9436448, -0.084393625],
    [1.1429506, -2.0316945, -0.75594869, -0.24734455, -1.9943214, -0.08650981],
    [1.2057825, -2.0410194, -0.75315571, -0.27210004, -2.044998, -0.088625996],
    [1.2686143, -2.0503443, -0.75036273, -0.29685552, -2.0956746, -0.090742182],
    [1.3314462, -2.0596692, -0.74756974, -0.32161101, -2.1463513, -0.092858367],
    [1.394278, -2.068994, -0.74477676, -0.34636649, -2.1970279, -0.094974553],
    [1.4571099, -2.0783189, -0.74198378, -0.37112197, -2.2477045, -0.097090739],
    [1.5199417, -2.0876438, -0.7391908, -0.39587746, -2.2983812, -0.099206924],
    [1.5827736, -2.0969687, -0.73639782, -0.42063294, -2.3490578, -0.10132311],
    [1.6456054, -2.1062936, -0.73360483, -0.44538843, -2.3997344, -0.1034393],
    [1.7084373, -2.1156185, -0.73081185, -0.47014391, -2.4504111, -0.10555548],
    [1.7712691, -2.1249434, -0.72801887, -0.49489939, -2.5010877, -0.10767167],
    [1.834101, -2.1342683, -0.72522589, -0.51965488, -2.5517643, -0.10978785],
    [1.8969328, -2.1435932, -0.72243291, -0.54441036, -2.602441, -0.11190404],
    [1.9597647, -2.152918, -0.71963993, -0.56916585, -2.6531176, -0.11402022],
    [2.0225965, -2.1622429, -0.71684694, -0.59392133, -2.7037942, -0.11613641],
    [2.0854284, -2.1715678, -0.71405396, -0.61867681, -2.7544708, -0.11825259],
    [2.1482602, -2.1808927, -0.71126098, -0.6434323, -2.8051475, -0.12036878],
    [2.2110921, -2.1902176, -0.708468, -0.66818778, -2.8558241, -0.12248497],
    [2.273924, -2.1995425, -0.70567502, -0.69294327, -2.9065007, -0.12460115],
    [2.3367558, -2.2088674, -0.70288204, -0.71769875, -2.9571774, -0.12671734],
    [2.3995877, -2.2181923, -0.70008905, -0.74245423, -3.007854, -0.12883352],
    [2.4624195, -2.2275172, -0.69729607, -0.76720972, -3.0585306, -0.13094971],
    [2.5252514, -2.236842, -0.69450309, -0.7919652, -3.1092073, -0.13306589],
    [2.5880832, -2.2461669, -0.69171011, -0.81672069, -3.1598839, -0.13518208],
    [2.6509151, -2.2554918, -0.68891713, -0.84147617, -3.2105605, -0.13729827],
    [2.7137469, -2.2648167, -0.68612415, -0.86623165, -3.2612372, -0.13941445],
    [2.7765788, -2.2741416, -0.68333116, -0.89098714, -3.3119138, -0.14153064],
    [2.8394106, -2.2834665, -0.68053818, -0.91574262, -3.3625904, -0.14364682],
    [2.9022425, -2.2927914, -0.6777452, -0.94049811, -3.4132671, -0.14576301],
    [2.9650743, -2.3021163, -0.67495222, -0.96525359, -3.4639437, -0.14787919],
    [3.0279062, -2.3114412, -0.67215924, -0.99000907, -3.5146203, -0.14999538],
    [3.090738, -2.3207661, -0.66936626, -1.0147646, -3.5652969, -0.15211156],
    [3.1535699, -2.3300909, -0.66657327, -1.03952, -3.6159736, -0.15422775],
    [3.2164017, -2.3394158, -0.66378029, -1.0642755, -3.6666502, -0.15634394],
    [3.2792336, -2.3487407, -0.66098731, -1.089031, -3.7173268, -0.15846012],
    [3.3420655, -2.3580656, -0.65819433, -1.1137865, -3.7680035, -0.16057631],
    [3.4048973, -2.3673905, -0.65540135, -1.138542, -3.8186801, -0.16269249],
    [3.4677292, -2.3767154, -0.65260837, -1.1632975, -3.8693567, -0.16480868],
    [3.530561, -2.3860403, -0.64981538, -1.1880529, -3.9200334, -0.16692486],
    [3.5933929, -2.3953652, -0.6470224, -1.2128084, -3.97071, -0.16904105],
    [3.6562247, -2.4046901, -0.64422942, -1.2375639, -4.0213866, -0.17115724],
    [3.7190566, -2.4140149, -0.64143644, -1.2623194, -4.0720633, -0.17327342],
    [3.7818884, -2.4233398, -0.63864346, -1.2870749, -4.1227399, -0.17538961],
    [3.8447203, -2.4326647, -0.63585048, -1.3118304, -4.1734165, -0.17750579],
    [3.9075521, -2.4419896, -0.63305749, -1.3365859, -4.2240931, -0.17962198],
    [3.970384, -2.4513145, -0.63026451, -1.3613413, -4.2747698, -0.18173816],
    [4.0332158, -2.4606394, -0.62747153, -1.3860968, -4.3254464, -0.18385435],
    [4.0960477, -2.4699643, -0.62467855, -1.4108523, -4.376123, -0.18597053],
