{
  "iteration": 633,
  "label": "pre_pick",
  "planning_time_ms": 39.243741,
  "scene": {
    "block_x": 0.18493648,
    "block_y": 0.37566395,
    "bin_x": 0.31672708,
    "bin_y": 0.25283835
  },
  "joint_names": ["shoulder_pan_joint", "shoulder_lift_joint", "elbow_joint", "wrist_1_joint", "wrist_2_joint", "wrist_3_joint"],
  "start_joints": [-0.45123233, -1.7009138, -0.91990055, 0.86800003, -8.3627151e-05, 1.5341926e-05],
  "goal_joints": [-1.7095465, -2.0629718, -1.4349959, 5.0689187, 1.570528, -0.13948768],
  "num_waypoints": 47,
  "trajectory": [
    [-0.45123233, -1.7009138, -0.91990055, 0.86800003, -8.3627151e-05, 1.5341926e-05],
    [-0.45273, -1.7013447, -0.92051363, 0.87300003, 0.0017857397, -0.00015069678],
    [-0.457223, -1.7026375, -0.92235285, 0.88800003, 0.0073938404, -0.0006488129],
    [-0.46471132, -1.7047921, -0.92541822, 0.91300003, 0.016740675, -0.0014790064],
    [-0.47519498, -1.7078086, -0.92970975, 0.94800003, 0.029826243, -0.0026412774],
    [-0.48867397, -1.711687, -0.93522742, 0.99300003, 0.046650545, -0.0041356257],
    [-0.50514829, -1.7164272, -0.94197124, 1.048, 0.067213581, -0.0059620515],
    [-0.52461794, -1.7220292, -0.94994121, 1.113, 0.09151535, -0.0081205546],
    [-0.54708292, -1.7284931, -0.95913733, 1.188, 0.11955585, -0.010611135],
    [-0.57254323, -1.7358189, -0.9695596, 1.273, 0.15133509, -0.013433793],
    [-0.60099888, -1.7440065, -0.98120801, 1.368, 0.18685306, -0.016588528],
    [-0.63244985, -1.753056, -0.99408258, 1.473, 0.22610976, -0.020075341],
    [-0.66689615, -1.7629673, -1.0081833, 1.588, 0.2691052, -0.023894231],
    [-0.70405614, -1.7736594, -1.0233949, 1.7120597, 0.31548783, -0.028013974],
    [-0.74169658, -1.7844898, -1.0388031, 1.8377234, 0.36247014, -0.032186982],
    [-0.77933702, -1.7953202, -1.0542114, 1.9633871, 0.40945245, -0.03635999],
    [-0.81697746, -1.8061506, -1.0696196, 2.0890509, 0.45643477, -0.040532998],
    [-0.85461789, -1.816981, -1.0850279, 2.2147146, 0.50341708, -0.044706006],
    [-0.89225833, -1.8278113, -1.1004361, 2.3403783, 0.5503994, -0.048879013],
    [-0.92989877, -1.8386417, -1.1158443, 2.466042, 0.59738171, -0.053052021],
    [-0.96753921, -1.8494721, -1.1312526, 2.5917057, 0.64436402, -0.057225029],
    [-1.0051796, -1.8603025, -1.1466608, 2.7173694, 0.69134634, -0.061398037],
    [-1.0428201, -1.8711329, -1.1620691, 2.8430331, 0.73832865, -0.065571045],
    [-1.0804605, -1.8819632, -1.1774773, 2.9686968, 0.78531097, -0.069744052],
    [-1.118101, -1.8927936, -1.1928856, 3.0943605, 0.83229328, -0.07391706],
    [-1.1557414, -1.903624, -1.2082938, 3.2200242, 0.87927559, -0.078090068],
    [-1.1933818, -1.9144544, -1.2237021, 3.3456879, 0.92625791, -0.082263076],
    [-1.2310223, -1.9252848, -1.2391103, 3.4713516, 0.97324022, -0.086436084],
    [-1.2686627, -1.9361152, -1.2545186, 3.5970153, 1.0202225, -0.090609092],
    [-1.3063031, -1.9469455, -1.2699268, 3.722679, 1.0672049, -0.094782099],
    [-1.3439436, -1.9577759, -1.2853351, 3.8483427, 1.1141872, -0.098955107],
    [-1.381584, -1.9686063, -1.3007433, 3.9740064, 1.1611695, -0.10312811],
    [-1.4192245, -1.9794367, -1.3161515, 4.0996701, 1.2081518, -0.10730112],
    [-1.4568649, -1.9902671, -1.3315598, 4.2253339, 1.2551341, -0.11147413],
    [-1.4940185, -2.0009574, -1.3467687, 4.3493722, 1.3015087, -0.11559316],
    [-1.5284535, -2.0108654, -1.3608648, 4.4643344, 1.3444901, -0.1194108],
    [-1.5598931, -2.0199116, -1.3737348, 4.5692966, 1.3837326, -0.12289636],
    [-1.5883374, -2.028096, -1.3853785, 4.6642588, 1.4192365, -0.12604984],
    [-1.6137864, -2.0354185, -1.3957962, 4.749221, 1.4510016, -0.12887124],
    [-1.6362401, -2.0418791, -1.4049877, 4.8241832, 1.4790279, -0.13136057],
    [-1.6556984, -2.0474779, -1.412953, 4.8891454, 1.5033156, -0.13351781],
    [-1.6721614, -2.0522149, -1.4196922, 4.9441076, 1.5238645, -0.13534298],
    [-1.6856291, -2.05609, -1.4252052, 4.9890698, 1.5406747, -0.13683608],
    [-1.6961014, -2.0591032, -1.4294921, 5.024032, 1.5537461, -0.13799709],
    [-1.7035784, -2.0612546, -1.4325529, 5.0489943, 1.5630788, -0.13882603],
    [-1.7080601, -2.0625441, -1.4343874, 5.0639565, 1.5686728, -0.13932289],
    [-1.7095465, -2.0629718, -1.4349959, 5.0689187, 1.570528, -0.13948768]
  ]
}
