{
  "iteration": 465,
  "label": "pre_pick",
  "planning_time_ms": 62.428314,
  "scene": {
    "block_x": 0.21333364,
    "block_y": 0.43525659,
    "bin_x": 0.22817086,
    "bin_y": 0.31169339
  },
  "joint_names": ["shoulder_pan_joint", "shoulder_lift_joint", "elbow_joint", "wrist_1_joint", "wrist_2_joint", "wrist_3_joint"],
  "start_joints": [-0.45120768, -1.7008331, -0.91988112, 0.86777512, -9.2147186e-05, 1.9409152e-05],
  "goal_joints": [-1.7519175, -2.3684188, -0.91353867, -1.4298918, 1.5712439, -0.1810593],
  "num_waypoints": 33,
  "trajectory": [
    [-0.45120768, -1.7008331, -0.91988112, 0.86777512, -9.2147186e-05, 1.9409152e-05],
    [-0.45403818, -1.7022858, -0.91986732, 0.86277512, 0.0033272693, -0.00037463993],
    [-0.46252969, -1.7066441, -0.91982592, 0.84777512, 0.013585519, -0.0015567872],
    [-0.47668219, -1.7139078, -0.91975691, 0.82277512, 0.030682601, -0.0035270326],
    [-0.4964957, -1.724077, -0.91966029, 0.78777512, 0.054618517, -0.0062853762],
    [-0.52197021, -1.7371518, -0.91953608, 0.74277512, 0.085393266, -0.009831818],
    [-0.55310573, -1.753132, -0.91938425, 0.68777512, 0.12300685, -0.014166358],
    [-0.58990224, -1.7720177, -0.91920483, 0.62277512, 0.16745926, -0.019288996],
    [-0.63235976, -1.7938089, -0.9189978, 0.54777513, 0.2187505, -0.025199732],
    [-0.68047828, -1.8185056, -0.91876317, 0.46277514, 0.27688058, -0.031898566],
    [-0.73425779, -1.8461078, -0.91850093, 0.36777515, 0.34184949, -0.039385497],
    [-0.79369831, -1.8766154, -0.91821109, 0.26277517, 0.41365722, -0.047660527],
    [-0.85650233, -1.9088494, -0.91790485, 0.15183365, 0.48952828, -0.056403808],
    [-0.91933419, -1.9410977, -0.91759847, 0.040842965, 0.56543295, -0.065150963],
    [-0.98216604, -1.973346, -0.91729209, -0.070147716, 0.64133762, -0.073898118],
    [-1.0449979, -2.0055943, -0.91698571, -0.1811384, 0.7172423, -0.082645274],
    [-1.1078297, -2.0378425, -0.91667934, -0.29212908, 0.79314697, -0.091392429],
    [-1.1706616, -2.0700908, -0.91637296, -0.40311976, 0.86905164, -0.10013958],
    [-1.2334935, -2.1023391, -0.91606658, -0.51411044, 0.94495632, -0.10888674],
    [-1.2963253, -2.1345873, -0.9157602, -0.62510112, 1.020861, -0.11763389],
    [-1.3591572, -2.1668356, -0.91545382, -0.7360918, 1.0967657, -0.12638105],
    [-1.4217367, -2.1989544, -0.91514868, -0.8466368, 1.1723655, -0.13509308],
    [-1.4800479, -2.2288825, -0.91486434, -0.94964189, 1.242809, -0.14321089],
    [-1.5326981, -2.255905, -0.91460761, -1.042647, 1.3064136, -0.15054061],
    [-1.5796873, -2.2800221, -0.91437849, -1.1256521, 1.3631794, -0.15708222],
    [-1.6210155, -2.3012337, -0.91417696, -1.1986572, 1.4131064, -0.16283574],
    [-1.6566827, -2.3195398, -0.91400304, -1.2616623, 1.4561945, -0.16780116],
    [-1.6866889, -2.3349404, -0.91385673, -1.3146674, 1.4924438, -0.17197848],
    [-1.7110341, -2.3474355, -0.91373802, -1.3576725, 1.5218543, -0.17536771],
    [-1.7297183, -2.3570251, -0.91364691, -1.3906775, 1.5444259, -0.17796883],
    [-1.7427415, -2.3637092, -0.91358341, -1.4136826, 1.5601587, -0.17978186],
    [-1.7501037, -2.3674878, -0.91354751, -1.4266877, 1.5690527, -0.18080679],
    [-1.7519175, -2.3684188, -0.91353867, -1.4298918, 1.5712439, -0.1810593]
  ]
}
