{
  "iteration": 801,
  "label": "pre_pick",
  "planning_time_ms": 63.659169,
  "scene": {
    "block_x": 0.12033824,
    "block_y": 0.43756391,
    "bin_x": 0.12226939,
    "bin_y": 0.29261585
  },
  "joint_names": ["shoulder_pan_joint", "shoulder_lift_joint", "elbow_joint", "wrist_1_joint", "wrist_2_joint", "wrist_3_joint"],
  "start_joints": [-0.45136304, -1.7008346, -0.92021152, 0.868284, -5.0682751e-05, -0.00024057066],
  "goal_joints": [-1.5443567, -3.3117318, 1.1879417, -2.5878028, 1.5708009, 0.025893129],
  "num_waypoints": 45,
  "trajectory": [
    [-0.45136304, -1.7008346, -0.92021152, 0.868284, -5.0682751e-05, -0.00024057066],
    [-0.4529443, -1.7031651, -0.91716161, 0.863284, 0.0022219043, -0.00020276244],
    [-0.45768808, -1.7101567, -0.90801187, 0.848284, 0.0090396654, -8.9337773e-05],
    [-0.46559437, -1.7218093, -0.8927623, 0.823284, 0.020402601, 9.970334e-05],
    [-0.47666319, -1.738123, -0.8714129, 0.788284, 0.03631071, 0.0003643609],
    [-0.49089452, -1.7590977, -0.84396368, 0.743284, 0.056763993, 0.0007046349],
    [-0.50828837, -1.7847334, -0.81041463, 0.688284, 0.081762451, 0.0011205253],
    [-0.52884473, -1.8150302, -0.77076576, 0.623284, 0.11130608, 0.0016120322],
    [-0.55256361, -1.849988, -0.72501706, 0.54828402, 0.14539488, 0.0021791554],
    [-0.57944501, -1.8896069, -0.67316854, 0.46328403, 0.18402885, 0.0028218951],
    [-0.60948893, -1.9338868, -0.61522019, 0.36828406, 0.22720799, 0.0035402511],
    [-0.64192183, -1.9816877, -0.552664, 0.26573002, 0.27382059, 0.0043157283],
    [-0.67449765, -2.0296992, -0.48983215, 0.16272407, 0.32063859, 0.0050946227],
    [-0.70707347, -2.0777107, -0.4270003, 0.059718111, 0.36745659, 0.0058735171],
    [-0.73964929, -2.1257222, -0.36416845, -0.043287844, 0.41427459, 0.0066524115],
    [-0.7722251, -2.1737338, -0.30133659, -0.1462938, 0.46109259, 0.007431306],
    [-0.80480092, -2.2217453, -0.23850474, -0.24929975, 0.50791059, 0.0082102004],
    [-0.83737674, -2.2697568, -0.17567289, -0.35230571, 0.55472859, 0.0089890948],
    [-0.86995256, -2.3177683, -0.11284103, -0.45531166, 0.60154658, 0.0097679892],
    [-0.90252838, -2.3657799, -0.05000918, -0.55831762, 0.64836458, 0.010546884],
    [-0.9351042, -2.4137914, 0.012822673, -0.66132357, 0.69518258, 0.011325778],
    [-0.96768002, -2.4618029, 0.075654526, -0.76432953, 0.74200058, 0.012104672],
    [-1.0002558, -2.5098145, 0.13848638, -0.86733548, 0.78881858, 0.012883567],
    [-1.0328317, -2.557826, 0.20131823, -0.97034144, 0.83563658, 0.013662461],
    [-1.0654075, -2.6058375, 0.26415009, -1.0733474, 0.88245458, 0.014441356],
    [-1.0979833, -2.653849, 0.32698194, -1.1763533, 0.92927258, 0.01522025],
    [-1.1305591, -2.7018606, 0.38981379, -1.2793593, 0.97609058, 0.015999145],
    [-1.1631349, -2.7498721, 0.45264564, -1.3823653, 1.0229086, 0.016778039],
    [-1.1957108, -2.7978836, 0.5154775, -1.4853712, 1.0697266, 0.017556933],
    [-1.2282866, -2.8458951, 0.57830935, -1.5883772, 1.1165446, 0.018335828],
    [-1.2608624, -2.8939067, 0.6411412, -1.6913831, 1.1633626, 0.019114722],
    [-1.2934382, -2.9419182, 0.70397306, -1.7943891, 1.2101806, 0.019893617],
    [-1.326014, -2.9899297, 0.76680491, -1.897395, 1.2569986, 0.020672511],
    [-1.3585899, -3.0379412, 0.82963676, -2.000401, 1.3038166, 0.021451405],
    [-1.3908487, -3.0854856, 0.89185731, -2.1024048, 1.3501791, 0.022222722],
    [-1.4204274, -3.1290799, 0.94890838, -2.1959338, 1.3926896, 0.022929955],
    [-1.4468436, -3.1680131, 0.99985961, -2.2794627, 1.430655, 0.023561571],
    [-1.4700973, -3.2022853, 1.044711, -2.3529917, 1.4640752, 0.024117571],
    [-1.4901885, -3.2318965, 1.0834626, -2.4165207, 1.4929502, 0.024597955],
    [-1.5071171, -3.2568465, 1.1161144, -2.4700497, 1.5172801, 0.025002722],
    [-1.5208832, -3.2771356, 1.1426663, -2.5135787, 1.5370648, 0.025331873],
    [-1.5314868, -3.2927636, 1.1631184, -2.5471076, 1.5523043, 0.025585407],
    [-1.5389279, -3.3037306, 1.1774707, -2.5706366, 1.5629986, 0.025763325],
    [-1.5432065, -3.3100365, 1.1857231, -2.5841656, 1.5691478, 0.025865626],
    [-1.5443567, -3.3117318, 1.1879417, -2.5878028, 1.5708009, 0.025893129]
  ]
}
