{
  "iteration": 597,
  "label": "pre_pick",
  "planning_time_ms": 21.370156,
  "scene": {
    "block_x": 0.26711877,
    "block_y": 0.41412272,
    "bin_x": 0.44992987,
    "bin_y": 0.37115246
  },
  "joint_names": ["shoulder_pan_joint", "shoulder_lift_joint", "elbow_joint", "wrist_1_joint", "wrist_2_joint", "wrist_3_joint"],
  "start_joints": [-0.45137643, -1.7008822, -0.92058971, 0.86858535, 4.2132534e-05, -0.00043260688],
  "goal_joints": [0.73519104, -0.72391426, 0.82282504, -1.6687783, -1.5704962, -0.83494704],
  "num_waypoints": 38,
  "trajectory": [
    [-0.45137643, -1.7008822, -0.92058971, 0.86858535, 4.2132534e-05, -0.00043260688],
    [-0.44903824, -1.6989571, -0.91715422, 0.86358535, -0.0030526907, -0.0020770587],
    [-0.44202367, -1.6931816, -0.90684777, 0.84858535, -0.01233716, -0.007010414],
    [-0.43033272, -1.6835558, -0.88967034, 0.82358535, -0.027811276, -0.015232673],
    [-0.41396539, -1.6700796, -0.86562195, 0.78858535, -0.049475039, -0.026743835],
    [-0.39292169, -1.6527532, -0.83470259, 0.74358535, -0.077328447, -0.041543901],
    [-0.3672016, -1.6315764, -0.79691226, 0.68858535, -0.1113715, -0.05963287],
    [-0.33680515, -1.6065492, -0.75225098, 0.62358537, -0.15160419, -0.081010736],
    [-0.30173231, -1.5776718, -0.70071872, 0.54858539, -0.19802653, -0.10567751],
    [-0.2619831, -1.544944, -0.6423155, 0.46358541, -0.25063851, -0.13363318],
    [-0.21926864, -1.5097748, -0.57955546, 0.37224453, -0.30717528, -0.16367432],
    [-0.1765053, -1.4745653, -0.5167236, 0.28079913, -0.36377675, -0.19374983],
    [-0.13374196, -1.4393559, -0.45389175, 0.18935373, -0.42037822, -0.22382534],
    [-0.090978627, -1.4041464, -0.3910599, 0.097908328, -0.47697969, -0.25390085],
    [-0.04821529, -1.3689369, -0.32822805, 0.0064629272, -0.53358116, -0.28397636],
    [-0.0054519532, -1.3337275, -0.26539619, -0.084982473, -0.59018263, -0.31405187],
    [0.037311384, -1.298518, -0.20256434, -0.17642787, -0.6467841, -0.34412738],
    [0.080074721, -1.2633085, -0.13973249, -0.26787327, -0.70338557, -0.37420289],
    [0.12283806, -1.228099, -0.076900633, -0.35931867, -0.75998704, -0.4042784],
    [0.16560139, -1.1928896, -0.01406878, -0.45076408, -0.81658851, -0.43435391],
    [0.20836473, -1.1576801, 0.048763073, -0.54220948, -0.87318998, -0.46442942],
    [0.25112807, -1.1224706, 0.11159493, -0.63365488, -0.92979145, -0.49450493],
    [0.29389141, -1.0872612, 0.17442678, -0.72510028, -0.98639292, -0.52458044],
    [0.33665474, -1.0520517, 0.23725863, -0.81654568, -1.0429944, -0.55465595],
    [0.37941808, -1.0168422, 0.30009049, -0.90799108, -1.0995959, -0.58473146],
    [0.42218142, -0.98163276, 0.36292234, -0.99943648, -1.1561973, -0.61480697],
    [0.46494475, -0.94642329, 0.42575419, -1.0908819, -1.2127988, -0.64488248],
    [0.50770809, -0.91121382, 0.48858604, -1.1823273, -1.2694003, -0.67495799],
    [0.55032213, -0.87612727, 0.55119853, -1.2734534, -1.3258041, -0.7049285],
    [0.5895656, -0.84381591, 0.60885867, -1.3573719, -1.3777467, -0.73252848],
    [0.62413269, -0.81535488, 0.65964783, -1.4312904, -1.4234996, -0.75683956],
    [0.65402339, -0.79074417, 0.70356603, -1.4952089, -1.4630629, -0.77786173],
    [0.67923772, -0.76998378, 0.74061326, -1.5491274, -1.4964366, -0.795595],
    [0.69977568, -0.75307373, 0.77078952, -1.5930459, -1.5236205, -0.81003937],
    [0.71563725, -0.740014, 0.79409481, -1.6269644, -1.5446149, -0.82119483],
    [0.72682244, -0.7308046, 0.81052913, -1.6508828, -1.5594196, -0.8290614],
    [0.73333125, -0.72544553, 0.82009248, -1.6648013, -1.5680346, -0.83363905],
    [0.73519104, -0.72391426, 0.82282504, -1.6687783, -1.5704962, -0.83494704]
  ]
}
