{
  "iteration": 921,
  "label": "pre_pick",
  "planning_time_ms": 54.192935,
  "scene": {
    "block_x": 0.18717154,
    "block_y": 0.35209645,
    "bin_x": 0.44877208,
    "bin_y": 0.25004312
  },
  "joint_names": ["shoulder_pan_joint", "shoulder_lift_joint", "elbow_joint", "wrist_1_joint", "wrist_2_joint", "wrist_3_joint"],
  "start_joints": [-0.45138476, -1.7008913, -0.92018723, 0.86806504, 2.2978413e-05, -0.00016151985],
  "goal_joints": [-1.7246203, -1.9819714, -1.5596594, 5.1119667, -4.7117996, -0.15444982],
  "num_waypoints": 52,
  "trajectory": [
    [-0.45138476, -1.7008913, -0.92018723, 0.86806504, 2.2978413e-05, -0.00016151985],
    [-0.45273586, -1.7011895, -0.92086581, 0.8725685, -0.0049770216, -0.0003252445],
    [-0.45678918, -1.7020844, -0.92290156, 0.88607889, -0.019977022, -0.00081641846],
    [-0.46354472, -1.7035757, -0.92629447, 0.90859619, -0.044977022, -0.0016350417],
    [-0.47300247, -1.7056636, -0.93104455, 0.94012042, -0.079977022, -0.0027811143],
    [-0.48516244, -1.7083481, -0.93715179, 0.98065157, -0.12497702, -0.0042546362],
    [-0.50002462, -1.711629, -0.9446162, 1.0301896, -0.17997702, -0.0060556074],
    [-0.51758901, -1.7155066, -0.95343777, 1.0887346, -0.24497702, -0.0081840279],
    [-0.53785562, -1.7199806, -0.96361651, 1.1562865, -0.31997701, -0.010639897],
    [-0.56082444, -1.7250512, -0.97515241, 1.2328453, -0.40497699, -0.013423216],
    [-0.58649547, -1.7307184, -0.98804548, 1.3184111, -0.49997697, -0.016533984],
    [-0.61486872, -1.7369821, -1.0022957, 1.4129837, -0.60497695, -0.019972201],
    [-0.64594418, -1.7438423, -1.0179031, 1.5165633, -0.71997692, -0.023737867],
    [-0.67946777, -1.751243, -1.0347401, 1.6283029, -0.84403661, -0.027800193],
    [-0.7134248, -1.7587394, -1.0517947, 1.7414872, -0.96970032, -0.031915042],
    [-0.74738183, -1.7662357, -1.0688493, 1.8546715, -1.095364, -0.036029891],
    [-0.78133886, -1.7737321, -1.085904, 1.9678559, -1.2210277, -0.040144741],
    [-0.81529589, -1.7812285, -1.1029586, 2.0810402, -1.3466914, -0.04425959],
    [-0.84925292, -1.7887248, -1.1200133, 2.1942245, -1.4723551, -0.048374439],
    [-0.88320995, -1.7962212, -1.1370679, 2.3074088, -1.5980189, -0.052489289],
    [-0.91716698, -1.8037176, -1.1541226, 2.4205931, -1.7236826, -0.056604138],
    [-0.95112401, -1.811214, -1.1711772, 2.5337775, -1.8493463, -0.060718987],
    [-0.98508104, -1.8187103, -1.1882318, 2.6469618, -1.97501, -0.064833837],
    [-1.0190381, -1.8262067, -1.2052865, 2.7601461, -2.1006737, -0.068948686],
    [-1.0529951, -1.8337031, -1.2223411, 2.8733304, -2.2263374, -0.073063535],
    [-1.0869521, -1.8411994, -1.2393958, 2.9865147, -2.3520011, -0.077178385],
    [-1.1209092, -1.8486958, -1.2564504, 3.099699, -2.4776648, -0.081293234],
    [-1.1548662, -1.8561922, -1.273505, 3.2128834, -2.6033285, -0.085408083],
    [-1.1888232, -1.8636885, -1.2905597, 3.3260677, -2.7289922, -0.089522933],
    [-1.2227802, -1.8711849, -1.3076143, 3.439252, -2.8546559, -0.093637782],
    [-1.2567373, -1.8786813, -1.324669, 3.5524363, -2.9803196, -0.097752631],
    [-1.2906943, -1.8861776, -1.3417236, 3.6656206, -3.1059833, -0.10186748],
    [-1.3246513, -1.893674, -1.3587783, 3.7788049, -3.231647, -0.10598233],
    [-1.3586084, -1.9011704, -1.3758329, 3.8919893, -3.3573107, -0.11009718],
    [-1.3925654, -1.9086668, -1.3928875, 4.0051736, -3.4829744, -0.11421203],
    [-1.4265224, -1.9161631, -1.4099422, 4.1183579, -3.6086381, -0.11832688],
    [-1.4604795, -1.9236595, -1.4269968, 4.2315422, -3.7343019, -0.12244173],
    [-1.4944365, -1.9311559, -1.4440515, 4.3447265, -3.8599656, -0.12655658],
    [-1.5280496, -1.9385763, -1.4609334, 4.4567646, -3.9843566, -0.13062975],
    [-1.5592923, -1.9454735, -1.4766247, 4.5609014, -4.0999753, -0.13441568],
    [-1.5878327, -1.9517741, -1.4909589, 4.6560313, -4.2055939, -0.13787415],
    [-1.6136709, -1.9574781, -1.503936, 4.7421543, -4.3012126, -0.14100518],
    [-1.6368069, -1.9625856, -1.5155558, 4.8192703, -4.3868312, -0.14380876],
    [-1.6572407, -1.9670966, -1.5258185, 4.8873794, -4.4624499, -0.14628488],
    [-1.6749722, -1.971011, -1.5347241, 4.9464816, -4.5280685, -0.14843356],
    [-1.6900016, -1.9743289, -1.5422724, 4.9965769, -4.5836872, -0.15025479],
    [-1.7023287, -1.9770503, -1.5484636, 5.0376653, -4.6293058, -0.15174857],
    [-1.7119537, -1.9791751, -1.5532977, 5.0697467, -4.6649245, -0.1529149],
    [-1.7188764, -1.9807033, -1.5567746, 5.0928212, -4.6905431, -0.15375378],
    [-1.7230969, -1.981635, -1.5588943, 5.1068888, -4.7061618, -0.15426521],
    [-1.7246151, -1.9819702, -1.5596568, 5.1119495, -4.7117804, -0.1544492],
    [-1.7246203, -1.9819714, -1.5596594, 5.1119667, -4.7117996, -0.15444982]
  ]
}
