{
  "iteration": 420,
  "label": "pre_pick",
  "planning_time_ms": 42.346331,
  "scene": {
    "block_x": 0.36782671,
    "block_y": 0.38160783,
    "bin_x": 0.15013991,
    "bin_y": 0.29590613
  },
  "joint_names": ["shoulder_pan_joint", "shoulder_lift_joint", "elbow_joint", "wrist_1_joint", "wrist_2_joint", "wrist_3_joint"],
  "start_joints": [-0.45129953, -1.7007477, -0.92039474, 0.86844199, -9.1855375e-05, -0.00024663506],
  "goal_joints": [0.55710425, -0.40321634, 0.19224488, -1.359655, 4.7119437, -1.0138454],
  "num_waypoints": 52,
  "trajectory": [
    [-0.45129953, -1.7007477, -0.92039474, 0.86844199, -9.1855375e-05, -0.00024663506],
    [-0.4502295, -1.6993709, -0.9192141, 0.86607773, 0.0049081446, -0.0013221774],
    [-0.44701941, -1.6952404, -0.9156722, 0.85898494, 0.019908145, -0.0045488044],
    [-0.44166926, -1.6883562, -0.90976902, 0.84716363, 0.044908145, -0.0099265161],
    [-0.43417905, -1.6787184, -0.90150457, 0.8306138, 0.079908145, -0.017455312],
    [-0.42454878, -1.666327, -0.89087884, 0.80933545, 0.12490814, -0.027135193],
    [-0.41277845, -1.6511819, -0.87789185, 0.78332857, 0.17990814, -0.038966159],
    [-0.39886806, -1.6332832, -0.86254358, 0.75259317, 0.24490814, -0.05294821],
    [-0.38281762, -1.6126308, -0.84483405, 0.71712925, 0.31990813, -0.069081342],
    [-0.36462711, -1.5892247, -0.82476324, 0.67693681, 0.40490812, -0.087365558],
    [-0.34429655, -1.563065, -0.80233117, 0.63201585, 0.4999081, -0.10780086],
    [-0.32182592, -1.5341517, -0.77753782, 0.58236636, 0.60490808, -0.13038724],
    [-0.29721524, -1.5024846, -0.7503832, 0.52798836, 0.71990805, -0.15512471],
    [-0.27066572, -1.4683229, -0.72108933, 0.46932643, 0.84396778, -0.18181101],
    [-0.24377293, -1.4337195, -0.69141671, 0.40990605, 0.96963149, -0.20884234],
    [-0.21688015, -1.399116, -0.6617441, 0.35048568, 1.0952952, -0.23587366],
    [-0.18998737, -1.3645126, -0.63207148, 0.2910653, 1.2209589, -0.26290499],
    [-0.16309458, -1.3299092, -0.60239887, 0.23164492, 1.3466226, -0.28993632],
    [-0.1362018, -1.2953057, -0.57272625, 0.17222455, 1.4722863, -0.31696765],
    [-0.10930901, -1.2607023, -0.54305364, 0.11280417, 1.59795, -0.34399897],
    [-0.08241623, -1.2260989, -0.51338102, 0.053383797, 1.7236137, -0.3710303],
    [-0.055523446, -1.1914955, -0.48370841, -0.0060365782, 1.8492774, -0.39806163],
    [-0.028630662, -1.156892, -0.45403579, -0.065456954, 1.9749411, -0.42509296],
    [-0.001737878, -1.1222886, -0.42436318, -0.12487733, 2.1006048, -0.45212428],
    [0.025154906, -1.0876852, -0.39469056, -0.1842977, 2.2262686, -0.47915561],
    [0.05204769, -1.0530817, -0.36501795, -0.24371808, 2.3519323, -0.50618694],
    [0.078940474, -1.0184783, -0.33534533, -0.30313846, 2.477596, -0.53321826],
    [0.10583326, -0.98387487, -0.30567272, -0.36255883, 2.6032597, -0.56024959],
    [0.13272604, -0.94927144, -0.2760001, -0.42197921, 2.7289234, -0.58728092],
    [0.15961883, -0.91466801, -0.24632749, -0.48139958, 2.8545871, -0.61431225],
    [0.18651161, -0.88006457, -0.21665487, -0.54081996, 2.9802508, -0.64134357],
    [0.21340439, -0.84546114, -0.18698226, -0.60024033, 3.1059145, -0.6683749],
    [0.24029718, -0.81085771, -0.15730964, -0.65966071, 3.2315782, -0.69540623],
    [0.26718996, -0.77625428, -0.12763703, -0.71908108, 3.3572419, -0.72243755],
    [0.29408275, -0.74165085, -0.097964414, -0.77850146, 3.4829056, -0.74946888],
    [0.32097553, -0.70704742, -0.068291799, -0.83792184, 3.6085693, -0.77650021],
    [0.34786831, -0.67244399, -0.038619184, -0.89734221, 3.734233, -0.80353154],
    [0.3747611, -0.63784056, -0.0089465689, -0.95676259, 3.8598967, -0.83056286],
    [0.40138336, -0.60358522, 0.020427559, -1.0155852, 3.9842963, -0.85732227],
    [0.42613007, -0.57174318, 0.047732266, -1.0702638, 4.0999319, -0.88219647],
    [0.44873672, -0.54265479, 0.072675701, -1.1202138, 4.2055675, -0.90491958],
    [0.46920331, -0.51632006, 0.095257864, -1.1654353, 4.3012031, -0.92549161],
    [0.48752984, -0.49273899, 0.11547876, -1.2059283, 4.3868387, -0.94391255],
    [0.50371631, -0.47191156, 0.13333838, -1.2416928, 4.4624743, -0.96018241],
    [0.51776272, -0.45383779, 0.14883672, -1.2727288, 4.5281099, -0.97430118],
    [0.52966907, -0.43851768, 0.1619738, -1.2990362, 4.5837455, -0.98626887],
    [0.53943536, -0.42595121, 0.1727496, -1.3206151, 4.6293811, -0.99608548],
    [0.54706159, -0.4161384, 0.18116414, -1.3374655, 4.6650167, -1.003751],
    [0.55254776, -0.40907925, 0.1872174, -1.3495873, 4.6906523, -1.0092654],
    [0.55589387, -0.40477375, 0.19090939, -1.3569806, 4.7062879, -1.0126288],
    [0.55709993, -0.4032219, 0.19224011, -1.3596454, 4.7119235, -1.013841],
    [0.55710425, -0.40321634, 0.19224488, -1.359655, 4.7119437, -1.0138454]
  ]
}
