{
  "iteration": 22,
  "label": "pre_pick",
  "planning_time_ms": 79.331688,
  "scene": {
    "block_x": 0.34945096,
    "block_y": 0.35522483,
    "bin_x": 0.14621905,
    "bin_y": 0.35758802
  },
  "joint_names": ["shoulder_pan_joint", "shoulder_lift_joint", "elbow_joint", "wrist_1_joint", "wrist_2_joint", "wrist_3_joint"],
  "start_joints": [-0.45124667, -1.7008169, -0.92051387, 0.86873093, -0.00010477776, -0.00048503783],
  "goal_joints": [4.1990746, -3.1629411, 0.77240027, 3.9611219, -4.7121687, -0.51259534],
  "num_waypoints": 82,
  "trajectory": [
    [-0.45124667, -1.7008169, -0.92051387, 0.86873093, -0.00010477776, -0.00048503783],
    [-0.44631219, -1.7023684, -0.91871751, 0.87201229, -0.0051047778, -0.0010284412],
    [-0.43150873, -1.7070228, -0.91332842, 0.88185635, -0.020104778, -0.0026586514],
    [-0.40683631, -1.7147801, -0.90434661, 0.89826313, -0.045104778, -0.0053756683],
    [-0.37229492, -1.7256404, -0.89177208, 0.92123262, -0.080104778, -0.0091794921],
    [-0.32788456, -1.7396036, -0.87560483, 0.95076481, -0.12510478, -0.014070123],
    [-0.27360523, -1.7566698, -0.85584485, 0.98685972, -0.18010478, -0.02004756],
    [-0.21143669, -1.7762164, -0.83321287, 1.0282008, -0.24309873, -0.026893785],
    [-0.14860484, -1.7959716, -0.81033941, 1.069983, -0.3067648, -0.033813057],
    [-0.085772987, -1.8157268, -0.78746595, 1.1117652, -0.37043088, -0.04073233],
    [-0.022941134, -1.835482, -0.76459249, 1.1535474, -0.43409696, -0.047651602],
    [0.039890719, -1.8552372, -0.74171903, 1.1953296, -0.49776303, -0.054570874],
    [0.10272257, -1.8749924, -0.71884557, 1.2371118, -0.56142911, -0.061490146],
    [0.16555443, -1.8947476, -0.69597212, 1.278894, -0.62509518, -0.068409419],
    [0.22838628, -1.9145027, -0.67309866, 1.3206762, -0.68876126, -0.075328691],
    [0.29121813, -1.9342579, -0.6502252, 1.3624584, -0.75242733, -0.082247963],
    [0.35404998, -1.9540131, -0.62735174, 1.4042406, -0.81609341, -0.089167236],
    [0.41688184, -1.9737683, -0.60447828, 1.4460228, -0.87975949, -0.096086508],
    [0.47971369, -1.9935235, -0.58160482, 1.487805, -0.94342556, -0.10300578],
    [0.54254554, -2.0132787, -0.55873136, 1.5295872, -1.0070916, -0.10992505],
    [0.6053774, -2.0330339, -0.53585791, 1.5713694, -1.0707577, -0.11684432],
    [0.66820925, -2.0527891, -0.51298445, 1.6131516, -1.1344238, -0.1237636],
    [0.7310411, -2.0725443, -0.49011099, 1.6549338, -1.1980899, -0.13068287],
    [0.79387296, -2.0922994, -0.46723753, 1.696716, -1.2617559, -0.13760214],
    [0.85670481, -2.1120546, -0.44436407, 1.7384982, -1.325422, -0.14452141],
    [0.91953666, -2.1318098, -0.42149061, 1.7802804, -1.3890881, -0.15144069],
    [0.98236852, -2.151565, -0.39861715, 1.8220626, -1.4527542, -0.15835996],
    [1.0452004, -2.1713202, -0.37574369, 1.8638448, -1.5164202, -0.16527923],
    [1.1080322, -2.1910754, -0.35287024, 1.905627, -1.5800863, -0.1721985],
    [1.1708641, -2.2108306, -0.32999678, 1.9474092, -1.6437524, -0.17911778],
    [1.2336959, -2.2305858, -0.30712332, 1.9891914, -1.7074185, -0.18603705],
    [1.2965278, -2.2503409, -0.28424986, 2.0309736, -1.7710845, -0.19295632],
    [1.3593596, -2.2700961, -0.2613764, 2.0727558, -1.8347506, -0.19987559],
    [1.4221915, -2.2898513, -0.23850294, 2.114538, -1.8984167, -0.20679486],
    [1.4850233, -2.3096065, -0.21562948, 2.1563202, -1.9620828, -0.21371414],
    [1.5478552, -2.3293617, -0.19275603, 2.1981024, -2.0257489, -0.22063341],
    [1.610687, -2.3491169, -0.16988257, 2.2398846, -2.0894149, -0.22755268],
    [1.6735189, -2.3688721, -0.14700911, 2.2816668, -2.153081, -0.23447195],
    [1.7363508, -2.3886273, -0.12413565, 2.323449, -2.2167471, -0.24139123],
    [1.7991826, -2.4083825, -0.10126219, 2.3652312, -2.2804132, -0.2483105],
    [1.8620145, -2.4281376, -0.078388733, 2.4070134, -2.3440792, -0.25522977],
    [1.9248463, -2.4478928, -0.055515274, 2.4487956, -2.4077453, -0.26214904],
    [1.9876782, -2.467648, -0.032641815, 2.4905778, -2.4714114, -0.26906831],
    [2.05051, -2.4874032, -0.0097683569, 2.53236, -2.5350775, -0.27598759],
    [2.1133419, -2.5071584, 0.013105102, 2.5741422, -2.5987435, -0.28290686],
    [2.1761737, -2.5269136, 0.03597856, 2.6159244, -2.6624096, -0.28982613],
    [2.2390056, -2.5466688, 0.058852019, 2.6577066, -2.7260757, -0.2967454],
    [2.3018374, -2.566424, 0.081725478, 2.6994888, -2.7897418, -0.30366468],
    [2.3646693, -2.5861791, 0.10459894, 2.741271, -2.8534078, -0.31058395],
    [2.4275011, -2.6059343, 0.12747239, 2.7830532, -2.9170739, -0.31750322],
    [2.490333, -2.6256895, 0.15034585, 2.8248354, -2.98074, -0.32442249],
    [2.5531648, -2.6454447, 0.17321931, 2.8666176, -3.0444061, -0.33134177],
    [2.6159967, -2.6651999, 0.19609277, 2.9083998, -3.1080721, -0.33826104],
    [2.6788285, -2.6849551, 0.21896623, 2.950182, -3.1717382, -0.34518031],
    [2.7416604, -2.7047103, 0.24183969, 2.9919642, -3.2354043, -0.35209958],
    [2.8044923, -2.7244655, 0.26471315, 3.0337464, -3.2990704, -0.35901885],
    [2.8673241, -2.7442207, 0.28758661, 3.0755286, -3.3627364, -0.36593813],
    [2.930156, -2.7639758, 0.31046006, 3.1173108, -3.4264025, -0.3728574],
    [2.9929878, -2.783731, 0.33333352, 3.159093, -3.4900686, -0.37977667],
    [3.0558197, -2.8034862, 0.35620698, 3.2008752, -3.5537347, -0.38669594],
    [3.1186515, -2.8232414, 0.37908044, 3.2426574, -3.6174007, -0.39361522],
    [3.1814834, -2.8429966, 0.4019539, 3.2844396, -3.6810668, -0.40053449],
    [3.2443152, -2.8627518, 0.42482736, 3.3262218, -3.7447329, -0.40745376],
    [3.3071471, -2.882507, 0.44770082, 3.368004, -3.808399, -0.41437303],
    [3.3699789, -2.9022622, 0.47057427, 3.4097862, -3.8720651, -0.42129231],
    [3.4328108, -2.9220174, 0.49344773, 3.4515684, -3.9357311, -0.42821158],
    [3.4956426, -2.9417725, 0.51632119, 3.4933506, -3.9993972, -0.43513085],
    [3.5584745, -2.9615277, 0.53919465, 3.5351328, -4.0630633, -0.44205012],
    [3.6213063, -2.9812829, 0.56206811, 3.576915, -4.1267294, -0.44896939],
    [3.6841382, -3.0010381, 0.58494157, 3.6186972, -4.1903954, -0.45588867],
    [3.7469701, -3.0207933, 0.60781503, 3.6604794, -4.2540615, -0.46280794],
    [3.8098019, -3.0405485, 0.63068848, 3.7022616, -4.3177276, -0.46972721],
    [3.8726338, -3.0603037, 0.65356194, 3.7440438, -4.3813937, -0.47664648],
    [3.9354656, -3.0800589, 0.6764354, 3.785826, -4.4450597, -0.48356576],
    [3.9982975, -3.099814, 0.69930886, 3.8276082, -4.5087258, -0.49048503],
    [4.0563141, -3.1180553, 0.72042939, 3.8661884, -4.5675128, -0.49687404],
    [4.1044626, -3.1331938, 0.73795747, 3.8982064, -4.6163005, -0.50217632],
    [4.1427421, -3.1452294, 0.75189282, 3.9236616, -4.6550882, -0.50639179],
    [4.1711526, -3.154162, 0.76223545, 3.9425542, -4.6838759, -0.50952046],
    [4.1896941, -3.1599918, 0.76898536, 3.954884, -4.7026637, -0.51156233],
    [4.1983667, -3.1627185, 0.77214255, 3.9606511, -4.7114514, -0.51251738],
    [4.1990746, -3.1629411, 0.77240027, 3.9611219, -4.7121687, -0.51259534]
  ]
}
