{
  "iteration": 786,
  "label": "pre_pick",
  "planning_time_ms": 129.67837,
  "scene": {
    "block_x": 0.13247385,
    "block_y": 0.39048325,
    "bin_x": 0.31652666,
    "bin_y": 0.35410198
  },
  "joint_names": ["shoulder_pan_joint", "shoulder_lift_joint", "elbow_joint", "wrist_1_joint", "wrist_2_joint", "wrist_3_joint"],
  "start_joints": [-0.45140008, -1.7008061, -0.92000436, 0.86785839, 3.3153092e-05, 3.5881437e-05],
  "goal_joints": [4.7100688, -2.0408202, -1.4699747, -1.2014171, -4.7129574, -0.0019050623],
  "num_waypoints": 94,
  "trajectory": [
    [-0.45140008, -1.7008061, -0.92000436, 0.86785839, 3.3153092e-05, 3.5881437e-05],
    [-0.44640008, -1.7028343, -0.91844182, 0.86612261, -0.0022546671, -0.0007811755],
    [-0.43140008, -1.7089189, -0.91375422, 0.86091529, -0.0091181277, -0.0032323463],
    [-0.40640008, -1.7190598, -0.90594155, 0.85223641, -0.020557229, -0.007317631],
    [-0.37140008, -1.7332572, -0.89500381, 0.84008599, -0.03657197, -0.013037029],
    [-0.32640008, -1.7515109, -0.880941, 0.82446402, -0.057162352, -0.020390542],
    [-0.27140008, -1.773821, -0.86375312, 0.80537049, -0.082328374, -0.029378168],
    [-0.2089693, -1.7991454, -0.84424307, 0.78369734, -0.11089445, -0.039580068],
    [-0.14613745, -1.8246324, -0.82460768, 0.76188495, -0.13964405, -0.049847508],
    [-0.083305597, -1.8501194, -0.8049723, 0.74007256, -0.16839364, -0.060114948],
    [-0.020473744, -1.8756065, -0.78533691, 0.71826017, -0.19714324, -0.070382388],
    [0.042358109, -1.9010935, -0.76570152, 0.69644777, -0.22589284, -0.080649829],
    [0.10518996, -1.9265805, -0.74606614, 0.67463538, -0.25464243, -0.090917269],
    [0.16802182, -1.9520675, -0.72643075, 0.65282299, -0.28339203, -0.10118471],
    [0.23085367, -1.9775546, -0.70679536, 0.6310106, -0.31214163, -0.11145215],
    [0.29368552, -2.0030416, -0.68715998, 0.60919821, -0.34089122, -0.12171959],
    [0.35651737, -2.0285286, -0.66752459, 0.58738582, -0.36964082, -0.13198703],
    [0.41934923, -2.0540156, -0.6478892, 0.56557343, -0.39839042, -0.14225447],
    [0.48218108, -2.0795027, -0.62825382, 0.54376104, -0.42714001, -0.15252191],
    [0.54501293, -2.1049897, -0.60861843, 0.52194865, -0.45588961, -0.16278935],
    [0.60784479, -2.1304767, -0.58898304, 0.50013626, -0.48463921, -0.17305679],
    [0.67067664, -2.1559638, -0.56934766, 0.47832387, -0.5133888, -0.18332423],
    [0.73350849, -2.1814508, -0.54971227, 0.45651148, -0.5421384, -0.19359167],
    [0.79634035, -2.2069378, -0.53007688, 0.43469909, -0.570888, -0.20385911],
    [0.8591722, -2.2324248, -0.5104415, 0.4128867, -0.59963759, -0.21412655],
    [0.92200405, -2.2579119, -0.49080611, 0.3910743, -0.62838719, -0.22439399],
    [0.98483591, -2.2833989, -0.47117072, 0.36926191, -0.65713678, -0.23466143],
    [1.0476678, -2.3088859, -0.45153534, 0.34744952, -0.68588638, -0.24492887],
    [1.1104996, -2.3343729, -0.43189995, 0.32563713, -0.71463598, -0.25519631],
    [1.1733315, -2.35986, -0.41226456, 0.30382474, -0.74338557, -0.26546375],
    [1.2361633, -2.385347, -0.39262918, 0.28201235, -0.77213517, -0.27573119],
    [1.2989952, -2.410834, -0.37299379, 0.26019996, -0.80088477, -0.28599863],
    [1.361827, -2.436321, -0.3533584, 0.23838757, -0.82963436, -0.29626607],
    [1.4246589, -2.4618081, -0.33372301, 0.21657518, -0.85838396, -0.30653351],
    [1.4874907, -2.4872951, -0.31408763, 0.19476279, -0.88713356, -0.31680095],
    [1.5503226, -2.5127821, -0.29445224, 0.1729504, -0.91588315, -0.32706839],
    [1.6131544, -2.5382692, -0.27481685, 0.15113801, -0.94463275, -0.33733583],
    [1.6759863, -2.5637562, -0.25518147, 0.12932562, -0.97338235, -0.34760327],
    [1.7388181, -2.5892432, -0.23554608, 0.10751323, -1.0021319, -0.35787072],
    [1.80165, -2.6147302, -0.21591069, 0.085700835, -1.0308815, -0.36813816],
    [1.8644818, -2.6402173, -0.19627531, 0.063888444, -1.0596311, -0.3784056],
    [1.9273137, -2.6657043, -0.17663992, 0.042076054, -1.0883807, -0.38867304],
    [1.9901456, -2.6911913, -0.15700453, 0.020263663, -1.1171303, -0.39894048],
    [2.0529774, -2.7166783, -0.13736915, -0.0015487277, -1.1458799, -0.40920792],
    [2.1158093, -2.7421654, -0.11773376, -0.023361118, -1.1746295, -0.41947536],
    [2.1786411, -2.7676524, -0.098098373, -0.045173509, -1.2033791, -0.4297428],
    [2.241473, -2.7931394, -0.078462986, -0.0669859, -1.2321287, -0.44001024],
    [2.3043048, -2.8186265, -0.058827599, -0.08879829, -1.2608783, -0.45027768],
    [2.3639007, -2.8428008, -0.040203481, -0.10948729, -1.2881472, -0.46001632],
    [2.4164846, -2.8618009, -0.026644417, -0.12811069, -1.3153317, -0.46749109],
    [2.4670657, -2.8726634, -0.022746086, -0.14719767, -1.3514212, -0.47112357],
    [2.5131089, -2.8747275, -0.028847227, -0.16581008, -1.3947629, -0.47067593],
    [2.5523043, -2.867642, -0.044947428, -0.18305333, -1.4435147, -0.46605171],
    [2.5887154, -2.8537872, -0.068873984, -0.20022228, -1.4985543, -0.45826618],
    [2.6316051, -2.8373505, -0.097201572, -0.22046453, -1.5635434, -0.44903942],
    [2.6810944, -2.8183847, -0.12988797, -0.24382149, -1.6385325, -0.43839293],
    [2.7371832, -2.7968898, -0.1669332, -0.27029317, -1.7235216, -0.42632671],
    [2.7991166, -2.773155, -0.20783871, -0.29952333, -1.817367, -0.41300312],
    [2.8619485, -2.749076, -0.24933758, -0.32917748, -1.9125736, -0.39948627],
    [2.9247804, -2.7249969, -0.29083644, -0.35883162, -2.0077802, -0.38596942],
    [2.9876122, -2.7009178, -0.3323353, -0.38848577, -2.1029868, -0.37245257],
    [3.0504441, -2.6768387, -0.37383416, -0.41813992, -2.1981935, -0.35893572],
    [3.1132759, -2.6527597, -0.41533302, -0.44779407, -2.2934001, -0.34541887],
    [3.1761078, -2.6286806, -0.45683189, -0.47744822, -2.3886067, -0.33190202],
    [3.2389396, -2.6046015, -0.49833075, -0.50710236, -2.4838133, -0.31838517],
    [3.3017715, -2.5805225, -0.53982961, -0.53675651, -2.57902, -0.30486833],
    [3.3646033, -2.5564434, -0.58132847, -0.56641066, -2.6742266, -0.29135148],
    [3.4274352, -2.5323643, -0.62282733, -0.59606481, -2.7694332, -0.27783463],
    [3.490267, -2.5082852, -0.66432619, -0.62571896, -2.8646398, -0.26431778],
    [3.5530989, -2.4842062, -0.70582506, -0.6553731, -2.9598465, -0.25080093],
    [3.6159307, -2.4601271, -0.74732392, -0.68502725, -3.0550531, -0.23728408],
    [3.6787626, -2.436048, -0.78882278, -0.7146814, -3.1502597, -0.22376723],
    [3.7415944, -2.411969, -0.83032164, -0.74433555, -3.2454664, -0.21025038],
    [3.8044263, -2.3878899, -0.8718205, -0.7739897, -3.340673, -0.19673353],
    [3.8672581, -2.3638108, -0.91331937, -0.80364384, -3.4358796, -0.18321668],
    [3.93009, -2.3397317, -0.95481823, -0.83329799, -3.5310862, -0.16969983],
    [3.9929219, -2.3156527, -0.99631709, -0.86295214, -3.6262929, -0.15618298],
    [4.0557537, -2.2915736, -1.037816, -0.89260629, -3.7214995, -0.14266613],
    [4.1185856, -2.2674945, -1.0793148, -0.92226043, -3.8167061, -0.12914929],
    [4.1814174, -2.2434155, -1.1208137, -0.95191458, -3.9119127, -0.11563244],
    [4.2442493, -2.2193364, -1.1623125, -0.98156873, -4.0071194, -0.10211559],
    [4.3070811, -2.1952573, -1.2038114, -1.0112229, -4.102326, -0.088598737],
    [4.369913, -2.1711782, -1.2453103, -1.040877, -4.1975326, -0.075081888],
    [4.4323485, -2.1472511, -1.2865473, -1.0703441, -4.2921386, -0.061650308],
    [4.4895933, -2.1253131, -1.3243561, -1.0973614, -4.3788794, -0.049335384],
    [4.5402386, -2.1059043, -1.357806, -1.121264, -4.4556202, -0.038440199],
    [4.5842843, -2.0890246, -1.3868972, -1.1420518, -4.522361, -0.028964752],
    [4.6217305, -2.0746741, -1.4116294, -1.159725, -4.5791018, -0.020909043],
    [4.6525773, -2.0628527, -1.4320029, -1.1742834, -4.6258426, -0.014273073],
    [4.6768244, -2.0535605, -1.4480176, -1.1857271, -4.6625834, -0.0090568408],
    [4.6944721, -2.0467973, -1.4596734, -1.1940561, -4.6893242, -0.0052603469],
    [4.7055202, -2.0425634, -1.4669704, -1.1992704, -4.706065, -0.0028835914],
