{
  "iteration": 805,
  "label": "pre_pick",
  "planning_time_ms": 48.670096,
  "scene": {
    "block_x": 0.33635903,
    "block_y": 0.36432613,
    "bin_x": 0.17928023,
    "bin_y": 0.3876261
  },
  "joint_names": ["shoulder_pan_joint", "shoulder_lift_joint", "elbow_joint", "wrist_1_joint", "wrist_2_joint", "wrist_3_joint"],
  "start_joints": [-0.45137926, -1.7007858, -0.9205105, 0.86871195, -5.4987875e-05, -0.00041839961],
  "goal_joints": [0.56003861, 0.033951286, -0.80517945, -0.79916225, -1.5702682, -1.0110194],
  "num_waypoints": 35,
  "trajectory": [
    [-0.45137926, -1.7007858, -0.9205105, 0.86871195, -5.4987875e-05, -0.00041839961],
    [-0.44846406, -1.6957858, -0.92017808, 0.86390467, -0.0045807837, -0.0033312358],
    [-0.43971849, -1.6807858, -0.91918083, 0.84948282, -0.018158171, -0.012069745],
    [-0.42514254, -1.6557858, -0.91751875, 0.82544641, -0.04078715, -0.026633926],
    [-0.40473621, -1.6207858, -0.91519183, 0.79179543, -0.072467721, -0.047023779],
    [-0.37849949, -1.5757858, -0.91220009, 0.74852989, -0.11319988, -0.073239305],
    [-0.3464324, -1.5207858, -0.9085435, 0.6956498, -0.16298363, -0.1052805],
    [-0.31003289, -1.4583551, -0.9043929, 0.63562534, -0.2194934, -0.14165061],
    [-0.27339952, -1.3955232, -0.90021563, 0.57521525, -0.27636623, -0.17825439],
    [-0.23676616, -1.3326914, -0.89603836, 0.51480516, -0.33323905, -0.21485817],
    [-0.20013279, -1.2698595, -0.8918611, 0.45439507, -0.39011188, -0.25146195],
    [-0.16349943, -1.2070277, -0.88768383, 0.39398498, -0.44698471, -0.28806573],
    [-0.12686606, -1.1441958, -0.88350656, 0.33357489, -0.50385754, -0.32466951],
    [-0.090232695, -1.081364, -0.87932929, 0.2731648, -0.56073036, -0.36127329],
    [-0.05359933, -1.0185321, -0.87515202, 0.21275471, -0.61760319, -0.39787707],
    [-0.016965964, -0.95570025, -0.87097475, 0.15234462, -0.67447602, -0.43448085],
    [0.019667401, -0.8928684, -0.86679748, 0.091934524, -0.73134884, -0.47108463],
    [0.056300767, -0.83003655, -0.86262021, 0.031524433, -0.78822167, -0.50768841],
    [0.092934132, -0.76720469, -0.85844294, -0.028885658, -0.8450945, -0.54429219],
    [0.1295675, -0.70437284, -0.85426568, -0.089295748, -0.90196733, -0.58089597],
    [0.16620086, -0.64154099, -0.85008841, -0.14970584, -0.95884015, -0.61749975],
    [0.20283423, -0.57870913, -0.84591114, -0.21011593, -1.015713, -0.65410353],
    [0.23946759, -0.51587728, -0.84173387, -0.27052602, -1.0725858, -0.69070731],
    [0.27610096, -0.45304543, -0.8375566, -0.33093611, -1.1294586, -0.72731108],
    [0.31273433, -0.39021358, -0.83337933, -0.3913462, -1.1863315, -0.76391486],
    [0.34936769, -0.32738172, -0.82920206, -0.45175629, -1.2432043, -0.80051864],
    [0.38600106, -0.26454987, -0.82502479, -0.51216638, -1.3000771, -0.83712242],
    [0.42263442, -0.20171802, -0.82084752, -0.57257648, -1.3569499, -0.8737262],
    [0.45882257, -0.13964978, -0.81672102, -0.63225238, -1.4131316, -0.90988512],
    [0.49026223, -0.085725922, -0.81313599, -0.68409782, -1.4619412, -0.9412994],
    [0.51587152, -0.041802062, -0.81021578, -0.7263287, -1.5016993, -0.966888],
    [0.53565042, -0.0078782006, -0.80796041, -0.75894502, -1.5324058, -0.98665093],
    [0.54959895, 0.01604566, -0.80636988, -0.78194677, -1.5540607, -1.0005882],
    [0.55771709, 0.029969521, -0.80544417, -0.79533395, -1.566664, -1.0086998],
    [0.56003861, 0.033951286, -0.80517945, -0.79916225, -1.5702682, -1.0110194]
  ]
}
