{
  "iteration": 371,
  "label": "pre_pick",
  "planning_time_ms": 86.965254,
  "scene": {
    "block_x": 0.15131785,
    "block_y": 0.40773806,
    "bin_x": 0.33092813,
    "bin_y": 0.3072936
  },
  "joint_names": ["shoulder_pan_joint", "shoulder_lift_joint", "elbow_joint", "wrist_1_joint", "wrist_2_joint", "wrist_3_joint"],
  "start_joints": [-0.45137178, -1.7009291, -0.92018242, 0.86823016, -8.3837149e-05, -0.00013390991],
  "goal_joints": [4.6662001, -3.3528475, 1.3243169, 3.5993261, -4.7119073, -0.047141849],
  "num_waypoints": 89,
  "trajectory": [
    [-0.45137178, -1.7009291, -0.92018242, 0.86823016, -8.3837149e-05, -0.00013390991],
    [-0.44637178, -1.7025431, -0.91798949, 0.87089851, -0.0046874104, -0.00017983788],
    [-0.43137178, -1.707385, -0.91141068, 0.87890356, -0.01849813, -0.00031762179],
    [-0.40637178, -1.7154548, -0.90044602, 0.89224532, -0.041515997, -0.00054726165],
    [-0.37137178, -1.7267526, -0.88509548, 0.91092378, -0.07374101, -0.00086875745],
    [-0.32637178, -1.7412783, -0.86535907, 0.93493894, -0.11517317, -0.0012821092],
    [-0.27137178, -1.7590319, -0.8412368, 0.9642908, -0.16581248, -0.0017873169],
    [-0.20894102, -1.7791842, -0.81385549, 0.99760825, -0.22329339, -0.0023607805],
    [-0.14610916, -1.7994659, -0.78629827, 1.0311397, -0.2811436, -0.0029379285],
    [-0.083277311, -1.8197476, -0.75874105, 1.0646712, -0.33899381, -0.0035150764],
    [-0.020445458, -1.8400293, -0.73118384, 1.0982027, -0.39684402, -0.0040922243],
    [0.042386395, -1.860311, -0.70362662, 1.1317342, -0.45469423, -0.0046693722],
    [0.10521825, -1.8805927, -0.6760694, 1.1652657, -0.51254444, -0.0052465201],
    [0.1680501, -1.9008744, -0.64851218, 1.1987972, -0.57039464, -0.005823668],
    [0.23088195, -1.9211561, -0.62095496, 1.2323287, -0.62824485, -0.0064008159],
    [0.29371381, -1.9414378, -0.59339774, 1.2658602, -0.68609506, -0.0069779638],
    [0.35654566, -1.9617195, -0.56584052, 1.2993917, -0.74394527, -0.0075551118],
    [0.41937751, -1.9820012, -0.5382833, 1.3329232, -0.80179548, -0.0081322597],
    [0.48220937, -2.0022829, -0.51072608, 1.3664546, -0.85964568, -0.0087094076],
    [0.54504122, -2.0225646, -0.48316886, 1.3999861, -0.91749589, -0.0092865555],
    [0.60787307, -2.0428464, -0.45561164, 1.4335176, -0.9753461, -0.0098637034],
    [0.67070493, -2.0631281, -0.42805442, 1.4670491, -1.0331963, -0.010440851],
    [0.73353678, -2.0834098, -0.4004972, 1.5005806, -1.0910465, -0.011017999],
    [0.79636863, -2.1036915, -0.37293998, 1.5341121, -1.1488967, -0.011595147],
    [0.85920049, -2.1239732, -0.34538276, 1.5676436, -1.2067469, -0.012172295],
    [0.92203234, -2.1442549, -0.31782554, 1.6011751, -1.2645971, -0.012749443],
    [0.98486419, -2.1645366, -0.29026832, 1.6347066, -1.3224473, -0.013326591],
    [1.047696, -2.1848183, -0.2627111, 1.6682381, -1.3802976, -0.013903739],
    [1.1105279, -2.2051, -0.23515388, 1.7017696, -1.4381478, -0.014480887],
    [1.1733598, -2.2253817, -0.20759666, 1.735301, -1.495998, -0.015058035],
    [1.2361916, -2.2456634, -0.18003945, 1.7688325, -1.5538482, -0.015635183],
    [1.2990235, -2.2659451, -0.15248223, 1.802364, -1.6116984, -0.01621233],
    [1.3618553, -2.2862268, -0.12492501, 1.8358955, -1.6695486, -0.016789478],
    [1.4246872, -2.3065085, -0.097367786, 1.869427, -1.7273988, -0.017366626],
    [1.487519, -2.3267902, -0.069810567, 1.9029585, -1.785249, -0.017943774],
    [1.5503509, -2.3470719, -0.042253347, 1.93649, -1.8430992, -0.018520922],
    [1.6131827, -2.3673537, -0.014696128, 1.9700215, -1.9009494, -0.01909807],
    [1.6760146, -2.3876354, 0.012861092, 2.003553, -1.9587996, -0.019675218],
    [1.7388464, -2.4079171, 0.040418311, 2.0370845, -2.0166498, -0.020252366],
    [1.8016783, -2.4281988, 0.067975531, 2.070616, -2.0745001, -0.020829514],
    [1.8645101, -2.4484805, 0.09553275, 2.1041474, -2.1323503, -0.021406662],
    [1.927342, -2.4687622, 0.12308997, 2.1376789, -2.1902005, -0.02198381],
    [1.9901738, -2.4890439, 0.15064719, 2.1712104, -2.2480507, -0.022560957],
    [2.0530057, -2.5093256, 0.17820441, 2.2047419, -2.3059009, -0.023138105],
    [2.1158375, -2.5296073, 0.20576163, 2.2382734, -2.3637511, -0.023715253],
    [2.1786694, -2.549889, 0.23331885, 2.2718049, -2.4216013, -0.024292401],
    [2.2415013, -2.5701707, 0.26087607, 2.3053364, -2.4794515, -0.024869549],
    [2.3043331, -2.5904524, 0.28843329, 2.3388679, -2.5373017, -0.025446697],
    [2.367165, -2.6107341, 0.31599051, 2.3723994, -2.5951519, -0.026023845],
    [2.4299968, -2.6310158, 0.34354773, 2.4059309, -2.6530021, -0.026600993],
    [2.4928287, -2.6512975, 0.37110495, 2.4394624, -2.7108523, -0.027178141],
    [2.5556605, -2.6715792, 0.39866216, 2.4729938, -2.7687026, -0.027755289],
    [2.6184924, -2.6918609, 0.42621938, 2.5065253, -2.8265528, -0.028332437],
    [2.6813242, -2.7121427, 0.4537766, 2.5400568, -2.884403, -0.028909584],
    [2.7441561, -2.7324244, 0.48133382, 2.5735883, -2.9422532, -0.029486732],
    [2.8069879, -2.7527061, 0.50889104, 2.6071198, -3.0001034, -0.03006388],
    [2.8698198, -2.7729878, 0.53644826, 2.6406513, -3.0579536, -0.030641028],
    [2.9326516, -2.7932695, 0.56400548, 2.6741828, -3.1158038, -0.031218176],
    [2.9954835, -2.8135512, 0.5915627, 2.7077143, -3.173654, -0.031795324],
    [3.0583153, -2.8338329, 0.61911992, 2.7412458, -3.2315042, -0.032372472],
    [3.1211472, -2.8541146, 0.64667714, 2.7747773, -3.2893544, -0.03294962],
    [3.183979, -2.8743963, 0.67423436, 2.8083088, -3.3472046, -0.033526768],
    [3.2468109, -2.894678, 0.70179158, 2.8418403, -3.4050548, -0.034103916],
    [3.3096428, -2.9149597, 0.7293488, 2.8753717, -3.462905, -0.034681064],
    [3.3724746, -2.9352414, 0.75690602, 2.9089032, -3.5207553, -0.035258212],
    [3.4353065, -2.9555231, 0.78446324, 2.9424347, -3.5786055, -0.035835359],
    [3.4981383, -2.9758048, 0.81202046, 2.9759662, -3.6364557, -0.036412507],
    [3.5609702, -2.9960865, 0.83957768, 3.0094977, -3.6943059, -0.036989655],
    [3.623802, -3.0163682, 0.8671349, 3.0430292, -3.7521561, -0.037566803],
    [3.6866339, -3.03665, 0.89469212, 3.0765607, -3.8100063, -0.038143951],
    [3.7494657, -3.0569317, 0.92224934, 3.1100922, -3.8678565, -0.038721099],
    [3.8122976, -3.0772134, 0.94980656, 3.1436237, -3.9257067, -0.039298247],
    [3.8751294, -3.0974951, 0.97736377, 3.1771552, -3.9835569, -0.039875395],
    [3.9379613, -3.1177768, 1.004921, 3.2106867, -4.0414071, -0.040452543],
    [4.0007931, -3.1380585, 1.0324782, 3.2442181, -4.0992573, -0.041029691],
    [4.063625, -3.1583402, 1.0600354, 3.2777496, -4.1571075, -0.041606839],
    [4.1264568, -3.1786219, 1.0875927, 3.3112811, -4.2149578, -0.042183986],
    [4.1892887, -3.1989036, 1.1151499, 3.3448126, -4.272808, -0.042761134],
    [4.2521206, -3.2191853, 1.1427071, 3.3783441, -4.3306582, -0.043338282],
    [4.3149524, -3.239467, 1.1702643, 3.4118756, -4.3885084, -0.04391543],
    [4.3777843, -3.2597487, 1.1978215, 3.4454071, -4.4463586, -0.044492578],
    [4.4406161, -3.2800304, 1.2253788, 3.4789386, -4.5042088, -0.045069726],
    [4.5019282, -3.2998216, 1.2522694, 3.511659, -4.5606598, -0.045632914],
    [4.554247, -3.3167097, 1.2752157, 3.53958, -4.6088304, -0.046113493],
    [4.5965657, -3.3303699, 1.2937762, 3.5621642, -4.6477939, -0.046502216],
    [4.6288845, -3.3408022, 1.3079508, 3.5794118, -4.6775502, -0.046799083],
    [4.6512032, -3.3480065, 1.3177395, 3.5913226, -4.6980994, -0.047004094],
    [4.6635219, -3.351983, 1.3231423, 3.5978968, -4.7094415, -0.047117249],
    [4.6662001, -3.3528475, 1.3243169, 3.5993261, -4.7119073, -0.047141849]
  ]
}
