{
  "iteration": 258,
  "label": "pre_pick",
  "planning_time_ms": 59.259801,
  "scene": {
    "block_x": 0.34504356,
    "block_y": 0.3922879,
    "bin_x": 0.17471397,
    "bin_y": 0.35439295
  },
  "joint_names": ["shoulder_pan_joint", "shoulder_lift_joint", "elbow_joint", "wrist_1_joint", "wrist_2_joint", "wrist_3_joint"],
  "start_joints": [-0.4512331, -1.700792, -0.92042599, 0.86846826, -1.7782948e-05, -0.0002395956],
  "goal_joints": [-5.6851672, -0.12600321, -0.41408286, -1.0307367, -1.570585, -0.97255071],
  "num_waypoints": 91,
  "trajectory": [
    [-0.4512331, -1.700792, -0.92042599, 0.86846826, -1.7782948e-05, -0.0002395956],
    [-0.4562331, -1.6992876, -0.91994228, 0.86665394, -0.0015181527, -0.0011684486],
    [-0.4712331, -1.6947744, -0.91849115, 0.86121098, -0.0060192618, -0.0039550077],
    [-0.4962331, -1.6872523, -0.91607259, 0.85213939, -0.01352111, -0.0085992729],
    [-0.5312331, -1.6767215, -0.91268661, 0.83943916, -0.024023698, -0.015101244],
    [-0.5762331, -1.6631819, -0.9083332, 0.82311029, -0.037527026, -0.023460921],
    [-0.6312331, -1.6466335, -0.90301237, 0.80315278, -0.054031092, -0.033678305],
    [-0.69366388, -1.6278493, -0.89697267, 0.78049892, -0.072764941, -0.045276108],
    [-0.75649573, -1.6089444, -0.89089417, 0.75769951, -0.091619143, -0.056948419],
    [-0.81932758, -1.5900395, -0.88481567, 0.73490011, -0.11047334, -0.068620731],
    [-0.88215943, -1.5711346, -0.87873716, 0.71210071, -0.12932755, -0.080293042],
    [-0.94499129, -1.5522298, -0.87265866, 0.68930131, -0.14818175, -0.091965354],
    [-1.0078231, -1.5333249, -0.86658016, 0.66650191, -0.16703595, -0.10363767],
    [-1.070655, -1.51442, -0.86050166, 0.6437025, -0.18589015, -0.11530998],
    [-1.1334868, -1.4955151, -0.85442316, 0.6209031, -0.20474435, -0.12698229],
    [-1.1963187, -1.4766102, -0.84834466, 0.5981037, -0.22359856, -0.1386546],
    [-1.2591506, -1.4577054, -0.84226615, 0.5753043, -0.24245276, -0.15032691],
    [-1.3219824, -1.4388005, -0.83618765, 0.55250489, -0.26130696, -0.16199922],
    [-1.3848143, -1.4198956, -0.83010915, 0.52970549, -0.28016116, -0.17367153],
    [-1.4476461, -1.4009907, -0.82403065, 0.50690609, -0.29901536, -0.18534385],
    [-1.510478, -1.3820858, -0.81795215, 0.48410669, -0.31786956, -0.19701616],
    [-1.5733098, -1.363181, -0.81187365, 0.46130729, -0.33672377, -0.20868847],
    [-1.6361417, -1.3442761, -0.80579514, 0.43850788, -0.35557797, -0.22036078],
    [-1.6989735, -1.3253712, -0.79971664, 0.41570848, -0.37443217, -0.23203309],
    [-1.7618054, -1.3064663, -0.79363814, 0.39290908, -0.39328637, -0.2437054],
    [-1.8246372, -1.2875614, -0.78755964, 0.37010968, -0.41214057, -0.25537771],
    [-1.8874691, -1.2686566, -0.78148114, 0.34731028, -0.43099477, -0.26705003],
    [-1.9503009, -1.2497517, -0.77540264, 0.32451087, -0.44984898, -0.27872234],
    [-2.0131328, -1.2308468, -0.76932413, 0.30171147, -0.46870318, -0.29039465],
    [-2.0759646, -1.2119419, -0.76324563, 0.27891207, -0.48755738, -0.30206696],
    [-2.1387965, -1.193037, -0.75716713, 0.25611267, -0.50641158, -0.31373927],
    [-2.2016283, -1.1741322, -0.75108863, 0.23331326, -0.52526578, -0.32541158],
    [-2.2644602, -1.1552273, -0.74501013, 0.21051386, -0.54411999, -0.33708389],
    [-2.3272921, -1.1363224, -0.73893162, 0.18771446, -0.56297419, -0.34875621],
    [-2.3901239, -1.1174175, -0.73285312, 0.16491506, -0.58182839, -0.36042852],
    [-2.4529558, -1.0985126, -0.72677462, 0.14211566, -0.60068259, -0.37210083],
    [-2.5157876, -1.0796078, -0.72069612, 0.11931625, -0.61953679, -0.38377314],
    [-2.5786195, -1.0607029, -0.71461762, 0.096516851, -0.63839099, -0.39544545],
    [-2.6414513, -1.041798, -0.70853912, 0.073717449, -0.6572452, -0.40711776],
    [-2.7042832, -1.0228931, -0.70246061, 0.050918047, -0.6760994, -0.41879007],
    [-2.767115, -1.0039882, -0.69638211, 0.028118645, -0.6949536, -0.43046239],
    [-2.8299469, -0.98508336, -0.69030361, 0.0053192425, -0.7138078, -0.4421347],
    [-2.8927787, -0.96617848, -0.68422511, -0.01748016, -0.732662, -0.45380701],
    [-2.9556106, -0.9472736, -0.67814661, -0.040279562, -0.7515162, -0.46547932],
    [-3.0184424, -0.92836872, -0.67206811, -0.063078964, -0.77037041, -0.47715163],
    [-3.0812743, -0.90946384, -0.6659896, -0.085878366, -0.78922461, -0.48882394],
    [-3.1441061, -0.89055896, -0.6599111, -0.10867777, -0.80807881, -0.50049625],
    [-3.206938, -0.87165408, -0.6538326, -0.13147717, -0.82693301, -0.51216857],
    [-3.2697699, -0.8527492, -0.6477541, -0.15427657, -0.84578721, -0.52384088],
    [-3.3326017, -0.83384432, -0.6416756, -0.17707597, -0.86464142, -0.53551319],
    [-3.3954336, -0.81493944, -0.6355971, -0.19987538, -0.88349562, -0.5471855],
    [-3.4582654, -0.79603456, -0.62951859, -0.22267478, -0.90234982, -0.55885781],
    [-3.5210973, -0.77712968, -0.62344009, -0.24547418, -0.92120402, -0.57053012],
    [-3.5839291, -0.7582248, -0.61736159, -0.26827358, -0.94005822, -0.58220243],
    [-3.646761, -0.73931992, -0.61128309, -0.29107299, -0.95891242, -0.59387475],
    [-3.7095928, -0.72041504, -0.60520459, -0.31387239, -0.97776663, -0.60554706],
    [-3.7724247, -0.70151016, -0.59912609, -0.33667179, -0.99662083, -0.61721937],
    [-3.8352565, -0.68260528, -0.59304758, -0.35947119, -1.015475, -0.62889168],
    [-3.8980884, -0.6637004, -0.58696908, -0.38227059, -1.0343292, -0.64056399],
    [-3.9609202, -0.64479552, -0.58089058, -0.40507, -1.0531834, -0.6522363],
    [-4.0237521, -0.62589064, -0.57481208, -0.4278694, -1.0720376, -0.66390862],
    [-4.0865839, -0.60698576, -0.56873358, -0.4506688, -1.0908918, -0.67558093],
    [-4.1494158, -0.58808088, -0.56265508, -0.4734682, -1.109746, -0.68725324],
    [-4.2122476, -0.569176, -0.55657657, -0.49626761, -1.1286002, -0.69892555],
    [-4.2750795, -0.55027112, -0.55049807, -0.51906701, -1.1474544, -0.71059786],
    [-4.3379114, -0.53136624, -0.54441957, -0.54186641, -1.1663086, -0.72227017],
    [-4.4007432, -0.51246136, -0.53834107, -0.56466581, -1.1851628, -0.73394248],
    [-4.4635751, -0.49355648, -0.53226257, -0.58746521, -1.204017, -0.7456148],
    [-4.5264069, -0.4746516, -0.52618407, -0.61026462, -1.2228712, -0.75728711],
    [-4.5892388, -0.45574672, -0.52010556, -0.63306402, -1.2417255, -0.76895942],
    [-4.6520706, -0.43684184, -0.51402706, -0.65586342, -1.2605797, -0.78063173],
    [-4.7149025, -0.41793696, -0.50794856, -0.67866282, -1.2794339, -0.79230404],
    [-4.7777343, -0.39903208, -0.50187006, -0.70146223, -1.2982881, -0.80397635],
    [-4.8405662, -0.3801272, -0.49579156, -0.72426163, -1.3171423, -0.81564866],
    [-4.903398, -0.36122232, -0.48971306, -0.74706103, -1.3359965, -0.82732098],
    [-4.9662299, -0.34231744, -0.48363455, -0.76986043, -1.3548507, -0.83899329],
    [-5.0290617, -0.32341256, -0.47755605, -0.79265983, -1.3737049, -0.8506656],
    [-5.0918936, -0.30450768, -0.47147755, -0.81545924, -1.3925591, -0.86233791],
    [-5.1547254, -0.2856028, -0.46539905, -0.83825864, -1.4114133, -0.87401022],
    [-5.2175573, -0.26669792, -0.45932055, -0.86105804, -1.4302675, -0.88568253],
    [-5.2803891, -0.24779304, -0.45324205, -0.88385744, -1.4491217, -0.89735484],
    [-5.343221, -0.22888816, -0.44716354, -0.90665684, -1.4679759, -0.90902716],
    [-5.4060529, -0.20998328, -0.44108504, -0.92945625, -1.4868301, -0.92069947],
    [-5.4688847, -0.1910784, -0.43500654, -0.95225565, -1.5056843, -0.93237178],
    [-5.5292711, -0.17290931, -0.42916462, -0.97416769, -1.5238047, -0.9435898],
    [-5.5801095, -0.15761304, -0.42424639, -0.99261508, -1.5390599, -0.95303407],
    [-5.6209478, -0.14532558, -0.4202956, -1.0074338, -1.5513145, -0.96062064],
    [-5.6517862, -0.13604692, -0.41731222, -1.018624, -1.5605682, -0.9663495],
    [-5.6726245, -0.12977706, -0.41529627, -1.0261854, -1.5668213, -0.97022065],
    [-5.6834629, -0.12651601, -0.41424774, -1.0301183, -1.5700736, -0.9722341],
    [-5.6851672, -0.12600321, -0.41408286, -1.0307367, -1.570585, -0.97255071]
  ]
}
