{
  "iteration": 471,
  "label": "pre_pick",
  "planning_time_ms": 187.55654,
  "scene": {
    "block_x": 0.21990147,
    "block_y": 0.48276996,
    "bin_x": 0.14164366,
    "bin_y": 0.2637718
  },
  "joint_names": ["shoulder_pan_joint", "shoulder_lift_joint", "elbow_joint", "wrist_1_joint", "wrist_2_joint", "wrist_3_joint"],
  "start_joints": [-0.4512239, -1.7007843, -0.92018009, 0.86820324, -9.6462848e-05, -0.00015861123],
  "goal_joints": [0.89841486, -0.38745737, 0.15925501, 4.9410333, -1.5708738, -0.67329681],
  "num_waypoints": 46,
  "trajectory": [
    [-0.4512239, -1.7007843, -0.92018009, 0.86820324, -9.6462848e-05, -0.00015861123],
    [-0.44956702, -1.699172, -0.91885492, 0.87320324, -0.0020248239, -0.0009849877],
    [-0.44459638, -1.6943351, -0.91487943, 0.88820324, -0.007809907, -0.0034641171],
    [-0.43631197, -1.6862735, -0.9082536, 0.91320324, -0.017451712, -0.0075959995],
    [-0.42471381, -1.6749874, -0.89897744, 0.94820324, -0.030950239, -0.013380635],
    [-0.40980188, -1.6604767, -0.88705094, 0.99320324, -0.048305489, -0.020818023],
    [-0.39157619, -1.6427414, -0.87247412, 1.0482032, -0.06951746, -0.029908164],
    [-0.37003674, -1.6217814, -0.85524696, 1.1132032, -0.094586153, -0.040651058],
    [-0.34518353, -1.5975969, -0.83536948, 1.1882032, -0.12351156, -0.053046704],
    [-0.31701657, -1.5701878, -0.81284166, 1.2732032, -0.1562937, -0.067095102],
    [-0.28553584, -1.539554, -0.78766351, 1.3682032, -0.19293255, -0.082796252],
    [-0.25074135, -1.5056957, -0.75983503, 1.4732032, -0.23342812, -0.10015015],
    [-0.2126331, -1.4686127, -0.72935622, 1.5882032, -0.27778042, -0.11915681],
    [-0.17152267, -1.4286084, -0.69647629, 1.7122629, -0.3256268, -0.13966081],
    [-0.12988071, -1.3880868, -0.66317123, 1.8379266, -0.3740918, -0.16042992],
    [-0.088238757, -1.3475652, -0.62986618, 1.9635903, -0.4225568, -0.18119903],
    [-0.046596802, -1.3070436, -0.59656113, 2.089254, -0.4710218, -0.20196813],
    [-0.0049548464, -1.266522, -0.56325608, 2.2149177, -0.5194868, -0.22273724],
    [0.036687109, -1.2260004, -0.52995103, 2.3405814, -0.5679518, -0.24350635],
    [0.078329064, -1.1854789, -0.49664598, 2.4662451, -0.61641679, -0.26427545],
    [0.11997102, -1.1449573, -0.46334093, 2.5919088, -0.66488179, -0.28504456],
    [0.16161298, -1.1044357, -0.43003587, 2.7175725, -0.71334679, -0.30581366],
    [0.20325493, -1.0639141, -0.39673082, 2.8432362, -0.76181179, -0.32658277],
    [0.24489689, -1.0233925, -0.36342577, 2.9688999, -0.81027679, -0.34735188],
    [0.28653884, -0.98287094, -0.33012072, 3.0945636, -0.85874179, -0.36812098],
    [0.3281808, -0.94234936, -0.29681567, 3.2202273, -0.90720679, -0.38889009],
    [0.36982275, -0.90182777, -0.26351062, 3.345891, -0.95567179, -0.40965919],
    [0.41146471, -0.86130619, -0.23020557, 3.4715547, -1.0041368, -0.4304283],
    [0.45310666, -0.82078461, -0.19690051, 3.5972185, -1.0526018, -0.45119741],
    [0.49474862, -0.78026302, -0.16359546, 3.7228822, -1.1010668, -0.47196651],
    [0.53639057, -0.73974144, -0.13029041, 3.8485459, -1.1495318, -0.49273562],
    [0.57803253, -0.69921985, -0.096985361, 3.9742096, -1.1979968, -0.51350472],
    [0.61967448, -0.65869827, -0.063680309, 4.0998733, -1.2464618, -0.53427383],
    [0.66074076, -0.61873688, -0.030835683, 4.2237997, -1.2942568, -0.55475581],
    [0.69877255, -0.58172833, -0.00041802588, 4.338569, -1.3385201, -0.57372434],
    [0.73349058, -0.54794438, 0.027349299, 4.4433382, -1.3789267, -0.5910401],
    [0.76489485, -0.51738504, 0.052466293, 4.5381075, -1.4154765, -0.60670312],
    [0.79298535, -0.49005031, 0.074932955, 4.6228767, -1.4481697, -0.62071338],
    [0.8177621, -0.46594018, 0.094749285, 4.697646, -1.4770061, -0.63307089],
    [0.83922508, -0.44505466, 0.11191528, 4.7624152, -1.5019858, -0.64377564],
    [0.8573743, -0.42739374, 0.12643095, 4.8171844, -1.5231088, -0.65282765],
    [0.87220976, -0.41295743, 0.13829628, 4.8619537, -1.540375, -0.6602269],
    [0.88373146, -0.40174572, 0.14751129, 4.8967229, -1.5537845, -0.66597339],
    [0.89193939, -0.39375862, 0.15407596, 4.9214922, -1.5633374, -0.67006714],
    [0.89683357, -0.38899612, 0.1579903, 4.9362614, -1.5690334, -0.67250813],
    [0.89841486, -0.38745737, 0.15925501, 4.9410333, -1.5708738, -0.67329681]
  ]
}
