{
  "iteration": 415,
  "label": "pre_pick",
  "planning_time_ms": 37.150237,
  "scene": {
    "block_x": 0.21877299,
    "block_y": 0.46592731,
    "bin_x": 0.35976697,
    "bin_y": 0.30728366
  },
  "joint_names": ["shoulder_pan_joint", "shoulder_lift_joint", "elbow_joint", "wrist_1_joint", "wrist_2_joint", "wrist_3_joint"],
  "start_joints": [-0.45128061, -1.7008046, -0.92004593, 0.86794262, -8.6824545e-05, -3.9060472e-05],
  "goal_joints": [0.88044985, -0.57271067, 0.53334983, 4.7522105, -1.571124, -0.69053491],
  "num_waypoints": 45,
  "trajectory": [
    [-0.45128061, -1.7008046, -0.92004593, 0.86794262, -8.6824545e-05, -3.9060472e-05],
    [-0.44956635, -1.6993525, -0.91817505, 0.87294262, -0.0021091325, -0.00092789702],
    [-0.44442356, -1.6949961, -0.91256243, 0.88794262, -0.0081760564, -0.0035944067],
    [-0.43585225, -1.6877354, -0.90320806, 0.91294262, -0.018287596, -0.0080385894],
    [-0.42385242, -1.6775705, -0.89011193, 0.94794262, -0.032443752, -0.014260445],
    [-0.40842406, -1.6645013, -0.87327406, 0.99294262, -0.050644523, -0.022259974],
    [-0.38956718, -1.6485279, -0.85269444, 1.0479426, -0.072889911, -0.032037176],
    [-0.36728178, -1.6296502, -0.82837306, 1.1129426, -0.099179914, -0.043592051],
    [-0.34156785, -1.6078682, -0.80030994, 1.1879426, -0.12951453, -0.0569246],
    [-0.3124254, -1.5831819, -0.76850507, 1.2729426, -0.16389377, -0.072034821],
    [-0.27985442, -1.5555914, -0.73295845, 1.3679426, -0.20231762, -0.088922715],
    [-0.24385492, -1.5250967, -0.69367008, 1.4729426, -0.24478609, -0.10758828],
    [-0.2044269, -1.4916976, -0.65063996, 1.5879426, -0.29129917, -0.12803152],
    [-0.16189272, -1.4556674, -0.60421991, 1.7120024, -0.34147657, -0.15008529],
    [-0.11880862, -1.4191713, -0.5571997, 1.8376661, -0.39230271, -0.17242419],
    [-0.075724524, -1.3826753, -0.51017949, 1.9633298, -0.44312885, -0.19476309],
    [-0.032640424, -1.3461792, -0.46315928, 2.0889935, -0.49395499, -0.21710199],
    [0.010443676, -1.3096832, -0.41613907, 2.2146572, -0.54478114, -0.23944088],
    [0.053527776, -1.2731871, -0.36911885, 2.3403209, -0.59560728, -0.26177978],
    [0.096611877, -1.236691, -0.32209864, 2.4659846, -0.64643342, -0.28411868],
    [0.13969598, -1.200195, -0.27507843, 2.5916483, -0.69725956, -0.30645758],
    [0.18278008, -1.1636989, -0.22805822, 2.717312, -0.74808571, -0.32879648],
    [0.22586418, -1.1272029, -0.18103801, 2.8429757, -0.79891185, -0.35113538],
    [0.26894828, -1.0907068, -0.13401779, 2.9686394, -0.84973799, -0.37347428],
    [0.31203238, -1.0542107, -0.086997583, 3.0943031, -0.90056413, -0.39581318],
    [0.35511648, -1.0177147, -0.039977371, 3.2199668, -0.95139028, -0.41815208],
    [0.39820058, -0.98121863, 0.0070428411, 3.3456305, -1.0022164, -0.44049098],
    [0.44128468, -0.94472257, 0.054063053, 3.4712942, -1.0530426, -0.46282988],
    [0.48436878, -0.90822651, 0.10108326, 3.5969579, -1.1038687, -0.48516877],
    [0.52745288, -0.87173045, 0.14810348, 3.7226217, -1.1546948, -0.50750767],
    [0.57053698, -0.83523439, 0.19512369, 3.8482854, -1.205521, -0.52984657],
    [0.6136072, -0.79875009, 0.24212875, 3.9739086, -1.2563308, -0.55217828],
    [0.65466855, -0.76396749, 0.28694142, 4.0936725, -1.3047707, -0.57346839],
    [0.69230137, -0.73208914, 0.32801233, 4.2034364, -1.349166, -0.59298082],
    [0.72650567, -0.70311506, 0.36534149, 4.3032004, -1.3895166, -0.61071559],
    [0.75728145, -0.67704525, 0.39892891, 4.3929643, -1.4258227, -0.62667268],
    [0.7846287, -0.6538797, 0.42877457, 4.4727282, -1.4580841, -0.6408521],
    [0.80854743, -0.63361841, 0.45487849, 4.5424922, -1.486301, -0.65325385],
    [0.82903763, -0.61626139, 0.47724065, 4.6022561, -1.5104732, -0.66387792],
    [0.84609931, -0.60180863, 0.49586107, 4.65202, -1.5306008, -0.67272432],
    [0.85973247, -0.59026013, 0.51073973, 4.6917839, -1.5466838, -0.67979305],
    [0.8699371, -0.5816159, 0.52187665, 4.7215479, -1.5587221, -0.6850841],
    [0.87671321, -0.57587594, 0.52927182, 4.7413118, -1.5667159, -0.68859748],
    [0.8800608, -0.57304023, 0.53292524, 4.7510757, -1.570665, -0.69033319],
    [0.88044985, -0.57271067, 0.53334983, 4.7522105, -1.571124, -0.69053491]
  ]
}
