{
  "iteration": 248,
  "label": "pre_pick",
  "planning_time_ms": 5015.9984,
  "scene": {
    "block_x": 0.15777023,
    "block_y": 0.50717929,
    "bin_x": 0.21452845,
    "bin_y": 0.30774062
  },
  "joint_names": ["shoulder_pan_joint", "shoulder_lift_joint", "elbow_joint", "wrist_1_joint", "wrist_2_joint", "wrist_3_joint"],
  "start_joints": [-0.45124737, -1.7008311, -0.92053202, 0.86851476, 7.2719266e-05, -0.00027340493],
  "goal_joints": [-5.2567687, -0.35608837, 0.093217713, 4.9761386, -1.5707051, -0.54375007],
  "num_waypoints": 84,
  "trajectory": [
    [-0.45124737, -1.7008311, -0.92053202, 0.86851476, 7.2719266e-05, -0.00027340493],
    [-0.45624737, -1.699432, -0.91947724, 0.87278862, -0.0015616277, -0.00083887601],
    [-0.47124737, -1.6952345, -0.91631291, 0.88561019, -0.0064646687, -0.0025352892],
    [-0.49624737, -1.6882387, -0.91103903, 0.90697949, -0.014636404, -0.0053626446],
    [-0.53124737, -1.6784445, -0.9036556, 0.9368965, -0.026076832, -0.0093209422],
    [-0.57624737, -1.665852, -0.89416262, 0.97536123, -0.040785955, -0.014410182],
    [-0.63124737, -1.6504612, -0.88256008, 1.0223737, -0.058763772, -0.020630364],
    [-0.69367814, -1.632991, -0.86938998, 1.0757377, -0.079170482, -0.027690923],
    [-0.75650999, -1.6154086, -0.85613528, 1.1294446, -0.099708292, -0.034796842],
    [-0.81934185, -1.5978262, -0.84288057, 1.1831515, -0.1202461, -0.041902762],
    [-0.8821737, -1.5802438, -0.82962586, 1.2368584, -0.14078391, -0.049008681],
    [-0.94500555, -1.5626614, -0.81637116, 1.2905653, -0.16132172, -0.0561146],
    [-1.0078374, -1.545079, -0.80311645, 1.3442722, -0.18185953, -0.063220519],
    [-1.0706693, -1.5274965, -0.78986174, 1.3979791, -0.20239734, -0.070326438],
    [-1.1335011, -1.5099141, -0.77660704, 1.451686, -0.22293515, -0.077432357],
    [-1.196333, -1.4923317, -0.76335233, 1.5053929, -0.24347296, -0.084538276],
    [-1.2591648, -1.4747493, -0.75009762, 1.5590998, -0.26401077, -0.091644196],
    [-1.3219967, -1.4571669, -0.73684292, 1.6128067, -0.28454858, -0.098750115],
    [-1.3848285, -1.4395845, -0.72358821, 1.6665136, -0.30508639, -0.10585603],
    [-1.4476604, -1.422002, -0.71033351, 1.7202204, -0.3256242, -0.11296195],
    [-1.5104922, -1.4044196, -0.6970788, 1.7739273, -0.34616201, -0.12006787],
    [-1.5733241, -1.3868372, -0.68382409, 1.8276342, -0.36669982, -0.12717379],
    [-1.6361559, -1.3692548, -0.67056939, 1.8813411, -0.38723763, -0.13427971],
    [-1.6989878, -1.3516724, -0.65731468, 1.935048, -0.40777544, -0.14138563],
    [-1.7618196, -1.33409, -0.64405997, 1.9887549, -0.42831325, -0.14849155],
    [-1.8246515, -1.3165075, -0.63080527, 2.0424618, -0.44885106, -0.15559747],
    [-1.8874833, -1.2989251, -0.61755056, 2.0961687, -0.46938887, -0.16270339],
    [-1.9503152, -1.2813427, -0.60429585, 2.1498756, -0.48992668, -0.16980931],
    [-2.0131471, -1.2637603, -0.59104115, 2.2035825, -0.51046449, -0.17691523],
    [-2.0759789, -1.2461779, -0.57778644, 2.2572894, -0.5310023, -0.18402114],
    [-2.1388108, -1.2285955, -0.56453173, 2.3109963, -0.55154011, -0.19112706],
    [-2.2016426, -1.211013, -0.55127703, 2.3647032, -0.57207792, -0.19823298],
    [-2.2644745, -1.1934306, -0.53802232, 2.4184101, -0.59261573, -0.2053389],
    [-2.3273063, -1.1758482, -0.52476761, 2.4721169, -0.61315354, -0.21244482],
    [-2.3901382, -1.1582658, -0.51151291, 2.5258238, -0.63369135, -0.21955074],
    [-2.45297, -1.1406834, -0.4982582, 2.5795307, -0.65422916, -0.22665666],
    [-2.5158019, -1.1231009, -0.4850035, 2.6332376, -0.67476697, -0.23376258],
    [-2.5786337, -1.1055185, -0.47174879, 2.6869445, -0.69530478, -0.2408685],
    [-2.6414656, -1.0879361, -0.45849408, 2.7406514, -0.71584259, -0.24797442],
    [-2.7042974, -1.0703537, -0.44523938, 2.7943583, -0.7363804, -0.25508034],
    [-2.7671293, -1.0527713, -0.43198467, 2.8480652, -0.75691821, -0.26218626],
    [-2.8299611, -1.0351889, -0.41872996, 2.9017721, -0.77745602, -0.26929217],
    [-2.892793, -1.0176064, -0.40547526, 2.955479, -0.79799383, -0.27639809],
    [-2.9556249, -1.000024, -0.39222055, 3.0091859, -0.81853164, -0.28350401],
    [-3.0184567, -0.98244161, -0.37896584, 3.0628928, -0.83906945, -0.29060993],
    [-3.0812886, -0.96485919, -0.36571114, 3.1165997, -0.85960726, -0.29771585],
    [-3.1441204, -0.94727678, -0.35245643, 3.1703065, -0.88014507, -0.30482177],
    [-3.2069523, -0.92969436, -0.33920172, 3.2240134, -0.90068288, -0.31192769],
    [-3.2697841, -0.91211194, -0.32594702, 3.2777203, -0.92122069, -0.31903361],
    [-3.332616, -0.89452953, -0.31269231, 3.3314272, -0.9417585, -0.32613953],
    [-3.3954478, -0.87694711, -0.29943761, 3.3851341, -0.96229631, -0.33324545],
    [-3.4582797, -0.85936469, -0.2861829, 3.438841, -0.98283412, -0.34035137],
    [-3.5211115, -0.84178227, -0.27292819, 3.4925479, -1.0033719, -0.34745728],
    [-3.5839434, -0.82419986, -0.25967349, 3.5462548, -1.0239097, -0.3545632],
    [-3.6467752, -0.80661744, -0.24641878, 3.5999617, -1.0444475, -0.36166912],
    [-3.7096071, -0.78903502, -0.23316407, 3.6536686, -1.0649854, -0.36877504],
    [-3.7724389, -0.7714526, -0.21990937, 3.7073755, -1.0855232, -0.37588096],
    [-3.8352708, -0.75387019, -0.20665466, 3.7610824, -1.106061, -0.38298688],
    [-3.8981026, -0.73628777, -0.19339995, 3.8147893, -1.1265988, -0.3900928],
    [-3.9609345, -0.71870535, -0.18014525, 3.8684962, -1.1471366, -0.39719872],
    [-4.0237664, -0.70112294, -0.16689054, 3.922203, -1.1676744, -0.40430464],
    [-4.0865982, -0.68354052, -0.15363583, 3.9759099, -1.1882122, -0.41141056],
    [-4.1494301, -0.6659581, -0.14038113, 4.0296168, -1.20875, -0.41851648],
    [-4.2122619, -0.64837568, -0.12712642, 4.0833237, -1.2292878, -0.4256224],
    [-4.2750938, -0.63079327, -0.11387172, 4.1370306, -1.2498256, -0.43272831],
    [-4.3379256, -0.61321085, -0.10061701, 4.1907375, -1.2703635, -0.43983423],
    [-4.4007575, -0.59562843, -0.087362302, 4.2444444, -1.2909013, -0.44694015],
    [-4.4635893, -0.57804602, -0.074107596, 4.2981513, -1.3114391, -0.45404607],
    [-4.5264212, -0.5604636, -0.06085289, 4.3518582, -1.3319769, -0.46115199],
    [-4.589253, -0.54288118, -0.047598183, 4.4055651, -1.3525147, -0.46825791],
    [-4.6520849, -0.52529876, -0.034343477, 4.459272, -1.3730525, -0.47536383],
    [-4.7149167, -0.50771635, -0.02108877, 4.5129789, -1.3935903, -0.48246975],
    [-4.7777486, -0.49013393, -0.0078340638, 4.5666858, -1.4141281, -0.48957567],
    [-4.8405804, -0.47255151, 0.0054206427, 4.6203926, -1.4346659, -0.49668159],
    [-4.9034123, -0.4549691, 0.018675349, 4.6740995, -1.4552037, -0.50378751],
    [-4.9662441, -0.43738668, 0.031930056, 4.7278064, -1.4757416, -0.51089343],
    [-5.029076, -0.41980426, 0.045184762, 4.7815133, -1.4962794, -0.51799934],
    [-5.0905675, -0.40259691, 0.058156718, 4.8340745, -1.5163791, -0.52495368],
    [-5.1432219, -0.3878625, 0.069264425, 4.879082, -1.5335902, -0.53090858],
    [-5.1858762, -0.37592641, 0.07826258, 4.9155417, -1.5475325, -0.53573254],
    [-5.2185305, -0.36678866, 0.085151182, 4.9434537, -1.5582063, -0.53942556],
    [-5.2411849, -0.36044923, 0.089930233, 4.962818, -1.5656113, -0.54198763],
    [-5.2538392, -0.35690813, 0.092599731, 4.9736346, -1.5697476, -0.54341876],
    [-5.2567687, -0.35608837, 0.093217713, 4.9761386, -1.5707051, -0.54375007]
  ]
}
