{
  "iteration": 566,
  "label": "pre_pick",
  "planning_time_ms": 47.395789,
  "scene": {
    "block_x": 0.21348685,
    "block_y": 0.46304237,
    "bin_x": 0.25662892,
    "bin_y": 0.25758961
  },
  "joint_names": ["shoulder_pan_joint", "shoulder_lift_joint", "elbow_joint", "wrist_1_joint", "wrist_2_joint", "wrist_3_joint"],
  "start_joints": [-0.45134177, -1.700699, -0.92064505, 0.86874542, -6.4556476e-05, -0.00032561783],
  "goal_joints": [-1.7412526, -2.5340945, -0.6016285, -1.5763354, -4.7117379, -0.16946875],
  "num_waypoints": 68,
  "trajectory": [
    [-0.45134177, -1.700699, -0.92064505, 0.86874542, -6.4556476e-05, -0.00032561783],
    [-0.45634177, -1.7010972, -0.92138192, 0.86430796, -0.00088896069, 0.0013189057],
    [-0.47134177, -1.7022919, -0.92359253, 0.85099559, -0.0033621733, 0.0062524765],
    [-0.49634177, -1.7042831, -0.92727687, 0.82880831, -0.0074841944, 0.014475094],
    [-0.53134177, -1.7070708, -0.93243495, 0.79774612, -0.013255024, 0.025986759],
    [-0.57634177, -1.710655, -0.93906677, 0.75780901, -0.020674662, 0.040787472],
    [-0.63134177, -1.7150356, -0.94717233, 0.70899698, -0.029743108, 0.058877231],
    [-0.69377253, -1.7200081, -0.95637298, 0.65359023, -0.040036745, 0.079411003],
    [-0.75660438, -1.7250126, -0.96563275, 0.5978275, -0.050396513, 0.1000767],
    [-0.81943623, -1.730017, -0.97489251, 0.54206478, -0.060756282, 0.12074239],
    [-0.88226809, -1.7350214, -0.98415228, 0.48630206, -0.071116051, 0.14140808],
    [-0.94509994, -1.7400259, -0.99341204, 0.43053933, -0.08147582, 0.16207377],
    [-1.0079318, -1.7450303, -1.0026718, 0.37477661, -0.091835589, 0.18273947],
    [-1.0707636, -1.7500347, -1.0119316, 0.31901388, -0.10219536, 0.20340516],
    [-1.1335955, -1.7550392, -1.0211913, 0.26325116, -0.11255513, 0.22407085],
    [-1.1964228, -1.7600432, -1.0304504, 0.20749244, -0.12291415, 0.24473506],
    [-1.2539545, -1.7646255, -1.0389291, 0.15643362, -0.13240002, 0.26365749],
    [-1.3014861, -1.7684113, -1.045934, 0.11424971, -0.14023707, 0.27929086],
    [-1.3390598, -1.7714405, -1.0514459, 0.080838408, -0.14665713, 0.29161936],
    [-1.3702731, -1.7751505, -1.0551932, 0.05095879, -0.15933952, 0.30089163],
    [-1.3976289, -1.78028, -1.0571687, 0.021429624, -0.18201891, 0.30749264],
    [-1.4197387, -1.7867557, -1.0571419, -0.0065830498, -0.21469506, 0.31093561],
    [-1.4344381, -1.7943615, -1.0548243, -0.031080544, -0.25674204, 0.31054413],
    [-1.4399837, -1.8024092, -1.0503418, -0.049538123, -0.30449009, 0.30619094],
    [-1.4438636, -1.8118322, -1.0445631, -0.069200956, -0.36124876, 0.30006516],
    [-1.4484271, -1.8229154, -1.0377662, -0.092328076, -0.42800742, 0.29286012],
    [-1.4536741, -1.8356588, -1.0299512, -0.11891948, -0.50476609, 0.28457581],
    [-1.4596047, -1.8500623, -1.0211181, -0.14897518, -0.59152475, 0.27521224],
    [-1.4662189, -1.8661261, -1.0112668, -0.18249516, -0.6882834, 0.2647694],
    [-1.4735167, -1.88385, -1.0003975, -0.21947942, -0.79504206, 0.25324729],
    [-1.481498, -1.9032341, -0.98850996, -0.25992797, -0.91180072, 0.24064591],
    [-1.490036, -1.92397, -0.97579344, -0.30319734, -1.0367019, 0.22716574],
    [-1.498626, -1.9448326, -0.96299929, -0.34673086, -1.1623656, 0.21360327],
    [-1.5072161, -1.9656951, -0.95020515, -0.39026437, -1.2880293, 0.2000408],
    [-1.5158062, -1.9865576, -0.937411, -0.43379789, -1.413693, 0.18647833],
    [-1.5243962, -2.0074201, -0.92461685, -0.47733141, -1.5393567, 0.17291586],
    [-1.5329863, -2.0282826, -0.9118227, -0.52086493, -1.6650204, 0.1593534],
    [-1.5415764, -2.0491451, -0.89902856, -0.56439845, -1.7906841, 0.14579093],
    [-1.5501664, -2.0700077, -0.88623441, -0.60793197, -1.9163479, 0.13222846],
    [-1.5587565, -2.0908702, -0.87344026, -0.65146549, -2.0420116, 0.11866599],
    [-1.5673466, -2.1117327, -0.86064611, -0.69499901, -2.1676753, 0.10510352],
    [-1.5759366, -2.1325952, -0.84785196, -0.73853252, -2.293339, 0.091541053],
    [-1.5845267, -2.1534577, -0.83505782, -0.78206604, -2.4190027, 0.077978584],
    [-1.5931168, -2.1743203, -0.82226367, -0.82559956, -2.5446664, 0.064416116],
    [-1.6017068, -2.1951828, -0.80946952, -0.86913308, -2.6703301, 0.050853648],
    [-1.6102969, -2.2160453, -0.79667537, -0.9126666, -2.7959938, 0.037291179],
    [-1.618887, -2.2369078, -0.78388123, -0.95620012, -2.9216575, 0.023728711],
    [-1.6274771, -2.2577703, -0.77108708, -0.99973364, -3.0473212, 0.010166242],
    [-1.6360671, -2.2786328, -0.75829293, -1.0432672, -3.1729849, -0.0033962263],
    [-1.6446572, -2.2994954, -0.74549878, -1.0868007, -3.2986486, -0.016958695],
    [-1.6532473, -2.3203579, -0.73270464, -1.1303342, -3.4243123, -0.030521163],
    [-1.6618373, -2.3412204, -0.71991049, -1.1738677, -3.549976, -0.044083632],
    [-1.6704274, -2.3620829, -0.70711634, -1.2174012, -3.6756397, -0.0576461],
    [-1.6790175, -2.3829454, -0.69432219, -1.2609347, -3.8013034, -0.071208569],
    [-1.687607, -2.4038067, -0.68152879, -1.3044657, -3.9269599, -0.08477025],
    [-1.6958292, -2.4237758, -0.66928257, -1.3461349, -4.0472418, -0.097751881],
    [-1.7033678, -2.4420846, -0.65805448, -1.3843397, -4.1575237, -0.10965425],
    [-1.7102228, -2.4587333, -0.64784452, -1.4190802, -4.2578056, -0.12047734],
    [-1.7163943, -2.4737218, -0.63865268, -1.4503565, -4.3480876, -0.13022117],
    [-1.7218822, -2.4870501, -0.63047897, -1.4781684, -4.4283695, -0.13888573],
    [-1.7266865, -2.4987182, -0.62332339, -1.5025161, -4.4986514, -0.14647103],
    [-1.7308072, -2.5087261, -0.61718593, -1.5233995, -4.5589333, -0.15297706],
    [-1.7342444, -2.5170739, -0.6120666, -1.5408186, -4.6092153, -0.15840382],
    [-1.7369979, -2.5237614, -0.60796539, -1.5547734, -4.6494972, -0.16275132],
    [-1.7390679, -2.5287888, -0.60488231, -1.565264, -4.6797791, -0.16601955],
    [-1.7404544, -2.5321559, -0.60281735, -1.5722902, -4.7000611, -0.16820851],
    [-1.7411572, -2.5338629, -0.60177052, -1.5758522, -4.710343, -0.1693182],
    [-1.7412526, -2.5340945, -0.6016285, -1.5763354, -4.7117379, -0.16946875]
  ]
}
