{
  "iteration": 245,
  "label": "pre_pick",
  "planning_time_ms": 43.587925,
  "scene": {
    "block_x": 0.2187979,
    "block_y": 0.48072162,
    "bin_x": 0.3396796,
    "bin_y": 0.2941589
  },
  "joint_names": ["shoulder_pan_joint", "shoulder_lift_joint", "elbow_joint", "wrist_1_joint", "wrist_2_joint", "wrist_3_joint"],
  "start_joints": [-0.45123386, -1.7008718, -0.92028289, 0.86815811, 7.6290595e-05, -0.00012518838],
  "goal_joints": [0.89994635, -0.3996487, 0.18447945, -1.3547026, -1.5705526, -0.67108758],
  "num_waypoints": 33,
  "trajectory": [
    [-0.45123386, -1.7008718, -0.92028289, 0.86815811, 7.6290595e-05, -0.00012518838],
    [-0.44819458, -1.6979449, -0.91779789, 0.86315811, -0.0034566094, -0.0016344202],
    [-0.43907673, -1.6891641, -0.91034288, 0.84815811, -0.014055309, -0.0061621155],
    [-0.42388032, -1.6745296, -0.89791788, 0.82315811, -0.03171981, -0.013708274],
    [-0.40260534, -1.6540412, -0.88052287, 0.78815811, -0.05645011, -0.024272897],
    [-0.3752518, -1.627699, -0.85815786, 0.74315811, -0.08824621, -0.037855983],
    [-0.3418197, -1.595503, -0.83082285, 0.68815811, -0.1271081, -0.05445753],
    [-0.30230905, -1.5574532, -0.79851784, 0.62315814, -0.17303579, -0.074077536],
    [-0.25671983, -1.5135495, -0.76124283, 0.54815816, -0.22602927, -0.096716006],
    [-0.20505205, -1.4637921, -0.71899783, 0.4631582, -0.28608855, -0.12237293],
    [-0.14730571, -1.4081808, -0.67178282, 0.36815823, -0.35321362, -0.15104833],
    [-0.084818343, -1.3480037, -0.62069142, 0.26535869, -0.42584973, -0.182078],
    [-0.02198649, -1.287495, -0.56931836, 0.16199242, -0.49888626, -0.21327873],
    [0.040845363, -1.2269862, -0.51794529, 0.05862615, -0.5719228, -0.24447946],
    [0.10367722, -1.1664774, -0.46657223, -0.044740118, -0.64495934, -0.27568019],
    [0.16650907, -1.1059686, -0.41519917, -0.14810639, -0.71799588, -0.30688092],
    [0.22934092, -1.0454599, -0.36382611, -0.25147265, -0.79103242, -0.33808165],
    [0.29217278, -0.98495109, -0.31245304, -0.35483892, -0.86406895, -0.36928238],
    [0.35500463, -0.92444232, -0.26107998, -0.45820519, -0.93710549, -0.40048311],
    [0.41783648, -0.86393354, -0.20970692, -0.56157146, -1.010142, -0.43168385],
    [0.48066833, -0.80342477, -0.15833386, -0.66493773, -1.0831786, -0.46288458],
    [0.54350019, -0.74291599, -0.10696079, -0.76830399, -1.1562151, -0.49408531],
    [0.60558645, -0.68312525, -0.056197349, -0.87044367, -1.228385, -0.5249158],
    [0.66236833, -0.62844276, -0.0097709134, -0.96385697, -1.2943889, -0.55311226],
    [0.71307164, -0.5796141, 0.03168552, -1.0472703, -1.3533271, -0.57829026],
    [0.75769639, -0.53663926, 0.06817195, -1.1206836, -1.4051995, -0.6004498],
    [0.79624258, -0.49951824, 0.099688378, -1.1840969, -1.450006, -0.61959087],
    [0.8287102, -0.46825104, 0.1262348, -1.2375102, -1.4877468, -0.63571348],
    [0.85509925, -0.44283767, 0.14781123, -1.2809235, -1.5184218, -0.64881763],
    [0.87540974, -0.42327811, 0.16441765, -1.3143368, -1.542031, -0.65890331],
    [0.88964167, -0.40957238, 0.17605406, -1.3377501, -1.5585743, -0.66597053],
    [0.89779503, -0.40172047, 0.18272048, -1.3511634, -1.5680519, -0.67001929],
    [0.89994635, -0.3996487, 0.18447945, -1.3547026, -1.5705526, -0.67108758]
  ]
}
