{
  "iteration": 649,
  "label": "pre_pick",
  "planning_time_ms": 90.067255,
  "scene": {
    "block_x": 0.23847649,
    "block_y": 0.38873116,
    "bin_x": 0.35913546,
    "bin_y": 0.34279773
  },
  "joint_names": ["shoulder_pan_joint", "shoulder_lift_joint", "elbow_joint", "wrist_1_joint", "wrist_2_joint", "wrist_3_joint"],
  "start_joints": [-0.45122005, -1.7008766, -0.92021827, 0.86821206, -2.1375972e-05, -0.00012328614],
  "goal_joints": [4.4527713, -3.3051043, 1.1670602, 3.7099247, -4.7130792, -0.25882543],
  "num_waypoints": 86,
  "trajectory": [
    [-0.45122005, -1.7008766, -0.92021827, 0.86821206, -2.1375972e-05, -0.00012328614],
    [-0.44622005, -1.7025122, -0.91809013, 0.87110941, -0.0048267043, -0.00038705306],
    [-0.43122005, -1.7074191, -0.9117057, 0.87980145, -0.019242689, -0.0011783538],
    [-0.40622005, -1.7155973, -0.90106499, 0.89428818, -0.043269331, -0.0024971885],
    [-0.37122005, -1.7270468, -0.88616799, 0.91456961, -0.07690663, -0.0043435569],
    [-0.32622005, -1.7417675, -0.86701471, 0.94064573, -0.12015459, -0.0067174592],
    [-0.27122005, -1.7597594, -0.84360514, 0.97251654, -0.1730132, -0.0096188954],
    [-0.20878929, -1.7801822, -0.81703283, 1.0086933, -0.23301326, -0.012912329],
    [-0.14595744, -1.8007362, -0.7902898, 1.0451024, -0.29339879, -0.016226922],
    [-0.083125588, -1.8212902, -0.76354678, 1.0815115, -0.35378433, -0.019541515],
    [-0.020293735, -1.8418442, -0.73680375, 1.1179207, -0.41416987, -0.022856108],
    [0.042538118, -1.8623982, -0.71006072, 1.1543298, -0.47455541, -0.026170701],
    [0.10536997, -1.8829522, -0.68331769, 1.1907389, -0.53494094, -0.029485294],
    [0.16820182, -1.9035062, -0.65657467, 1.2271481, -0.59532648, -0.032799887],
    [0.23103368, -1.9240602, -0.62983164, 1.2635572, -0.65571202, -0.03611448],
    [0.29386553, -1.9446142, -0.60308861, 1.2999663, -0.71609756, -0.039429073],
    [0.35669738, -1.9651682, -0.57634559, 1.3363754, -0.77648309, -0.042743666],
    [0.41952924, -1.9857222, -0.54960256, 1.3727846, -0.83686863, -0.046058258],
    [0.48236109, -2.0062761, -0.52285953, 1.4091937, -0.89725417, -0.049372851],
    [0.54519294, -2.0268301, -0.4961165, 1.4456028, -0.9576397, -0.052687444],
    [0.6080248, -2.0473841, -0.46937348, 1.482012, -1.0180252, -0.056002037],
    [0.67085665, -2.0679381, -0.44263045, 1.5184211, -1.0784108, -0.05931663],
    [0.7336885, -2.0884921, -0.41588742, 1.5548302, -1.1387963, -0.062631223],
    [0.79652035, -2.1090461, -0.3891444, 1.5912394, -1.1991819, -0.065945816],
    [0.85935221, -2.1296001, -0.36240137, 1.6276485, -1.2595674, -0.069260409],
    [0.92218406, -2.1501541, -0.33565834, 1.6640576, -1.3199529, -0.072575002],
    [0.98501591, -2.1707081, -0.30891531, 1.7004668, -1.3803385, -0.075889595],
    [1.0478478, -2.1912621, -0.28217229, 1.7368759, -1.440724, -0.079204188],
    [1.1106796, -2.2118161, -0.25542926, 1.773285, -1.5011095, -0.08251878],
    [1.1735115, -2.2323701, -0.22868623, 1.8096942, -1.5614951, -0.085833373],
    [1.2363433, -2.2529241, -0.2019432, 1.8461033, -1.6218806, -0.089147966],
    [1.2991752, -2.273478, -0.17520018, 1.8825124, -1.6822662, -0.092462559],
    [1.362007, -2.294032, -0.14845715, 1.9189216, -1.7426517, -0.095777152],
    [1.4248389, -2.314586, -0.12171412, 1.9553307, -1.8030372, -0.099091745],
    [1.4876707, -2.33514, -0.094971096, 1.9917398, -1.8634228, -0.10240634],
    [1.5505026, -2.355694, -0.068228068, 2.028149, -1.9238083, -0.10572093],
    [1.6133344, -2.376248, -0.041485041, 2.0645581, -1.9841938, -0.10903552],
    [1.6761663, -2.396802, -0.014742014, 2.1009672, -2.0445794, -0.11235012],
    [1.7389982, -2.417356, 0.012001013, 2.1373764, -2.1049649, -0.11566471],
    [1.80183, -2.43791, 0.03874404, 2.1737855, -2.1653504, -0.1189793],
    [1.8646619, -2.458464, 0.065487068, 2.2101946, -2.225736, -0.1222939],
    [1.9274937, -2.479018, 0.092230095, 2.2466038, -2.2861215, -0.12560849],
    [1.9903256, -2.499572, 0.11897312, 2.2830129, -2.3465071, -0.12892308],
    [2.0531574, -2.520126, 0.14571615, 2.319422, -2.4068926, -0.13223767],
    [2.1159893, -2.5406799, 0.17245918, 2.3558312, -2.4672781, -0.13555227],
    [2.1788211, -2.5612339, 0.1992022, 2.3922403, -2.5276637, -0.13886686],
    [2.241653, -2.5817879, 0.22594523, 2.4286494, -2.5880492, -0.14218145],
    [2.3044848, -2.6023419, 0.25268826, 2.4650586, -2.6484347, -0.14549605],
    [2.3673167, -2.6228959, 0.27943129, 2.5014677, -2.7088203, -0.14881064],
    [2.4301485, -2.6434499, 0.30617431, 2.5378768, -2.7692058, -0.15212523],
    [2.4929804, -2.6640039, 0.33291734, 2.574286, -2.8295914, -0.15543982],
    [2.5558122, -2.6845579, 0.35966037, 2.6106951, -2.8899769, -0.15875442],
    [2.6186441, -2.7051119, 0.38640339, 2.6471042, -2.9503624, -0.16206901],
    [2.6814759, -2.7256659, 0.41314642, 2.6835134, -3.010748, -0.1653836],
    [2.7443078, -2.7462199, 0.43988945, 2.7199225, -3.0711335, -0.1686982],
    [2.8071397, -2.7667739, 0.46663248, 2.7563316, -3.131519, -0.17201279],
    [2.8699715, -2.7873279, 0.4933755, 2.7927408, -3.1919046, -0.17532738],
    [2.9328034, -2.8078818, 0.52011853, 2.8291499, -3.2522901, -0.17864197],
    [2.9956352, -2.8284358, 0.54686156, 2.865559, -3.3126757, -0.18195657],
    [3.0584671, -2.8489898, 0.57360458, 2.9019682, -3.3730612, -0.18527116],
    [3.1212989, -2.8695438, 0.60034761, 2.9383773, -3.4334467, -0.18858575],
    [3.1841308, -2.8900978, 0.62709064, 2.9747864, -3.4938323, -0.19190035],
    [3.2469626, -2.9106518, 0.65383367, 3.0111955, -3.5542178, -0.19521494],
    [3.3097945, -2.9312058, 0.68057669, 3.0476047, -3.6146033, -0.19852953],
    [3.3726263, -2.9517598, 0.70731972, 3.0840138, -3.6749889, -0.20184413],
    [3.4354582, -2.9723138, 0.73406275, 3.1204229, -3.7353744, -0.20515872],
    [3.49829, -2.9928678, 0.76080578, 3.1568321, -3.79576, -0.20847331],
    [3.5611219, -3.0134218, 0.7875488, 3.1932412, -3.8561455, -0.2117879],
    [3.6239537, -3.0339758, 0.81429183, 3.2296503, -3.916531, -0.2151025],
    [3.6867856, -3.0545298, 0.84103486, 3.2660595, -3.9769166, -0.21841709],
    [3.7496174, -3.0750837, 0.86777788, 3.3024686, -4.0373021, -0.22173168],
    [3.8124493, -3.0956377, 0.89452091, 3.3388777, -4.0976876, -0.22504628],
    [3.8752812, -3.1161917, 0.92126394, 3.3752869, -4.1580732, -0.22836087],
    [3.938113, -3.1367457, 0.94800697, 3.411696, -4.2184587, -0.23167546],
    [4.0009449, -3.1572997, 0.97474999, 3.4481051, -4.2788443, -0.23499005],
    [4.0637767, -3.1778537, 1.001493, 3.4845143, -4.3392298, -0.23830465],
    [4.1266086, -3.1984077, 1.028236, 3.5209234, -4.3996153, -0.24161924],
    [4.1894404, -3.2189617, 1.0549791, 3.5573325, -4.4600009, -0.24493383],
    [4.2522723, -3.2395157, 1.0817221, 3.5937417, -4.5203864, -0.24824843],
    [4.3105864, -3.2585918, 1.1065423, 3.6275329, -4.5764301, -0.25132469],
    [4.3589127, -3.2744007, 1.1271113, 3.6555365, -4.6228749, -0.25387407],
    [4.3972391, -3.2869382, 1.1434241, 3.6777455, -4.659709, -0.25589592],
    [4.4255654, -3.2962045, 1.1554806, 3.6941597, -4.6869325, -0.25739023],
    [4.4438918, -3.3021996, 1.1632808, 3.7047793, -4.7045453, -0.258357],
    [4.4522181, -3.3049234, 1.1668247, 3.7096041, -4.7125475, -0.25879625],
    [4.4527713, -3.3051043, 1.1670602, 3.7099247, -4.7130792, -0.25882543]
  ]
}
