{
  "iteration": 824,
  "label": "pre_pick",
  "planning_time_ms": 49.659823,
  "scene": {
    "block_x": 0.25919669,
    "block_y": 0.44359878,
    "bin_x": 0.22323087,
    "bin_y": 0.32838476
  },
  "joint_names": ["shoulder_pan_joint", "shoulder_lift_joint", "elbow_joint", "wrist_1_joint", "wrist_2_joint", "wrist_3_joint"],
  "start_joints": [-0.45126747, -1.7008293, -0.91990425, 0.86788011, -1.126678e-05, -2.1351065e-05],
  "goal_joints": [0.79132762, -0.58784941, 0.56379574, 4.7365506, -1.5704055, -0.7788178],
  "num_waypoints": 45,
  "trajectory": [
    [-0.45126747, -1.7008293, -0.91990425, 0.86788011, -1.126678e-05, -2.1351065e-05],
    [-0.4496615, -1.6993908, -0.91798666, 0.87288011, -0.0020408971, -0.0010278938],
    [-0.44484359, -1.6950755, -0.91223391, 0.88788011, -0.0081297882, -0.0040475221],
    [-0.43681373, -1.6878832, -0.90264599, 0.91288011, -0.01827794, -0.009080236],
    [-0.42557192, -1.677814, -0.8892229, 0.94788011, -0.032485352, -0.016126035],
    [-0.41111818, -1.664868, -0.87196465, 0.99288011, -0.050752026, -0.02518492],
    [-0.39345249, -1.649045, -0.85087123, 1.0478801, -0.07307796, -0.036256891],
    [-0.37257486, -1.6303451, -0.82594264, 1.1128801, -0.099463152, -0.049341946],
    [-0.34848529, -1.6087683, -0.79717889, 1.1878801, -0.1299076, -0.064440084],
    [-0.32118377, -1.5843146, -0.76457997, 1.2728801, -0.16441131, -0.081551307],
    [-0.29067032, -1.556984, -0.72814589, 1.36788, -0.20297428, -0.10067562],
    [-0.25694492, -1.5267765, -0.68787664, 1.47288, -0.2455965, -0.12181301],
    [-0.22000758, -1.4936921, -0.64377222, 1.58788, -0.29227799, -0.14496348],
    [-0.18016029, -1.4580013, -0.59619323, 1.7119397, -0.34263707, -0.16993777],
    [-0.13979782, -1.4218491, -0.54799909, 1.8376034, -0.39364725, -0.19523495],
    [-0.099435345, -1.3856968, -0.49980495, 1.9632671, -0.44465742, -0.22053213],
    [-0.059072873, -1.3495445, -0.45161081, 2.0889309, -0.4956676, -0.24582931],
    [-0.0187104, -1.3133923, -0.40341668, 2.2145946, -0.54667777, -0.27112649],
    [0.021652072, -1.27724, -0.35522254, 2.3402583, -0.59768795, -0.29642367],
    [0.062014545, -1.2410878, -0.3070284, 2.465922, -0.64869812, -0.32172085],
    [0.10237702, -1.2049355, -0.25883426, 2.5915857, -0.6997083, -0.34701802],
    [0.14273949, -1.1687832, -0.21064012, 2.7172494, -0.75071847, -0.3723152],
    [0.18310196, -1.132631, -0.16244598, 2.8429131, -0.80172864, -0.39761238],
    [0.22346443, -1.0964787, -0.11425185, 2.9685768, -0.85273882, -0.42290956],
    [0.26382691, -1.0603265, -0.066057708, 3.0942405, -0.90374899, -0.44820674],
    [0.30418938, -1.0241742, -0.01786357, 3.2199042, -0.95475917, -0.47350392],
    [0.34455185, -0.98802195, 0.030330568, 3.3455679, -1.0057693, -0.4988011],
    [0.38491432, -0.95186969, 0.078524706, 3.4712316, -1.0567795, -0.52409828],
    [0.4252768, -0.91571744, 0.12671884, 3.5968953, -1.1077897, -0.54939546],
    [0.46563927, -0.87956518, 0.17491298, 3.722559, -1.1587999, -0.57469263],
    [0.50600174, -0.84341292, 0.22310712, 3.8482227, -1.20981, -0.59998981],
    [0.5462906, -0.80732659, 0.27121336, 3.9736573, -1.2607272, -0.62524085],
    [0.58435943, -0.77322872, 0.31666882, 4.09218, -1.3088387, -0.64910049],
    [0.61921632, -0.74200776, 0.35828911, 4.2007027, -1.3528909, -0.67094705],
    [0.65086127, -0.7136637, 0.39607423, 4.2992255, -1.3928838, -0.69078052],
    [0.67929427, -0.68819655, 0.43002418, 4.3877482, -1.4288175, -0.7086009],
    [0.70451533, -0.6656063, 0.46013897, 4.4662709, -1.4606919, -0.7244082],
    [0.72652445, -0.64589296, 0.48641858, 4.5347937, -1.4885071, -0.73820241],
    [0.74532162, -0.62905652, 0.50886303, 4.5933164, -1.512263, -0.74998354],
    [0.76090685, -0.61509699, 0.52747232, 4.6418391, -1.5319596, -0.75975158],
    [0.77328013, -0.60401436, 0.54224643, 4.6803619, -1.547597, -0.76750654],
    [0.78244147, -0.59580864, 0.55318538, 4.7088846, -1.5591751, -0.77324841],
    [0.78839087, -0.59047983, 0.56028916, 4.7274074, -1.566694, -0.7769772],
    [0.79112833, -0.58802792, 0.56355777, 4.7359301, -1.5701536, -0.77869289],
    [0.79132762, -0.58784941, 0.56379574, 4.7365506, -1.5704055, -0.7788178]
  ]
}
