{
  "iteration": 840,
  "label": "pre_pick",
  "planning_time_ms": 315.68275,
  "scene": {
    "block_x": 0.17633705,
    "block_y": 0.46745787,
    "bin_x": 0.17801701,
    "bin_y": 0.31429263
  },
  "joint_names": ["shoulder_pan_joint", "shoulder_lift_joint", "elbow_joint", "wrist_1_joint", "wrist_2_joint", "wrist_3_joint"],
  "start_joints": [-0.45136867, -1.7009171, -0.92033139, 0.86840288, 8.0445214e-05, -0.00017160164],
  "goal_joints": [-1.6648353, -2.4582029, -0.74666529, -1.507858, 1.5702487, -0.094296009],
  "num_waypoints": 33,
  "trajectory": [
    [-0.45136867, -1.7009171, -0.92033139, 0.86840288, 8.0445214e-05, -0.00017160164],
    [-0.45392199, -1.7025105, -0.91996597, 0.86340288, 0.0033843086, -0.00036965314],
    [-0.46158192, -1.7072909, -0.91886972, 0.84840288, 0.013295899, -0.00096380766],
    [-0.47434848, -1.7152581, -0.91704262, 0.82340288, 0.029815216, -0.0019540652],
    [-0.49222165, -1.7264121, -0.91448469, 0.78840288, 0.05294226, -0.0033404257],
    [-0.51520145, -1.7407531, -0.91119592, 0.74340288, 0.082677031, -0.0051228893],
    [-0.54328788, -1.7582809, -0.90717631, 0.68840288, 0.11901953, -0.0073014558],
    [-0.57648092, -1.7789957, -0.90242587, 0.62340288, 0.16196975, -0.0098761253],
    [-0.61478058, -1.8028973, -0.89694459, 0.5484029, 0.21152769, -0.012846897],
    [-0.65818686, -1.8299857, -0.89073247, 0.46340292, 0.26769336, -0.016213772],
    [-0.70669976, -1.8602611, -0.88378951, 0.36840294, 0.33046675, -0.01997675],
    [-0.76031928, -1.8937233, -0.87611572, 0.26340297, 0.39984786, -0.02413583],
    [-0.81904542, -1.9303724, -0.86771109, 0.148403, 0.4758367, -0.028691014],
    [-0.88164125, -1.9694365, -0.85875264, 0.025825237, 0.55683274, -0.033546356],
    [-0.9444731, -2.0086478, -0.84976042, -0.097214709, 0.63813417, -0.038420005],
    [-1.007305, -2.0478592, -0.8407682, -0.22025465, 0.71943561, -0.043293654],
    [-1.0701368, -2.0870705, -0.83177597, -0.3432946, 0.80073704, -0.048167304],
    [-1.1329687, -2.1262819, -0.82278375, -0.46633455, 0.88203848, -0.053040953],
    [-1.1958005, -2.1654933, -0.81379153, -0.58937449, 0.96333992, -0.057914602],
    [-1.2586324, -2.2047046, -0.80479931, -0.71241444, 1.0446414, -0.062788252],
    [-1.3202589, -2.2431637, -0.79597959, -0.83309402, 1.1243831, -0.067568406],
    [-1.3770288, -2.278592, -0.78785492, -0.9442632, 1.1978407, -0.071971851],
    [-1.4286921, -2.3108334, -0.7804611, -1.0454324, 1.2646905, -0.075979193],
    [-1.4752487, -2.339888, -0.77379811, -1.1366016, 1.3249326, -0.079590431],
    [-1.5166987, -2.3657556, -0.76786596, -1.2177707, 1.378567, -0.082805567],
    [-1.5530422, -2.3884364, -0.76266465, -1.2889399, 1.4255936, -0.0856246],
    [-1.584279, -2.4079303, -0.75819418, -1.3501091, 1.4660126, -0.08804753],
    [-1.6104091, -2.4242373, -0.75445454, -1.4012783, 1.4998238, -0.090074356],
    [-1.6314327, -2.4373574, -0.75144574, -1.4424475, 1.5270272, -0.09170508],
    [-1.6473496, -2.4472906, -0.74916778, -1.4736167, 1.547623, -0.092939701],
    [-1.6581599, -2.454037, -0.74762065, -1.4947858, 1.561611, -0.093778218],
    [-1.6638636, -2.4575965, -0.74680437, -1.505955, 1.5689913, -0.094220633],
    [-1.6648353, -2.4582029, -0.74666529, -1.507858, 1.5702487, -0.094296009]
  ]
}
