{
  "iteration": 569,
  "label": "pre_pick",
  "planning_time_ms": 33.034878,
  "scene": {
    "block_x": 0.28163914,
    "block_y": 0.38009582,
    "bin_x": 0.44368017,
    "bin_y": 0.30457089
  },
  "joint_names": ["shoulder_pan_joint", "shoulder_lift_joint", "elbow_joint", "wrist_1_joint", "wrist_2_joint", "wrist_3_joint"],
  "start_joints": [-0.45138166, -1.7008862, -0.91997866, 0.86787955, -9.6085639e-05, 1.0994549e-05],
  "goal_joints": [-1.9284308, -2.3038433, -1.0295288, -1.3792221, 1.5715849, -0.35728159],
  "num_waypoints": 35,
  "trajectory": [
    [-0.45138166, -1.7008862, -0.91997866, 0.86787955, -9.6085639e-05, 1.0994549e-05],
    [-0.45466823, -1.7022278, -0.92022242, 0.86287955, 0.0034010436, -0.00078401306],
    [-0.46452792, -1.7062527, -0.92095369, 0.84787955, 0.013892431, -0.0031690359],
    [-0.48096075, -1.7129609, -0.92217249, 0.82287955, 0.031378077, -0.007144074],
    [-0.5039667, -1.7223523, -0.9238788, 0.78787955, 0.055857982, -0.012709127],
    [-0.53354579, -1.734427, -0.92607263, 0.74287955, 0.087332145, -0.019864196],
    [-0.569698, -1.749185, -0.92875398, 0.68787955, 0.12580057, -0.028609279],
    [-0.61242334, -1.7666262, -0.93192284, 0.62287956, 0.17126324, -0.038944377],
    [-0.66172181, -1.7867507, -0.93557922, 0.54787957, 0.22372017, -0.050869489],
    [-0.7175934, -1.8095584, -0.93972312, 0.46287958, 0.28317136, -0.064384617],
    [-0.77939863, -1.8347884, -0.94430711, 0.3688525, 0.34893633, -0.079335067],
    [-0.84223048, -1.8604375, -0.94896724, 0.27326356, 0.41579371, -0.094533854],
    [-0.90506234, -1.8860865, -0.95362737, 0.17767461, 0.48265108, -0.10973264],
    [-0.96789419, -1.9117356, -0.9582875, 0.082085674, 0.54950846, -0.12493143],
    [-1.030726, -1.9373846, -0.96294763, -0.013503267, 0.61636583, -0.14013022],
    [-1.0935579, -1.9630337, -0.96760776, -0.10909221, 0.68322321, -0.155329],
    [-1.1563897, -1.9886828, -0.97226789, -0.20468115, 0.75008058, -0.17052779],
    [-1.2192216, -2.0143318, -0.97692802, -0.30027009, 0.81693796, -0.18572658],
    [-1.2820535, -2.0399809, -0.98158815, -0.39585903, 0.88379534, -0.20092536],
    [-1.3448853, -2.0656299, -0.98624828, -0.49144797, 0.95065271, -0.21612415],
    [-1.4077172, -2.091279, -0.99090841, -0.58703691, 1.0175101, -0.23132294],
    [-1.470549, -2.116928, -0.99556854, -0.68262585, 1.0843675, -0.24652172],
    [-1.5333809, -2.1425771, -1.0002287, -0.77821479, 1.1512248, -0.26172051],
    [-1.5962127, -2.1682261, -1.0048888, -0.87380373, 1.2180822, -0.2769193],
    [-1.6582489, -2.1935504, -1.0094899, -0.9681822, 1.2840929, -0.29192562],
    [-1.71456, -2.2165376, -1.0136664, -1.0538508, 1.3440118, -0.30554706],
    [-1.764298, -2.2368415, -1.0173554, -1.1295194, 1.3969364, -0.31757848],
    [-1.8074628, -2.2544621, -1.0205569, -1.195188, 1.4428667, -0.32801989],
    [-1.8440545, -2.2693995, -1.0232708, -1.2508567, 1.4818028, -0.33687129],
    [-1.8740731, -2.2816536, -1.0254972, -1.2965253, 1.5137446, -0.34413267],
    [-1.8975185, -2.2912244, -1.0272361, -1.3321939, 1.5386921, -0.34980403],
    [-1.9143909, -2.298112, -1.0284875, -1.3578625, 1.5566454, -0.35388538],
    [-1.92469, -2.3023163, -1.0292514, -1.3735311, 1.5676045, -0.35637672],
    [-1.9284161, -2.3038373, -1.0295278, -1.3791998, 1.5715692, -0.35727804],
    [-1.9284308, -2.3038433, -1.0295288, -1.3792221, 1.5715849, -0.35728159]
  ]
}
