{
  "iteration": 879,
  "label": "pre_pick",
  "planning_time_ms": 66.792482,
  "scene": {
    "block_x": 0.16283467,
    "block_y": 0.42479278,
    "bin_x": 0.13254715,
    "bin_y": 0.25582126
  },
  "joint_names": ["shoulder_pan_joint", "shoulder_lift_joint", "elbow_joint", "wrist_1_joint", "wrist_2_joint", "wrist_3_joint"],
  "start_joints": [-0.45135719, -1.7009079, -0.92001924, 0.86790483, 8.9026058e-05, 5.7041045e-05],
  "goal_joints": [-5.367026, -0.91979537, 1.1732839, -1.8242147, 4.7111418, -0.65417235],
  "num_waypoints": 86,
  "trajectory": [
    [-0.45135719, -1.7009079, -0.92001924, 0.86790483, 8.9026058e-05, 5.7041045e-05],
    [-0.45635719, -1.7001134, -0.91789002, 0.86516653, 0.0048808998, -0.00060841204],
    [-0.47135719, -1.6977299, -0.91150238, 0.85695162, 0.019256521, -0.0026047713],
    [-0.49635719, -1.6937573, -0.9008563, 0.84326009, 0.043215889, -0.0059320367],
    [-0.53135719, -1.6881957, -0.8859518, 0.82409196, 0.076759005, -0.010590208],
    [-0.57635719, -1.6810451, -0.86678886, 0.79944722, 0.11988587, -0.016579286],
    [-0.63135719, -1.6723055, -0.8433675, 0.76932587, 0.17259648, -0.02389927],
    [-0.69378796, -1.662385, -0.81678179, 0.73513499, 0.23242855, -0.032208219],
    [-0.75661981, -1.6524009, -0.79002529, 0.70072444, 0.29264501, -0.040570549],
    [-0.81945166, -1.6424168, -0.76326878, 0.66631389, 0.35286147, -0.048932879],
    [-0.88228352, -1.6324326, -0.73651228, 0.63190334, 0.41307793, -0.057295209],
    [-0.94511537, -1.6224485, -0.70975577, 0.5974928, 0.47329439, -0.065657539],
    [-1.0079472, -1.6124643, -0.68299927, 0.56308225, 0.53351085, -0.074019869],
    [-1.0707791, -1.6024802, -0.65624277, 0.5286717, 0.59372731, -0.082382199],
    [-1.1336109, -1.592496, -0.62948626, 0.49426115, 0.65394377, -0.090744529],
    [-1.1964428, -1.5825119, -0.60272976, 0.4598506, 0.71416023, -0.099106859],
    [-1.2592746, -1.5725277, -0.57597325, 0.42544005, 0.77437669, -0.10746919],
    [-1.3221065, -1.5625436, -0.54921675, 0.39102951, 0.83459315, -0.11583152],
    [-1.3849383, -1.5525595, -0.52246024, 0.35661896, 0.89480961, -0.12419385],
    [-1.4477702, -1.5425753, -0.49570374, 0.32220841, 0.95502608, -0.13255618],
    [-1.510602, -1.5325912, -0.46894723, 0.28779786, 1.0152425, -0.14091851],
    [-1.5734339, -1.522607, -0.44219073, 0.25338731, 1.075459, -0.14928084],
    [-1.6362658, -1.5126229, -0.41543422, 0.21897677, 1.1356755, -0.15764317],
    [-1.6990976, -1.5026387, -0.38867772, 0.18456622, 1.1958919, -0.1660055],
    [-1.7619295, -1.4926546, -0.36192121, 0.15015567, 1.2561084, -0.17436783],
    [-1.8247613, -1.4826704, -0.33516471, 0.11574512, 1.3163248, -0.18273016],
    [-1.8875932, -1.4726863, -0.30840821, 0.081334573, 1.3765413, -0.19109249],
    [-1.950425, -1.4627022, -0.2816517, 0.046924025, 1.4367578, -0.19945482],
    [-2.0132569, -1.452718, -0.2548952, 0.012513477, 1.4969742, -0.20781715],
    [-2.0760887, -1.4427339, -0.22813869, -0.021897071, 1.5571907, -0.21617948],
    [-2.1389206, -1.4327497, -0.20138219, -0.056307619, 1.6174071, -0.22454181],
    [-2.2017524, -1.4227656, -0.17462568, -0.090718167, 1.6776236, -0.23290414],
    [-2.2645843, -1.4127814, -0.14786918, -0.12512872, 1.7378401, -0.24126647],
    [-2.3274161, -1.4027973, -0.12111267, -0.15953926, 1.7980565, -0.2496288],
    [-2.390248, -1.3928131, -0.094356168, -0.19394981, 1.858273, -0.25799113],
    [-2.4530798, -1.382829, -0.067599663, -0.22836036, 1.9184894, -0.26635346],
    [-2.5159117, -1.3728448, -0.040843159, -0.26277091, 1.9787059, -0.27471579],
    [-2.5787435, -1.3628607, -0.014086654, -0.29718146, 2.0389224, -0.28307812],
    [-2.6415754, -1.3528766, 0.012669851, -0.331592, 2.0991388, -0.29144045],
    [-2.7044073, -1.3428924, 0.039426355, -0.36600255, 2.1593553, -0.29980278],
    [-2.7672391, -1.3329083, 0.06618286, -0.4004131, 2.2195718, -0.30816511],
    [-2.830071, -1.3229241, 0.092939364, -0.43482365, 2.2797882, -0.31652744],
    [-2.8929028, -1.31294, 0.11969587, -0.4692342, 2.3400047, -0.32488977],
    [-2.9557347, -1.3029558, 0.14645237, -0.50364474, 2.4002211, -0.3332521],
    [-3.0185665, -1.2929717, 0.17320888, -0.53805529, 2.4604376, -0.34161443],
    [-3.0813984, -1.2829875, 0.19996538, -0.57246584, 2.5206541, -0.34997676],
    [-3.1442302, -1.2730034, 0.22672189, -0.60687639, 2.5808705, -0.35833909],
    [-3.2070621, -1.2630193, 0.25347839, -0.64128694, 2.641087, -0.36670142],
    [-3.2698939, -1.2530351, 0.2802349, -0.67569749, 2.7013034, -0.37506375],
    [-3.3327258, -1.243051, 0.3069914, -0.71010803, 2.7615199, -0.38342608],
    [-3.3955576, -1.2330668, 0.33374791, -0.74451858, 2.8217364, -0.39178841],
    [-3.4583895, -1.2230827, 0.36050441, -0.77892913, 2.8819528, -0.40015074],
    [-3.5212213, -1.2130985, 0.38726092, -0.81333968, 2.9421693, -0.40851307],
    [-3.5840532, -1.2031144, 0.41401742, -0.84775023, 3.0023857, -0.4168754],
    [-3.6468851, -1.1931302, 0.44077392, -0.88216077, 3.0626022, -0.42523773],
    [-3.7097169, -1.1831461, 0.46753043, -0.91657132, 3.1228187, -0.43360006],
    [-3.7725488, -1.173162, 0.49428693, -0.95098187, 3.1830351, -0.44196239],
    [-3.8353806, -1.1631778, 0.52104344, -0.98539242, 3.2432516, -0.45032472],
    [-3.8982125, -1.1531937, 0.54779994, -1.019803, 3.303468, -0.45868705],
    [-3.9610443, -1.1432095, 0.57455645, -1.0542135, 3.3636845, -0.46704938],
    [-4.0238762, -1.1332254, 0.60131295, -1.0886241, 3.423901, -0.47541171],
    [-4.086708, -1.1232412, 0.62806946, -1.1230346, 3.4841174, -0.48377404],
    [-4.1495399, -1.1132571, 0.65482596, -1.1574452, 3.5443339, -0.49213637],
    [-4.2123717, -1.1032729, 0.68158247, -1.1918557, 3.6045504, -0.5004987],
    [-4.2752036, -1.0932888, 0.70833897, -1.2262663, 3.6647668, -0.50886103],
    [-4.3380354, -1.0833046, 0.73509548, -1.2606768, 3.7249833, -0.51722336],
    [-4.4008673, -1.0733205, 0.76185198, -1.2950874, 3.7851997, -0.52558569],
    [-4.4636991, -1.0633364, 0.78860849, -1.3294979, 3.8454162, -0.53394802],
    [-4.526531, -1.0533522, 0.81536499, -1.3639084, 3.9056327, -0.54231035],
    [-4.5893628, -1.0433681, 0.84212149, -1.398319, 3.9658491, -0.55067268],
    [-4.6521947, -1.0333839, 0.868878, -1.4327295, 4.0260656, -0.55903501],
    [-4.7150266, -1.0233998, 0.8956345, -1.4671401, 4.086282, -0.56739734],
    [-4.7778584, -1.0134156, 0.92239101, -1.5015506, 4.1464985, -0.57575967],
    [-4.8406903, -1.0034315, 0.94914751, -1.5359612, 4.206715, -0.584122],
    [-4.9035221, -0.99344734, 0.97590402, -1.5703717, 4.2669314, -0.59248433],
    [-4.966354, -0.9834632, 1.0026605, -1.6047823, 4.3271479, -0.60084666],
    [-5.0291858, -0.97347905, 1.029417, -1.6391928, 4.3873643, -0.609209],
    [-5.0920177, -0.96349491, 1.0561735, -1.6736034, 4.4475808, -0.61757133],
    [-5.1548495, -0.95351076, 1.08293, -1.7080139, 4.5077973, -0.62593366],
    [-5.2147576, -0.94399122, 1.1084415, -1.7408232, 4.5652116, -0.63390685],
    [-5.2649424, -0.93601672, 1.1298123, -1.7683075, 4.6133075, -0.64058599],
    [-5.3051273, -0.92963124, 1.1469248, -1.7903152, 4.6518197, -0.64593421],
    [-5.3353121, -0.92483479, 1.1597788, -1.8068462, 4.6807481, -0.64995154],
    [-5.355497, -0.92162736, 1.1683744, -1.8179007, 4.7000927, -0.65263795],
    [-5.3656819, -0.92000896, 1.1727115, -1.8234786, 4.7098537, -0.65399346],
    [-5.367026, -0.91979537, 1.1732839, -1.8242147, 4.7111418, -0.65417235]
  ]
}
