{
  "iteration": 968,
  "label": "pre_pick",
  "planning_time_ms": 71.22655,
  "scene": {
    "block_x": 0.27615232,
    "block_y": 0.39301872,
    "bin_x": 0.16139493,
    "bin_y": 0.31284746
  },
  "joint_names": ["shoulder_pan_joint", "shoulder_lift_joint", "elbow_joint", "wrist_1_joint", "wrist_2_joint", "wrist_3_joint"],
  "start_joints": [-0.45135493, -1.700841, -0.91994928, 0.86785344, 7.6007032e-05, -9.1136559e-05],
  "goal_joints": [-1.9059311, -2.3474793, -0.95102918, 4.8685582, -4.7117519, -0.33512244],
  "num_waypoints": 52,
  "trajectory": [
    [-0.45135493, -1.700841, -0.91994928, 0.86785344, 7.6007032e-05, -9.1136559e-05],
    [-0.45289847, -1.7015272, -0.91998226, 0.87209883, -0.004923993, -0.00044665813],
    [-0.45752908, -1.7035857, -0.9200812, 0.88483498, -0.019923993, -0.0015132229],
    [-0.46524677, -1.7070167, -0.92024611, 0.90606191, -0.044923993, -0.0032908307],
    [-0.47605152, -1.71182, -0.92047697, 0.9357796, -0.079923993, -0.0057794818],
    [-0.48994336, -1.7179956, -0.9207738, 0.97398807, -0.12492399, -0.0089791759],
    [-0.50692227, -1.7255437, -0.92113659, 1.0206873, -0.17992399, -0.012889913],
    [-0.52698825, -1.7344641, -0.92156534, 1.0758773, -0.24492399, -0.017511694],
    [-0.5501413, -1.7447569, -0.92206005, 1.1395581, -0.31992398, -0.022844516],
    [-0.57638142, -1.7564221, -0.92262072, 1.2117296, -0.40492396, -0.028888382],
    [-0.60570862, -1.7694596, -0.92324735, 1.2923919, -0.49992395, -0.035643291],
    [-0.63812289, -1.7838695, -0.92393995, 1.381545, -0.60492392, -0.043109242],
    [-0.67362424, -1.7996518, -0.92469851, 1.4791888, -0.71992389, -0.051286236],
    [-0.71192239, -1.8166774, -0.92551682, 1.584525, -0.84398359, -0.060107416],
    [-0.7507157, -1.8339232, -0.92634572, 1.6912232, -0.96964729, -0.069042648],
    [-0.78950902, -1.8511689, -0.92717461, 1.7979214, -1.095311, -0.077977879],
    [-0.82830234, -1.8684146, -0.92800351, 1.9046195, -1.2209747, -0.086913111],
    [-0.86709566, -1.8856604, -0.92883241, 2.0113177, -1.3466384, -0.095848343],
    [-0.90588897, -1.9029061, -0.9296613, 2.1180159, -1.4723021, -0.10478357],
    [-0.94468229, -1.9201519, -0.9304902, 2.224714, -1.5979658, -0.11371881],
    [-0.98347561, -1.9373976, -0.93131909, 2.3314122, -1.7236295, -0.12265404],
    [-1.0222689, -1.9546434, -0.93214799, 2.4381103, -1.8492932, -0.13158927],
    [-1.0610622, -1.9718891, -0.93297689, 2.5448085, -1.9749569, -0.1405245],
    [-1.0998556, -1.9891348, -0.93380578, 2.6515067, -2.1006206, -0.14945973],
    [-1.1386489, -2.0063806, -0.93463468, 2.7582048, -2.2262844, -0.15839497],
    [-1.1774422, -2.0236263, -0.93546357, 2.864903, -2.3519481, -0.1673302],
    [-1.2162355, -2.0408721, -0.93629247, 2.9716012, -2.4776118, -0.17626543],
    [-1.2550288, -2.0581178, -0.93712137, 3.0782993, -2.6032755, -0.18520066],
    [-1.2938222, -2.0753636, -0.93795026, 3.1849975, -2.7289392, -0.19413589],
    [-1.3326155, -2.0926093, -0.93877916, 3.2916956, -2.8546029, -0.20307112],
    [-1.3714088, -2.109855, -0.93960806, 3.3983938, -2.9802666, -0.21200636],
    [-1.4102021, -2.1271008, -0.94043695, 3.505092, -3.1059303, -0.22094159],
    [-1.4489954, -2.1443465, -0.94126585, 3.6117901, -3.231594, -0.22987682],
    [-1.4877887, -2.1615923, -0.94209474, 3.7184883, -3.3572577, -0.23881205],
    [-1.5265821, -2.178838, -0.94292364, 3.8251865, -3.4829214, -0.24774728],
    [-1.5653754, -2.1960837, -0.94375254, 3.9318846, -3.6085851, -0.25668251],
    [-1.6041687, -2.2133295, -0.94458143, 4.0385828, -3.7342488, -0.26561775],
    [-1.642962, -2.2305752, -0.94541033, 4.145281, -3.8599125, -0.27455298],
    [-1.6813625, -2.2476464, -0.94623083, 4.2508987, -3.9843038, -0.28339774],
    [-1.717055, -2.2635136, -0.94699347, 4.3490682, -4.0999229, -0.29161875],
    [-1.7496604, -2.2780085, -0.94769015, 4.438747, -4.205542, -0.29912872],
    [-1.7791787, -2.291131, -0.94832087, 4.5199349, -4.3011611, -0.30592765],
    [-1.8056099, -2.3028811, -0.94888562, 4.5926321, -4.3867801, -0.31201554],
    [-1.8289541, -2.3132589, -0.94938442, 4.6568385, -4.4623992, -0.31739238],
    [-1.8492112, -2.3222642, -0.94981725, 4.7125542, -4.5280183, -0.32205818],
    [-1.8663812, -2.3298972, -0.95018412, 4.7597791, -4.5836374, -0.32601294],
    [-1.8804642, -2.3361579, -0.95048503, 4.7985132, -4.6292565, -0.32925665],
    [-1.8914601, -2.3410461, -0.95071998, 4.8287565, -4.6648755, -0.33178932],
    [-1.8993689, -2.344562, -0.95088897, 4.8505091, -4.6904946, -0.33361095],
    [-1.9041906, -2.3467056, -0.95099199, 4.8637709, -4.7061137, -0.33472153],
    [-1.9059252, -2.3474767, -0.95102906, 4.8685419, -4.7117328, -0.33512107],
    [-1.9059311, -2.3474793, -0.95102918, 4.8685582, -4.7117519, -0.33512244]
  ]
}
