{
  "iteration": 488,
  "label": "pre_pick",
  "planning_time_ms": 245.14897,
  "scene": {
    "block_x": 0.20049665,
    "block_y": 0.35124184,
    "bin_x": 0.42491262,
    "bin_y": 0.36853399
  },
  "joint_names": ["shoulder_pan_joint", "shoulder_lift_joint", "elbow_joint", "wrist_1_joint", "wrist_2_joint", "wrist_3_joint"],
  "start_joints": [-0.4513677, -1.7009012, -0.91990437, 0.86790481, 5.368185e-05, 6.1914598e-05],
  "goal_joints": [-1.7593627, -2.0078144, -1.5208939, -1.1835917, -4.7128718, -0.18790534],
  "num_waypoints": 58,
  "trajectory": [
    [-0.4513677, -1.7009012, -0.91990437, 0.86790481, 5.368185e-05, 6.1914598e-05],
    [-0.45154827, -1.7000413, -0.91765415, 0.86493333, -0.0049463182, -0.0020538022],
    [-0.45209, -1.6974614, -0.91090348, 0.8560189, -0.019946318, -0.0084009526],
    [-0.45299287, -1.6931615, -0.89965236, 0.84116151, -0.044946318, -0.018979537],
    [-0.4542569, -1.6871418, -0.8839008, 0.82036116, -0.079946318, -0.033789554],
    [-0.45588207, -1.6794021, -0.86364879, 0.79361786, -0.12494632, -0.052831005],
    [-0.4578684, -1.6699425, -0.83889633, 0.76093161, -0.17994632, -0.07610389],
    [-0.46021587, -1.6587629, -0.80964343, 0.7223024, -0.24494631, -0.10360821],
    [-0.46292449, -1.6458634, -0.77589009, 0.67773024, -0.3199463, -0.13534395],
    [-0.46599427, -1.631244, -0.7376363, 0.62721513, -0.40494628, -0.17131113],
    [-0.46942519, -1.6149046, -0.69488207, 0.57075706, -0.49994626, -0.21150974],
    [-0.47321726, -1.5968454, -0.64762739, 0.50835604, -0.60494624, -0.25593978],
    [-0.47725569, -1.5776128, -0.59730272, 0.44190102, -0.71676774, -0.30325631],
    [-0.4810017, -1.5597729, -0.55062212, 0.38025808, -0.82049213, -0.3471466],
    [-0.48438655, -1.543653, -0.50844196, 0.32455809, -0.91421651, -0.38680545],
    [-0.48741026, -1.5292529, -0.47076225, 0.27480106, -0.9979409, -0.42223287],
    [-0.49007281, -1.5165728, -0.43758298, 0.23098699, -1.0716653, -0.45342885],
    [-0.49237422, -1.5056127, -0.40890416, 0.19311587, -1.1353897, -0.4803934],
    [-0.49434163, -1.4963837, -0.3847509, 0.16115967, -1.1891884, -0.50311911],
    [-0.49924536, -1.4903193, -0.36834782, 0.13197319, -1.2416348, -0.52053359],
    [-0.50902159, -1.4883994, -0.36194405, 0.10408607, -1.2971711, -0.53169742],
    [-0.52323509, -1.4905995, -0.36554008, 0.078411897, -1.3538554, -0.53636851],
    [-0.5414537, -1.496895, -0.3791356, 0.05585694, -1.4097609, -0.53430718],
    [-0.56336571, -1.5060858, -0.39967389, 0.033553184, -1.4691956, -0.52807817],
    [-0.5889648, -1.5168248, -0.42367246, 0.0075014398, -1.5386232, -0.52079712],
    [-0.61825106, -1.5291105, -0.45112766, -0.022302662, -1.6180508, -0.51246734],
    [-0.65122448, -1.5429431, -0.48203949, -0.055859126, -1.7074783, -0.50308884],
    [-0.68788506, -1.5583225, -0.51640795, -0.093167952, -1.8069059, -0.49266161],
    [-0.72823281, -1.5752486, -0.55423305, -0.13422914, -1.9163335, -0.48118565],
    [-0.77226772, -1.5937215, -0.59551478, -0.17904269, -2.035761, -0.46866097],
    [-0.81857379, -1.6131472, -0.63892567, -0.22616756, -2.1613482, -0.45549031],
    [-0.86490807, -1.6325848, -0.68236301, -0.27332114, -2.2870119, -0.44231163],
    [-0.91124236, -1.6520223, -0.72580035, -0.32047472, -2.4126756, -0.42913295],
    [-0.95757664, -1.6714599, -0.76923769, -0.3676283, -2.5383393, -0.41595427],
    [-1.0039109, -1.6908974, -0.81267503, -0.41478188, -2.664003, -0.40277558],
    [-1.0502452, -1.7103349, -0.85611237, -0.46193546, -2.7896667, -0.3895969],
    [-1.0965795, -1.7297725, -0.89954971, -0.50908904, -2.9153304, -0.37641822],
    [-1.1429138, -1.74921, -0.94298705, -0.55624262, -3.0409941, -0.36323954],
    [-1.1892481, -1.7686476, -0.98642439, -0.60339619, -3.1666578, -0.35006085],
    [-1.2355823, -1.7880851, -1.0298617, -0.65054977, -3.2923216, -0.33688217],
    [-1.2819166, -1.8075226, -1.0732991, -0.69770335, -3.4179853, -0.32370349],
    [-1.3282509, -1.8269602, -1.1167364, -0.74485693, -3.543649, -0.31052481],
    [-1.3745852, -1.8463977, -1.1601737, -0.79201051, -3.6693127, -0.29734612],
    [-1.4209195, -1.8658353, -1.2036111, -0.83916409, -3.7949764, -0.28416744],
    [-1.4672538, -1.8852728, -1.2470484, -0.88631767, -3.9206401, -0.27098876],
    [-1.5118218, -1.9039694, -1.2888299, -0.93167376, -4.0415135, -0.25831245],
    [-1.5527035, -1.9211195, -1.3271556, -0.97327832, -4.1523891, -0.24668463],
    [-1.589898, -1.9367229, -1.3620246, -1.0111305, -4.2532648, -0.23610553],
    [-1.6234053, -1.9507794, -1.393437, -1.0452304, -4.3441404, -0.22657517],
    [-1.6532255, -1.9632892, -1.4213927, -1.0755778, -4.4250161, -0.21809353],
    [-1.6793586, -1.9742522, -1.4458918, -1.102173, -4.4958917, -0.21066061],
    [-1.7018044, -1.9836683, -1.4669343, -1.1250157, -4.5567674, -0.20427642],
    [-1.7205631, -1.9915377, -1.4845202, -1.1441061, -4.607643, -0.19894096],
    [-1.7356346, -1.9978603, -1.4986494, -1.1594441, -4.6485187, -0.19465422],
    [-1.747019, -2.0026362, -1.509322, -1.1710298, -4.6793943, -0.19141621],
    [-1.7547162, -2.0058652, -1.5165379, -1.1788631, -4.70027, -0.18922693],
    [-1.7587262, -2.0075474, -1.5202972, -1.182944, -4.7111456, -0.18808637],
    [-1.7593627, -2.0078144, -1.5208939, -1.1835917, -4.7128718, -0.18790534]
  ]
}
