{
  "iteration": 4,
  "label": "place_above_bin",
  "planning_time_ms": 32.890799,
  "scene": {
    "block_x": 0.27514273,
    "block_y": 0.43226805,
    "bin_x": 0.15081857,
    "bin_y": 0.38296343
  },
  "joint_names": ["shoulder_pan_joint", "shoulder_lift_joint", "elbow_joint", "wrist_1_joint", "wrist_2_joint", "wrist_3_joint"],
  "start_joints": [0.75165708, -0.56605656, 0.75645753, 4.5218455, -1.5718833, -0.81771713],
  "goal_joints": [-1.548048, -3.4436086, 1.4294262, 3.5857612, 1.5701603, 0.021779062],
  "num_waypoints": 54,
  "trajectory": [
    [0.75165708, -0.56605656, 0.75645753, 4.5218455, -1.5718833, -0.81771713],
    [0.74799751, -0.57063567, 0.75752844, 4.5203559, -1.5668833, -0.81638123],
    [0.7370188, -0.58437299, 0.76074117, 4.515887, -1.5518833, -0.8123735],
    [0.71872096, -0.60726854, 0.76609571, 4.508439, -1.5268833, -0.80569396],
    [0.69310397, -0.6393223, 0.77359208, 4.4980117, -1.4918833, -0.79634261],
    [0.66016785, -0.68053428, 0.78323026, 4.4846052, -1.4468833, -0.78431944],
    [0.6199126, -0.73090448, 0.79501026, 4.4682195, -1.3918833, -0.76962445],
    [0.57240927, -0.79034396, 0.80891128, 4.4488835, -1.3269805, -0.75228359],
    [0.52219481, -0.85317582, 0.82360567, 4.4284439, -1.2583734, -0.73395305],
    [0.47198034, -0.91600767, 0.83830006, 4.4080044, -1.1897663, -0.7156225],
    [0.42176588, -0.97883952, 0.85299445, 4.3875648, -1.1211592, -0.69729195],
    [0.37155141, -1.0416714, 0.86768884, 4.3671252, -1.0525522, -0.6789614],
    [0.32133695, -1.1045032, 0.88238322, 4.3466857, -0.98394508, -0.66063086],
    [0.27112249, -1.1673351, 0.89707761, 4.3262461, -0.915338, -0.64230031],
    [0.22090802, -1.2301669, 0.911772, 4.3058066, -0.84673093, -0.62396976],
    [0.17069356, -1.2929988, 0.92646639, 4.285367, -0.77812385, -0.60563922],
    [0.12047909, -1.3558306, 0.94116078, 4.2649274, -0.70951678, -0.58730867],
    [0.070264628, -1.4186625, 0.95585517, 4.2444879, -0.6409097, -0.56897812],
    [0.020050164, -1.4814943, 0.97054956, 4.2240483, -0.57230263, -0.55064758],
    [-0.0301643, -1.5443262, 0.98524395, 4.2036087, -0.50369555, -0.53231703],
    [-0.080378764, -1.6071581, 0.99993834, 4.1831692, -0.43508848, -0.51398648],
    [-0.13059323, -1.6699899, 1.0146327, 4.1627296, -0.3664814, -0.49565594],
    [-0.18080769, -1.7328218, 1.0293271, 4.14229, -0.29787433, -0.47732539],
    [-0.23102216, -1.7956536, 1.0440215, 4.1218505, -0.22926725, -0.45899484],
    [-0.28123662, -1.8584855, 1.0587159, 4.1014109, -0.16066018, -0.4406643],
    [-0.33145109, -1.9213173, 1.0734103, 4.0809714, -0.0920531, -0.42233375],
    [-0.38166555, -1.9841492, 1.0881047, 4.0605318, -0.023446025, -0.4040032],
    [-0.43188001, -2.046981, 1.1027991, 4.0400922, 0.04516105, -0.38567266],
    [-0.48209448, -2.1098129, 1.1174934, 4.0196527, 0.11376813, -0.36734211],
    [-0.53230894, -2.1726447, 1.1321878, 3.9992131, 0.1823752, -0.34901156],
    [-0.58252341, -2.2354766, 1.1468822, 3.9787735, 0.25098228, -0.33068102],
    [-0.63273787, -2.2983084, 1.1615766, 3.958334, 0.31958935, -0.31235047],
    [-0.68295234, -2.3611403, 1.176271, 3.9378944, 0.38819643, -0.29401992],
    [-0.7331668, -2.4239721, 1.1909654, 3.9174548, 0.4568035, -0.27568938],
    [-0.78338126, -2.486804, 1.2056598, 3.8970153, 0.52541058, -0.25735883],
    [-0.83359573, -2.5496358, 1.2203542, 3.8765757, 0.59401765, -0.23902828],
    [-0.88381019, -2.6124677, 1.2350486, 3.8561362, 0.66262473, -0.22069774],
    [-0.93402466, -2.6752996, 1.2497429, 3.8356966, 0.7312318, -0.20236719],
    [-0.98423912, -2.7381314, 1.2644373, 3.815257, 0.79983888, -0.18403664],
    [-1.0344536, -2.8009633, 1.2791317, 3.7948175, 0.86844595, -0.16570609],
    [-1.084668, -2.8637951, 1.2938261, 3.7743779, 0.93705303, -0.14737555],
    [-1.1348825, -2.926627, 1.3085205, 3.7539383, 1.0056601, -0.129045],
    [-1.185097, -2.9894588, 1.3232149, 3.7334988, 1.0742672, -0.11071445],
    [-1.2353114, -3.0522907, 1.3379093, 3.7130592, 1.1428743, -0.092383908],
    [-1.2855259, -3.1151225, 1.3526037, 3.6926196, 1.2114813, -0.074053361],
    [-1.3357404, -3.1779544, 1.3672981, 3.6721801, 1.2800884, -0.055722814],
    [-1.385805, -3.2405988, 1.3819486, 3.6518015, 1.3484908, -0.037446959],
    [-1.430879, -3.2969985, 1.3951387, 3.6334544, 1.4100745, -0.020992925],
    [-1.4686338, -3.34424, 1.406187, 3.6180864, 1.4616582, -0.0072107066],
    [-1.4990695, -3.3823232, 1.4150935, 3.6056977, 1.5032419, 0.003899696],
    [-1.5221861, -3.4112483, 1.4218581, 3.5962882, 1.5348256, 0.012338283],
    [-1.5379835, -3.4310151, 1.426481, 3.589858, 1.5564093, 0.018105054],
    [-1.5464618, -3.4416237, 1.428962, 3.5864069, 1.5679931, 0.021200009],
    [-1.548048, -3.4436086, 1.4294262, 3.5857612, 1.5701603, 0.021779062]
  ]
}
