{
  "iteration": 405,
  "label": "pre_pick",
  "planning_time_ms": 60.496175,
  "scene": {
    "block_x": 0.24377332,
    "block_y": 0.46293336,
    "bin_x": 0.31970448,
    "bin_y": 0.32690731
  },
  "joint_names": ["shoulder_pan_joint", "shoulder_lift_joint", "elbow_joint", "wrist_1_joint", "wrist_2_joint", "wrist_3_joint"],
  "start_joints": [-0.45136067, -1.700957, -0.92010257, 0.86810544, -1.5335744e-05, -0.00016552605],
  "goal_joints": [0.84038169, -0.50244147, 0.39434867, -1.4625629, 4.712833, -0.72972231],
  "num_waypoints": 52,
  "trajectory": [
    [-0.45136067, -1.700957, -0.92010257, 0.86810544, -1.5335744e-05, -0.00016552605],
    [-0.44999022, -1.6996855, -0.91870803, 0.86563277, 0.0049846643, -0.0009395344],
    [-0.44587888, -1.6958709, -0.91452441, 0.85821474, 0.019984664, -0.0032615595],
    [-0.43902664, -1.6895132, -0.90755171, 0.84585137, 0.044984664, -0.0071316012],
    [-0.42943351, -1.6806124, -0.89778993, 0.82854265, 0.079984664, -0.01254966],
    [-0.41709948, -1.6691685, -0.88523906, 0.80628857, 0.12498466, -0.019515735],
    [-0.40202455, -1.6551816, -0.86989912, 0.77908915, 0.17998466, -0.028029827],
    [-0.38420873, -1.6386516, -0.8517701, 0.74694437, 0.24498466, -0.038091935],
    [-0.36365202, -1.6195785, -0.830852, 0.70985426, 0.31998465, -0.049702058],
    [-0.34035442, -1.5979623, -0.80714482, 0.66781879, 0.40498463, -0.062860198],
    [-0.31431592, -1.573803, -0.78064857, 0.62083797, 0.49998462, -0.077566354],
    [-0.28553652, -1.5471007, -0.75136323, 0.56891181, 0.60498459, -0.093820525],
    [-0.25401624, -1.5178552, -0.71928881, 0.5120403, 0.71998457, -0.11162271],
    [-0.22001277, -1.4863058, -0.68468757, 0.45068844, 0.84404427, -0.13082736],
    [-0.18556966, -1.4543485, -0.64963895, 0.38854334, 0.96970798, -0.15028031],
    [-0.15112656, -1.4223912, -0.61459033, 0.32639824, 1.0953717, -0.16973327],
    [-0.11668345, -1.3904339, -0.57954172, 0.26425314, 1.2210354, -0.18918622],
    [-0.082240348, -1.3584766, -0.5444931, 0.20210804, 1.3466991, -0.20863917],
    [-0.047797242, -1.3265193, -0.50944448, 0.13996294, 1.4723628, -0.22809212],
    [-0.013354137, -1.294562, -0.47439587, 0.077817839, 1.5980265, -0.24754507],
    [0.021088969, -1.2626047, -0.43934725, 0.01567274, 1.7236902, -0.26699802],
    [0.055532074, -1.2306474, -0.40429863, -0.04647236, 1.8493539, -0.28645098],
    [0.08997518, -1.1986901, -0.36925002, -0.10861746, 1.9750176, -0.30590393],
    [0.12441829, -1.1667328, -0.3342014, -0.17076256, 2.1006813, -0.32535688],
    [0.15886139, -1.1347755, -0.29915278, -0.23290766, 2.226345, -0.34480983],
    [0.1933045, -1.1028182, -0.26410417, -0.29505276, 2.3520087, -0.36426278],
    [0.2277476, -1.0708609, -0.22905555, -0.35719786, 2.4776725, -0.38371573],
    [0.26219071, -1.0389036, -0.19400693, -0.41934296, 2.6033362, -0.40316868],
    [0.29663381, -1.0069463, -0.15895832, -0.48148806, 2.7289999, -0.42262164],
    [0.33107692, -0.97498903, -0.1239097, -0.54363316, 2.8546636, -0.44207459],
    [0.36552002, -0.94303173, -0.088861082, -0.60577826, 2.9803273, -0.46152754],
    [0.39996313, -0.91107443, -0.053812465, -0.66792336, 3.105991, -0.48098049],
    [0.43440624, -0.87911713, -0.018763849, -0.73006845, 3.2316547, -0.50043344],
    [0.46884934, -0.84715983, 0.016284768, -0.79221355, 3.3573184, -0.51988639],
    [0.50329245, -0.81520252, 0.051333385, -0.85435865, 3.4829821, -0.53933935],
    [0.53773555, -0.78324522, 0.086382002, -0.91650375, 3.6086458, -0.5587923],
    [0.57217866, -0.75128792, 0.12143062, -0.97864885, 3.7343095, -0.57824525],
    [0.60662176, -0.71933062, 0.15647924, -1.040794, 3.8599732, -0.5976982],
    [0.64072725, -0.68768658, 0.1911843, -1.1023299, 3.9844051, -0.61696047],
    [0.67243948, -0.65826306, 0.22345403, -1.1595477, 4.1001054, -0.63487107],
    [0.70141082, -0.63138262, 0.25293469, -1.2118202, 4.2058057, -0.65123365],
    [0.72764127, -0.60704526, 0.27962626, -1.2591473, 4.301506, -0.66604821],
    [0.75113081, -0.58525099, 0.30352876, -1.3015291, 4.3872062, -0.67931475],
    [0.77187947, -0.56599979, 0.32464217, -1.3389656, 4.4629065, -0.69103328],
    [0.78988722, -0.54929168, 0.34296651, -1.3714567, 4.5286068, -0.7012038],
    [0.80515409, -0.53512665, 0.35850176, -1.3990024, 4.5843071, -0.70982629],
    [0.81768005, -0.52350469, 0.37124794, -1.4216028, 4.6300073, -0.71690077],
    [0.82746512, -0.51442582, 0.38120503, -1.4392578, 4.6657076, -0.72242723],
    [0.8345093, -0.50789004, 0.38837304, -1.4519675, 4.6914079, -0.72640568],
    [0.83881258, -0.50389733, 0.39275198, -1.4597318, 4.7071082, -0.72883611],
    [0.84037497, -0.5024477, 0.39434183, -1.4625508, 4.7128084, -0.72971852],
    [0.84038169, -0.50244147, 0.39434867, -1.4625629, 4.712833, -0.72972231]
  ]
}
