{
  "iteration": 27,
  "label": "pre_pick",
  "planning_time_ms": 52.052,
  "scene": {
    "block_x": 0.21377968,
    "block_y": 0.43369069,
    "bin_x": 0.20784783,
    "bin_y": 0.28699437
  },
  "joint_names": ["shoulder_pan_joint", "shoulder_lift_joint", "elbow_joint", "wrist_1_joint", "wrist_2_joint", "wrist_3_joint"],
  "start_joints": [-0.45122104, -1.7007539, -0.92016397, 0.86827872, -4.5896573e-05, -0.00024646392],
  "goal_joints": [4.5283855, -3.2224223, 0.92862231, -2.417939, 1.5709893, -0.18318429],
  "num_waypoints": 87,
  "trajectory": [
    [-0.45122104, -1.7007539, -0.92016397, 0.86827872, -4.5896573e-05, -0.00024646392],
    [-0.44622104, -1.7022818, -0.91830761, 0.86497905, 0.0015315726, -0.00043015095],
    [-0.43122104, -1.7068655, -0.91273854, 0.85508002, 0.0062639801, -0.00098121205],
    [-0.40622104, -1.714505, -0.90345675, 0.83858164, 0.014151326, -0.0018996472],
    [-0.37122104, -1.7252003, -0.89046224, 0.8154839, 0.02519361, -0.0031854565],
    [-0.32622104, -1.7389514, -0.87375502, 0.78578682, 0.039390833, -0.0048386398],
    [-0.27122104, -1.7557583, -0.85333509, 0.74949038, 0.056742993, -0.0068591971],
    [-0.20879026, -1.7748359, -0.83015632, 0.70829011, 0.076439518, -0.0091527419],
    [-0.14595841, -1.7940361, -0.80682864, 0.66682516, 0.09626258, -0.011461021],
    [-0.083126554, -1.8132363, -0.78350096, 0.62536021, 0.11608564, -0.013769301],
    [-0.020294701, -1.8324364, -0.76017328, 0.58389526, 0.1359087, -0.01607758],
    [0.042537152, -1.8516366, -0.7368456, 0.5424303, 0.15573177, -0.018385859],
    [0.10536901, -1.8708367, -0.71351792, 0.50096535, 0.17555483, -0.020694139],
    [0.16820086, -1.8900369, -0.69019024, 0.4595004, 0.19537789, -0.023002418],
    [0.23103271, -1.9092371, -0.66686256, 0.41803544, 0.21520095, -0.025310697],
    [0.29386456, -1.9284372, -0.64353488, 0.37657049, 0.23502401, -0.027618977],
    [0.35669642, -1.9476374, -0.6202072, 0.33510554, 0.25484708, -0.029927256],
    [0.41952827, -1.9668376, -0.59687952, 0.29364059, 0.27467014, -0.032235535],
    [0.48236012, -1.9860377, -0.57355184, 0.25217563, 0.2944932, -0.034543815],
    [0.54519198, -2.0052379, -0.55022416, 0.21071068, 0.31431626, -0.036852094],
    [0.60802383, -2.024438, -0.52689648, 0.16924573, 0.33413933, -0.039160373],
    [0.67085568, -2.0436382, -0.5035688, 0.12778077, 0.35396239, -0.041468653],
    [0.73368754, -2.0628384, -0.48024112, 0.086315821, 0.37378545, -0.043776932],
    [0.79651939, -2.0820385, -0.45691344, 0.044850868, 0.39360851, -0.046085211],
    [0.85935124, -2.1012387, -0.43358576, 0.0033859148, 0.41343157, -0.048393491],
    [0.9221831, -2.1204388, -0.41025808, -0.038079038, 0.43325464, -0.05070177],
    [0.98501495, -2.139639, -0.3869304, -0.079543991, 0.4530777, -0.053010049],
    [1.0478468, -2.1588392, -0.36360272, -0.12100894, 0.47290076, -0.055318329],
    [1.1106787, -2.1780393, -0.34027504, -0.1624739, 0.49272382, -0.057626608],
    [1.1735105, -2.1972395, -0.31694736, -0.20393885, 0.51254688, -0.059934887],
    [1.2363424, -2.2164396, -0.29361968, -0.2454038, 0.53236995, -0.062243167],
    [1.2991742, -2.2356398, -0.270292, -0.28686876, 0.55219301, -0.064551446],
    [1.3620061, -2.25484, -0.24696432, -0.32833371, 0.57201607, -0.066859725],
    [1.4248379, -2.2740401, -0.22363664, -0.36979866, 0.59183913, -0.069168005],
    [1.4876698, -2.2932403, -0.20030896, -0.41126361, 0.6116622, -0.071476284],
    [1.5505016, -2.3124404, -0.17698128, -0.45272857, 0.63148526, -0.073784563],
    [1.6133335, -2.3316406, -0.1536536, -0.49419352, 0.65130832, -0.076092843],
    [1.6761653, -2.3508408, -0.13032592, -0.53565847, 0.67113138, -0.078401122],
    [1.7389972, -2.3700409, -0.10699824, -0.57712343, 0.69095444, -0.080709401],
    [1.801829, -2.3892411, -0.083670558, -0.61858838, 0.71077751, -0.083017681],
    [1.8646609, -2.4084412, -0.060342878, -0.66005333, 0.73060057, -0.08532596],
    [1.9274927, -2.4276414, -0.037015198, -0.70151828, 0.75042363, -0.087634239],
    [1.9903246, -2.4468416, -0.013687518, -0.74298324, 0.77024669, -0.089942519],
    [2.0531565, -2.4660417, 0.0096401618, -0.78444819, 0.79006975, -0.092250798],
    [2.1159883, -2.4852419, 0.032967842, -0.82591314, 0.80989282, -0.094559077],
    [2.1788202, -2.504442, 0.056295522, -0.8673781, 0.82971588, -0.096867357],
    [2.241652, -2.5236422, 0.079623202, -0.90884305, 0.84953894, -0.099175636],
    [2.3044839, -2.5428424, 0.10295088, -0.950308, 0.869362, -0.10148392],
    [2.3673157, -2.5620425, 0.12627856, -0.99177296, 0.88918507, -0.10379219],
    [2.4301476, -2.5812427, 0.14960624, -1.0332379, 0.90900813, -0.10610047],
    [2.4929794, -2.6004428, 0.17293392, -1.0747029, 0.92883119, -0.10840875],
    [2.5558113, -2.619643, 0.1962616, -1.1161678, 0.94865425, -0.11071703],
    [2.6186431, -2.6388432, 0.21958928, -1.1576328, 0.96847731, -0.11302531],
    [2.681475, -2.6580433, 0.24291696, -1.1990977, 0.98830038, -0.11533359],
    [2.7443068, -2.6772435, 0.26624464, -1.2405627, 1.0081234, -0.11764187],
    [2.8071387, -2.6964436, 0.28957232, -1.2820276, 1.0279465, -0.11995015],
    [2.8699705, -2.7156438, 0.3129, -1.3234926, 1.0477696, -0.12225843],
    [2.9328024, -2.734844, 0.33622768, -1.3649575, 1.0675926, -0.12456671],
    [2.9956342, -2.7540441, 0.35955536, -1.4064225, 1.0874157, -0.12687499],
    [3.0584661, -2.7732443, 0.38288304, -1.4478874, 1.1072387, -0.12918327],
    [3.121298, -2.7924444, 0.40621072, -1.4893524, 1.1270618, -0.13149155],
    [3.1841298, -2.8116446, 0.4295384, -1.5308173, 1.1468849, -0.13379983],
    [3.2469617, -2.8308448, 0.45286608, -1.5722823, 1.1667079, -0.13610811],
    [3.3097935, -2.8500449, 0.47619376, -1.6137472, 1.186531, -0.13841638],
    [3.3726254, -2.8692451, 0.49952144, -1.6552122, 1.2063541, -0.14072466],
    [3.4354572, -2.8884452, 0.52284912, -1.6966772, 1.2261771, -0.14303294],
    [3.4982891, -2.9076454, 0.5461768, -1.7381421, 1.2460002, -0.14534122],
    [3.5611209, -2.9268456, 0.56950448, -1.7796071, 1.2658232, -0.1476495],
    [3.6239528, -2.9460457, 0.59283216, -1.821072, 1.2856463, -0.14995778],
    [3.6867846, -2.9652459, 0.61615984, -1.862537, 1.3054694, -0.15226606],
    [3.7496165, -2.984446, 0.63948752, -1.9040019, 1.3252924, -0.15457434],
    [3.8124483, -3.0036462, 0.6628152, -1.9454669, 1.3451155, -0.15688262],
    [3.8752802, -3.0228464, 0.68614288, -1.9869318, 1.3649386, -0.1591909],
    [3.938112, -3.0420465, 0.70947056, -2.0283968, 1.3847616, -0.16149918],
    [4.0009439, -3.0612467, 0.73279824, -2.0698617, 1.4045847, -0.16380746],
    [4.0637757, -3.0804468, 0.75612592, -2.1113267, 1.4244077, -0.16611574],
    [4.1266076, -3.099647, 0.7794536, -2.1527916, 1.4442308, -0.16842402],
    [4.1894395, -3.1188472, 0.80278128, -2.1942566, 1.4640539, -0.1707323],
    [4.2522713, -3.1380473, 0.82610896, -2.2357215, 1.4838769, -0.17304057],
    [4.3151032, -3.1572475, 0.84943664, -2.2771865, 1.5037, -0.17534885],
    [4.3751442, -3.1755948, 0.87172818, -2.3168097, 1.5226426, -0.17755461],
    [4.4255051, -3.1909841, 0.89042574, -2.3500446, 1.5385311, -0.17940473],
    [4.465866, -3.2033176, 0.90541058, -2.3766802, 1.5512647, -0.18088749],
    [4.4962268, -3.2125953, 0.9166827, -2.3967164, 1.5608434, -0.18200287],
    [4.5165877, -3.2188171, 0.92424211, -2.4101532, 1.5672671, -0.18275087],
    [4.5269486, -3.2219832, 0.92808881, -2.4169907, 1.5705359, -0.1831315],
    [4.5283855, -3.2224223, 0.92862231, -2.417939, 1.5709893, -0.18318429]
  ]
}
