{
  "iteration": 168,
  "label": "pre_pick",
  "planning_time_ms": 38.378202,
  "scene": {
    "block_x": 0.16231373,
    "block_y": 0.4164743,
    "bin_x": 0.31838039,
    "bin_y": 0.39826136
  },
  "joint_names": ["shoulder_pan_joint", "shoulder_lift_joint", "elbow_joint", "wrist_1_joint", "wrist_2_joint", "wrist_3_joint"],
  "start_joints": [-0.45132843, -1.7008624, -0.92029656, 0.86845309, 1.4754533e-05, -0.00020717434],
  "goal_joints": [0.90863513, -0.95663588, 1.2359912, 4.4325761, -1.5704366, -0.66176127],
  "num_waypoints": 46,
  "trajectory": [
    [-0.45132843, -1.7008624, -0.92029656, 0.86845309, 1.4754533e-05, -0.00020717434],
    [-0.44942058, -1.6998184, -0.91727157, 0.87345309, -0.0021883841, -0.0011352485],
    [-0.44369702, -1.6966862, -0.9081966, 0.88845309, -0.0087977998, -0.003919471],
    [-0.43415776, -1.6914659, -0.89307164, 0.91345309, -0.019813493, -0.0085598418],
    [-0.4208028, -1.6841576, -0.87189671, 0.94845309, -0.035235463, -0.015056361],
    [-0.40363214, -1.6747611, -0.84467179, 0.99345309, -0.05506371, -0.023409028],
    [-0.38264577, -1.6632765, -0.81139689, 1.0484531, -0.079298234, -0.033617844],
    [-0.3578437, -1.6497038, -0.77207202, 1.1134531, -0.10793903, -0.045682807],
    [-0.32922593, -1.634043, -0.72669717, 1.1884531, -0.1409861, -0.059603916],
    [-0.29679246, -1.6162941, -0.67527234, 1.273453, -0.17843945, -0.075381173],
    [-0.26054329, -1.5964571, -0.61779754, 1.368453, -0.22029907, -0.093014577],
    [-0.22119896, -1.5749264, -0.5554152, 1.4715646, -0.26573291, -0.11215362],
    [-0.18157112, -1.5532404, -0.49258334, 1.5754193, -0.31149413, -0.13143058],
    [-0.14194328, -1.5315545, -0.42975149, 1.6792739, -0.35725536, -0.15070754],
    [-0.10231543, -1.5098685, -0.36691964, 1.7831285, -0.40301658, -0.1699845],
    [-0.062687592, -1.4881826, -0.30408778, 1.8869831, -0.44877781, -0.18926146],
    [-0.02305975, -1.4664966, -0.24125593, 1.9908377, -0.49453903, -0.20853842],
    [0.016568092, -1.4448107, -0.17842408, 2.0946924, -0.54030026, -0.22781537],
    [0.056195934, -1.4231248, -0.11559223, 2.198547, -0.58606148, -0.24709233],
    [0.095823776, -1.4014388, -0.052760372, 2.3024016, -0.63182271, -0.26636929],
    [0.13545162, -1.3797529, 0.010071481, 2.4062562, -0.67758393, -0.28564625],
    [0.17507946, -1.3580669, 0.072903334, 2.5101109, -0.72334516, -0.30492321],
    [0.2147073, -1.336381, 0.13573519, 2.6139655, -0.76910638, -0.32420017],
    [0.25433514, -1.314695, 0.19856704, 2.7178201, -0.81486761, -0.34347712],
    [0.29396298, -1.2930091, 0.26139889, 2.8216747, -0.86062883, -0.36275408],
    [0.33359083, -1.2713232, 0.32423075, 2.9255293, -0.90639006, -0.38203104],
    [0.37321867, -1.2496372, 0.3870626, 3.029384, -0.95215128, -0.401308],
    [0.41284651, -1.2279513, 0.44989445, 3.1332386, -0.99791251, -0.42058496],
    [0.45247435, -1.2062653, 0.51272631, 3.2370932, -1.0436737, -0.43986192],
    [0.49210219, -1.1845794, 0.57555816, 3.3409478, -1.089435, -0.45913887],
    [0.53173004, -1.1628934, 0.63839001, 3.4448025, -1.1351962, -0.47841583],
    [0.57135788, -1.1412075, 0.70122186, 3.5486571, -1.1809574, -0.49769279],
    [0.61098572, -1.1195216, 0.76405372, 3.6525117, -1.2267186, -0.51696975],
    [0.65061356, -1.0978356, 0.82688557, 3.7563663, -1.2724799, -0.53624671],
    [0.6902414, -1.0761497, 0.88971742, 3.8602209, -1.3182411, -0.55552367],
    [0.72898287, -1.0549488, 0.95114388, 3.9617526, -1.3629787, -0.57436944],
    [0.76410202, -1.0357302, 1.006827, 4.0537911, -1.4035335, -0.59145315],
    [0.79540548, -1.0185997, 1.0564601, 4.1358296, -1.4396819, -0.60668072],
    [0.82289323, -1.0035573, 1.1000433, 4.2078681, -1.471424, -0.62005213],
    [0.84656528, -0.99060299, 1.1375765, 4.2699066, -1.4987599, -0.63156739],
    [0.86642163, -0.9797368, 1.1690597, 4.3219451, -1.5216895, -0.64122651],
    [0.88246227, -0.97095872, 1.1944929, 4.3639836, -1.5402129, -0.64902948],
    [0.89468721, -0.96426874, 1.2138761, 4.3960221, -1.5543299, -0.6549763],
    [0.90309644, -0.95966687, 1.2272093, 4.4180605, -1.5640407, -0.65906697],
    [0.90768997, -0.9571531, 1.2344926, 4.430099, -1.5693452, -0.66130149],
    [0.90863513, -0.95663588, 1.2359912, 4.4325761, -1.5704366, -0.66176127]
  ]
}
