{
  "iteration": 23,
  "label": "place_above_bin",
  "planning_time_ms": 703.26969,
  "scene": {
    "block_x": 0.19970406,
    "block_y": 0.4799299,
    "bin_x": 0.35425523,
    "bin_y": 0.35693254
  },
  "joint_names": ["shoulder_pan_joint", "shoulder_lift_joint", "elbow_joint", "wrist_1_joint", "wrist_2_joint", "wrist_3_joint"],
  "start_joints": [-1.709522, -3.2409958, 0.66345682, 4.1491513, 1.5708613, -0.13818001],
  "goal_joints": [0.53298602, -0.66119196, 0.79927857, 4.5745711, -1.5707172, -1.0373204],
  "num_waypoints": 50,
  "trajectory": [
    [-1.709522, -3.2409958, 0.66345682, 4.1491513, 1.5708613, -0.13818001],
    [-1.7059529, -3.2368899, 0.66367299, 4.1498284, 1.5658613, -0.13961104],
    [-1.6952457, -3.2245722, 0.66432149, 4.1518596, 1.5508613, -0.14390414],
    [-1.6774003, -3.2040426, 0.66540233, 4.155245, 1.5258613, -0.15105931],
    [-1.6524167, -3.1753013, 0.66691551, 4.1599846, 1.4908613, -0.16107654],
    [-1.620295, -3.1383482, 0.66886102, 4.1660783, 1.4458613, -0.17395583],
    [-1.5810351, -3.0931832, 0.67123887, 4.1735262, 1.3908613, -0.18969719],
    [-1.5346371, -3.0398065, 0.67404905, 4.1823282, 1.3258613, -0.20830062],
    [-1.4815347, -2.9787169, 0.6772653, 4.1924021, 1.251469, -0.2295922],
    [-1.4269178, -2.9158851, 0.68057328, 4.2027633, 1.1749549, -0.25149102],
    [-1.3723009, -2.8530532, 0.68388126, 4.2131246, 1.0984409, -0.27338984],
    [-1.3176839, -2.7902214, 0.68718923, 4.2234858, 1.0219269, -0.29528866],
    [-1.263067, -2.7273895, 0.69049721, 4.233847, 0.94541282, -0.31718748],
    [-1.2084501, -2.6645576, 0.69380519, 4.2442082, 0.86889879, -0.3390863],
    [-1.1538332, -2.6017258, 0.69711317, 4.2545694, 0.79238475, -0.36098512],
    [-1.0992163, -2.5388939, 0.70042114, 4.2649307, 0.71587071, -0.38288394],
    [-1.0445994, -2.4760621, 0.70372912, 4.2752919, 0.63935668, -0.40478276],
    [-0.98998244, -2.4132302, 0.7070371, 4.2856531, 0.56284264, -0.42668158],
    [-0.93536552, -2.3503984, 0.71034507, 4.2960143, 0.4863286, -0.4485804],
    [-0.8807486, -2.2875665, 0.71365305, 4.3063755, 0.40981457, -0.47047922],
    [-0.82613169, -2.2247347, 0.71696103, 4.3167368, 0.33330053, -0.49237804],
    [-0.77151477, -2.1619028, 0.72026901, 4.327098, 0.2567865, -0.51427686],
    [-0.71689785, -2.099071, 0.72357698, 4.3374592, 0.18027246, -0.53617568],
    [-0.66228093, -2.0362391, 0.72688496, 4.3478204, 0.10375842, -0.5580745],
    [-0.60766401, -1.9734073, 0.73019294, 4.3581816, 0.027244387, -0.57997333],
    [-0.5530471, -1.9105754, 0.73350091, 4.3685429, -0.049269649, -0.60187215],
    [-0.49843018, -1.8477436, 0.73680889, 4.3789041, -0.12578369, -0.62377097],
    [-0.44381326, -1.7849117, 0.74011687, 4.3892653, -0.20229772, -0.64566979],
    [-0.38919634, -1.7220799, 0.74342485, 4.3996265, -0.27881176, -0.66756861],
    [-0.33457943, -1.659248, 0.74673282, 4.4099877, -0.35532579, -0.68946743],
    [-0.27996251, -1.5964161, 0.7500408, 4.420349, -0.43183983, -0.71136625],
    [-0.22534559, -1.5335843, 0.75334878, 4.4307102, -0.50835387, -0.73326507],
    [-0.17072867, -1.4707524, 0.75665675, 4.4410714, -0.5848679, -0.75516389],
    [-0.11611176, -1.4079206, 0.75996473, 4.4514326, -0.66138194, -0.77706271],
    [-0.061494837, -1.3450887, 0.76327271, 4.4617938, -0.73789598, -0.79896153],
    [-0.0068779196, -1.2822569, 0.76658069, 4.4721551, -0.81441001, -0.82086035],
    [0.047738998, -1.219425, 0.76988866, 4.4825163, -0.89092405, -0.84275917],
    [0.10235592, -1.1565932, 0.77319664, 4.4928775, -0.96743808, -0.86465799],
    [0.15697283, -1.0937613, 0.77650462, 4.5032387, -1.0439521, -0.88655681],
    [0.21158975, -1.0309295, 0.77981259, 4.5135999, -1.1204662, -0.90845563],
    [0.26620667, -0.96809762, 0.78312057, 4.5239612, -1.1969802, -0.93035445],
    [0.32082359, -0.90526576, 0.78642855, 4.5343224, -1.2734942, -0.95225327],
    [0.37227917, -0.84607074, 0.78954505, 4.5440839, -1.3455795, -0.97288454],
    [0.41660896, -0.79507331, 0.79222997, 4.5524935, -1.4076821, -0.9906587],
    [0.45380059, -0.75228768, 0.79448255, 4.5595491, -1.4597846, -1.0055708],
    [0.48385406, -0.71771386, 0.7963028, 4.5652504, -1.5018872, -1.0176208],
    [0.50676938, -0.69135185, 0.79769071, 4.5695976, -1.5339898, -1.0268088],
    [0.52254654, -0.67320165, 0.79864628, 4.5725907, -1.5560923, -1.0331347],
    [0.53118554, -0.66326325, 0.79916952, 4.5742295, -1.5681949, -1.0365985],
    [0.53298602, -0.66119196, 0.79927857, 4.5745711, -1.5707172, -1.0373204]
  ]
}
