{
  "iteration": 834,
  "label": "pre_pick",
  "planning_time_ms": 60.221044,
  "scene": {
    "block_x": 0.23001156,
    "block_y": 0.46676054,
    "bin_x": 0.21164556,
    "bin_y": 0.31182237
  },
  "joint_names": ["shoulder_pan_joint", "shoulder_lift_joint", "elbow_joint", "wrist_1_joint", "wrist_2_joint", "wrist_3_joint"],
  "start_joints": [-0.45134705, -1.7009821, -0.91993283, 0.86783209, 8.6162618e-05, 6.5723905e-05],
  "goal_joints": [4.5096549, -2.6124853, -0.44812808, -1.65154, -4.7125832, -0.20269718],
  "num_waypoints": 87,
  "trajectory": [
    [-0.45134705, -1.7009821, -0.91993283, 0.86783209, 8.6162618e-05, 6.5723905e-05],
    [-0.44634705, -1.7011993, -0.91884098, 0.86562958, -0.0018248808, 0.0019387777],
    [-0.43134705, -1.701851, -0.91556542, 0.85902206, -0.0075580112, 0.0075579392],
    [-0.40634705, -1.702937, -0.91010615, 0.84800951, -0.017113229, 0.016923208],
    [-0.37134705, -1.7044575, -0.90246317, 0.83259195, -0.030490533, 0.030034585],
    [-0.32634705, -1.7064125, -0.89263648, 0.81276937, -0.047689924, 0.04689207],
    [-0.27134705, -1.7088018, -0.88062609, 0.78854177, -0.068711402, 0.067495662],
    [-0.20891629, -1.711514, -0.86699304, 0.7610409, -0.092572982, 0.090882897],
    [-0.14608444, -1.7142435, -0.85327239, 0.73336336, -0.11658786, 0.11442039],
    [-0.083252586, -1.7169731, -0.83955175, 0.70568581, -0.14060274, 0.13795787],
    [-0.020420733, -1.7197027, -0.82583111, 0.67800827, -0.16461762, 0.16149536],
    [0.041323463, -1.7227855, -0.81269987, 0.65061763, -0.18983745, 0.18343936],
    [0.099996605, -1.7281877, -0.80239446, 0.62340253, -0.22380974, 0.19696865],
    [0.15527618, -1.7361969, -0.79525024, 0.59636035, -0.26763135, 0.20106946],
    [0.20770573, -1.7464913, -0.79084512, 0.56941737, -0.32011266, 0.19696807],
    [0.26823847, -1.7586767, -0.78602275, 0.53816627, -0.38191913, 0.19134437],
    [0.33107032, -1.7713249, -0.78101722, 0.50572822, -0.44607309, 0.18550709],
    [0.39390218, -1.7839731, -0.77601168, 0.47329016, -0.51022705, 0.1796698],
    [0.45673403, -1.7966214, -0.77100615, 0.44085211, -0.574381, 0.17383252],
    [0.51956588, -1.8092696, -0.76600062, 0.40841405, -0.63853496, 0.16799523],
    [0.58239774, -1.8219178, -0.76099509, 0.37597599, -0.70268891, 0.16215794],
    [0.64522959, -1.834566, -0.75598955, 0.34353794, -0.76684287, 0.15632066],
    [0.70806144, -1.8472142, -0.75098402, 0.31109988, -0.83099683, 0.15048337],
    [0.7708933, -1.8598625, -0.74597849, 0.27866183, -0.89515078, 0.14464609],
    [0.83372515, -1.8725107, -0.74097296, 0.24622377, -0.95930474, 0.1388088],
    [0.896557, -1.8851589, -0.73596742, 0.21378572, -1.0234587, 0.13297151],
    [0.95938885, -1.8978071, -0.73096189, 0.18134766, -1.0876127, 0.12713423],
    [1.0222207, -1.9104554, -0.72595636, 0.14890961, -1.1517666, 0.12129694],
    [1.0850526, -1.9231036, -0.72095083, 0.11647155, -1.2159206, 0.11545965],
    [1.1478844, -1.9357518, -0.71594529, 0.084033497, -1.2800745, 0.10962237],
    [1.2107163, -1.9484, -0.71093976, 0.051595442, -1.3442285, 0.10378508],
    [1.2735481, -1.9610482, -0.70593423, 0.019157387, -1.4083824, 0.097947797],
    [1.33638, -1.9736965, -0.7009287, -0.013280669, -1.4725364, 0.09211051],
    [1.3992118, -1.9863447, -0.69592316, -0.045718724, -1.5366903, 0.086273224],
    [1.4620437, -1.9989929, -0.69091763, -0.078156779, -1.6008443, 0.080435938],
    [1.5248755, -2.0116411, -0.6859121, -0.11059483, -1.6649983, 0.074598652],
    [1.5877074, -2.0242894, -0.68090657, -0.14303289, -1.7291522, 0.068761366],
    [1.6505392, -2.0369376, -0.67590103, -0.17547094, -1.7933062, 0.06292408],
    [1.7133711, -2.0495858, -0.6708955, -0.207909, -1.8574601, 0.057086794],
    [1.7762029, -2.062234, -0.66588997, -0.24034706, -1.9216141, 0.051249508],
    [1.8390348, -2.0748823, -0.66088444, -0.27278511, -1.985768, 0.045412222],
    [1.9018667, -2.0875305, -0.6558789, -0.30522317, -2.049922, 0.039574936],
    [1.9646985, -2.1001787, -0.65087337, -0.33766122, -2.114076, 0.033737649],
    [2.0275304, -2.1128269, -0.64586784, -0.37009928, -2.1782299, 0.027900363],
    [2.0903622, -2.1254751, -0.64086231, -0.40253733, -2.2423839, 0.022063077],
    [2.1531941, -2.1381234, -0.63585677, -0.43497539, -2.3065378, 0.016225791],
    [2.2160259, -2.1507716, -0.63085124, -0.46741344, -2.3706918, 0.010388505],
    [2.2788578, -2.1634198, -0.62584571, -0.4998515, -2.4348457, 0.004551219],
    [2.3416896, -2.176068, -0.62084018, -0.53228955, -2.4989997, -0.0012860671],
    [2.4045215, -2.1887163, -0.61583464, -0.56472761, -2.5631537, -0.0071233532],
    [2.4673533, -2.2013645, -0.61082911, -0.59716566, -2.6273076, -0.012960639],
    [2.5301852, -2.2140127, -0.60582358, -0.62960372, -2.6914616, -0.018797925],
    [2.593017, -2.2266609, -0.60081805, -0.66204177, -2.7556155, -0.024635211],
    [2.6558489, -2.2393091, -0.59581251, -0.69447983, -2.8197695, -0.030472498],
    [2.7186807, -2.2519574, -0.59080698, -0.72691788, -2.8839234, -0.036309784],
    [2.7815126, -2.2646056, -0.58580145, -0.75935594, -2.9480774, -0.04214707],
    [2.8443444, -2.2772538, -0.58079592, -0.79179399, -3.0122314, -0.047984356],
    [2.9071763, -2.289902, -0.57579038, -0.82423205, -3.0763853, -0.053821642],
    [2.9700082, -2.3025503, -0.57078485, -0.85667011, -3.1405393, -0.059658928],
    [3.03284, -2.3151985, -0.56577932, -0.88910816, -3.2046932, -0.065496214],
    [3.0956719, -2.3278467, -0.56077379, -0.92154622, -3.2688472, -0.0713335],
    [3.1585037, -2.3404949, -0.55576825, -0.95398427, -3.3330011, -0.077170786],
    [3.2213356, -2.3531431, -0.55076272, -0.98642233, -3.3971551, -0.083008072],
    [3.2841674, -2.3657914, -0.54575719, -1.0188604, -3.461309, -0.088845359],
    [3.3469993, -2.3784396, -0.54075166, -1.0512984, -3.525463, -0.094682645],
    [3.4098311, -2.3910878, -0.53574612, -1.0837365, -3.589617, -0.10051993],
    [3.472663, -2.403736, -0.53074059, -1.1161745, -3.6537709, -0.10635722],
    [3.5354948, -2.4163843, -0.52573506, -1.1486126, -3.7179249, -0.1121945],
    [3.5983267, -2.4290325, -0.52072953, -1.1810507, -3.7820788, -0.11803179],
    [3.6611585, -2.4416807, -0.51572399, -1.2134887, -3.8462328, -0.12386908],
    [3.7239904, -2.4543289, -0.51071846, -1.2459268, -3.9103867, -0.12970636],
    [3.7868222, -2.4669772, -0.50571293, -1.2783648, -3.9745407, -0.13554365],
    [3.8496541, -2.4796254, -0.5007074, -1.3108029, -4.0386947, -0.14138093],
    [3.9124859, -2.4922736, -0.49570186, -1.3432409, -4.1028486, -0.14721822],
    [3.9753178, -2.5049218, -0.49069633, -1.375679, -4.1670026, -0.15305551],
    [4.0381497, -2.51757, -0.4856908, -1.408117, -4.2311565, -0.15889279],
    [4.1009815, -2.5302183, -0.48068526, -1.4405551, -4.2953105, -0.16473008],
    [4.1638134, -2.5428665, -0.47567973, -1.4729932, -4.3594644, -0.17056736],
    [4.2266452, -2.5555147, -0.4706742, -1.5054312, -4.4236184, -0.17640465],
    [4.2894771, -2.5681629, -0.46566867, -1.5378693, -4.4877724, -0.18224194],
    [4.3498856, -2.5803233, -0.46085619, -1.5690563, -4.549452, -0.18785409],
    [4.4009309, -2.5905989, -0.45678964, -1.5954093, -4.6015714, -0.19259637],
    [4.4421823, -2.5989029, -0.45350333, -1.616706, -4.6436908, -0.19642875],
    [4.4736397, -2.6052354, -0.45099725, -1.6329465, -4.6758101, -0.19935125],
    [4.4953033, -2.6095963, -0.44927142, -1.6441307, -4.6979295, -0.20136387],
    [4.5071729, -2.6119857, -0.44832582, -1.6502586, -4.7100489, -0.20246659],
    [4.5096549, -2.6124853, -0.44812808, -1.65154, -4.7125832, -0.20269718]
  ]
}
