{
  "iteration": 831,
  "label": "pre_pick",
  "planning_time_ms": 45.827311,
  "scene": {
    "block_x": 0.17166764,
    "block_y": 0.37276703,
    "bin_x": 0.39018512,
    "bin_y": 0.37210502
  },
  "joint_names": ["shoulder_pan_joint", "shoulder_lift_joint", "elbow_joint", "wrist_1_joint", "wrist_2_joint", "wrist_3_joint"],
  "start_joints": [-0.4512945, -1.7007479, -0.92040254, 0.86859355, -1.7000334e-05, -0.00031794368],
  "goal_joints": [0.81958439, 0.25241331, -1.4846934, 5.944979, -1.5702826, -0.75026068],
  "num_waypoints": 54,
  "trajectory": [
    [-0.4512945, -1.7007479, -0.92040254, 0.86859355, -1.7000334e-05, -0.00031794368],
    [-0.45004274, -1.6988241, -0.92095834, 0.87359355, -0.0015636378, -0.0010566019],
    [-0.44628747, -1.6930528, -0.92262574, 0.88859355, -0.0062035503, -0.0032725764],
    [-0.4400287, -1.683434, -0.92540474, 0.91359355, -0.013936738, -0.0069658674],
    [-0.43126641, -1.6699676, -0.92929534, 0.94859355, -0.0247632, -0.012136475],
    [-0.4200006, -1.6526536, -0.93429754, 0.99359355, -0.038682938, -0.018784398],
    [-0.40623129, -1.6314921, -0.94041134, 1.0485935, -0.05569595, -0.026909638],
    [-0.38995847, -1.6064831, -0.94763674, 1.1135935, -0.075802237, -0.036512195],
    [-0.37118213, -1.5776265, -0.95597373, 1.1885935, -0.0990018, -0.047592068],
    [-0.34990229, -1.5449224, -0.96542233, 1.2735935, -0.12529464, -0.060149257],
    [-0.32611893, -1.5083708, -0.97598253, 1.3685935, -0.15468075, -0.074183762],
    [-0.29983206, -1.4679716, -0.98765433, 1.4735935, -0.18716013, -0.089695583],
    [-0.27104168, -1.4237248, -1.0004377, 1.5885935, -0.2227328, -0.10668472],
    [-0.23998319, -1.3759923, -1.0142282, 1.7126532, -0.26110787, -0.12501226],
    [-0.20852314, -1.3276427, -1.028197, 1.8383169, -0.29997911, -0.14357677],
    [-0.17706309, -1.279293, -1.0421657, 1.9639806, -0.33885035, -0.16214127],
    [-0.14560303, -1.2309433, -1.0561345, 2.0896444, -0.37772159, -0.18070578],
    [-0.11414298, -1.1825937, -1.0701033, 2.2153081, -0.41659283, -0.19927028],
    [-0.08268293, -1.134244, -1.0840721, 2.3409718, -0.45546407, -0.21783479],
    [-0.051222878, -1.0858944, -1.0980409, 2.4666355, -0.49433531, -0.23639929],
    [-0.019762825, -1.0375447, -1.1120096, 2.5922992, -0.53320655, -0.2549638],
    [0.011697227, -0.98919508, -1.1259784, 2.7179629, -0.57207779, -0.2735283],
    [0.043157279, -0.94084542, -1.1399472, 2.8436266, -0.61094903, -0.29209281],
    [0.074617332, -0.89249577, -1.153916, 2.9692903, -0.64982027, -0.31065731],
    [0.10607738, -0.84414612, -1.1678847, 3.094954, -0.68869151, -0.32922182],
    [0.13753744, -0.79579646, -1.1818535, 3.2206177, -0.72756275, -0.34778632],
    [0.16899749, -0.74744681, -1.1958223, 3.3462814, -0.76643399, -0.36635083],
    [0.20045754, -0.69909715, -1.2097911, 3.4719451, -0.80530523, -0.38491533],
    [0.23191759, -0.6507475, -1.2237598, 3.5976088, -0.84417647, -0.40347984],
    [0.26337765, -0.60239785, -1.2377286, 3.7232725, -0.88304771, -0.42204434],
    [0.2948377, -0.55404819, -1.2516974, 3.8489362, -0.92191895, -0.44060885],
    [0.32629775, -0.50569854, -1.2656662, 3.9745999, -0.96079019, -0.45917336],
    [0.3577578, -0.45734888, -1.2796349, 4.1002637, -0.99966143, -0.47773786],
    [0.38921785, -0.40899923, -1.2936037, 4.2259274, -1.0385327, -0.49630237],
    [0.42067791, -0.36064958, -1.3075725, 4.3515911, -1.0774039, -0.51486687],
    [0.45213796, -0.31229992, -1.3215413, 4.4772548, -1.1162751, -0.53343138],
    [0.48359801, -0.26395027, -1.33551, 4.6029185, -1.1551464, -0.55199588],
    [0.51505806, -0.21560061, -1.3494788, 4.7285822, -1.1940176, -0.57056039],
    [0.54651812, -0.16725096, -1.3634476, 4.8542459, -1.2328889, -0.58912489],
    [0.57797817, -0.11890131, -1.3774164, 4.9799096, -1.2717601, -0.6076894],
    [0.60943822, -0.070551653, -1.3913851, 5.1055733, -1.3106313, -0.6262539],
    [0.64044251, -0.022902445, -1.4051515, 5.2294165, -1.3489395, -0.64454946],
    [0.66914017, 0.021201802, -1.4178938, 5.3440461, -1.3843976, -0.66148388],
    [0.69533432, 0.061458506, -1.4295244, 5.4486758, -1.4167624, -0.67694099],
    [0.71902495, 0.097867667, -1.4400434, 5.5433054, -1.4460339, -0.69092078],
    [0.74021208, 0.13042928, -1.4494509, 5.627935, -1.4722122, -0.70342326],
    [0.75889569, 0.15914336, -1.4577467, 5.7025647, -1.4952972, -0.71444842],
    [0.7750758, 0.18400989, -1.4649309, 5.7671943, -1.5152889, -0.72399626],
    [0.78875239, 0.20502888, -1.4710035, 5.8218239, -1.5321874, -0.73206678],
    [0.79992547, 0.22220032, -1.4759646, 5.8664536, -1.5459925, -0.73865999],
    [0.80859504, 0.23552422, -1.479814, 5.9010832, -1.5567044, -0.74377588],
    [0.81476109, 0.24500058, -1.4825518, 5.9257129, -1.5643231, -0.74741446],
    [0.81842364, 0.2506294, -1.4841781, 5.9403425, -1.5688484, -0.74957572],
    [0.81958439, 0.25241331, -1.4846934, 5.944979, -1.5702826, -0.75026068]
  ]
}
