{
  "iteration": 59,
  "label": "pre_pick",
  "planning_time_ms": 54.547471,
  "scene": {
    "block_x": 0.18225281,
    "block_y": 0.39895118,
    "bin_x": 0.3590777,
    "bin_y": 0.34986672
  },
  "joint_names": ["shoulder_pan_joint", "shoulder_lift_joint", "elbow_joint", "wrist_1_joint", "wrist_2_joint", "wrist_3_joint"],
  "start_joints": [-0.45138982, -1.7008717, -0.91993088, 0.86792676, -9.0567503e-05, 5.1378641e-06],
  "goal_joints": [-1.693707, -2.146851, -1.2990427, 5.0161468, -4.7131996, -0.1238329],
  "num_waypoints": 52,
  "trajectory": [
    [-0.45138982, -1.7008717, -0.91993088, 0.86792676, -9.0567503e-05, 5.1378641e-06],
    [-0.45270776, -1.7013448, -0.92033307, 0.87232749, -0.0050905675, -0.0001262383],
    [-0.45666157, -1.7027642, -0.92153964, 0.88552966, -0.020090568, -0.00052036679],
    [-0.46325126, -1.7051298, -0.92355058, 0.90753329, -0.045090568, -0.0011772476],
    [-0.47247683, -1.7084417, -0.9263659, 0.93833837, -0.080090568, -0.0020968808],
    [-0.48433827, -1.7126998, -0.9299856, 0.9779449, -0.12509057, -0.0032792662],
    [-0.49883559, -1.7179042, -0.93440968, 1.0263529, -0.18009057, -0.004724404],
    [-0.51596879, -1.7240548, -0.93963813, 1.0835623, -0.24509057, -0.0064322942],
    [-0.53573785, -1.7311517, -0.94567096, 1.1495732, -0.32009056, -0.0084029363],
    [-0.5581428, -1.7391949, -0.95250816, 1.2243855, -0.40509054, -0.010636331],
    [-0.58318362, -1.7481843, -0.96014975, 1.3079993, -0.50009052, -0.013132477],
    [-0.61086031, -1.7581199, -0.96859571, 1.4004145, -0.6050905, -0.015891376],
    [-0.64117288, -1.7690019, -0.97784604, 1.5016312, -0.72009048, -0.018913027],
    [-0.67387349, -1.780741, -0.98782513, 1.6108217, -0.8441502, -0.022172725],
    [-0.70699688, -1.792632, -0.99793323, 1.721424, -0.96981391, -0.025474569],
    [-0.74012028, -1.804523, -1.0080413, 1.8320264, -1.0954776, -0.028776412],
    [-0.77324367, -1.8164139, -1.0181494, 1.9426287, -1.2211413, -0.032078255],
    [-0.80636707, -1.8283049, -1.0282575, 2.053231, -1.346805, -0.035380098],
    [-0.83949047, -1.8401959, -1.0383656, 2.1638333, -1.4724687, -0.038681941],
    [-0.87261386, -1.8520868, -1.0484737, 2.2744356, -1.5981324, -0.041983784],
    [-0.90573726, -1.8639778, -1.0585819, 2.3850379, -1.7237961, -0.045285627],
    [-0.93886066, -1.8758688, -1.06869, 2.4956402, -1.8494599, -0.04858747],
    [-0.97198405, -1.8877597, -1.0787981, 2.6062425, -1.9751236, -0.051889314],
    [-1.0051074, -1.8996507, -1.0889062, 2.7168448, -2.1007873, -0.055191157],
    [-1.0382308, -1.9115417, -1.0990143, 2.8274471, -2.226451, -0.058493],
    [-1.0713542, -1.9234326, -1.1091224, 2.9380494, -2.3521147, -0.061794843],
    [-1.1044776, -1.9353236, -1.1192305, 3.0486517, -2.4777784, -0.065096686],
    [-1.137601, -1.9472145, -1.1293386, 3.159254, -2.6034421, -0.068398529],
    [-1.1707244, -1.9591055, -1.1394467, 3.2698563, -2.7291058, -0.071700372],
    [-1.2038478, -1.9709965, -1.1495548, 3.3804586, -2.8547695, -0.075002215],
    [-1.2369712, -1.9828874, -1.1596629, 3.4910609, -2.9804332, -0.078304059],
    [-1.2700946, -1.9947784, -1.169771, 3.6016632, -3.1060969, -0.081605902],
    [-1.303218, -2.0066694, -1.1798791, 3.7122655, -3.2317606, -0.084907745],
    [-1.3363414, -2.0185603, -1.1899872, 3.8228678, -3.3574243, -0.088209588],
    [-1.3694648, -2.0304513, -1.2000953, 3.9334701, -3.483088, -0.091511431],
    [-1.4025882, -2.0423423, -1.2102034, 4.0440724, -3.6087517, -0.094813274],
    [-1.4357116, -2.0542332, -1.2203115, 4.1546747, -3.7344154, -0.098115117],
    [-1.468835, -2.0661242, -1.2304196, 4.265277, -3.8600792, -0.10141696],
    [-1.5016364, -2.0778996, -1.2404295, 4.3748042, -3.9845213, -0.10468671],
    [-1.532139, -2.0888497, -1.2497378, 4.4766555, -4.1002424, -0.1077273],
    [-1.5600058, -2.0988536, -1.2582418, 4.5697053, -4.2059634, -0.11050515],
    [-1.5852367, -2.1079112, -1.2659413, 4.6539537, -4.3016844, -0.11302024],
    [-1.6078317, -2.1160226, -1.2728365, 4.7294006, -4.3874054, -0.11527258],
    [-1.6277908, -2.1231877, -1.2789274, 4.7960461, -4.4631264, -0.11726217],
    [-1.645114, -2.1294066, -1.2842138, 4.8538901, -4.5288475, -0.118989],
    [-1.6598014, -2.1346792, -1.2886959, 4.9029327, -4.5845685, -0.12045309],
    [-1.6718529, -2.1390056, -1.2923736, 4.9431739, -4.6302895, -0.12165442],
    [-1.6812685, -2.1423857, -1.2952469, 4.9746135, -4.6660105, -0.12259299],
    [-1.6880483, -2.1448195, -1.2973158, 4.9972518, -4.6917315, -0.12326882],
    [-1.6921921, -2.1463072, -1.2985804, 5.0110886, -4.7074526, -0.12368189],
    [-1.6937001, -2.1468485, -1.2990406, 5.0161239, -4.7131736, -0.12383222],
    [-1.693707, -2.146851, -1.2990427, 5.0161468, -4.7131996, -0.1238329]
  ]
}
