{
  "iteration": 545,
  "label": "pre_pick",
  "planning_time_ms": 50.931148,
  "scene": {
    "block_x": 0.26291703,
    "block_y": 0.43395757,
    "bin_x": 0.39844139,
    "bin_y": 0.34498085
  },
  "joint_names": ["shoulder_pan_joint", "shoulder_lift_joint", "elbow_joint", "wrist_1_joint", "wrist_2_joint", "wrist_3_joint"],
  "start_joints": [-0.45129422, -1.7008737, -0.92000443, 0.8678393, -4.8008417e-05, -9.6409525e-05],
  "goal_joints": [-5.5143632, -0.028279166, -0.64748882, 5.3886282, -1.5704699, -0.80108835],
  "num_waypoints": 88,
  "trajectory": [
    [-0.45129422, -1.7008737, -0.92000443, 0.8678393, -4.8008417e-05, -9.6409525e-05],
    [-0.45629422, -1.699222, -0.9197353, 0.87230377, -0.0015988681, -0.00088742377],
    [-0.47129422, -1.6942667, -0.91892794, 0.8856972, -0.006251447, -0.0032604665],
    [-0.49629422, -1.6860079, -0.91758234, 0.90801957, -0.014005745, -0.0072155377],
    [-0.53129422, -1.6744456, -0.91569849, 0.9392709, -0.024861763, -0.012752637],
    [-0.57629422, -1.6595797, -0.9132764, 0.97945117, -0.038819499, -0.019871766],
    [-0.63129422, -1.6414104, -0.91031607, 1.0285604, -0.055878955, -0.028572922],
    [-0.693725, -1.6207863, -0.90695578, 1.0843045, -0.075243229, -0.038449649],
    [-0.75655685, -1.6000296, -0.90357391, 1.1404068, -0.094731906, -0.048389827],
    [-0.8193887, -1.579273, -0.90019204, 1.196509, -0.11422058, -0.058330005],
    [-0.88222056, -1.5585164, -0.89681016, 1.2526113, -0.13370926, -0.068270183],
    [-0.94505241, -1.5377598, -0.89342829, 1.3087135, -0.15319794, -0.078210362],
    [-1.0078843, -1.5170031, -0.89004642, 1.3648158, -0.17268661, -0.08815054],
    [-1.0707161, -1.4962465, -0.88666454, 1.420918, -0.19217529, -0.098090718],
    [-1.133548, -1.4754899, -0.88328267, 1.4770203, -0.21166397, -0.1080309],
    [-1.1963798, -1.4547333, -0.87990079, 1.5331225, -0.23115264, -0.11797107],
    [-1.2592117, -1.4339766, -0.87651892, 1.5892247, -0.25064132, -0.12791125],
    [-1.3220435, -1.41322, -0.87313705, 1.645327, -0.27013, -0.13785143],
    [-1.3848754, -1.3924634, -0.86975517, 1.7014292, -0.28961868, -0.14779161],
    [-1.4477072, -1.3717068, -0.8663733, 1.7575315, -0.30910735, -0.15773179],
    [-1.5105391, -1.3509501, -0.86299143, 1.8136337, -0.32859603, -0.16767197],
    [-1.5733709, -1.3301935, -0.85960955, 1.869736, -0.34808471, -0.17761214],
    [-1.6362028, -1.3094369, -0.85622768, 1.9258382, -0.36757338, -0.18755232],
    [-1.6990346, -1.2886803, -0.8528458, 1.9819405, -0.38706206, -0.1974925],
    [-1.7618665, -1.2679237, -0.84946393, 2.0380427, -0.40655074, -0.20743268],
    [-1.8246984, -1.247167, -0.84608206, 2.094145, -0.42603941, -0.21737286],
    [-1.8875302, -1.2264104, -0.84270018, 2.1502472, -0.44552809, -0.22731303],
    [-1.9503621, -1.2056538, -0.83931831, 2.2063495, -0.46501677, -0.23725321],
    [-2.0131939, -1.1848972, -0.83593643, 2.2624517, -0.48450544, -0.24719339],
    [-2.0760258, -1.1641405, -0.83255456, 2.318554, -0.50399412, -0.25713357],
    [-2.1388576, -1.1433839, -0.82917269, 2.3746562, -0.5234828, -0.26707375],
    [-2.2016895, -1.1226273, -0.82579081, 2.4307585, -0.54297148, -0.27701393],
    [-2.2645213, -1.1018707, -0.82240894, 2.4868607, -0.56246015, -0.2869541],
    [-2.3273532, -1.081114, -0.81902707, 2.5429629, -0.58194883, -0.29689428],
    [-2.390185, -1.0603574, -0.81564519, 2.5990652, -0.60143751, -0.30683446],
    [-2.4530169, -1.0396008, -0.81226332, 2.6551674, -0.62092618, -0.31677464],
    [-2.5158487, -1.0188442, -0.80888144, 2.7112697, -0.64041486, -0.32671482],
    [-2.5786806, -0.99808755, -0.80549957, 2.7673719, -0.65990354, -0.33665499],
    [-2.6415124, -0.97733093, -0.8021177, 2.8234742, -0.67939221, -0.34659517],
    [-2.7043443, -0.95657431, -0.79873582, 2.8795764, -0.69888089, -0.35653535],
    [-2.7671761, -0.93581768, -0.79535395, 2.9356787, -0.71836957, -0.36647553],
    [-2.830008, -0.91506106, -0.79197207, 2.9917809, -0.73785824, -0.37641571],
    [-2.8928399, -0.89430444, -0.7885902, 3.0478832, -0.75734692, -0.38635589],
    [-2.9556717, -0.87354781, -0.78520833, 3.1039854, -0.7768356, -0.39629606],
    [-3.0185036, -0.85279119, -0.78182645, 3.1600877, -0.79632428, -0.40623624],
    [-3.0813354, -0.83203457, -0.77844458, 3.2161899, -0.81581295, -0.41617642],
    [-3.1441673, -0.81127794, -0.77506271, 3.2722922, -0.83530163, -0.4261166],
    [-3.2069991, -0.79052132, -0.77168083, 3.3283944, -0.85479031, -0.43605678],
    [-3.269831, -0.7697647, -0.76829896, 3.3844967, -0.87427898, -0.44599695],
    [-3.3326628, -0.74900807, -0.76491708, 3.4405989, -0.89376766, -0.45593713],
    [-3.3954947, -0.72825145, -0.76153521, 3.4967011, -0.91325634, -0.46587731],
    [-3.4583265, -0.70749483, -0.75815334, 3.5528034, -0.93274501, -0.47581749],
    [-3.5211584, -0.6867382, -0.75477146, 3.6089056, -0.95223369, -0.48575767],
    [-3.5839902, -0.66598158, -0.75138959, 3.6650079, -0.97172237, -0.49569785],
    [-3.6468221, -0.64522496, -0.74800771, 3.7211101, -0.99121104, -0.50563802],
    [-3.7096539, -0.62446833, -0.74462584, 3.7772124, -1.0106997, -0.5155782],
    [-3.7724858, -0.60371171, -0.74124397, 3.8333146, -1.0301884, -0.52551838],
    [-3.8353177, -0.58295509, -0.73786209, 3.8894169, -1.0496771, -0.53545856],
    [-3.8981495, -0.56219846, -0.73448022, 3.9455191, -1.0691658, -0.54539874],
    [-3.9609814, -0.54144184, -0.73109835, 4.0016214, -1.0886544, -0.55533891],
    [-4.0238132, -0.52068522, -0.72771647, 4.0577236, -1.1081431, -0.56527909],
    [-4.0866451, -0.49992859, -0.7243346, 4.1138259, -1.1276318, -0.57521927],
    [-4.1494769, -0.47917197, -0.72095272, 4.1699281, -1.1471205, -0.58515945],
    [-4.2123088, -0.45841535, -0.71757085, 4.2260304, -1.1666091, -0.59509963],
    [-4.2751406, -0.43765872, -0.71418898, 4.2821326, -1.1860978, -0.60503981],
    [-4.3379725, -0.4169021, -0.7108071, 4.3382349, -1.2055865, -0.61497998],
    [-4.4008043, -0.39614547, -0.70742523, 4.3943371, -1.2250752, -0.62492016],
    [-4.4636362, -0.37538885, -0.70404335, 4.4504393, -1.2445638, -0.63486034],
    [-4.526468, -0.35463223, -0.70066148, 4.5065416, -1.2640525, -0.64480052],
    [-4.5892999, -0.3338756, -0.69727961, 4.5626438, -1.2835412, -0.6547407],
    [-4.6521317, -0.31311898, -0.69389773, 4.6187461, -1.3030299, -0.66468087],
    [-4.7149636, -0.29236236, -0.69051586, 4.6748483, -1.3225186, -0.67462105],
    [-4.7777954, -0.27160573, -0.68713399, 4.7309506, -1.3420072, -0.68456123],
    [-4.8406273, -0.25084911, -0.68375211, 4.7870528, -1.3614959, -0.69450141],
    [-4.9034592, -0.23009249, -0.68037024, 4.8431551, -1.3809846, -0.70444159],
    [-4.966291, -0.20933586, -0.67698836, 4.8992573, -1.4004733, -0.71438177],
    [-5.0291229, -0.18857924, -0.67360649, 4.9553596, -1.4199619, -0.72432194],
    [-5.0919547, -0.16782262, -0.67022462, 5.0114618, -1.4394506, -0.73426212],
    [-5.1547866, -0.14706599, -0.66684274, 5.0675641, -1.4589393, -0.7442023],
    [-5.2176184, -0.12630937, -0.66346087, 5.1236663, -1.478428, -0.75414248],
    [-5.2804503, -0.10555275, -0.66007899, 5.1797686, -1.4979166, -0.76408266],
    [-5.3424054, -0.085085767, -0.65674431, 5.2350879, -1.5171334, -0.77388413],
    [-5.3960497, -0.067364262, -0.65385695, 5.2829867, -1.5337723, -0.78237081],
    [-5.439694, -0.052946276, -0.65150783, 5.3219565, -1.5473096, -0.78927547],
    [-5.4733383, -0.041831809, -0.64969695, 5.3519973, -1.5577451, -0.7945981],
    [-5.4969827, -0.034020861, -0.64842431, 5.3731092, -1.5650789, -0.7983387],
    [-5.510627, -0.029513433, -0.64768992, 5.3852922, -1.569311, -0.80049727],
    [-5.5143632, -0.028279166, -0.64748882, 5.3886282, -1.5704699, -0.80108835]
  ]
}
