{
  "iteration": 5,
  "label": "pre_pick",
  "planning_time_ms": 58.326439,
  "scene": {
    "block_x": 0.122911,
    "block_y": 0.4164701,
    "bin_x": 0.24282383,
    "bin_y": 0.30151516
  },
  "joint_names": ["shoulder_pan_joint", "shoulder_lift_joint", "elbow_joint", "wrist_1_joint", "wrist_2_joint", "wrist_3_joint"],
  "start_joints": [-0.45127993, -1.7009218, -0.91991081, 0.86787935, -7.3774995e-05, -9.9174248e-05],
  "goal_joints": [4.7318523, -2.1321188, -1.3239659, 5.0274478, 1.5704216, 0.019570305],
  "num_waypoints": 90,
  "trajectory": [
    [-0.45127993, -1.7009218, -0.91991081, 0.86787935, -7.3774995e-05, -9.9174248e-05],
    [-0.44627993, -1.7013378, -0.92030059, 0.87189195, 0.0014412311, -8.0199737e-05],
    [-0.43127993, -1.7025856, -0.92146993, 0.88392975, 0.0059862495, -2.3276205e-05],
    [-0.40627993, -1.7046655, -0.92341882, 0.90399276, 0.01356128, 7.1596349e-05],
    [-0.37127993, -1.7075772, -0.92614727, 0.93208097, 0.024166323, 0.00020441792],
    [-0.32627993, -1.7113208, -0.92965528, 0.96819438, 0.037801378, 0.00037518852],
    [-0.27127993, -1.7158964, -0.93394285, 1.012333, 0.054466446, 0.00058390814],
    [-0.20884915, -1.7210902, -0.93880969, 1.0624349, 0.073383047, 0.00082082682],
    [-0.1460173, -1.7263173, -0.9437078, 1.1128588, 0.092421176, 0.0010592676],
    [-0.083185448, -1.7315444, -0.9486059, 1.1632826, 0.1114593, 0.0012977083],
    [-0.020353595, -1.7367716, -0.95350401, 1.2137065, 0.13049743, 0.001536149],
    [0.042478258, -1.7419987, -0.95840211, 1.2641303, 0.14953556, 0.0017745898],
    [0.10531011, -1.7472258, -0.96330022, 1.3145541, 0.16857369, 0.0020130305],
    [0.16814196, -1.752453, -0.96819832, 1.364978, 0.18761182, 0.0022514712],
    [0.23097382, -1.7576801, -0.97309643, 1.4154018, 0.20664995, 0.002489912],
    [0.29380567, -1.7629072, -0.97799453, 1.4658256, 0.22568808, 0.0027283527],
    [0.35663752, -1.7681344, -0.98289264, 1.5162495, 0.2447262, 0.0029667934],
    [0.41946938, -1.7733615, -0.98779075, 1.5666733, 0.26376433, 0.0032052342],
    [0.48230123, -1.7785886, -0.99268885, 1.6170971, 0.28280246, 0.0034436749],
    [0.54513308, -1.7838158, -0.99758696, 1.667521, 0.30184059, 0.0036821156],
    [0.60796494, -1.7890429, -1.0024851, 1.7179448, 0.32087872, 0.0039205564],
    [0.67079679, -1.79427, -1.0073832, 1.7683686, 0.33991685, 0.0041589971],
    [0.73362864, -1.7994971, -1.0122813, 1.8187925, 0.35895497, 0.0043974378],
    [0.79646049, -1.8047243, -1.0171794, 1.8692163, 0.3779931, 0.0046358786],
    [0.85929235, -1.8099514, -1.0220775, 1.9196401, 0.39703123, 0.0048743193],
    [0.9221242, -1.8151785, -1.0269756, 1.970064, 0.41606936, 0.00511276],
    [0.98495605, -1.8204057, -1.0318737, 2.0204878, 0.43510749, 0.0053512008],
    [1.0477879, -1.8256328, -1.0367718, 2.0709116, 0.45414562, 0.0055896415],
    [1.1106198, -1.8308599, -1.0416699, 2.1213355, 0.47318375, 0.0058280823],
    [1.1734516, -1.8360871, -1.046568, 2.1717593, 0.49222187, 0.006066523],
    [1.2362835, -1.8413142, -1.0514661, 2.2221831, 0.51126, 0.0063049637],
    [1.2991153, -1.8465413, -1.0563642, 2.272607, 0.53029813, 0.0065434045],
    [1.3619472, -1.8517684, -1.0612623, 2.3230308, 0.54933626, 0.0067818452],
    [1.424779, -1.8569956, -1.0661604, 2.3734546, 0.56837439, 0.0070202859],
    [1.4876109, -1.8622227, -1.0710585, 2.4238785, 0.58741252, 0.0072587267],
    [1.5504427, -1.8674498, -1.0759566, 2.4743023, 0.60645065, 0.0074971674],
    [1.6132746, -1.872677, -1.0808548, 2.5247261, 0.62548877, 0.0077356081],
    [1.6761064, -1.8779041, -1.0857529, 2.57515, 0.6445269, 0.0079740489],
    [1.7389383, -1.8831312, -1.090651, 2.6255738, 0.66356503, 0.0082124896],
    [1.8017701, -1.8883584, -1.0955491, 2.6759976, 0.68260316, 0.0084509303],
    [1.864602, -1.8935855, -1.1004472, 2.7264215, 0.70164129, 0.0086893711],
    [1.9274338, -1.8988126, -1.1053453, 2.7768453, 0.72067942, 0.0089278118],
    [1.9902657, -1.9040397, -1.1102434, 2.8272691, 0.73971755, 0.0091662525],
    [2.0530976, -1.9092669, -1.1151415, 2.877693, 0.75875567, 0.0094046933],
    [2.1159294, -1.914494, -1.1200396, 2.9281168, 0.7777938, 0.009643134],
    [2.1787613, -1.9197211, -1.1249377, 2.9785406, 0.79683193, 0.0098815747],
    [2.2415931, -1.9249483, -1.1298358, 3.0289645, 0.81587006, 0.010120015],
    [2.304425, -1.9301754, -1.1347339, 3.0793883, 0.83490819, 0.010358456],
    [2.3672568, -1.9354025, -1.139632, 3.1298121, 0.85394632, 0.010596897],
    [2.4300887, -1.9406297, -1.1445301, 3.180236, 0.87298445, 0.010835338],
    [2.4929205, -1.9458568, -1.1494282, 3.2306598, 0.89202257, 0.011073778],
    [2.5557524, -1.9510839, -1.1543263, 3.2810836, 0.9110607, 0.011312219],
    [2.6185842, -1.9563111, -1.1592244, 3.3315075, 0.93009883, 0.01155066],
    [2.6814161, -1.9615382, -1.1641225, 3.3819313, 0.94913696, 0.011789101],
    [2.7442479, -1.9667653, -1.1690206, 3.4323551, 0.96817509, 0.012027541],
    [2.8070798, -1.9719924, -1.1739188, 3.482779, 0.98721322, 0.012265982],
    [2.8699116, -1.9772196, -1.1788169, 3.5332028, 1.0062513, 0.012504423],
    [2.9327435, -1.9824467, -1.183715, 3.5836266, 1.0252895, 0.012742864],
    [2.9955754, -1.9876738, -1.1886131, 3.6340505, 1.0443276, 0.012981304],
    [3.0584072, -1.992901, -1.1935112, 3.6844743, 1.0633657, 0.013219745],
    [3.1212391, -1.9981281, -1.1984093, 3.7348981, 1.0824039, 0.013458186],
    [3.1840709, -2.0033552, -1.2033074, 3.785322, 1.101442, 0.013696626],
    [3.2469028, -2.0085824, -1.2082055, 3.8357458, 1.1204801, 0.013935067],
    [3.3097346, -2.0138095, -1.2131036, 3.8861696, 1.1395182, 0.014173508],
    [3.3725665, -2.0190366, -1.2180017, 3.9365935, 1.1585564, 0.014411949],
    [3.4353983, -2.0242637, -1.2228998, 3.9870173, 1.1775945, 0.014650389],
    [3.4982302, -2.0294909, -1.2277979, 4.0374411, 1.1966326, 0.01488883],
    [3.561062, -2.034718, -1.232696, 4.087865, 1.2156708, 0.015127271],
    [3.6238939, -2.0399451, -1.2375941, 4.1382888, 1.2347089, 0.015365712],
    [3.6867257, -2.0451723, -1.2424922, 4.1887126, 1.253747, 0.015604152],
    [3.7495576, -2.0503994, -1.2473903, 4.2391365, 1.2727851, 0.015842593],
    [3.8123894, -2.0556265, -1.2522884, 4.2895603, 1.2918233, 0.016081034],
    [3.8752213, -2.0608537, -1.2571865, 4.3399841, 1.3108614, 0.016319475],
    [3.9380531, -2.0660808, -1.2620847, 4.390408, 1.3298995, 0.016557915],
    [4.000885, -2.0713079, -1.2669828, 4.4408318, 1.3489377, 0.016796356],
    [4.0637169, -2.076535, -1.2718809, 4.4912556, 1.3679758, 0.017034797],
    [4.1265487, -2.0817622, -1.276779, 4.5416795, 1.3870139, 0.017273238],
    [4.1893806, -2.0869893, -1.2816771, 4.5921033, 1.406052, 0.017511678],
    [4.2522124, -2.0922164, -1.2865752, 4.6425271, 1.4250902, 0.017750119],
    [4.3150443, -2.0974436, -1.2914733, 4.692951, 1.4441283, 0.01798856],
    [4.3778761, -2.1026707, -1.2963714, 4.7433748, 1.4631664, 0.018227],
    [4.440708, -2.1078978, -1.3012695, 4.7937986, 1.4822046, 0.018465441],
    [4.5035398, -2.113125, -1.3061676, 4.8442225, 1.5012427, 0.018703882],
    [4.5650819, -2.1182448, -1.3109652, 4.8936112, 1.51989, 0.018937428],
    [4.6178349, -2.1226334, -1.3150776, 4.9359466, 1.5358742, 0.019137621],
    [4.6605879, -2.1261902, -1.3184104, 4.9702567, 1.5488284, 0.019299864],
    [4.6933409, -2.128915, -1.3209637, 4.9965416, 1.5587526, 0.019424158],
    [4.7160939, -2.1308078, -1.3227374, 5.0148014, 1.5656468, 0.019510504],
    [4.7288468, -2.1318688, -1.3237316, 5.0250359, 1.569511, 0.0195589],
    [4.7318523, -2.1321188, -1.3239659, 5.0274478, 1.5704216, 0.019570305]
  ]
}
