{
  "iteration": 887,
  "label": "pre_pick",
  "planning_time_ms": 55.952671,
  "scene": {
    "block_x": 0.29240044,
    "block_y": 0.40720102,
    "bin_x": 0.41903276,
    "bin_y": 0.26763031
  },
  "joint_names": ["shoulder_pan_joint", "shoulder_lift_joint", "elbow_joint", "wrist_1_joint", "wrist_2_joint", "wrist_3_joint"],
  "start_joints": [-0.45137031, -1.7007987, -0.92004448, 0.86778679, 9.6550581e-05, -2.459727e-05],
  "goal_joints": [-1.9301994, -2.4609617, -0.74153068, 4.7725407, -4.7132112, -0.3584123],
  "num_waypoints": 52,
  "trajectory": [
    [-0.45137031, -1.7007987, -0.92004448, 0.86778679, 9.6550581e-05, -2.459727e-05],
    [-0.45293909, -1.7016051, -0.91985511, 0.87192906, -0.0049034494, -0.0004047843],
    [-0.45764543, -1.7040243, -0.91928699, 0.88435585, -0.019903449, -0.0015453454],
    [-0.46548933, -1.7080563, -0.91834013, 0.90506718, -0.044903449, -0.0034462806],
    [-0.4764708, -1.7137011, -0.91701452, 0.93406303, -0.079903449, -0.0061075898],
    [-0.49058982, -1.7209587, -0.91531017, 0.97134342, -0.12490345, -0.0095292731],
    [-0.50784641, -1.7298291, -0.91322708, 1.0169083, -0.17990345, -0.01371133],
    [-0.52824056, -1.7403123, -0.91076524, 1.0707578, -0.24490345, -0.018653762],
    [-0.55177226, -1.7524083, -0.90792466, 1.1328917, -0.31990343, -0.024356566],
    [-0.57844152, -1.7661172, -0.90470534, 1.2033102, -0.40490342, -0.030819744],
    [-0.60824835, -1.7814388, -0.90110727, 1.2820132, -0.4999034, -0.038043297],
    [-0.64119273, -1.7983732, -0.89713046, 1.3690008, -0.60490337, -0.046027223],
    [-0.67727468, -1.8169204, -0.8927749, 1.4642729, -0.71990335, -0.054771522],
    [-0.71619917, -1.8369288, -0.88807621, 1.5670505, -0.84396304, -0.0642047],
    [-0.75562692, -1.8571958, -0.88331677, 1.671157, -0.96962675, -0.073759842],
    [-0.79505468, -1.8774629, -0.87855733, 1.7752634, -1.0952905, -0.083314984],
    [-0.83448244, -1.89773, -0.87379789, 1.8793699, -1.2209542, -0.092870127],
    [-0.87391019, -1.917997, -0.86903845, 1.9834764, -1.3466179, -0.10242527],
    [-0.91333795, -1.9382641, -0.86427901, 2.0875829, -1.4722816, -0.11198041],
    [-0.9527657, -1.9585311, -0.85951957, 2.1916893, -1.5979453, -0.12153555],
    [-0.99219346, -1.9787982, -0.85476013, 2.2957958, -1.723609, -0.1310907],
    [-1.0316212, -1.9990653, -0.85000069, 2.3999023, -1.8492727, -0.14064584],
    [-1.071049, -2.0193323, -0.84524125, 2.5040087, -1.9749364, -0.15020098],
    [-1.1104767, -2.0395994, -0.84048181, 2.6081152, -2.1006001, -0.15975612],
    [-1.1499045, -2.0598665, -0.83572237, 2.7122217, -2.2262638, -0.16931127],
    [-1.1893322, -2.0801335, -0.83096293, 2.8163282, -2.3519275, -0.17886641],
    [-1.22876, -2.1004006, -0.82620349, 2.9204346, -2.4775912, -0.18842155],
    [-1.2681878, -2.1206676, -0.82144405, 3.0245411, -2.6032549, -0.19797669],
    [-1.3076155, -2.1409347, -0.81668461, 3.1286476, -2.7289186, -0.20753183],
    [-1.3470433, -2.1612018, -0.81192517, 3.2327541, -2.8545823, -0.21708698],
    [-1.386471, -2.1814688, -0.80716573, 3.3368605, -2.980246, -0.22664212],
    [-1.4258988, -2.2017359, -0.80240629, 3.440967, -3.1059098, -0.23619726],
    [-1.4653265, -2.222003, -0.79764685, 3.5450735, -3.2315735, -0.2457524],
    [-1.5047543, -2.24227, -0.79288741, 3.6491799, -3.3572372, -0.25530755],
    [-1.544182, -2.2625371, -0.78812797, 3.7532864, -3.4829009, -0.26486269],
    [-1.5836098, -2.2828041, -0.78336853, 3.8573929, -3.6085646, -0.27441783],
    [-1.6230376, -2.3030712, -0.77860909, 3.9614994, -3.7342283, -0.28397297],
    [-1.6624653, -2.3233383, -0.77384965, 4.0656058, -3.859892, -0.29352812],
    [-1.7015123, -2.3434096, -0.76913618, 4.1687068, -3.984342, -0.30299097],
    [-1.7378254, -2.3620756, -0.76475272, 4.2645894, -4.1000788, -0.3117913],
    [-1.771001, -2.3791289, -0.760748, 4.3521874, -4.2058157, -0.31983126],
    [-1.801039, -2.3945693, -0.75712202, 4.4315008, -4.3015525, -0.32711084],
    [-1.8279395, -2.408397, -0.75387479, 4.5025298, -4.3872894, -0.33363004],
    [-1.8517024, -2.4206118, -0.7510063, 4.5652742, -4.4630262, -0.33938888],
    [-1.8723277, -2.4312139, -0.74851655, 4.6197341, -4.528763, -0.34438734],
    [-1.8898155, -2.4402031, -0.74640555, 4.6659094, -4.5844999, -0.34862542],
    [-1.9041657, -2.4475796, -0.7446733, 4.7038002, -4.6302367, -0.35210313],
    [-1.9153783, -2.4533432, -0.74331978, 4.7334065, -4.6659736, -0.35482047],
    [-1.9234534, -2.4574941, -0.74234502, 4.7547283, -4.6917104, -0.35677743],
    [-1.928391, -2.4600321, -0.74174899, 4.7677655, -4.7074473, -0.35797402],
    [-1.9301909, -2.4609573, -0.74153171, 4.7725182, -4.7131841, -0.35841023],
    [-1.9301994, -2.4609617, -0.74153068, 4.7725407, -4.7132112, -0.3584123]
  ]
}
