{
  "iteration": 310,
  "label": "pre_pick",
  "planning_time_ms": 54.493532,
  "scene": {
    "block_x": 0.18558897,
    "block_y": 0.37933249,
    "bin_x": 0.4317117,
    "bin_y": 0.35552988
  },
  "joint_names": ["shoulder_pan_joint", "shoulder_lift_joint", "elbow_joint", "wrist_1_joint", "wrist_2_joint", "wrist_3_joint"],
  "start_joints": [-0.45140368, -1.7007746, -0.92009766, 0.86802627, 1.6753688e-05, -0.00010916477],
  "goal_joints": [0.80488429, -1.0594355, 1.4044065, -1.915549, 4.7112109, -0.76515527],
  "num_waypoints": 52,
  "trajectory": [
    [-0.45140368, -1.7007746, -0.92009766, 0.86802627, 1.6753688e-05, -0.00010916477],
    [-0.45007038, -1.700094, -0.91763066, 0.86507205, 0.0050167537, -0.00092110977],
    [-0.44607048, -1.698052, -0.91022966, 0.85620941, 0.020016754, -0.0033569447],
    [-0.43940397, -1.6946487, -0.89789465, 0.84143834, 0.045016754, -0.0074166697],
    [-0.43007087, -1.6898842, -0.88062565, 0.82075884, 0.080016754, -0.013100285],
    [-0.41807116, -1.6837583, -0.85842264, 0.79417091, 0.12501675, -0.02040779],
    [-0.40340485, -1.6762711, -0.83128563, 0.76167456, 0.18001675, -0.029339185],
    [-0.38607193, -1.6674226, -0.79921461, 0.72326977, 0.24501675, -0.039894469],
    [-0.36607242, -1.6572127, -0.76220961, 0.67895657, 0.32001673, -0.052073641],
    [-0.34340631, -1.6456416, -0.7202706, 0.62873494, 0.40501672, -0.065876703],
    [-0.3180736, -1.6327092, -0.67339759, 0.57260488, 0.5000167, -0.081303655],
    [-0.29007428, -1.6184154, -0.62159058, 0.5105664, 0.60501667, -0.098354495],
    [-0.25940837, -1.6027604, -0.56484957, 0.44261949, 0.72001664, -0.11702923],
    [-0.22632658, -1.585872, -0.50363848, 0.36931969, 0.84407637, -0.13717516],
    [-0.19281707, -1.5687653, -0.44163598, 0.29507219, 0.96974007, -0.15758156],
    [-0.15930756, -1.5516586, -0.37963348, 0.22082469, 1.0954038, -0.17798797],
    [-0.12579805, -1.5345519, -0.31763098, 0.14657719, 1.2210675, -0.19839437],
    [-0.092288543, -1.5174452, -0.25562849, 0.072329692, 1.3467312, -0.21880077],
    [-0.058779034, -1.5003385, -0.19362599, -0.0019178081, 1.4723949, -0.23920718],
    [-0.025269526, -1.4832317, -0.13162349, -0.076165308, 1.5980586, -0.25961358],
    [0.0082399831, -1.466125, -0.069620993, -0.15041281, 1.7237223, -0.28001998],
    [0.041749492, -1.4490183, -0.0076184946, -0.22466031, 1.849386, -0.30042639],
    [0.075259001, -1.4319116, 0.054384003, -0.29890781, 1.9750497, -0.32083279],
    [0.10876851, -1.4148049, 0.1163865, -0.37315531, 2.1007134, -0.34123919],
    [0.14227802, -1.3976982, 0.178389, -0.44740281, 2.2263771, -0.3616456],
    [0.17578753, -1.3805914, 0.2403915, -0.52165031, 2.3520408, -0.382052],
    [0.20929704, -1.3634847, 0.302394, -0.59589781, 2.4777045, -0.4024584],
    [0.24280654, -1.346378, 0.36439649, -0.67014531, 2.6033683, -0.42286481],
    [0.27631605, -1.3292713, 0.42639899, -0.74439281, 2.729032, -0.44327121],
    [0.30982556, -1.3121646, 0.48840149, -0.81864031, 2.8546957, -0.46367762],
    [0.34333507, -1.2950579, 0.55040399, -0.89288781, 2.9803594, -0.48408402],
    [0.37684458, -1.2779512, 0.61240649, -0.96713531, 3.1060231, -0.50449042],
    [0.41035409, -1.2608444, 0.67440898, -1.0413828, 3.2316868, -0.52489683],
    [0.4438636, -1.2437377, 0.73641148, -1.1156303, 3.3573505, -0.54530323],
    [0.47737311, -1.226631, 0.79841398, -1.1898778, 3.4830142, -0.56570963],
    [0.51088261, -1.2095243, 0.86041648, -1.2641253, 3.6086779, -0.58611604],
    [0.54439212, -1.1924176, 0.92241898, -1.3383728, 3.7343416, -0.60652244],
    [0.57790163, -1.1753109, 0.98442147, -1.4126203, 3.8600053, -0.62692884],
    [0.61106502, -1.1583808, 1.0457835, -1.4861009, 3.984371, -0.64712447],
    [0.64188258, -1.1426484, 1.1028051, -1.5543838, 4.0999397, -0.66589154],
    [0.67003353, -1.1282772, 1.1548927, -1.6167583, 4.2055083, -0.68303473],
    [0.69551789, -1.1152674, 1.2020463, -1.6732243, 4.301077, -0.69855403],
    [0.71833564, -1.1036188, 1.2442659, -1.723782, 4.3866456, -0.71244943],
    [0.73848679, -1.0933316, 1.2815515, -1.7684311, 4.4622143, -0.72472095],
    [0.75597134, -1.0844057, 1.3139031, -1.8071719, 4.5277829, -0.73536858],
    [0.77078928, -1.0768411, 1.3413206, -1.8400042, 4.5833515, -0.74439231],
    [0.78294062, -1.0706378, 1.3638042, -1.8669282, 4.6289202, -0.75179216],
    [0.79242537, -1.0657958, 1.3813538, -1.8879436, 4.6644888, -0.75756811],
    [0.79924351, -1.0623151, 1.3939694, -1.9030507, 4.6900575, -0.76172018],
    [0.80339504, -1.0601957, 1.4016509, -1.9122493, 4.7056261, -0.76424836],
    [0.80487998, -1.0594377, 1.4043985, -1.9155395, 4.7111948, -0.76515264],
    [0.80488429, -1.0594355, 1.4044065, -1.915549, 4.7112109, -0.76515527]
  ]
}
