{
  "iteration": 137,
  "label": "pre_pick",
  "planning_time_ms": 73.115115,
  "scene": {
    "block_x": 0.15019394,
    "block_y": 0.49238861,
    "bin_x": 0.16607201,
    "bin_y": 0.35410335
  },
  "joint_names": ["shoulder_pan_joint", "shoulder_lift_joint", "elbow_joint", "wrist_1_joint", "wrist_2_joint", "wrist_3_joint"],
  "start_joints": [-0.45122839, -1.7009622, -0.91996476, 0.86777743, -6.7438303e-05, 1.9728925e-05],
  "goal_joints": [4.6741657, -3.0695812, 0.5410135, 4.1002581, 1.5714533, -0.037667183],
  "num_waypoints": 89,
  "trajectory": [
    [-0.45122839, -1.7009622, -0.91996476, 0.86777743, -6.7438303e-05, 1.9728925e-05],
    [-0.44622839, -1.7022974, -0.91853952, 0.87093083, 0.0014656348, -1.7035967e-05],
    [-0.43122839, -1.7063028, -0.91426382, 0.88039102, 0.006064854, -0.00012733064],
    [-0.40622839, -1.7129784, -0.90713764, 0.89615801, 0.013730219, -0.0003111551],
    [-0.37122839, -1.7223244, -0.897161, 0.91823179, 0.024461731, -0.00056850934],
    [-0.32622839, -1.7343406, -0.88433388, 0.94661236, 0.038259389, -0.00089939336],
    [-0.27122839, -1.7490271, -0.8686563, 0.98129973, 0.055123192, -0.0013038072],
    [-0.20879762, -1.7656978, -0.85086059, 1.0206735, 0.074265381, -0.0017628593],
    [-0.14596576, -1.7824756, -0.83295056, 1.0603003, 0.093530545, -0.0022248605],
    [-0.083133909, -1.7992534, -0.81504053, 1.0999271, 0.11279571, -0.0026868618],
    [-0.020302056, -1.8160312, -0.79713049, 1.1395538, 0.13206087, -0.003148863],
    [0.042529797, -1.832809, -0.77922046, 1.1791806, 0.15132604, -0.0036108643],
    [0.10536165, -1.8495868, -0.76131043, 1.2188073, 0.1705912, -0.0040728655],
    [0.1681935, -1.8663646, -0.7434004, 1.2584341, 0.18985637, -0.0045348668],
    [0.23102536, -1.8831424, -0.72549037, 1.2980608, 0.20912153, -0.004996868],
    [0.29385721, -1.8999203, -0.70758034, 1.3376876, 0.2283867, -0.0054588693],
    [0.35668906, -1.9166981, -0.6896703, 1.3773144, 0.24765186, -0.0059208706],
    [0.41952092, -1.9334759, -0.67176027, 1.4169411, 0.26691703, -0.0063828718],
    [0.48235277, -1.9502537, -0.65385024, 1.4565679, 0.28618219, -0.0068448731],
    [0.54518462, -1.9670315, -0.63594021, 1.4961946, 0.30544735, -0.0073068743],
    [0.60801647, -1.9838093, -0.61803018, 1.5358214, 0.32471252, -0.0077688756],
    [0.67084833, -2.0005871, -0.60012015, 1.5754482, 0.34397768, -0.0082308768],
    [0.73368018, -2.0173649, -0.58221011, 1.6150749, 0.36324285, -0.0086928781],
    [0.79651203, -2.0341427, -0.56430008, 1.6547017, 0.38250801, -0.0091548793],
    [0.85934389, -2.0509205, -0.54639005, 1.6943284, 0.40177318, -0.0096168806],
    [0.92217574, -2.0676983, -0.52848002, 1.7339552, 0.42103834, -0.010078882],
    [0.98500759, -2.0844761, -0.51056999, 1.7735819, 0.44030351, -0.010540883],
    [1.0478394, -2.1012539, -0.49265995, 1.8132087, 0.45956867, -0.011002884],
    [1.1106713, -2.1180317, -0.47474992, 1.8528355, 0.47883383, -0.011464886],
    [1.1735032, -2.1348095, -0.45683989, 1.8924622, 0.498099, -0.011926887],
    [1.236335, -2.1515873, -0.43892986, 1.932089, 0.51736416, -0.012388888],
    [1.2991669, -2.1683652, -0.42101983, 1.9717157, 0.53662933, -0.012850889],
    [1.3619987, -2.185143, -0.4031098, 2.0113425, 0.55589449, -0.013312891],
    [1.4248306, -2.2019208, -0.38519976, 2.0509692, 0.57515966, -0.013774892],
    [1.4876624, -2.2186986, -0.36728973, 2.090596, 0.59442482, -0.014236893],
    [1.5504943, -2.2354764, -0.3493797, 2.1302228, 0.61368999, -0.014698894],
    [1.6133261, -2.2522542, -0.33146967, 2.1698495, 0.63295515, -0.015160896],
    [1.676158, -2.269032, -0.31355964, 2.2094763, 0.65222031, -0.015622897],
    [1.7389898, -2.2858098, -0.29564961, 2.249103, 0.67148548, -0.016084898],
    [1.8018217, -2.3025876, -0.27773957, 2.2887298, 0.69075064, -0.016546899],
    [1.8646535, -2.3193654, -0.25982954, 2.3283566, 0.71001581, -0.017008901],
    [1.9274854, -2.3361432, -0.24191951, 2.3679833, 0.72928097, -0.017470902],
    [1.9903172, -2.352921, -0.22400948, 2.4076101, 0.74854614, -0.017932903],
    [2.0531491, -2.3696988, -0.20609945, 2.4472368, 0.7678113, -0.018394904],
    [2.1159809, -2.3864766, -0.18818941, 2.4868636, 0.78707647, -0.018856906],
    [2.1788128, -2.4032544, -0.17027938, 2.5264903, 0.80634163, -0.019318907],
    [2.2416447, -2.4200322, -0.15236935, 2.5661171, 0.82560679, -0.019780908],
    [2.3044765, -2.4368101, -0.13445932, 2.6057439, 0.84487196, -0.020242909],
    [2.3673084, -2.4535879, -0.11654929, 2.6453706, 0.86413712, -0.020704911],
    [2.4301402, -2.4703657, -0.098639256, 2.6849974, 0.88340229, -0.021166912],
    [2.4929721, -2.4871435, -0.080729224, 2.7246241, 0.90266745, -0.021628913],
    [2.5558039, -2.5039213, -0.062819192, 2.7642509, 0.92193262, -0.022090914],
    [2.6186358, -2.5206991, -0.04490916, 2.8038777, 0.94119778, -0.022552916],
    [2.6814676, -2.5374769, -0.026999129, 2.8435044, 0.96046295, -0.023014917],
    [2.7442995, -2.5542547, -0.009089097, 2.8831312, 0.97972811, -0.023476918],
    [2.8071313, -2.5710325, 0.0088209348, 2.9227579, 0.99899327, -0.023938919],
    [2.8699632, -2.5878103, 0.026730967, 2.9623847, 1.0182584, -0.024400921],
    [2.932795, -2.6045881, 0.044640998, 3.0020114, 1.0375236, -0.024862922],
    [2.9956269, -2.6213659, 0.06255103, 3.0416382, 1.0567888, -0.025324923],
    [3.0584587, -2.6381437, 0.080461062, 3.081265, 1.0760539, -0.025786924],
    [3.1212906, -2.6549215, 0.098371094, 3.1208917, 1.0953191, -0.026248926],
    [3.1841225, -2.6716993, 0.11628113, 3.1605185, 1.1145843, -0.026710927],
    [3.2469543, -2.6884771, 0.13419116, 3.2001452, 1.1338494, -0.027172928],
    [3.3097862, -2.705255, 0.15210119, 3.239772, 1.1531146, -0.027634929],
    [3.372618, -2.7220328, 0.17001122, 3.2793988, 1.1723798, -0.028096931],
    [3.4354499, -2.7388106, 0.18792125, 3.3190255, 1.1916449, -0.028558932],
    [3.4982817, -2.7555884, 0.20583128, 3.3586523, 1.2109101, -0.029020933],
    [3.5611136, -2.7723662, 0.22374132, 3.398279, 1.2301752, -0.029482934],
    [3.6239454, -2.789144, 0.24165135, 3.4379058, 1.2494404, -0.029944936],
    [3.6867773, -2.8059218, 0.25956138, 3.4775325, 1.2687056, -0.030406937],
    [3.7496091, -2.8226996, 0.27747141, 3.5171593, 1.2879707, -0.030868938],
    [3.812441, -2.8394774, 0.29538144, 3.5567861, 1.3072359, -0.031330939],
    [3.8752728, -2.8562552, 0.31329147, 3.5964128, 1.3265011, -0.031792941],
    [3.9381047, -2.873033, 0.33120151, 3.6360396, 1.3457662, -0.032254942],
    [4.0009365, -2.8898108, 0.34911154, 3.6756663, 1.3650314, -0.032716943],
    [4.0637684, -2.9065886, 0.36702157, 3.7152931, 1.3842966, -0.033178944],
    [4.1266002, -2.9233664, 0.3849316, 3.7549198, 1.4035617, -0.033640946],
    [4.1894321, -2.9401442, 0.40284163, 3.7945466, 1.4228269, -0.034102947],
    [4.252264, -2.956922, 0.42075167, 3.8341734, 1.4420921, -0.034564948],
    [4.3150958, -2.9736999, 0.4386617, 3.8738001, 1.4613572, -0.035026949],
    [4.3779277, -2.9904777, 0.45657173, 3.9134269, 1.4806224, -0.035488951],
    [4.4407595, -3.0072555, 0.47448176, 3.9530536, 1.4998876, -0.035950952],
    [4.5026805, -3.02379, 0.49213215, 3.9921059, 1.5188734, -0.036406256],
    [4.5562442, -3.038093, 0.50740032, 4.0258874, 1.5352968, -0.036800108],
    [4.5998079, -3.0497257, 0.51981801, 4.0533622, 1.5486541, -0.037120431],
    [4.6333715, -3.0586881, 0.52938524, 4.0745301, 1.5589452, -0.037367224],
    [4.6569352, -3.0649802, 0.53610199, 4.0893912, 1.5661702, -0.037540487],
    [4.6704989, -3.0686021, 0.53996828, 4.0979455, 1.570329, -0.03764022],
    [4.6741657, -3.0695812, 0.5410135, 4.1002581, 1.5714533, -0.037667183]
  ]
}
