{
  "iteration": 613,
  "label": "pre_pick",
  "planning_time_ms": 5011.2283,
  "scene": {
    "block_x": 0.17841195,
    "block_y": 0.35837145,
    "bin_x": 0.38365611,
    "bin_y": 0.29032455
  },
  "joint_names": ["shoulder_pan_joint", "shoulder_lift_joint", "elbow_joint", "wrist_1_joint", "wrist_2_joint", "wrist_3_joint"],
  "start_joints": [-0.45123431, -1.7007607, -0.92010302, 0.868165, -5.4434942e-05, -0.0001617844],
  "goal_joints": [4.5849101, -1.9889432, -1.5492039, -1.1738587, 1.5704372, -0.12744318],
  "num_waypoints": 88,
  "trajectory": [
    [-0.45123431, -1.7007607, -0.92010302, 0.868165, -5.4434942e-05, -0.0001617844],
    [-0.44623431, -1.7010468, -0.9207276, 0.86613763, 0.0015047853, -0.00028815231],
    [-0.43123431, -1.7019051, -0.92260136, 0.86005553, 0.006182446, -0.00066725601],
    [-0.40623431, -1.7033357, -0.92572429, 0.84991869, 0.013978547, -0.0012990955],
    [-0.37123431, -1.7053385, -0.93009639, 0.83572711, 0.024893089, -0.0021836708],
    [-0.32623431, -1.7079135, -0.93571766, 0.8174808, 0.038926071, -0.0033209819],
    [-0.27123431, -1.7110608, -0.94258811, 0.79517975, 0.056077494, -0.0047110288],
    [-0.20880353, -1.7146333, -0.95038678, 0.76986572, 0.075546159, -0.006288878],
    [-0.14597168, -1.7182287, -0.95823556, 0.74438906, 0.095139899, -0.0078768639],
    [-0.083139828, -1.7218241, -0.96608434, 0.7189124, 0.11473364, -0.0094648498],
    [-0.020307974, -1.7254195, -0.97393311, 0.69343575, 0.13432738, -0.011052836],
    [0.042523879, -1.7290149, -0.98178189, 0.66795909, 0.15392112, -0.012640822],
    [0.10535573, -1.7326104, -0.98963067, 0.64248243, 0.17351486, -0.014228807],
    [0.16818758, -1.7362058, -0.99747944, 0.61700577, 0.1931086, -0.015816793],
    [0.23101944, -1.7398012, -1.0053282, 0.59152911, 0.21270234, -0.017404779],
    [0.29385129, -1.7433966, -1.013177, 0.56605245, 0.23229608, -0.018992765],
    [0.35668314, -1.746992, -1.0210258, 0.5405758, 0.25188981, -0.020580751],
    [0.419515, -1.7505874, -1.0288746, 0.51509914, 0.27148355, -0.022168737],
    [0.48234685, -1.7541829, -1.0367233, 0.48962248, 0.29107729, -0.023756723],
    [0.5451787, -1.7577783, -1.0445721, 0.46414582, 0.31067103, -0.025344709],
    [0.60801056, -1.7613737, -1.0524209, 0.43866916, 0.33026477, -0.026932694],
    [0.67084241, -1.7649691, -1.0602697, 0.4131925, 0.34985851, -0.02852068],
    [0.73367426, -1.7685645, -1.0681184, 0.38771585, 0.36945225, -0.030108666],
    [0.79650612, -1.7721599, -1.0759672, 0.36223919, 0.38904599, -0.031696652],
    [0.85933797, -1.7757554, -1.083816, 0.33676253, 0.40863973, -0.033284638],
    [0.92216982, -1.7793508, -1.0916648, 0.31128587, 0.42823347, -0.034872624],
    [0.98500167, -1.7829462, -1.0995135, 0.28580921, 0.44782721, -0.03646061],
    [1.0478335, -1.7865416, -1.1073623, 0.26033255, 0.46742095, -0.038048595],
    [1.1106654, -1.790137, -1.1152111, 0.2348559, 0.48701469, -0.039636581],
    [1.1734972, -1.7937325, -1.1230599, 0.20937924, 0.50660843, -0.041224567],
    [1.2363291, -1.7973279, -1.1309087, 0.18390258, 0.52620217, -0.042812553],
    [1.2991609, -1.8009233, -1.1387574, 0.15842592, 0.54579591, -0.044400539],
    [1.3619928, -1.8045187, -1.1466062, 0.13294926, 0.56538965, -0.045988525],
    [1.4248246, -1.8081141, -1.154455, 0.10747261, 0.58498339, -0.047576511],
    [1.4876565, -1.8117095, -1.1623038, 0.081995947, 0.60457713, -0.049164497],
    [1.5504884, -1.815305, -1.1701525, 0.056519288, 0.62417086, -0.050752482],
    [1.6133202, -1.8189004, -1.1780013, 0.03104263, 0.6437646, -0.052340468],
    [1.6761521, -1.8224958, -1.1858501, 0.0055659719, 0.66335834, -0.053928454],
    [1.7389839, -1.8260912, -1.1936989, -0.019910686, 0.68295208, -0.05551644],
    [1.8018158, -1.8296866, -1.2015476, -0.045387345, 0.70254582, -0.057104426],
    [1.8646476, -1.8332821, -1.2093964, -0.070864003, 0.72213956, -0.058692412],
    [1.9274795, -1.8368775, -1.2172452, -0.096340661, 0.7417333, -0.060280398],
    [1.9903113, -1.8404729, -1.225094, -0.12181732, 0.76132704, -0.061868384],
    [2.0531432, -1.8440683, -1.2329428, -0.14729398, 0.78092078, -0.063456369],
    [2.115975, -1.8476637, -1.2407915, -0.17277064, 0.80051452, -0.065044355],
    [2.1788069, -1.8512591, -1.2486403, -0.19824729, 0.82010826, -0.066632341],
    [2.2416387, -1.8548546, -1.2564891, -0.22372395, 0.839702, -0.068220327],
    [2.3044706, -1.85845, -1.2643379, -0.24920061, 0.85929574, -0.069808313],
    [2.3673024, -1.8620454, -1.2721866, -0.27467727, 0.87888948, -0.071396299],
    [2.4301343, -1.8656408, -1.2800354, -0.30015393, 0.89848322, -0.072984285],
    [2.4929661, -1.8692362, -1.2878842, -0.32563059, 0.91807696, -0.074572271],
    [2.555798, -1.8728316, -1.295733, -0.35110724, 0.9376707, -0.076160256],
    [2.6186299, -1.8764271, -1.3035817, -0.3765839, 0.95726444, -0.077748242],
    [2.6814617, -1.8800225, -1.3114305, -0.40206056, 0.97685817, -0.079336228],
    [2.7442936, -1.8836179, -1.3192793, -0.42753722, 0.99645191, -0.080924214],
    [2.8071254, -1.8872133, -1.3271281, -0.45301388, 1.0160457, -0.0825122],
    [2.8699573, -1.8908087, -1.3349769, -0.47849054, 1.0356394, -0.084100186],
    [2.9327891, -1.8944042, -1.3428256, -0.50396719, 1.0552331, -0.085688172],
    [2.995621, -1.8979996, -1.3506744, -0.52944385, 1.0748269, -0.087276158],
    [3.0584528, -1.901595, -1.3585232, -0.55492051, 1.0944206, -0.088864143],
    [3.1212847, -1.9051904, -1.366372, -0.58039717, 1.1140144, -0.090452129],
    [3.1841165, -1.9087858, -1.3742207, -0.60587383, 1.1336081, -0.092040115],
    [3.2469484, -1.9123812, -1.3820695, -0.63135048, 1.1532018, -0.093628101],
    [3.3097802, -1.9159767, -1.3899183, -0.65682714, 1.1727956, -0.095216087],
    [3.3726121, -1.9195721, -1.3977671, -0.6823038, 1.1923893, -0.096804073],
    [3.4354439, -1.9231675, -1.4056158, -0.70778046, 1.211983, -0.098392059],
    [3.4982758, -1.9267629, -1.4134646, -0.73325712, 1.2315768, -0.099980045],
    [3.5611077, -1.9303583, -1.4213134, -0.75873378, 1.2511705, -0.10156803],
    [3.6239395, -1.9339537, -1.4291622, -0.78421043, 1.2707643, -0.10315602],
    [3.6867714, -1.9375492, -1.437011, -0.80968709, 1.290358, -0.104744],
    [3.7496032, -1.9411446, -1.4448597, -0.83516375, 1.3099517, -0.10633199],
    [3.8124351, -1.94474, -1.4527085, -0.86064041, 1.3295455, -0.10791997],
    [3.8752669, -1.9483354, -1.4605573, -0.88611707, 1.3491392, -0.10950796],
    [3.9380988, -1.9519308, -1.4684061, -0.91159373, 1.368733, -0.11109595],
    [4.0009306, -1.9555263, -1.4762548, -0.93707038, 1.3883267, -0.11268393],
    [4.0637625, -1.9591217, -1.4841036, -0.96254704, 1.4079204, -0.11427192],
    [4.1265943, -1.9627171, -1.4919524, -0.9880237, 1.4275142, -0.1158599],
    [4.1894262, -1.9663125, -1.4998012, -1.0135004, 1.4471079, -0.11744789],
    [4.252258, -1.9699079, -1.5076499, -1.038977, 1.4667017, -0.11903588],
    [4.3150899, -1.9735033, -1.5154987, -1.0644537, 1.4862954, -0.12062386],
    [4.3779217, -1.9770988, -1.5233475, -1.0899303, 1.5058891, -0.12221185],
    [4.4371643, -1.9804888, -1.5307479, -1.1139516, 1.5243636, -0.12370912],
    [4.4865234, -1.9833133, -1.5369137, -1.1339654, 1.5397559, -0.1249566],
    [4.5258826, -1.9855655, -1.5418303, -1.1499245, 1.5520298, -0.12595135],
    [4.5552417, -1.9872455, -1.5454978, -1.1618289, 1.5611853, -0.12669336],
    [4.5746009, -1.9883533, -1.5479161, -1.1696785, 1.5672224, -0.12718263],
    [4.58396, -1.9888889, -1.5490852, -1.1734734, 1.570141, -0.12741917],
    [4.5849101, -1.9889432, -1.5492039, -1.1738587, 1.5704372, -0.12744318]
  ]
}
