{
  "iteration": 502,
  "label": "pre_pick",
  "planning_time_ms": 5013.0933,
  "scene": {
    "block_x": 0.17548622,
    "block_y": 0.35420932,
    "bin_x": 0.31678046,
    "bin_y": 0.39205157
  },
  "joint_names": ["shoulder_pan_joint", "shoulder_lift_joint", "elbow_joint", "wrist_1_joint", "wrist_2_joint", "wrist_3_joint"],
  "start_joints": [-0.45140833, -1.7007712, -0.92014204, 0.86830722, 3.5240648e-05, -0.00021686506],
  "goal_joints": [-5.5049364, 0.27306152, -1.5816047, -0.26223079, -1.5696264, -0.79310349],
  "num_waypoints": 88,
  "trajectory": [
    [-0.45140833, -1.7007712, -0.92014204, 0.86830722, 3.5240648e-05, -0.00021686506],
    [-0.45640833, -1.6988182, -0.92079649, 0.86718866, -0.0015177948, -0.0010013533],
    [-0.47140833, -1.6929595, -0.92275986, 0.86383297, -0.0061769011, -0.0033548178],
    [-0.49640833, -1.6831948, -0.92603214, 0.85824015, -0.013942078, -0.0072772588],
    [-0.53140833, -1.6695243, -0.93061334, 0.85041021, -0.024813326, -0.012768676],
    [-0.57640833, -1.651948, -0.93650345, 0.84034314, -0.038790645, -0.01982907],
    [-0.63140833, -1.6304658, -0.94370246, 0.82803895, -0.055874035, -0.02845844],
    [-0.6938391, -1.6060813, -0.95187411, 0.8140724, -0.075265476, -0.038253681],
    [-0.75667095, -1.5815401, -0.96009825, 0.80001612, -0.094781495, -0.04811185],
    [-0.81950281, -1.5569989, -0.96832239, 0.78595984, -0.11429751, -0.05797002],
    [-0.88233466, -1.5324578, -0.97654653, 0.77190356, -0.13381353, -0.067828189],
    [-0.94516651, -1.5079166, -0.98477067, 0.75784728, -0.15332955, -0.077686359],
    [-1.0079984, -1.4833754, -0.99299481, 0.743791, -0.17284557, -0.087544528],
    [-1.0708302, -1.4588342, -1.001219, 0.72973473, -0.19236159, -0.097402697],
    [-1.1336621, -1.434293, -1.0094431, 0.71567845, -0.21187761, -0.10726087],
    [-1.1964939, -1.4097518, -1.0176672, 0.70162217, -0.23139363, -0.11711904],
    [-1.2593258, -1.3852107, -1.0258914, 0.68756589, -0.25090964, -0.12697721],
    [-1.3221576, -1.3606695, -1.0341155, 0.67350961, -0.27042566, -0.13683537],
    [-1.3849895, -1.3361283, -1.0423397, 0.65945333, -0.28994168, -0.14669354],
    [-1.4478213, -1.3115871, -1.0505638, 0.64539705, -0.3094577, -0.15655171],
    [-1.5106532, -1.2870459, -1.0587879, 0.63134078, -0.32897372, -0.16640988],
    [-1.573485, -1.2625047, -1.0670121, 0.6172845, -0.34848974, -0.17626805],
    [-1.6363169, -1.2379635, -1.0752362, 0.60322822, -0.36800576, -0.18612622],
    [-1.6991487, -1.2134224, -1.0834604, 0.58917194, -0.38752178, -0.19598439],
    [-1.7619806, -1.1888812, -1.0916845, 0.57511566, -0.40703779, -0.20584256],
    [-1.8248125, -1.16434, -1.0999086, 0.56105938, -0.42655381, -0.21570073],
    [-1.8876443, -1.1397988, -1.1081328, 0.54700311, -0.44606983, -0.2255589],
    [-1.9504762, -1.1152576, -1.1163569, 0.53294683, -0.46558585, -0.23541707],
    [-2.013308, -1.0907164, -1.1245811, 0.51889055, -0.48510187, -0.24527524],
    [-2.0761399, -1.0661753, -1.1328052, 0.50483427, -0.50461789, -0.25513341],
    [-2.1389717, -1.0416341, -1.1410293, 0.49077799, -0.52413391, -0.26499158],
    [-2.2018036, -1.0170929, -1.1492535, 0.47672171, -0.54364993, -0.27484975],
    [-2.2646354, -0.9925517, -1.1574776, 0.46266543, -0.56316595, -0.28470792],
    [-2.3274673, -0.96801052, -1.1657018, 0.44860916, -0.58268196, -0.29456608],
    [-2.3902991, -0.94346933, -1.1739259, 0.43455288, -0.60219798, -0.30442425],
    [-2.453131, -0.91892815, -1.18215, 0.4204966, -0.621714, -0.31428242],
    [-2.5159628, -0.89438696, -1.1903742, 0.40644032, -0.64123002, -0.32414059],
    [-2.5787947, -0.86984578, -1.1985983, 0.39238404, -0.66074604, -0.33399876],
    [-2.6416265, -0.8453046, -1.2068225, 0.37832776, -0.68026206, -0.34385693],
    [-2.7044584, -0.82076341, -1.2150466, 0.36427149, -0.69977808, -0.3537151],
    [-2.7672903, -0.79622223, -1.2232707, 0.35021521, -0.7192941, -0.36357327],
    [-2.8301221, -0.77168104, -1.2314949, 0.33615893, -0.73881011, -0.37343144],
    [-2.892954, -0.74713986, -1.239719, 0.32210265, -0.75832613, -0.38328961],
    [-2.9557858, -0.72259867, -1.2479432, 0.30804637, -0.77784215, -0.39314778],
    [-3.0186177, -0.69805749, -1.2561673, 0.29399009, -0.79735817, -0.40300595],
    [-3.0814495, -0.67351631, -1.2643914, 0.27993381, -0.81687419, -0.41286412],
    [-3.1442814, -0.64897512, -1.2726156, 0.26587754, -0.83639021, -0.42272229],
    [-3.2071132, -0.62443394, -1.2808397, 0.25182126, -0.85590623, -0.43258046],
    [-3.2699451, -0.59989275, -1.2890639, 0.23776498, -0.87542225, -0.44243862],
    [-3.3327769, -0.57535157, -1.297288, 0.2237087, -0.89493826, -0.45229679],
    [-3.3956088, -0.55081038, -1.3055121, 0.20965242, -0.91445428, -0.46215496],
    [-3.4584406, -0.5262692, -1.3137363, 0.19559614, -0.9339703, -0.47201313],
    [-3.5212725, -0.50172802, -1.3219604, 0.18153987, -0.95348632, -0.4818713],
    [-3.5841043, -0.47718683, -1.3301846, 0.16748359, -0.97300234, -0.49172947],
    [-3.6469362, -0.45264565, -1.3384087, 0.15342731, -0.99251836, -0.50158764],
    [-3.709768, -0.42810446, -1.3466329, 0.13937103, -1.0120344, -0.51144581],
    [-3.7725999, -0.40356328, -1.354857, 0.12531475, -1.0315504, -0.52130398],
    [-3.8354318, -0.37902209, -1.3630811, 0.11125847, -1.0510664, -0.53116215],
    [-3.8982636, -0.35448091, -1.3713053, 0.097202195, -1.0705824, -0.54102032],
    [-3.9610955, -0.32993972, -1.3795294, 0.083145917, -1.0900985, -0.55087849],
    [-4.0239273, -0.30539854, -1.3877536, 0.069089638, -1.1096145, -0.56073666],
    [-4.0867592, -0.28085736, -1.3959777, 0.05503336, -1.1291305, -0.57059483],
    [-4.149591, -0.25631617, -1.4042018, 0.040977081, -1.1486465, -0.580453],
    [-4.2124229, -0.23177499, -1.412426, 0.026920803, -1.1681625, -0.59031117],
    [-4.2752547, -0.2072338, -1.4206501, 0.012864524, -1.1876785, -0.60016933],
    [-4.3380866, -0.18269262, -1.4288743, -0.001191754, -1.2071946, -0.6100275],
    [-4.4009184, -0.15815143, -1.4370984, -0.015248032, -1.2267106, -0.61988567],
    [-4.4637503, -0.13361025, -1.4453225, -0.029304311, -1.2462266, -0.62974384],
    [-4.5265821, -0.10906907, -1.4535467, -0.043360589, -1.2657426, -0.63960201],
    [-4.589414, -0.084527881, -1.4617708, -0.057416868, -1.2852586, -0.64946018],
    [-4.6522458, -0.059986697, -1.469995, -0.071473146, -1.3047747, -0.65931835],
    [-4.7150777, -0.035445513, -1.4782191, -0.085529425, -1.3242907, -0.66917652],
    [-4.7779095, -0.010904328, -1.4864432, -0.099585703, -1.3438067, -0.67903469],
    [-4.8407414, 0.013636856, -1.4946674, -0.11364198, -1.3633227, -0.68889286],
    [-4.9035733, 0.038178041, -1.5028915, -0.12769826, -1.3828387, -0.69875103],
    [-4.9664051, 0.062719225, -1.5111157, -0.14175454, -1.4023548, -0.7086092],
    [-5.029237, 0.087260409, -1.5193398, -0.15581082, -1.4218708, -0.71846737],
    [-5.0920688, 0.11180159, -1.5275639, -0.1698671, -1.4413868, -0.72832554],
    [-5.1549007, 0.13634278, -1.5357881, -0.18392337, -1.4609028, -0.73818371],
    [-5.2177325, 0.16088396, -1.5440122, -0.19797965, -1.4804188, -0.74804187],
    [-5.2805644, 0.18542515, -1.5522364, -0.21203593, -1.4999348, -0.75790004],
    [-5.3417683, 0.20933049, -1.5602474, -0.22572802, -1.5189452, -0.7675028],
    [-5.3938941, 0.22969007, -1.5670702, -0.23738923, -1.5351359, -0.77568122],
    [-5.43602, 0.24614379, -1.5725841, -0.24681332, -1.5482205, -0.78229066],
    [-5.4681458, 0.25869167, -1.5767891, -0.25400027, -1.558199, -0.78733113],
    [-5.4902717, 0.2673337, -1.5796852, -0.2589501, -1.5650714, -0.79080263],
    [-5.5023975, 0.27206987, -1.5812724, -0.26166281, -1.5688378, -0.79270514],
    [-5.5049364, 0.27306152, -1.5816047, -0.26223079, -1.5696264, -0.79310349]
  ]
}
