{
  "iteration": 603,
  "label": "pre_pick",
  "planning_time_ms": 5160.4204,
  "scene": {
    "block_x": 0.20638089,
    "block_y": 0.42695691,
    "bin_x": 0.30610227,
    "bin_y": 0.30313246
  },
  "joint_names": ["shoulder_pan_joint", "shoulder_lift_joint", "elbow_joint", "wrist_1_joint", "wrist_2_joint", "wrist_3_joint"],
  "start_joints": [-0.45128565, -1.7009109, -0.92028299, 0.86819916, -5.7872915e-05, -0.00013944499],
  "goal_joints": [-1.7399888, -3.2510313, 1.0078154, -2.4690495, 1.5702445, -0.16944175],
  "num_waypoints": 43,
  "trajectory": [
    [-0.45128565, -1.7009109, -0.92028299, 0.86819916, -5.7872915e-05, -0.00013944499],
    [-0.45321644, -1.7032334, -0.91739423, 0.86319916, 0.0022948172, -0.00039310051],
    [-0.4590088, -1.7102007, -0.90872797, 0.84819916, 0.0093528875, -0.0011540671],
    [-0.46866273, -1.721813, -0.8942842, 0.82319916, 0.021116338, -0.0024223446],
    [-0.48217824, -1.7380702, -0.87406292, 0.78819916, 0.037585169, -0.0041979332],
    [-0.49955532, -1.7589722, -0.84806413, 0.74319916, 0.05875938, -0.0064808328],
    [-0.52079398, -1.7845192, -0.81628783, 0.68819916, 0.084638971, -0.0092710435],
    [-0.5458942, -1.8147111, -0.77873402, 0.62319917, 0.11522394, -0.012568565],
    [-0.574856, -1.8495479, -0.73540271, 0.54819918, 0.15051429, -0.016373397],
    [-0.60767938, -1.8890296, -0.68629389, 0.46319919, 0.19051002, -0.020685541],
    [-0.64436432, -1.9331561, -0.63140756, 0.36819921, 0.23521112, -0.025504994],
    [-0.68488076, -1.9818915, -0.57078872, 0.26327709, 0.28458096, -0.030827809],
    [-0.72687634, -2.032406, -0.50795686, 0.15452459, 0.33575315, -0.036344943],
    [-0.76887192, -2.0829205, -0.44512501, 0.045772097, 0.38692533, -0.041862077],
    [-0.8108675, -2.133435, -0.38229316, -0.0629804, 0.43809752, -0.047379211],
    [-0.85286308, -2.1839495, -0.3194613, -0.1717329, 0.4892697, -0.052896345],
    [-0.89485865, -2.234464, -0.25662945, -0.28048539, 0.54044189, -0.058413479],
    [-0.93685423, -2.2849785, -0.1937976, -0.38923789, 0.59161407, -0.063930614],
    [-0.97884981, -2.335493, -0.13096574, -0.49799039, 0.64278626, -0.069447748],
    [-1.0208454, -2.3860075, -0.068133891, -0.60674288, 0.69395844, -0.074964882],
    [-1.062841, -2.436522, -0.0053020384, -0.71549538, 0.74513063, -0.080482016],
    [-1.1048365, -2.4870365, 0.057529815, -0.82424788, 0.79630281, -0.08599915],
    [-1.1468321, -2.537551, 0.12036167, -0.93300038, 0.847475, -0.091516284],
    [-1.1888277, -2.5880655, 0.18319352, -1.0417529, 0.89864718, -0.097033418],
    [-1.2308233, -2.63858, 0.24602537, -1.1505054, 0.94981937, -0.10255055],
    [-1.2728189, -2.6890945, 0.30885723, -1.2592579, 1.0009916, -0.10806769],
    [-1.3148144, -2.739609, 0.37168908, -1.3680104, 1.0521637, -0.11358482],
    [-1.35681, -2.7901235, 0.43452093, -1.4767629, 1.1033359, -0.11910195],
    [-1.3988056, -2.840638, 0.49735279, -1.5855154, 1.1545081, -0.12461909],
    [-1.4408012, -2.8911525, 0.56018464, -1.6942679, 1.2056803, -0.13013622],
    [-1.4827967, -2.941667, 0.62301649, -1.8030204, 1.2568525, -0.13565336],
    [-1.5246027, -2.9919535, 0.68556469, -1.9112819, 1.3077936, -0.14114558],
    [-1.5634575, -3.03869, 0.74369735, -2.0119008, 1.3551387, -0.14625009],
    [-1.5984506, -3.0807816, 0.7960525, -2.1025197, 1.3977783, -0.15084729],
    [-1.6295822, -3.1182283, 0.84263015, -2.1831386, 1.4357126, -0.15493717],
    [-1.6568522, -3.1510302, 0.88343028, -2.2537575, 1.4689414, -0.15851975],
    [-1.6802606, -3.1791871, 0.91845291, -2.3143764, 1.4974649, -0.16159501],
    [-1.6998075, -3.2026991, 0.94769803, -2.3649953, 1.5212831, -0.16416297],
    [-1.7154928, -3.2215662, 0.97116564, -2.4056142, 1.5403958, -0.16622361],
    [-1.7273165, -3.2357883, 0.98885574, -2.4362331, 1.5548032, -0.16777694],
    [-1.7352787, -3.2453656, 1.0007683, -2.456852, 1.5645051, -0.16882296],
    [-1.7393792, -3.250298, 1.0069034, -2.4674709, 1.5695017, -0.16936167],
    [-1.7399888, -3.2510313, 1.0078154, -2.4690495, 1.5702445, -0.16944175]
  ]
}
