{
  "iteration": 399,
  "label": "pre_pick",
  "planning_time_ms": 5013.4895,
  "scene": {
    "block_x": 0.23862645,
    "block_y": 0.38826669,
    "bin_x": 0.36470688,
    "bin_y": 0.29352443
  },
  "joint_names": ["shoulder_pan_joint", "shoulder_lift_joint", "elbow_joint", "wrist_1_joint", "wrist_2_joint", "wrist_3_joint"],
  "start_joints": [-0.45142079, -1.7007839, -0.92057121, 0.86858278, -8.8598234e-05, -0.00043152744],
  "goal_joints": [4.4526784, -2.2258166, -1.1664654, 4.9638314, 1.5711139, -0.2590411],
  "num_waypoints": 86,
  "trajectory": [
    [-0.45142079, -1.7007839, -0.92057121, 0.86858278, -8.8598234e-05, -0.00043152744],
    [-0.44642079, -1.7013192, -0.92082191, 0.87275812, 0.0015133295, -0.00069519418],
    [-0.43142079, -1.7029251, -0.92157402, 0.88528411, 0.0063191127, -0.0014861944],
    [-0.40642079, -1.7056016, -0.92282753, 0.90616077, 0.014328751, -0.0028045281],
    [-0.37142079, -1.7093487, -0.92458245, 0.9353881, 0.025542245, -0.0046501953],
    [-0.32642079, -1.7141664, -0.92683877, 0.97296609, 0.039959595, -0.007023196],
    [-0.27142079, -1.7200547, -0.92959651, 1.0188947, 0.0575808, -0.0099235301],
    [-0.20899001, -1.7267385, -0.93272682, 1.0710286, 0.077582718, -0.013215714],
    [-0.14615816, -1.7334653, -0.93587724, 1.1234974, 0.097713136, -0.016529048],
    [-0.083326308, -1.7401921, -0.93902767, 1.1759661, 0.11784355, -0.019842382],
    [-0.020494455, -1.7469188, -0.94217809, 1.2284349, 0.13797397, -0.023155716],
    [0.042337398, -1.7536456, -0.94532851, 1.2809037, 0.15810439, -0.02646905],
    [0.10516925, -1.7603724, -0.94847894, 1.3333724, 0.17823481, -0.029782384],
    [0.1680011, -1.7670992, -0.95162936, 1.3858412, 0.19836522, -0.033095718],
    [0.23083296, -1.7738259, -0.95477978, 1.43831, 0.21849564, -0.036409052],
    [0.29366481, -1.7805527, -0.95793021, 1.4907787, 0.23862606, -0.039722386],
    [0.35649666, -1.7872795, -0.96108063, 1.5432475, 0.25875648, -0.04303572],
    [0.41932852, -1.7940063, -0.96423106, 1.5957163, 0.27888689, -0.046349054],
    [0.48216037, -1.8007331, -0.96738148, 1.6481851, 0.29901731, -0.049662388],
    [0.54499222, -1.8074598, -0.9705319, 1.7006538, 0.31914773, -0.052975722],
    [0.60782408, -1.8141866, -0.97368233, 1.7531226, 0.33927815, -0.056289056],
    [0.67065593, -1.8209134, -0.97683275, 1.8055914, 0.35940856, -0.05960239],
    [0.73348778, -1.8276402, -0.97998317, 1.8580601, 0.37953898, -0.062915724],
    [0.79631963, -1.8343669, -0.9831336, 1.9105289, 0.3996694, -0.066229058],
    [0.85915149, -1.8410937, -0.98628402, 1.9629977, 0.41979982, -0.069542392],
    [0.92198334, -1.8478205, -0.98943445, 2.0154665, 0.43993023, -0.072855726],
    [0.98481519, -1.8545473, -0.99258487, 2.0679352, 0.46006065, -0.07616906],
    [1.047647, -1.861274, -0.99573529, 2.120404, 0.48019107, -0.079482394],
    [1.1104789, -1.8680008, -0.99888572, 2.1728728, 0.50032149, -0.082795728],
    [1.1733108, -1.8747276, -1.0020361, 2.2253415, 0.5204519, -0.086109062],
    [1.2361426, -1.8814544, -1.0051866, 2.2778103, 0.54058232, -0.089422396],
    [1.2989745, -1.8881811, -1.008337, 2.3302791, 0.56071274, -0.09273573],
    [1.3618063, -1.8949079, -1.0114874, 2.3827479, 0.58084316, -0.096049064],
    [1.4246382, -1.9016347, -1.0146378, 2.4352166, 0.60097358, -0.099362398],
    [1.48747, -1.9083615, -1.0177883, 2.4876854, 0.62110399, -0.10267573],
    [1.5503019, -1.9150883, -1.0209387, 2.5401542, 0.64123441, -0.10598907],
    [1.6131337, -1.921815, -1.0240891, 2.5926229, 0.66136483, -0.1093024],
    [1.6759656, -1.9285418, -1.0272395, 2.6450917, 0.68149525, -0.11261573],
    [1.7387974, -1.9352686, -1.03039, 2.6975605, 0.70162566, -0.11592907],
    [1.8016293, -1.9419954, -1.0335404, 2.7500292, 0.72175608, -0.1192424],
    [1.8644611, -1.9487221, -1.0366908, 2.802498, 0.7418865, -0.12255574],
    [1.927293, -1.9554489, -1.0398412, 2.8549668, 0.76201692, -0.12586907],
    [1.9901248, -1.9621757, -1.0429916, 2.9074356, 0.78214733, -0.1291824],
    [2.0529567, -1.9689025, -1.0461421, 2.9599043, 0.80227775, -0.13249574],
    [2.1157885, -1.9756292, -1.0492925, 3.0123731, 0.82240817, -0.13580907],
    [2.1786204, -1.982356, -1.0524429, 3.0648419, 0.84253859, -0.13912241],
    [2.2414523, -1.9890828, -1.0555933, 3.1173106, 0.862669, -0.14243574],
    [2.3042841, -1.9958096, -1.0587438, 3.1697794, 0.88279942, -0.14574907],
    [2.367116, -2.0025364, -1.0618942, 3.2222482, 0.90292984, -0.14906241],
    [2.4299478, -2.0092631, -1.0650446, 3.274717, 0.92306026, -0.15237574],
    [2.4927797, -2.0159899, -1.068195, 3.3271857, 0.94319067, -0.15568908],
    [2.5556115, -2.0227167, -1.0713455, 3.3796545, 0.96332109, -0.15900241],
    [2.6184434, -2.0294435, -1.0744959, 3.4321233, 0.98345151, -0.16231574],
    [2.6812752, -2.0361702, -1.0776463, 3.484592, 1.0035819, -0.16562908],
    [2.7441071, -2.042897, -1.0807967, 3.5370608, 1.0237123, -0.16894241],
    [2.8069389, -2.0496238, -1.0839472, 3.5895296, 1.0438428, -0.17225575],
    [2.8697708, -2.0563506, -1.0870976, 3.6419983, 1.0639732, -0.17556908],
    [2.9326026, -2.0630773, -1.090248, 3.6944671, 1.0841036, -0.17888241],
    [2.9954345, -2.0698041, -1.0933984, 3.7469359, 1.104234, -0.18219575],
    [3.0582663, -2.0765309, -1.0965489, 3.7994047, 1.1243644, -0.18550908],
    [3.1210982, -2.0832577, -1.0996993, 3.8518734, 1.1444948, -0.18882242],
    [3.1839301, -2.0899844, -1.1028497, 3.9043422, 1.1646253, -0.19213575],
    [3.2467619, -2.0967112, -1.1060001, 3.956811, 1.1847557, -0.19544908],
    [3.3095938, -2.103438, -1.1091505, 4.0092797, 1.2048861, -0.19876242],
    [3.3724256, -2.1101648, -1.112301, 4.0617485, 1.2250165, -0.20207575],
    [3.4352575, -2.1168916, -1.1154514, 4.1142173, 1.2451469, -0.20538909],
    [3.4980893, -2.1236183, -1.1186018, 4.1666861, 1.2652774, -0.20870242],
    [3.5609212, -2.1303451, -1.1217522, 4.2191548, 1.2854078, -0.21201575],
    [3.623753, -2.1370719, -1.1249027, 4.2716236, 1.3055382, -0.21532909],
    [3.6865849, -2.1437987, -1.1280531, 4.3240924, 1.3256686, -0.21864242],
    [3.7494167, -2.1505254, -1.1312035, 4.3765611, 1.345799, -0.22195576],
    [3.8122486, -2.1572522, -1.1343539, 4.4290299, 1.3659294, -0.22526909],
    [3.8750804, -2.163979, -1.1375044, 4.4814987, 1.3860599, -0.22858242],
    [3.9379123, -2.1707058, -1.1406548, 4.5339675, 1.4061903, -0.23189576],
    [4.0007441, -2.1774325, -1.1438052, 4.5864362, 1.4263207, -0.23520909],
    [4.063576, -2.1841593, -1.1469556, 4.638905, 1.4464511, -0.23852243],
    [4.1264078, -2.1908861, -1.1501061, 4.6913738, 1.4665815, -0.24183576],
    [4.1892397, -2.1976129, -1.1532565, 4.7438425, 1.4867119, -0.24514909],
    [4.2520716, -2.2043397, -1.1564069, 4.7963113, 1.5068424, -0.24846243],
    [4.310402, -2.2105845, -1.1593316, 4.8450211, 1.5255306, -0.25153839],
    [4.3587455, -2.2157602, -1.1617556, 4.8853911, 1.5410191, -0.2540877],
    [4.397089, -2.2198652, -1.1636782, 4.9174105, 1.5533038, -0.25610968],
    [4.4254325, -2.2228997, -1.1650993, 4.9410792, 1.5623847, -0.25760433],
    [4.443776, -2.2248635, -1.1660191, 4.9563972, 1.5682617, -0.25857164],
    [4.4521195, -2.2257568, -1.1664374, 4.9633646, 1.5709348, -0.25901162],
    [4.4526784, -2.2258166, -1.1664654, 4.9638314, 1.5711139, -0.2590411]
  ]
}
