{
  "iteration": 383,
  "label": "pre_pick",
  "planning_time_ms": 51.950294,
  "scene": {
    "block_x": 0.30204922,
    "block_y": 0.37205685,
    "bin_x": 0.40693748,
    "bin_y": 0.25483523
  },
  "joint_names": ["shoulder_pan_joint", "shoulder_lift_joint", "elbow_joint", "wrist_1_joint", "wrist_2_joint", "wrist_3_joint"],
  "start_joints": [-0.45137204, -1.7007879, -0.9202575, 0.86820704, -1.6441938e-05, -0.00027632488],
  "goal_joints": [4.3072743, -2.3353325, -0.97335699, 4.8786554, -4.7123597, -0.40534157],
  "num_waypoints": 84,
  "trajectory": [
    [-0.45137204, -1.7007879, -0.9202575, 0.86820704, -1.6441938e-05, -0.00027632488],
    [-0.44637204, -1.7014546, -0.92031329, 0.87242089, -0.0049677903, -0.00070193461],
    [-0.43137204, -1.7034548, -0.92048067, 0.88506245, -0.019821836, -0.0019787638],
    [-0.40637204, -1.7067884, -0.92075963, 0.90613173, -0.044578578, -0.0041068125],
    [-0.37137204, -1.7114555, -0.92115018, 0.93562871, -0.079238016, -0.0070860806],
    [-0.32637204, -1.7174561, -0.92165232, 0.97355339, -0.12380015, -0.010916568],
    [-0.27137204, -1.7247901, -0.92226604, 1.0199058, -0.17826498, -0.015598275],
    [-0.20894126, -1.733115, -0.92296267, 1.0725206, -0.24008829, -0.020912504],
    [-0.14610941, -1.7414933, -0.92366378, 1.1254735, -0.30230877, -0.026260874],
    [-0.083277559, -1.7498717, -0.92436489, 1.1784263, -0.36452925, -0.031609244],
    [-0.020445706, -1.75825, -0.925066, 1.2313792, -0.42674973, -0.036957613],
    [0.042386147, -1.7666284, -0.92576712, 1.284332, -0.4889702, -0.042305983],
    [0.105218, -1.7750067, -0.92646823, 1.3372849, -0.55119068, -0.047654352],
    [0.16804985, -1.7833851, -0.92716934, 1.3902377, -0.61341116, -0.053002722],
    [0.23088171, -1.7917634, -0.92787045, 1.4431906, -0.67563164, -0.058351092],
    [0.29371356, -1.8001418, -0.92857156, 1.4961435, -0.73785212, -0.063699461],
    [0.35654541, -1.8085201, -0.92927267, 1.5490963, -0.8000726, -0.069047831],
    [0.41937727, -1.8168985, -0.92997378, 1.6020492, -0.86229308, -0.074396201],
    [0.48220912, -1.8252768, -0.93067489, 1.655002, -0.92451356, -0.07974457],
    [0.54504097, -1.8336552, -0.931376, 1.7079549, -0.98673404, -0.08509294],
    [0.60787282, -1.8420335, -0.93207712, 1.7609077, -1.0489545, -0.090441309],
    [0.67070468, -1.8504119, -0.93277823, 1.8138606, -1.111175, -0.095789679],
    [0.73353653, -1.8587902, -0.93347934, 1.8668134, -1.1733955, -0.10113805],
    [0.79636838, -1.8671686, -0.93418045, 1.9197663, -1.235616, -0.10648642],
    [0.85920024, -1.875547, -0.93488156, 1.9727191, -1.2978364, -0.11183479],
    [0.92203209, -1.8839253, -0.93558267, 2.025672, -1.3600569, -0.11718316],
    [0.98486394, -1.8923037, -0.93628378, 2.0786248, -1.4222774, -0.12253153],
    [1.0476958, -1.900682, -0.93698489, 2.1315777, -1.4844979, -0.1278799],
    [1.1105276, -1.9090604, -0.937686, 2.1845305, -1.5467184, -0.13322827],
    [1.1733595, -1.9174387, -0.93838711, 2.2374834, -1.6089388, -0.13857664],
    [1.2361914, -1.9258171, -0.93908823, 2.2904363, -1.6711593, -0.14392501],
    [1.2990232, -1.9341954, -0.93978934, 2.3433891, -1.7333798, -0.14927338],
    [1.3618551, -1.9425738, -0.94049045, 2.396342, -1.7956003, -0.15462174],
    [1.4246869, -1.9509521, -0.94119156, 2.4492948, -1.8578207, -0.15997011],
    [1.4875188, -1.9593305, -0.94189267, 2.5022477, -1.9200412, -0.16531848],
    [1.5503506, -1.9677088, -0.94259378, 2.5552005, -1.9822617, -0.17066685],
    [1.6131825, -1.9760872, -0.94329489, 2.6081534, -2.0444822, -0.17601522],
    [1.6760143, -1.9844655, -0.943996, 2.6611062, -2.1067027, -0.18136359],
    [1.7388462, -1.9928439, -0.94469711, 2.7140591, -2.1689231, -0.18671196],
    [1.801678, -2.0012222, -0.94539822, 2.7670119, -2.2311436, -0.19206033],
    [1.8645099, -2.0096006, -0.94609934, 2.8199648, -2.2933641, -0.1974087],
    [1.9273417, -2.0179789, -0.94680045, 2.8729176, -2.3555846, -0.20275707],
    [1.9901736, -2.0263573, -0.94750156, 2.9258705, -2.4178051, -0.20810544],
    [2.0530054, -2.0347356, -0.94820267, 2.9788233, -2.4800255, -0.21345381],
    [2.1158373, -2.043114, -0.94890378, 3.0317762, -2.542246, -0.21880218],
    [2.1786692, -2.0514924, -0.94960489, 3.0847291, -2.6044665, -0.22415055],
    [2.241501, -2.0598707, -0.950306, 3.1376819, -2.666687, -0.22949892],
    [2.3043329, -2.0682491, -0.95100711, 3.1906348, -2.7289075, -0.23484729],
    [2.3671647, -2.0766274, -0.95170822, 3.2435876, -2.7911279, -0.24019566],
    [2.4299966, -2.0850058, -0.95240933, 3.2965405, -2.8533484, -0.24554403],
    [2.4928284, -2.0933841, -0.95311045, 3.3494933, -2.9155689, -0.2508924],
    [2.5556603, -2.1017625, -0.95381156, 3.4024462, -2.9777894, -0.25624077],
    [2.6184921, -2.1101408, -0.95451267, 3.455399, -3.0400099, -0.26158914],
    [2.681324, -2.1185192, -0.95521378, 3.5083519, -3.1022303, -0.26693751],
    [2.7441558, -2.1268975, -0.95591489, 3.5613047, -3.1644508, -0.27228588],
    [2.8069877, -2.1352759, -0.956616, 3.6142576, -3.2266713, -0.27763425],
    [2.8698195, -2.1436542, -0.95731711, 3.6672104, -3.2888918, -0.28298262],
    [2.9326514, -2.1520326, -0.95801822, 3.7201633, -3.3511122, -0.28833099],
    [2.9954832, -2.1604109, -0.95871933, 3.7731162, -3.4133327, -0.29367936],
    [3.0583151, -2.1687893, -0.95942044, 3.826069, -3.4755532, -0.29902772],
    [3.1211469, -2.1771676, -0.96012156, 3.8790219, -3.5377737, -0.30437609],
    [3.1839788, -2.185546, -0.96082267, 3.9319747, -3.5999942, -0.30972446],
    [3.2468107, -2.1939243, -0.96152378, 3.9849276, -3.6622146, -0.31507283],
    [3.3096425, -2.2023027, -0.96222489, 4.0378804, -3.7244351, -0.3204212],
    [3.3724744, -2.2106811, -0.962926, 4.0908333, -3.7866556, -0.32576957],
    [3.4353062, -2.2190594, -0.96362711, 4.1437861, -3.8488761, -0.33111794],
    [3.4981381, -2.2274378, -0.96432822, 4.196739, -3.9110966, -0.33646631],
    [3.5609699, -2.2358161, -0.96502933, 4.2496918, -3.973317, -0.34181468],
    [3.6238018, -2.2441945, -0.96573044, 4.3026447, -4.0355375, -0.34716305],
    [3.6866336, -2.2525728, -0.96643155, 4.3555975, -4.097758, -0.35251142],
    [3.7494655, -2.2609512, -0.96713267, 4.4085504, -4.1599785, -0.35785979],
    [3.8122973, -2.2693295, -0.96783378, 4.4615032, -4.222199, -0.36320816],
    [3.8751292, -2.2777079, -0.96853489, 4.5144561, -4.2844194, -0.36855653],
    [3.937961, -2.2860862, -0.969236, 4.567409, -4.3466399, -0.3739049],
    [4.0007929, -2.2944646, -0.96993711, 4.6203618, -4.4088604, -0.37925327],
    [4.0636247, -2.3028429, -0.97063822, 4.6733147, -4.4710809, -0.38460164],
    [4.1261087, -2.3111749, -0.97133545, 4.7259743, -4.5329568, -0.38992039],
    [4.1813026, -2.3185348, -0.97195133, 4.7724902, -4.5876137, -0.39461861],
    [4.2264966, -2.3245612, -0.97245563, 4.8105783, -4.6323679, -0.39846561],
    [4.2616906, -2.3292541, -0.97284834, 4.8402388, -4.6672195, -0.40146139],
    [4.2868845, -2.3326136, -0.97312947, 4.8614715, -4.6921683, -0.40360595],
    [4.3020785, -2.3346397, -0.97329901, 4.8742765, -4.7072144, -0.40489929],
    [4.3072725, -2.3353323, -0.97335697, 4.8786538, -4.7123578, -0.40534141],
    [4.3072743, -2.3353325, -0.97335699, 4.8786554, -4.7123597, -0.40534157]
  ]
}
