{
  "iteration": 329,
  "label": "pre_pick",
  "planning_time_ms": 43.452868,
  "scene": {
    "block_x": 0.15899558,
    "block_y": 0.41131127,
    "bin_x": 0.30085424,
    "bin_y": 0.25959106
  },
  "joint_names": ["shoulder_pan_joint", "shoulder_lift_joint", "elbow_joint", "wrist_1_joint", "wrist_2_joint", "wrist_3_joint"],
  "start_joints": [-0.45135978, -1.7008718, -0.919924, 0.8677919, -7.7134868e-05, -6.5284322e-05],
  "goal_joints": [4.6454159, -2.1590376, -1.2790293, -1.2750601, -4.7119556, -0.066238333],
  "num_waypoints": 94,
  "trajectory": [
    [-0.45135978, -1.7008718, -0.919924, 0.8677919, -7.7134868e-05, -6.5284322e-05],
    [-0.44879597, -1.699686, -0.92061303, 0.8627919, -0.0022895565, 0.00073831096],
    [-0.44110456, -1.6961286, -0.92268011, 0.8477919, -0.0089268212, 0.0031490968],
    [-0.42828555, -1.6901996, -0.92612525, 0.8227919, -0.019988929, 0.0071670732],
    [-0.41033893, -1.681899, -0.93094845, 0.7877919, -0.03547588, 0.01279224],
    [-0.3872647, -1.6712269, -0.9371497, 0.7427919, -0.055387674, 0.020024598],
    [-0.35906287, -1.6581831, -0.944729, 0.6877919, -0.079724312, 0.028864146],
    [-0.32573344, -1.6427678, -0.95368636, 0.62279191, -0.10848579, 0.039310883],
    [-0.28796302, -1.6252984, -0.96383725, 0.54913098, -0.14107959, 0.051149597],
    [-0.2532587, -1.6092472, -0.97316411, 0.48144965, -0.17102752, 0.062027276],
    [-0.22368199, -1.5955675, -0.98111292, 0.42376832, -0.1965506, 0.071297765],
    [-0.19556493, -1.5851381, -0.98774504, 0.37606514, -0.22110096, 0.078589049],
    [-0.16219825, -1.5795849, -0.99316608, 0.3383516, -0.25099511, 0.083209678],
    [-0.12469177, -1.5786415, -0.99735761, 0.31063311, -0.28518851, 0.085272469],
    [-0.082665265, -1.5823137, -1.0003566, 0.29267105, -0.32402948, 0.084789289],
    [-0.031742673, -1.5885252, -1.003358, 0.2757862, -0.37128852, 0.083162684],
    [0.028702203, -1.5958981, -1.0069206, 0.25574396, -0.42738478, 0.081231912],
    [0.091534056, -1.6035623, -1.0106239, 0.23491026, -0.48569628, 0.079224894],
    [0.15436591, -1.6112264, -1.0143272, 0.21407655, -0.54400779, 0.077217876],
    [0.21719776, -1.6188905, -1.0180305, 0.19324284, -0.60231929, 0.075210858],
    [0.28002962, -1.6265547, -1.0217338, 0.17240914, -0.6606308, 0.073203839],
    [0.34286147, -1.6342188, -1.0254371, 0.15157543, -0.7189423, 0.071196821],
    [0.40569332, -1.6418829, -1.0291404, 0.13074172, -0.77725381, 0.069189803],
    [0.46852517, -1.649547, -1.0328437, 0.10990802, -0.83556531, 0.067182784],
    [0.53135703, -1.6572112, -1.036547, 0.089074309, -0.89387682, 0.065175766],
    [0.59418888, -1.6648753, -1.0402503, 0.068240602, -0.95218832, 0.063168748],
    [0.65702073, -1.6725394, -1.0439536, 0.047406896, -1.0104998, 0.061161729],
    [0.71985259, -1.6802036, -1.0476569, 0.026573189, -1.0688113, 0.059154711],
    [0.78268444, -1.6878677, -1.0513603, 0.0057394825, -1.1271228, 0.057147693],
    [0.84551629, -1.6955318, -1.0550636, -0.015094224, -1.1854343, 0.055140675],
    [0.90834815, -1.703196, -1.0587669, -0.035927931, -1.2437458, 0.053133656],
    [0.97118, -1.7108601, -1.0624702, -0.056761637, -1.3020574, 0.051126638],
    [1.0340119, -1.7185242, -1.0661735, -0.077595344, -1.3603689, 0.04911962],
    [1.0968437, -1.7261883, -1.0698768, -0.098429051, -1.4186804, 0.047112601],
    [1.1596756, -1.7338525, -1.0735801, -0.11926276, -1.4769919, 0.045105583],
    [1.2225074, -1.7415166, -1.0772834, -0.14009646, -1.5353034, 0.043098565],
    [1.2853393, -1.7491807, -1.0809867, -0.16093017, -1.5936149, 0.041091546],
    [1.3481711, -1.7568449, -1.08469, -0.18176388, -1.6519264, 0.039084528],
    [1.411003, -1.764509, -1.0883933, -0.20259758, -1.7102379, 0.03707751],
    [1.4738348, -1.7721731, -1.0920966, -0.22343129, -1.7685494, 0.035070492],
    [1.5366667, -1.7798373, -1.0957999, -0.244265, -1.8268609, 0.033063473],
    [1.5994985, -1.7875014, -1.0995032, -0.2650987, -1.8851724, 0.031056455],
    [1.6623304, -1.7951655, -1.1032065, -0.28593241, -1.9434839, 0.029049437],
    [1.7251622, -1.8028297, -1.1069098, -0.30676612, -2.0017954, 0.027042418],
    [1.7879941, -1.8104938, -1.1106131, -0.32759982, -2.0601069, 0.0250354],
    [1.8508259, -1.8181579, -1.1143164, -0.34843353, -2.1184184, 0.023028382],
    [1.9136578, -1.825822, -1.1180197, -0.36926724, -2.1767299, 0.021021363],
    [1.9764896, -1.8334862, -1.121723, -0.39010094, -2.2350414, 0.019014345],
    [2.0393215, -1.8411503, -1.1254263, -0.41093465, -2.2933529, 0.017007327],
    [2.1021534, -1.8488144, -1.1291296, -0.43176836, -2.3516644, 0.015000309],
    [2.1649852, -1.8564786, -1.1328329, -0.45260206, -2.409976, 0.01299329],
    [2.2278171, -1.8641427, -1.1365362, -0.47343577, -2.4682875, 0.010986272],
    [2.2906489, -1.8718068, -1.1402395, -0.49426948, -2.526599, 0.0089792536],
    [2.3534808, -1.879471, -1.1439428, -0.51510318, -2.5849105, 0.0069722353],
    [2.4163126, -1.8871351, -1.1476461, -0.53593689, -2.643222, 0.004965217],
    [2.4791445, -1.8947992, -1.1513494, -0.5567706, -2.7015335, 0.0029581987],
    [2.5419763, -1.9024634, -1.1550527, -0.5776043, -2.759845, 0.00095118043],
    [2.6048082, -1.9101275, -1.158756, -0.59843801, -2.8181565, -0.0010558379],
    [2.66764, -1.9177916, -1.1624593, -0.61927172, -2.876468, -0.0030628562],
    [2.7304719, -1.9254557, -1.1661626, -0.64010542, -2.9347795, -0.0050698745],
    [2.7933037, -1.9331199, -1.169866, -0.66093913, -2.993091, -0.0070768928],
    [2.8561356, -1.940784, -1.1735693, -0.68177284, -3.0514025, -0.0090839111],
    [2.9189674, -1.9484481, -1.1772726, -0.70260654, -3.109714, -0.011090929],
    [2.9817993, -1.9561123, -1.1809759, -0.72344025, -3.1680255, -0.013097948],
    [3.0446312, -1.9637764, -1.1846792, -0.74427396, -3.226337, -0.015104966],
    [3.107463, -1.9714405, -1.1883825, -0.76510766, -3.2846485, -0.017111984],
    [3.1702949, -1.9791047, -1.1920858, -0.78594137, -3.34296, -0.019119003],
    [3.2331267, -1.9867688, -1.1957891, -0.80677508, -3.4012715, -0.021126021],
    [3.2959586, -1.9944329, -1.1994924, -0.82760878, -3.459583, -0.023133039],
    [3.3587904, -2.0020971, -1.2031957, -0.84844249, -3.5178945, -0.025140057],
    [3.4216223, -2.0097612, -1.206899, -0.8692762, -3.5762061, -0.027147076],
    [3.4844541, -2.0174253, -1.2106023, -0.8901099, -3.6345176, -0.029154094],
    [3.547286, -2.0250894, -1.2143056, -0.91094361, -3.6928291, -0.031161112],
    [3.6101178, -2.0327536, -1.2180089, -0.93177732, -3.7511406, -0.033168131],
    [3.6729497, -2.0404177, -1.2217122, -0.95261102, -3.8094521, -0.035175149],
    [3.7357815, -2.0480818, -1.2254155, -0.97344473, -3.8677636, -0.037182167],
    [3.7986134, -2.055746, -1.2291188, -0.99427844, -3.9260751, -0.039189186],
    [3.8614452, -2.0634101, -1.2328221, -1.0151121, -3.9843866, -0.041196204],
    [3.9242771, -2.0710742, -1.2365254, -1.0359458, -4.0426981, -0.043203222],
    [3.9871089, -2.0787384, -1.2402287, -1.0567796, -4.1010096, -0.04521024],
    [4.0499408, -2.0864025, -1.243932, -1.0776133, -4.1593211, -0.047217259],
    [4.1127727, -2.0940666, -1.2476353, -1.098447, -4.2176326, -0.049224277],
    [4.1756045, -2.1017307, -1.2513386, -1.1192807, -4.2759441, -0.051231295],
    [4.2384364, -2.1093949, -1.2550419, -1.1401144, -4.3342556, -0.053238314],
    [4.3012682, -2.117059, -1.2587452, -1.1609481, -4.3925671, -0.055245332],
    [4.3641001, -2.1247231, -1.2624485, -1.1817818, -4.4508786, -0.05725235],
    [4.4269319, -2.1323873, -1.2661518, -1.2026155, -4.5091901, -0.059259369],
    [4.4875572, -2.1397823, -1.2697251, -1.2227176, -4.5654538, -0.061195904],
    [4.5387459, -2.1460262, -1.2727421, -1.2396907, -4.6129599, -0.062831009],
    [4.5799347, -2.1510503, -1.2751698, -1.253348, -4.6511853, -0.064146688],
    [4.6111234, -2.1548547, -1.2770081, -1.2636895, -4.6801302, -0.06514294],
    [4.6323121, -2.1574392, -1.2782569, -1.2707152, -4.6997946, -0.065819764],
    [4.6435008, -2.158804, -1.2789164, -1.2744252, -4.7101783, -0.066177162],
