{
  "iteration": 7,
  "label": "pick_descend",
  "planning_time_ms": 6.735075,
  "scene": {
    "block_x": 0.24120722,
    "block_y": 0.40386803,
    "bin_x": 0.43511674,
    "bin_y": 0.31477719
  },
  "joint_names": ["shoulder_pan_joint", "shoulder_lift_joint", "elbow_joint", "wrist_1_joint", "wrist_2_joint", "wrist_3_joint"],
  "start_joints": [-5.5263874, 0.12448754, -1.0512142, -0.64423179, -1.569976, -0.81335108],
  "goal_joints": [-5.5264511, 0.30523479, -1.1756448, -0.7005484, -1.569976, -0.8134147],
  "num_waypoints": 10,
  "trajectory": [
    [-5.5263874, 0.12448754, -1.0512142, -0.64423179, -1.569976, -0.81335108],
    [-5.5263891, 0.12948754, -1.0552619, -0.64518405, -1.569976, -0.81335276],
    [-5.5263942, 0.14448775, -1.0673126, -0.64813355, -1.569976, -0.81335781],
    [-5.5264027, 0.16948916, -1.0866871, -0.65376053, -1.569976, -0.81336631],
    [-5.5264148, 0.20449205, -1.1122721, -0.66317839, -1.569976, -0.81337843],
    [-5.5264287, 0.24388642, -1.1388842, -0.67596063, -1.569976, -0.81339236],
    [-5.5264395, 0.27391333, -1.1575847, -0.68728706, -1.569976, -0.8134032],
    [-5.5264469, 0.2939415, -1.1692803, -0.69561957, -1.569976, -0.81341054],
    [-5.5264506, 0.30397032, -1.1749332, -0.69999547, -1.569976, -0.81341424],
    [-5.5264511, 0.30523479, -1.1756448, -0.7005484, -1.569976, -0.8134147]
  ]
}
