{
  "iteration": 844,
  "label": "pre_pick",
  "planning_time_ms": 50.84437,
  "scene": {
    "block_x": 0.12090637,
    "block_y": 0.35563441,
    "bin_x": 0.22177773,
    "bin_y": 0.26737716
  },
  "joint_names": ["shoulder_pan_joint", "shoulder_lift_joint", "elbow_joint", "wrist_1_joint", "wrist_2_joint", "wrist_3_joint"],
  "start_joints": [-0.45125485, -1.7008139, -0.91991703, 0.86778984, -8.5042844e-05, -4.2388244e-05],
  "goal_joints": [0.89151279, 0.29138155, -1.6945168, 6.1154861, -1.571664, -0.67847941],
  "num_waypoints": 56,
  "trajectory": [
    [-0.45125485, -1.7008139, -0.91991703, 0.86778984, -8.5042844e-05, -4.2388244e-05],
    [-0.44997546, -1.6989157, -0.92065507, 0.87278984, -0.0015824418, -0.00068880239],
    [-0.4461373, -1.6932213, -0.92286918, 0.88778984, -0.0060746387, -0.0026280448],
    [-0.43974036, -1.6837305, -0.92655937, 0.91278984, -0.013561634, -0.0058601156],
    [-0.43078465, -1.6704433, -0.93172564, 0.94778984, -0.024043426, -0.010385015],
    [-0.41927016, -1.6533599, -0.93836798, 0.99278984, -0.037520017, -0.016202742],
    [-0.40519689, -1.6324801, -0.9464864, 1.0477898, -0.053991406, -0.023313298],
    [-0.38856485, -1.607804, -0.95608089, 1.1127898, -0.073457592, -0.031716682],
    [-0.36937404, -1.5793315, -0.96715146, 1.1877898, -0.095918575, -0.041412893],
    [-0.34762445, -1.5470628, -0.9796981, 1.2727898, -0.12137435, -0.052401932],
    [-0.32331609, -1.5109977, -0.99372082, 1.3677898, -0.14982493, -0.064683799],
    [-0.29644895, -1.4711363, -1.0092196, 1.4727898, -0.1812703, -0.078258495],
    [-0.26702303, -1.4274786, -1.0261945, 1.5877898, -0.21571047, -0.093126018],
    [-0.23527894, -1.3803815, -1.0445066, 1.7118495, -0.25286385, -0.10916481],
    [-0.20312442, -1.3326755, -1.0630555, 1.8375132, -0.29049759, -0.12541097],
    [-0.1709699, -1.2849695, -1.0816045, 1.9631769, -0.32813133, -0.14165713],
    [-0.13881538, -1.2372635, -1.1001534, 2.0888406, -0.36576507, -0.15790328],
    [-0.10666086, -1.1895575, -1.1187023, 2.2145043, -0.40339881, -0.17414944],
    [-0.074506339, -1.1418515, -1.1372512, 2.340168, -0.44103255, -0.1903956],
    [-0.042351818, -1.0941455, -1.1558001, 2.4658317, -0.47866629, -0.20664176],
    [-0.010197297, -1.0464394, -1.174349, 2.5914954, -0.51630003, -0.22288792],
    [0.021957223, -0.99873343, -1.192898, 2.7171591, -0.55393377, -0.23913408],
    [0.054111744, -0.95102742, -1.2114469, 2.8428228, -0.59156751, -0.25538024],
    [0.086266265, -0.9033214, -1.2299958, 2.9684865, -0.62920125, -0.2716264],
    [0.11842079, -0.85561539, -1.2485447, 3.0941502, -0.66683499, -0.28787256],
    [0.15057531, -0.80790938, -1.2670936, 3.2198139, -0.70446873, -0.30411872],
    [0.18272983, -0.76020337, -1.2856425, 3.3454777, -0.74210248, -0.32036488],
    [0.21488435, -0.71249735, -1.3041915, 3.4711414, -0.77973622, -0.33661104],
    [0.24703887, -0.66479134, -1.3227404, 3.5968051, -0.81736996, -0.3528572],
    [0.27919339, -0.61708533, -1.3412893, 3.7224688, -0.8550037, -0.36910336],
    [0.31134791, -0.56937931, -1.3598382, 3.8481325, -0.89263744, -0.38534952],
    [0.34350243, -0.5216733, -1.3783871, 3.9737962, -0.93027118, -0.40159568],
    [0.37565695, -0.47396729, -1.396936, 4.0994599, -0.96790492, -0.41784184],
    [0.40781147, -0.42626127, -1.415485, 4.2251236, -1.0055387, -0.434088],
    [0.43996599, -0.37855526, -1.4340339, 4.3507873, -1.0431724, -0.45033416],
    [0.47212052, -0.33084925, -1.4525828, 4.476451, -1.0808061, -0.46658032],
    [0.50427504, -0.28314323, -1.4711317, 4.6021147, -1.1184399, -0.48282648],
    [0.53642956, -0.23543722, -1.4896806, 4.7277784, -1.1560736, -0.49907264],
    [0.56858408, -0.18773121, -1.5082295, 4.8534421, -1.1937074, -0.5153188],
    [0.6007386, -0.1400252, -1.5267784, 4.9791058, -1.2313411, -0.53156496],
    [0.63289312, -0.092319183, -1.5453274, 5.1047695, -1.2689748, -0.54781111],
    [0.66504764, -0.04461317, -1.5638763, 5.2304332, -1.3066086, -0.56405727],
    [0.69712837, 0.0029833647, -1.5823826, 5.3558086, -1.344156, -0.58026615],
    [0.72738899, 0.047879496, -1.599839, 5.4740707, -1.3795731, -0.59555541],
    [0.75509084, 0.088979303, -1.6158193, 5.5823328, -1.4119954, -0.60955185],
    [0.78023391, 0.12628279, -1.6303236, 5.6805949, -1.4414229, -0.62225545],
    [0.8028182, 0.15978994, -1.6433517, 5.768857, -1.4678556, -0.63366623],
    [0.82284372, 0.18950078, -1.6549038, 5.8471192, -1.4912936, -0.64378418],
    [0.84031047, 0.21541529, -1.6649798, 5.9153813, -1.5117367, -0.6526093],
    [0.85521843, 0.23753348, -1.6735797, 5.9736434, -1.529185, -0.66014159],
    [0.86756763, 0.25585534, -1.6807036, 6.0219055, -1.5436385, -0.66638105],
    [0.87735804, 0.27038088, -1.6863514, 6.0601676, -1.5550973, -0.67132769],
    [0.88458968, 0.2811101, -1.6905231, 6.0884298, -1.5635612, -0.67498149],
    [0.88926255, 0.28804299, -1.6932187, 6.1066919, -1.5690303, -0.67734247],
    [0.89137664, 0.29117956, -1.6944383, 6.114954, -1.5715047, -0.67841062],
    [0.89151279, 0.29138155, -1.6945168, 6.1154861, -1.571664, -0.67847941]
  ]
}
