{
  "iteration": 439,
  "label": "pre_pick",
  "planning_time_ms": 54.104015,
  "scene": {
    "block_x": 0.30406748,
    "block_y": 0.40915966,
    "bin_x": 0.15813788,
    "bin_y": 0.33959666
  },
  "joint_names": ["shoulder_pan_joint", "shoulder_lift_joint", "elbow_joint", "wrist_1_joint", "wrist_2_joint", "wrist_3_joint"],
  "start_joints": [-0.45124416, -1.7008761, -0.91990317, 0.86777771, 1.2684699e-05, -1.2005914e-05],
  "goal_joints": [0.67485079, -0.033332622, -0.63506146, 5.3805412, -1.5700588, -0.89498404],
  "num_waypoints": 50,
  "trajectory": [
    [-0.45124416, -1.7008761, -0.91990317, 0.86777771, 1.2684699e-05, -1.2005914e-05],
    [-0.44999648, -1.6990285, -0.91958757, 0.87277771, -0.0017269052, -0.0010036068],
    [-0.44625345, -1.6934857, -0.91864078, 0.88777771, -0.0069456748, -0.0039784094],
    [-0.44001506, -1.6842478, -0.91706281, 0.91277771, -0.015643624, -0.0089364137],
    [-0.43128132, -1.6713147, -0.91485364, 0.94777771, -0.027820753, -0.01587762],
    [-0.42005222, -1.6546864, -0.91201328, 0.99277771, -0.043477062, -0.024802027],
    [-0.40632776, -1.634363, -0.90854172, 1.0477777, -0.062612551, -0.035709637],
    [-0.39010795, -1.6103444, -0.90443898, 1.1127777, -0.085227219, -0.048600448],
    [-0.37139278, -1.5826306, -0.89970505, 1.1877777, -0.11132106, -0.063474459],
    [-0.35018227, -1.5512216, -0.89433992, 1.2727777, -0.14089409, -0.08033167],
    [-0.32647639, -1.5161175, -0.88834361, 1.3677777, -0.17394629, -0.099172083],
    [-0.30027516, -1.4773182, -0.8817161, 1.4727776, -0.21047767, -0.1199957],
    [-0.27157858, -1.4348238, -0.8744574, 1.5877776, -0.25048823, -0.14280251],
    [-0.24062127, -1.3889816, -0.86662686, 1.7118374, -0.29365084, -0.16740606],
    [-0.2092637, -1.3425467, -0.85869507, 1.8375011, -0.3373715, -0.19232771],
    [-0.17790614, -1.2961118, -0.85076329, 1.9631648, -0.38109216, -0.21724936],
    [-0.14654858, -1.2496769, -0.84283151, 2.0888285, -0.42481283, -0.242171],
    [-0.11519101, -1.203242, -0.83489972, 2.2144922, -0.46853349, -0.26709265],
    [-0.083833451, -1.1568071, -0.82696794, 2.3401559, -0.51225415, -0.2920143],
    [-0.052475888, -1.1103722, -0.81903615, 2.4658196, -0.55597481, -0.31693595],
    [-0.021118325, -1.0639373, -0.81110437, 2.5914833, -0.59969547, -0.3418576],
    [0.010239238, -1.0175024, -0.80317259, 2.717147, -0.64341614, -0.36677924],
    [0.041596801, -0.97106753, -0.7952408, 2.8428107, -0.6871368, -0.39170089],
    [0.072954364, -0.92463263, -0.78730902, 2.9684744, -0.73085746, -0.41662254],
    [0.10431193, -0.87819774, -0.77937724, 3.0941381, -0.77457812, -0.44154419],
    [0.13566949, -0.83176285, -0.77144545, 3.2198018, -0.81829878, -0.46646584],
    [0.16702705, -0.78532796, -0.76351367, 3.3454655, -0.86201945, -0.49138748],
    [0.19838462, -0.73889306, -0.75558188, 3.4711293, -0.90574011, -0.51630913],
    [0.22974218, -0.69245817, -0.7476501, 3.596793, -0.94946077, -0.54123078],
    [0.26109974, -0.64602328, -0.73971832, 3.7224567, -0.99318143, -0.56615243],
    [0.2924573, -0.59958838, -0.73178653, 3.8481204, -1.0369021, -0.59107407],
    [0.32381487, -0.55315349, -0.72385475, 3.9737841, -1.0806228, -0.61599572],
    [0.35517243, -0.5067186, -0.71592297, 4.0994478, -1.1243434, -0.64091737],
    [0.38652999, -0.4602837, -0.70799118, 4.2251115, -1.1680641, -0.66583902],
    [0.41788756, -0.41384881, -0.7000594, 4.3507752, -1.2117847, -0.69076067],
    [0.44924512, -0.36741392, -0.69212761, 4.4764389, -1.2555054, -0.71568231],
    [0.48059289, -0.32099352, -0.68419831, 4.6020634, -1.2992124, -0.74059618],
    [0.51048177, -0.27673348, -0.67663802, 4.7218414, -1.3408853, -0.76435058],
    [0.53787529, -0.23616862, -0.66970893, 4.8316194, -1.3790791, -0.78612178],
    [0.56277346, -0.19929893, -0.66341103, 4.9313975, -1.4137937, -0.80590978],
    [0.58517627, -0.16612441, -0.65774431, 5.0211755, -1.4450291, -0.82371457],
    [0.60508372, -0.13664506, -0.65270879, 5.1009535, -1.4727853, -0.83953616],
    [0.62249582, -0.11086088, -0.64830447, 5.1707316, -1.4970623, -0.85337455],
    [0.63741257, -0.088771876, -0.64453133, 5.2305096, -1.5178601, -0.86522974],
    [0.64983395, -0.070378042, -0.64138938, 5.2802876, -1.5351788, -0.87510173],
    [0.65975999, -0.055679378, -0.63887863, 5.3200656, -1.5490183, -0.88299051],
    [0.66719066, -0.044675887, -0.63699907, 5.3498437, -1.5593786, -0.8888961],
    [0.67212598, -0.037367566, -0.63575069, 5.3696217, -1.5662598, -0.89281848],
    [0.67456595, -0.033754417, -0.63513351, 5.3793997, -1.5696617, -0.89475766],
    [0.67485079, -0.033332622, -0.63506146, 5.3805412, -1.5700588, -0.89498404]
  ]
}
