{
  "iteration": 63,
  "label": "pre_pick",
  "planning_time_ms": 54.440434,
  "scene": {
    "block_x": 0.27697117,
    "block_y": 0.44384743,
    "bin_x": 0.12537001,
    "bin_y": 0.25738349
  },
  "joint_names": ["shoulder_pan_joint", "shoulder_lift_joint", "elbow_joint", "wrist_1_joint", "wrist_2_joint", "wrist_3_joint"],
  "start_joints": [-0.45140334, -1.700831, -0.92018002, 0.8682835, -9.4163732e-05, -0.00014318935],
  "goal_joints": [0.76301438, -0.13211118, -0.40027651, -1.0371253, 4.7124302, -0.80735206],
  "num_waypoints": 52,
  "trajectory": [
    [-0.45140334, -1.700831, -0.92018002, 0.8682835, -9.4163732e-05, -0.00014318935],
    [-0.45011484, -1.6991666, -0.9196284, 0.86626186, 0.0049058363, -0.00099963996],
    [-0.44624934, -1.6941733, -0.91797354, 0.86019693, 0.019905836, -0.0035689918],
    [-0.43980683, -1.6858512, -0.91521544, 0.85008871, 0.044905836, -0.0078512448],
    [-0.43078733, -1.6742003, -0.91135411, 0.83593721, 0.079905836, -0.013846399],
    [-0.41919083, -1.6592206, -0.90638954, 0.81774241, 0.12490584, -0.021554455],
    [-0.40501733, -1.640912, -0.90032173, 0.79550434, 0.17990584, -0.030975411],
    [-0.38826683, -1.6192746, -0.89315069, 0.76922297, 0.24490584, -0.042109269],
    [-0.36893933, -1.5943084, -0.88487641, 0.73889832, 0.31990582, -0.054956026],
    [-0.34703483, -1.5660133, -0.87549889, 0.70453039, 0.40490581, -0.069515684],
    [-0.32255333, -1.5343894, -0.86501813, 0.66611917, 0.49990579, -0.085788242],
    [-0.29549483, -1.4994367, -0.85343414, 0.62366467, 0.60490577, -0.1037737],
    [-0.26585933, -1.4611552, -0.8407469, 0.57716688, 0.71990574, -0.12347206],
    [-0.23388914, -1.4198578, -0.82706017, 0.52700598, 0.84396545, -0.14472226],
    [-0.2015056, -1.3780265, -0.81319647, 0.47619654, 0.96962915, -0.16624721],
    [-0.16912206, -1.3361951, -0.79933278, 0.4253871, 1.0952929, -0.18777217],
    [-0.13673852, -1.2943638, -0.78546908, 0.37457765, 1.2209566, -0.20929712],
    [-0.10435498, -1.2525325, -0.77160539, 0.32376821, 1.3466203, -0.23082207],
    [-0.071971434, -1.2107012, -0.75774169, 0.27295877, 1.472284, -0.25234702],
    [-0.039587892, -1.1688698, -0.743878, 0.22214933, 1.5979477, -0.27387197],
    [-0.0072043502, -1.1270385, -0.7300143, 0.17133989, 1.7236114, -0.29539692],
    [0.025179192, -1.0852072, -0.71615061, 0.12053044, 1.8492751, -0.31692187],
    [0.057562733, -1.0433759, -0.70228691, 0.069721002, 1.9749388, -0.33844683],
    [0.089946275, -1.0015445, -0.68842322, 0.01891156, 2.1006025, -0.35997178],
    [0.12232982, -0.9597132, -0.67455952, -0.031897882, 2.2262662, -0.38149673],
    [0.15471336, -0.91788187, -0.66069583, -0.082707324, 2.3519299, -0.40302168],
    [0.1870969, -0.87605055, -0.64683213, -0.13351677, 2.4775936, -0.42454663],
    [0.21948044, -0.83421922, -0.63296844, -0.18432621, 2.6032573, -0.44607158],
    [0.25186398, -0.79238789, -0.61910474, -0.23513565, 2.728921, -0.46759653],
    [0.28424753, -0.75055657, -0.60524105, -0.28594509, 2.8545847, -0.48912149],
    [0.31663107, -0.70872524, -0.59137735, -0.33675453, 2.9802485, -0.51064644],
    [0.34901461, -0.66689392, -0.57751366, -0.38756398, 3.1059122, -0.53217139],
    [0.38139815, -0.62506259, -0.56364996, -0.43837342, 3.2315759, -0.55369634],
    [0.41378169, -0.58323127, -0.54978627, -0.48918286, 3.3572396, -0.57522129],
    [0.44616524, -0.54139994, -0.53592257, -0.5399923, 3.4829033, -0.59674624],
    [0.47854878, -0.49956861, -0.52205888, -0.59080174, 3.608567, -0.61827119],
    [0.51093232, -0.45773729, -0.50819518, -0.64161119, 3.7342307, -0.63979615],
    [0.54331586, -0.41590596, -0.49433149, -0.69242063, 3.8598944, -0.6613211],
    [0.57537867, -0.37448894, -0.4806051, -0.74272684, 3.9843135, -0.68263286],
    [0.60518799, -0.33598286, -0.46784345, -0.78949736, 4.099988, -0.70244676],
    [0.63242031, -0.3008056, -0.45618504, -0.83222459, 4.2056625, -0.72054776],
    [0.65707563, -0.26895718, -0.44562987, -0.87090854, 4.301337, -0.73693585],
    [0.67915396, -0.24043758, -0.43617794, -0.90554919, 4.3870115, -0.75161105],
    [0.69865528, -0.21524682, -0.42782924, -0.93614656, 4.462686, -0.76457334],
    [0.7155796, -0.19338489, -0.42058378, -0.96270065, 4.5283605, -0.77582274],
    [0.72992692, -0.17485179, -0.41444156, -0.98521145, 4.584035, -0.78535923],
    [0.74169724, -0.15964752, -0.40940258, -1.003679, 4.6297095, -0.79318282],
    [0.75089056, -0.14777208, -0.40546683, -1.0181032, 4.665384, -0.79929351],
    [0.75750688, -0.13922547, -0.40263432, -1.0284841, 4.6910585, -0.80369129],
    [0.7615462, -0.1340077, -0.40090505, -1.0348218, 4.706733, -0.80637618],
    [0.76300851, -0.13211875, -0.40027902, -1.0371161, 4.7124075, -0.80734817],
    [0.76301438, -0.13211118, -0.40027651, -1.0371253, 4.7124302, -0.80735206]
  ]
}
