{
  "iteration": 724,
  "label": "pre_pick",
  "planning_time_ms": 66.172988,
  "scene": {
    "block_x": 0.20463392,
    "block_y": 0.36783708,
    "bin_x": 0.37603128,
    "bin_y": 0.31658392
  },
  "joint_names": ["shoulder_pan_joint", "shoulder_lift_joint", "elbow_joint", "wrist_1_joint", "wrist_2_joint", "wrist_3_joint"],
  "start_joints": [-0.45138852, -1.7007456, -0.92034625, 0.86824306, -2.9054458e-05, -0.00018030065],
  "goal_joints": [4.5229283, -2.0705848, -1.4230898, -1.218746, 1.5700766, -0.19016872],
  "num_waypoints": 87,
  "trajectory": [
    [-0.45138852, -1.7007456, -0.92034625, 0.86824306, -2.9054458e-05, -0.00018030065],
    [-0.44638852, -1.7011173, -0.92085159, 0.86614529, 0.0015491579, -0.00037127001],
    [-0.43138852, -1.7022326, -0.92236761, 0.859852, 0.0062837951, -0.00094417808],
    [-0.40638852, -1.7040913, -0.92489431, 0.84936318, 0.014174857, -0.0018990249],
    [-0.37138852, -1.7066936, -0.92843168, 0.83467882, 0.025222344, -0.0032358104],
    [-0.32638852, -1.7100393, -0.93297974, 0.81579894, 0.039426256, -0.0049545346],
    [-0.27138852, -1.7141286, -0.93853847, 0.79272353, 0.056786592, -0.0070551975],
    [-0.20895775, -1.7187703, -0.94484821, 0.76653052, 0.076492397, -0.0094396705],
    [-0.1461259, -1.7234418, -0.9511985, 0.74016923, 0.096324798, -0.011839462],
    [-0.083294042, -1.7281133, -0.95754878, 0.71380795, 0.1161572, -0.014239254],
    [-0.020462189, -1.7327849, -0.96389906, 0.68744666, 0.1359896, -0.016639046],
    [0.042369664, -1.7374564, -0.97024934, 0.66108538, 0.155822, -0.019038837],
    [0.10520152, -1.7421279, -0.97659962, 0.63472409, 0.17565441, -0.021438629],
    [0.16803337, -1.7467995, -0.9829499, 0.6083628, 0.19548681, -0.023838421],
    [0.23086522, -1.751471, -0.98930018, 0.58200152, 0.21531921, -0.026238213],
    [0.29369708, -1.7561425, -0.99565047, 0.55564023, 0.23515161, -0.028638004],
    [0.35652893, -1.7608141, -1.0020007, 0.52927895, 0.25498401, -0.031037796],
    [0.41936078, -1.7654856, -1.008351, 0.50291766, 0.27481642, -0.033437588],
    [0.48219264, -1.7701571, -1.0147013, 0.47655637, 0.29464882, -0.035837379],
    [0.54502449, -1.7748286, -1.0210516, 0.45019509, 0.31448122, -0.038237171],
    [0.60785634, -1.7795002, -1.0274019, 0.4238338, 0.33431362, -0.040636963],
    [0.67068819, -1.7841717, -1.0337522, 0.39747251, 0.35414602, -0.043036755],
    [0.73352005, -1.7888432, -1.0401024, 0.37111123, 0.37397843, -0.045436546],
    [0.7963519, -1.7935148, -1.0464527, 0.34474994, 0.39381083, -0.047836338],
    [0.85918375, -1.7981863, -1.052803, 0.31838866, 0.41364323, -0.05023613],
    [0.92201561, -1.8028578, -1.0591533, 0.29202737, 0.43347563, -0.052635921],
    [0.98484746, -1.8075294, -1.0655036, 0.26566608, 0.45330803, -0.055035713],
    [1.0476793, -1.8122009, -1.0718538, 0.2393048, 0.47314043, -0.057435505],
    [1.1105112, -1.8168724, -1.0782041, 0.21294351, 0.49297284, -0.059835297],
    [1.173343, -1.821544, -1.0845544, 0.18658223, 0.51280524, -0.062235088],
    [1.2361749, -1.8262155, -1.0909047, 0.16022094, 0.53263764, -0.06463488],
    [1.2990067, -1.830887, -1.097255, 0.13385965, 0.55247004, -0.067034672],
    [1.3618386, -1.8355586, -1.1036052, 0.10749837, 0.57230244, -0.069434463],
    [1.4246704, -1.8402301, -1.1099555, 0.081137081, 0.59213485, -0.071834255],
    [1.4875023, -1.8449016, -1.1163058, 0.054775795, 0.61196725, -0.074234047],
    [1.5503341, -1.8495732, -1.1226561, 0.028414508, 0.63179965, -0.076633839],
    [1.613166, -1.8542447, -1.1290064, 0.0020532223, 0.65163205, -0.07903363],
    [1.6759978, -1.8589162, -1.1353567, -0.024308064, 0.67146445, -0.081433422],
    [1.7388297, -1.8635878, -1.1417069, -0.05066935, 0.69129686, -0.083833214],
    [1.8016615, -1.8682593, -1.1480572, -0.077030636, 0.71112926, -0.086233005],
    [1.8644934, -1.8729308, -1.1544075, -0.10339192, 0.73096166, -0.088632797],
    [1.9273253, -1.8776024, -1.1607578, -0.12975321, 0.75079406, -0.091032589],
    [1.9901571, -1.8822739, -1.1671081, -0.15611449, 0.77062646, -0.093432381],
    [2.052989, -1.8869454, -1.1734583, -0.18247578, 0.79045887, -0.095832172],
    [2.1158208, -1.8916169, -1.1798086, -0.20883707, 0.81029127, -0.098231964],
    [2.1786527, -1.8962885, -1.1861589, -0.23519835, 0.83012367, -0.10063176],
    [2.2414845, -1.90096, -1.1925092, -0.26155964, 0.84995607, -0.10303155],
    [2.3043164, -1.9056315, -1.1988595, -0.28792093, 0.86978847, -0.10543134],
    [2.3671482, -1.9103031, -1.2052097, -0.31428221, 0.88962087, -0.10783113],
    [2.4299801, -1.9149746, -1.21156, -0.3406435, 0.90945328, -0.11023092],
    [2.4928119, -1.9196461, -1.2179103, -0.36700478, 0.92928568, -0.11263071],
    [2.5556438, -1.9243177, -1.2242606, -0.39336607, 0.94911808, -0.11503051],
    [2.6184756, -1.9289892, -1.2306109, -0.41972736, 0.96895048, -0.1174303],
    [2.6813075, -1.9336607, -1.2369612, -0.44608864, 0.98878288, -0.11983009],
    [2.7441393, -1.9383323, -1.2433114, -0.47244993, 1.0086153, -0.12222988],
    [2.8069712, -1.9430038, -1.2496617, -0.49881121, 1.0284477, -0.12462967],
    [2.8698031, -1.9476753, -1.256012, -0.5251725, 1.0482801, -0.12702946],
    [2.9326349, -1.9523469, -1.2623623, -0.55153379, 1.0681125, -0.12942926],
    [2.9954668, -1.9570184, -1.2687126, -0.57789507, 1.0879449, -0.13182905],
    [3.0582986, -1.9616899, -1.2750628, -0.60425636, 1.1077773, -0.13422884],
    [3.1211305, -1.9663615, -1.2814131, -0.63061765, 1.1276097, -0.13662863],
    [3.1839623, -1.971033, -1.2877634, -0.65697893, 1.1474421, -0.13902842],
    [3.2467942, -1.9757045, -1.2941137, -0.68334022, 1.1672745, -0.14142822],
    [3.309626, -1.9803761, -1.300464, -0.7097015, 1.1871069, -0.14382801],
    [3.3724579, -1.9850476, -1.3068143, -0.73606279, 1.2069393, -0.1462278],
    [3.4352897, -1.9897191, -1.3131645, -0.76242408, 1.2267717, -0.14862759],
    [3.4981216, -1.9943907, -1.3195148, -0.78878536, 1.2466041, -0.15102738],
    [3.5609534, -1.9990622, -1.3258651, -0.81514665, 1.2664365, -0.15342717],
    [3.6237853, -2.0037337, -1.3322154, -0.84150793, 1.2862689, -0.15582697],
    [3.6866171, -2.0084052, -1.3385657, -0.86786922, 1.3061013, -0.15822676],
    [3.749449, -2.0130768, -1.3449159, -0.89423051, 1.3259337, -0.16062655],
    [3.8122808, -2.0177483, -1.3512662, -0.92059179, 1.3457661, -0.16302634],
    [3.8751127, -2.0224198, -1.3576165, -0.94695308, 1.3655985, -0.16542613],
    [3.9379446, -2.0270914, -1.3639668, -0.97331437, 1.3854309, -0.16782592],
    [4.0007764, -2.0317629, -1.3703171, -0.99967565, 1.4052633, -0.17022572],
    [4.0636083, -2.0364344, -1.3766673, -1.0260369, 1.4250957, -0.17262551],
    [4.1264401, -2.041106, -1.3830176, -1.0523982, 1.4449281, -0.1750253],
    [4.189272, -2.0457775, -1.3893679, -1.0787595, 1.4647605, -0.17742509],
    [4.2521038, -2.050449, -1.3957182, -1.1051208, 1.4845929, -0.17982488],
    [4.3149357, -2.0551206, -1.4020685, -1.1314821, 1.5044253, -0.18222467],
    [4.3743123, -2.0595352, -1.4080695, -1.1563937, 1.5231671, -0.1844925],
    [4.4238313, -2.0632169, -1.4130743, -1.1771696, 1.5387974, -0.18638382],
    [4.4633503, -2.0661552, -1.4170684, -1.1937499, 1.5512713, -0.1878932],
    [4.4928693, -2.0683499, -1.4200518, -1.2061346, 1.5605887, -0.18902065],
    [4.5123882, -2.0698011, -1.4220246, -1.2143239, 1.5667498, -0.18976615],
    [4.5219072, -2.0705088, -1.4229866, -1.2183176, 1.5697543, -0.19012972],
    [4.5229283, -2.0705848, -1.4230898, -1.218746, 1.5700766, -0.19016872]
  ]
}
