{
  "iteration": 408,
  "label": "pre_pick",
  "planning_time_ms": 5010.2453,
  "scene": {
    "block_x": 0.27603768,
    "block_y": 0.37281871,
    "bin_x": 0.43055966,
    "bin_y": 0.26064324
  },
  "joint_names": ["shoulder_pan_joint", "shoulder_lift_joint", "elbow_joint", "wrist_1_joint", "wrist_2_joint", "wrist_3_joint"],
  "start_joints": [-0.45137148, -1.7009245, -0.92030185, 0.8683908, -1.8202294e-05, -0.0002841458],
  "goal_joints": [0.650942, -0.88072595, 1.1061678, -1.7968781, 4.7127743, -0.91927285],
  "num_waypoints": 52,
  "trajectory": [
    [-0.45137148, -1.7009245, -0.92030185, 0.8683908, -1.8202294e-05, -0.0002841458],
    [-0.45020199, -1.7000543, -0.91815189, 0.8655631, 0.0049817977, -0.0012591396],
    [-0.44669352, -1.6974438, -0.91170199, 0.85708002, 0.019981798, -0.004184121],
    [-0.44084606, -1.6930929, -0.90095215, 0.84294154, 0.044981798, -0.0090590901],
    [-0.43265963, -1.6870016, -0.88590238, 0.82314766, 0.079981798, -0.015884047],
    [-0.42213421, -1.6791699, -0.86655268, 0.7976984, 0.1249818, -0.024658991],
    [-0.40926981, -1.6695979, -0.84290304, 0.76659374, 0.1799818, -0.035383923],
    [-0.39406643, -1.6582856, -0.81495348, 0.7298337, 0.2449818, -0.048058842],
    [-0.37652407, -1.6452328, -0.78270398, 0.68741827, 0.31998178, -0.062683746],
    [-0.35664273, -1.6304397, -0.74615455, 0.63934745, 0.40498176, -0.079258637],
    [-0.33442241, -1.6139062, -0.70530519, 0.58562123, 0.49998174, -0.097783515],
    [-0.30986312, -1.5956324, -0.66015589, 0.52623963, 0.60498171, -0.11825838],
    [-0.28296483, -1.5756182, -0.61070667, 0.46120264, 0.71998168, -0.14068323],
    [-0.2539475, -1.5540272, -0.55736182, 0.39104203, 0.84404136, -0.16487472],
    [-0.22455499, -1.5321571, -0.50332726, 0.31997428, 0.96970507, -0.18937898],
    [-0.19516248, -1.5102871, -0.4492927, 0.24890652, 1.0953688, -0.21388325],
    [-0.16576998, -1.488417, -0.39525814, 0.17783877, 1.2210325, -0.23838752],
    [-0.13637747, -1.4665469, -0.34122357, 0.10677102, 1.3466962, -0.26289178],
    [-0.10698496, -1.4446768, -0.28718901, 0.035703268, 1.4723599, -0.28739605],
    [-0.077592448, -1.4228067, -0.23315445, -0.035364484, 1.5980236, -0.31190032],
    [-0.048199939, -1.4009366, -0.17911988, -0.10643224, 1.7236873, -0.33640459],
    [-0.018807429, -1.3790665, -0.12508532, -0.17749999, 1.849351, -0.36090885],
    [0.01058508, -1.3571964, -0.071050759, -0.24856774, 1.9750147, -0.38541312],
    [0.039977589, -1.3353263, -0.017016197, -0.31963549, 2.1006784, -0.40991739],
    [0.069370098, -1.3134563, 0.037018366, -0.39070324, 2.2263421, -0.43442165],
    [0.098762607, -1.2915862, 0.091052929, -0.461771, 2.3520058, -0.45892592],
    [0.12815512, -1.2697161, 0.14508749, -0.53283875, 2.4776695, -0.48343019],
    [0.15754763, -1.247846, 0.19912205, -0.6039065, 2.6033332, -0.50793446],
    [0.18694013, -1.2259759, 0.25315662, -0.67497425, 2.728997, -0.53243872],
    [0.21633264, -1.2041058, 0.30719118, -0.74604201, 2.8546607, -0.55694299],
    [0.24572515, -1.1822357, 0.36122574, -0.81710976, 2.9803244, -0.58144726],
    [0.27511766, -1.1603656, 0.4152603, -0.88817751, 3.1059881, -0.60595152],
    [0.30451017, -1.1384955, 0.46929487, -0.95924526, 3.2316518, -0.63045579],
    [0.33390268, -1.1166254, 0.52332943, -1.030313, 3.3573155, -0.65496006],
    [0.36329519, -1.0947554, 0.57736399, -1.1013808, 3.4829792, -0.67946433],
    [0.3926877, -1.0728853, 0.63139855, -1.1724485, 3.6086429, -0.70396859],
    [0.42208021, -1.0510152, 0.68543312, -1.2435163, 3.7343066, -0.72847286],
    [0.45147272, -1.0291451, 0.73946768, -1.314584, 3.8599703, -0.75297713],
    [0.4805766, -1.0074898, 0.79297164, -1.3849539, 3.9844, -0.77724077],
    [0.50763764, -0.98735445, 0.84272008, -1.4503844, 4.1000959, -0.79980131],
    [0.53235971, -0.9689595, 0.8881686, -1.5101596, 4.2057917, -0.82041187],
    [0.55474279, -0.95230491, 0.92931717, -1.5642793, 4.3014876, -0.83907244],
    [0.57478689, -0.9373907, 0.96616582, -1.6127437, 4.3871834, -0.85578302],
    [0.592492, -0.92421685, 0.99871453, -1.6555527, 4.4628792, -0.87054362],
    [0.60785814, -0.91278337, 1.0269633, -1.6927062, 4.5285751, -0.88335423],
    [0.62088529, -0.90309025, 1.0509121, -1.7242044, 4.5842709, -0.89421485],
    [0.63157347, -0.8951375, 1.0705611, -1.7500472, 4.6299667, -0.90312548],
    [0.63992266, -0.88892511, 1.08591, -1.7702346, 4.6656626, -0.91008612],
    [0.64593287, -0.8844531, 1.0969591, -1.7847666, 4.6913584, -0.91509678],
    [0.64960409, -0.88172144, 1.1037082, -1.7936432, 4.7070543, -0.91815745],
    [0.65093634, -0.88073016, 1.1061574, -1.7968644, 4.7127501, -0.91926813],
    [0.650942, -0.88072595, 1.1061678, -1.7968781, 4.7127743, -0.91927285]
  ]
}
