{
  "iteration": 23,
  "label": "place_retreat",
  "planning_time_ms": 530.1016,
  "scene": {
    "block_x": 0.19970406,
    "block_y": 0.4799299,
    "bin_x": 0.35425523,
    "bin_y": 0.35693254
  },
  "joint_names": ["shoulder_pan_joint", "shoulder_lift_joint", "elbow_joint", "wrist_1_joint", "wrist_2_joint", "wrist_3_joint"],
  "start_joints": [0.53298802, -0.66117015, 0.79928246, 4.5745558, -1.5707245, -1.0373184],
  "goal_joints": [0.53312729, -0.67294541, 0.72745373, -1.6260248, 4.7120478, -1.0375812],
  "num_waypoints": 64,
  "trajectory": [
    [0.53298802, -0.66117015, 0.79928246, 4.5745558, -1.5707245, -1.0373184],
    [0.53298813, -0.66117952, 0.7992253, 4.5696212, -1.5657245, -1.0373186],
    [0.53298847, -0.66120764, 0.79905381, 4.5548174, -1.5507245, -1.0373192],
    [0.53298902, -0.66125449, 0.798768, 4.5301445, -1.5257245, -1.0373203],
    [0.5329898, -0.66132009, 0.79836785, 4.4956023, -1.4907245, -1.0373217],
    [0.53299079, -0.66140443, 0.79785338, 4.451191, -1.4457245, -1.0373236],
    [0.53299201, -0.66150751, 0.79722459, 4.3969105, -1.3907245, -1.0373259],
    [0.53299345, -0.66162933, 0.79648147, 4.3327609, -1.3257245, -1.0373286],
    [0.53299512, -0.6617699, 0.79562402, 4.258742, -1.2507245, -1.0373318],
    [0.532997, -0.66192921, 0.79465224, 4.174854, -1.1657245, -1.0373353],
    [0.53299911, -0.66210726, 0.79356614, 4.0810968, -1.0707245, -1.0373393],
    [0.53300143, -0.66230405, 0.79236571, 3.9774705, -0.96572454, -1.0373437],
    [0.53300398, -0.66251959, 0.79105096, 3.8639749, -0.85072456, -1.0373485],
    [0.53300673, -0.6627521, 0.78963263, 3.7415382, -0.72666486, -1.0373537],
    [0.53300952, -0.66298762, 0.78819596, 3.6175184, -0.60100115, -1.037359],
    [0.5330123, -0.66322314, 0.78675929, 3.4934987, -0.47533745, -1.0373642],
    [0.53301509, -0.66345866, 0.78532262, 3.3694789, -0.34967374, -1.0373695],
    [0.53301787, -0.66369418, 0.78388595, 3.2454592, -0.22401003, -1.0373747],
    [0.53302066, -0.6639297, 0.78244928, 3.1214394, -0.098346328, -1.03738],
    [0.53302345, -0.66416522, 0.78101261, 2.9974196, 0.027317379, -1.0373852],
    [0.53302623, -0.66440075, 0.77957594, 2.8733999, 0.15298108, -1.0373905],
    [0.53302902, -0.66463627, 0.77813927, 2.7493801, 0.27864479, -1.0373958],
    [0.5330318, -0.66487179, 0.77670261, 2.6253603, 0.4043085, -1.037401],
    [0.53303459, -0.66510731, 0.77526594, 2.5013406, 0.5299722, -1.0374063],
    [0.53303737, -0.66534283, 0.77382927, 2.3773208, 0.65563591, -1.0374115],
    [0.53304016, -0.66557835, 0.7723926, 2.2533011, 0.78129962, -1.0374168],
    [0.53304294, -0.66581387, 0.77095593, 2.1292813, 0.90696332, -1.037422],
    [0.53304573, -0.66604939, 0.76951926, 2.0052615, 1.032627, -1.0374273],
    [0.53304852, -0.66628491, 0.76808259, 1.8812418, 1.1582907, -1.0374325],
    [0.5330513, -0.66652043, 0.76664592, 1.757222, 1.2839544, -1.0374378],
    [0.53305409, -0.66675595, 0.76520925, 1.6332022, 1.4096181, -1.0374431],
    [0.53305687, -0.66699147, 0.76377258, 1.5091825, 1.5352819, -1.0374483],
    [0.53305966, -0.66722699, 0.76233592, 1.3851627, 1.6609456, -1.0374536],
    [0.53306244, -0.66746251, 0.76089925, 1.261143, 1.7866093, -1.0374588],
    [0.53306523, -0.66769804, 0.75946258, 1.1371232, 1.912273, -1.0374641],
    [0.53306801, -0.66793356, 0.75802591, 1.0131034, 2.0379367, -1.0374693],
    [0.5330708, -0.66816908, 0.75658924, 0.88908368, 2.1636004, -1.0374746],
    [0.53307359, -0.6684046, 0.75515257, 0.76506391, 2.2892641, -1.0374798],
    [0.53307637, -0.66864012, 0.7537159, 0.64104415, 2.4149278, -1.0374851],
    [0.53307916, -0.66887564, 0.75227923, 0.51702439, 2.5405915, -1.0374904],
    [0.53308194, -0.66911116, 0.75084256, 0.39300463, 2.6662552, -1.0374956],
    [0.53308473, -0.66934668, 0.74940589, 0.26898487, 2.7919189, -1.0375009],
    [0.53308751, -0.6695822, 0.74796923, 0.14496511, 2.9175826, -1.0375061],
    [0.5330903, -0.66981772, 0.74653256, 0.020945343, 3.0432463, -1.0375114],
    [0.53309308, -0.67005324, 0.74509589, -0.10307442, 3.16891, -1.0375166],
    [0.53309587, -0.67028876, 0.74365922, -0.22709418, 3.2945737, -1.0375219],
    [0.53309866, -0.67052428, 0.74222255, -0.35111394, 3.4202374, -1.0375272],
    [0.53310144, -0.67075981, 0.74078588, -0.4751337, 3.5459012, -1.0375324],
    [0.53310423, -0.67099533, 0.73934921, -0.59915347, 3.6715649, -1.0375377],
    [0.53310701, -0.67123085, 0.73791254, -0.72317323, 3.7972286, -1.0375429],
    [0.5331098, -0.67146637, 0.73647587, -0.84719294, 3.9228922, -1.0375482],
    [0.53311247, -0.67169246, 0.73509674, -0.96624569, 4.0435231, -1.0375532],
    [0.53311492, -0.6718998, 0.73383194, -1.0754293, 4.1541539, -1.0375578],
    [0.53311715, -0.67208841, 0.73268146, -1.1747437, 4.2547848, -1.0375621],
    [0.53311916, -0.67225827, 0.73164531, -1.2641889, 4.3454156, -1.0375658],
    [0.53312095, -0.67240939, 0.73072349, -1.3437649, 4.4260465, -1.0375692],
    [0.53312252, -0.67254176, 0.72991599, -1.4134718, 4.4966774, -1.0375722],
    [0.53312386, -0.6726554, 0.72922282, -1.4733095, 4.5573082, -1.0375747],
    [0.53312498, -0.67275029, 0.72864397, -1.523278, 4.6079391, -1.0375768],
    [0.53312588, -0.67282644, 0.72817945, -1.5633773, 4.6485699, -1.0375785],
    [0.53312656, -0.67288385, 0.72782926, -1.5936074, 4.6792008, -1.0375798],
    [0.53312702, -0.67292252, 0.7275934, -1.6139684, 4.6998317, -1.0375807],
    [0.53312726, -0.67294244, 0.72747186, -1.6244602, 4.7104625, -1.0375811],
    [0.53312729, -0.67294541, 0.72745373, -1.6260248, 4.7120478, -1.0375812]
  ]
}
