{
  "iteration": 816,
  "label": "pre_pick",
  "planning_time_ms": 46.787115,
  "scene": {
    "block_x": 0.25657893,
    "block_y": 0.43765241,
    "bin_x": 0.28782047,
    "bin_y": 0.27668453
  },
  "joint_names": ["shoulder_pan_joint", "shoulder_lift_joint", "elbow_joint", "wrist_1_joint", "wrist_2_joint", "wrist_3_joint"],
  "start_joints": [-0.45126686, -1.7007659, -0.92052545, 0.8686509, 8.4179187e-05, -0.00032465473],
  "goal_joints": [0.78339288, -0.026015877, -0.65403298, -0.88971577, 4.7126353, -0.78724118],
  "num_waypoints": 52,
  "trajectory": [
    [-0.45126686, -1.7007659, -0.92052545, 0.8686509, 8.4179187e-05, -0.00032465473],
    [-0.44995689, -1.6989889, -0.9202427, 0.86678528, 0.0050841792, -0.0011595704],
    [-0.44602698, -1.6936582, -0.91939446, 0.86118842, 0.020084179, -0.0036643173],
    [-0.43947713, -1.6847737, -0.91798072, 0.85186031, 0.045084179, -0.0078388954],
    [-0.43030734, -1.6723354, -0.91600149, 0.83880097, 0.080084179, -0.013683305],
    [-0.41851762, -1.6563433, -0.91345676, 0.82201038, 0.12508418, -0.021197546],
    [-0.40410795, -1.6367973, -0.91034654, 0.80148855, 0.18008418, -0.030381618],
    [-0.38707835, -1.6136976, -0.90667082, 0.77723548, 0.24508418, -0.041235521],
    [-0.36742881, -1.587044, -0.9024296, 0.74925117, 0.32008417, -0.053759254],
    [-0.34515933, -1.5568367, -0.8976229, 0.71753563, 0.40508415, -0.067952817],
    [-0.32026991, -1.5230755, -0.89225069, 0.68208884, 0.50008414, -0.083816211],
    [-0.29276056, -1.4857605, -0.886313, 0.64291081, 0.60508412, -0.10134944],
    [-0.26263126, -1.4448917, -0.8798098, 0.60000154, 0.72008409, -0.12055249],
    [-0.23012838, -1.4008033, -0.87279429, 0.55371187, 0.84414378, -0.14126837],
    [-0.19720525, -1.3561449, -0.86568807, 0.50682371, 0.96980749, -0.16225208],
    [-0.16428212, -1.3114864, -0.85858185, 0.45993555, 1.0954712, -0.1832358],
    [-0.131359, -1.2668279, -0.85147563, 0.41304738, 1.2211349, -0.20421952],
    [-0.098435871, -1.2221695, -0.8443694, 0.36615922, 1.3467986, -0.22520324],
    [-0.065512744, -1.177511, -0.83726318, 0.31927105, 1.4724623, -0.24618696],
    [-0.032589618, -1.1328525, -0.83015696, 0.27238289, 1.598126, -0.26717068],
    [0.00033350847, -1.0881941, -0.82305074, 0.22549472, 1.7237897, -0.2881544],
    [0.033256635, -1.0435356, -0.81594452, 0.17860656, 1.8494534, -0.30913811],
    [0.066179761, -0.99887715, -0.8088383, 0.1317184, 1.9751171, -0.33012183],
    [0.099102888, -0.95421869, -0.80173208, 0.084830232, 2.1007808, -0.35110555],
    [0.13202601, -0.90956023, -0.79462586, 0.037942068, 2.2264446, -0.37208927],
    [0.16494914, -0.86490177, -0.78751963, -0.008946096, 2.3521083, -0.39307299],
    [0.19787227, -0.8202433, -0.78041341, -0.05583426, 2.477772, -0.41405671],
    [0.23079539, -0.77558484, -0.77330719, -0.10272242, 2.6034357, -0.43504043],
    [0.26371852, -0.73092638, -0.76620097, -0.14961059, 2.7290994, -0.45602414],
    [0.29664165, -0.68626792, -0.75909475, -0.19649875, 2.8547631, -0.47700786],
    [0.32956477, -0.64160946, -0.75198853, -0.24338692, 2.9804268, -0.49799158],
    [0.3624879, -0.59695099, -0.74488231, -0.29027508, 3.1060905, -0.5189753],
    [0.39541103, -0.55229253, -0.73777608, -0.33716324, 3.2317542, -0.53995902],
    [0.42833415, -0.50763407, -0.73066986, -0.38405141, 3.3574179, -0.56094274],
    [0.46125728, -0.46297561, -0.72356364, -0.43093957, 3.4830816, -0.58192646],
    [0.49418041, -0.41831714, -0.71645742, -0.47782774, 3.6087453, -0.60291017],
    [0.52710353, -0.37365868, -0.7093512, -0.5247159, 3.734409, -0.62389389],
    [0.56002666, -0.32900022, -0.70224498, -0.57160407, 3.8600727, -0.64487761],
    [0.59262398, -0.28478369, -0.69520908, -0.61802823, 3.9844929, -0.66565368],
    [0.62293056, -0.24367444, -0.68866762, -0.66118998, 4.1001695, -0.68496972],
    [0.65061719, -0.206119, -0.68269166, -0.70062048, 4.2058462, -0.70261594],
    [0.67568389, -0.17211737, -0.67728119, -0.73631974, 4.3015228, -0.71859232],
    [0.69813064, -0.14166954, -0.67243622, -0.76828776, 4.3871994, -0.73289887],
    [0.71795746, -0.11477553, -0.66815674, -0.79652454, 4.462876, -0.74553559],
    [0.73516434, -0.091435316, -0.66444276, -0.82103008, 4.5285527, -0.75650248],
    [0.74975127, -0.071648913, -0.66129428, -0.84180437, 4.5842293, -0.76579954],
    [0.76171827, -0.055416318, -0.65871129, -0.85884743, 4.6299059, -0.77342677],
    [0.77106533, -0.04273753, -0.65669379, -0.87215924, 4.6655826, -0.77938416],
    [0.77779245, -0.03361255, -0.65524179, -0.88173981, 4.6912592, -0.78367173],
    [0.78189964, -0.028041377, -0.65435528, -0.88758914, 4.7069358, -0.78628946],
    [0.78338688, -0.026024012, -0.65403427, -0.88970723, 4.7126125, -0.78723736],
    [0.78339288, -0.026015877, -0.65403298, -0.88971577, 4.7126353, -0.78724118]
  ]
}
