{
  "iteration": 57,
  "label": "pre_pick",
  "planning_time_ms": 52.008616,
  "scene": {
    "block_x": 0.15569543,
    "block_y": 0.47667685,
    "bin_x": 0.32003991,
    "bin_y": 0.35427383
  },
  "joint_names": ["shoulder_pan_joint", "shoulder_lift_joint", "elbow_joint", "wrist_1_joint", "wrist_2_joint", "wrist_3_joint"],
  "start_joints": [-0.45139953, -1.7009101, -0.92028843, 0.86823418, -9.7360144e-05, -0.00013190311],
  "goal_joints": [-5.284087, -0.00018329334, -0.71760142, -0.85307416, 4.71337, -0.57173552],
  "num_waypoints": 85,
  "trajectory": [
    [-0.45139953, -1.7009101, -0.92028843, 0.86823418, -9.7360144e-05, -0.00013190311],
    [-0.45639953, -1.6991504, -0.92007872, 0.86645328, 0.0047792923, -0.00072329623],
    [-0.47139953, -1.6938716, -0.91944961, 0.86111058, 0.01940925, -0.0024974756],
    [-0.49639953, -1.6850736, -0.91840109, 0.85220607, 0.043792512, -0.0054544412],
    [-0.53139953, -1.6727563, -0.91693316, 0.83973975, 0.077929079, -0.009594193],
    [-0.57639953, -1.6569199, -0.91504582, 0.82371164, 0.12181895, -0.014916731],
    [-0.63139953, -1.6375642, -0.91273907, 0.80412172, 0.17546213, -0.021422055],
    [-0.69383031, -1.6155934, -0.91012067, 0.7818851, 0.23635277, -0.028806281],
    [-0.75666216, -1.5934816, -0.90748545, 0.75950563, 0.29763459, -0.036237946],
    [-0.81949401, -1.5713697, -0.90485023, 0.73712616, 0.35891641, -0.043669612],
    [-0.88232587, -1.5492578, -0.90221501, 0.71474669, 0.42019823, -0.051101277],
    [-0.94515772, -1.5271459, -0.89957979, 0.69236721, 0.48148005, -0.058532942],
    [-1.0079896, -1.505034, -0.89694457, 0.66998774, 0.54276187, -0.065964607],
    [-1.0708214, -1.4829222, -0.89430935, 0.64760827, 0.6040437, -0.073396272],
    [-1.1336533, -1.4608103, -0.89167413, 0.6252288, 0.66532552, -0.080827937],
    [-1.1964851, -1.4386984, -0.8890389, 0.60284933, 0.72660734, -0.088259602],
    [-1.259317, -1.4165865, -0.88640368, 0.58046985, 0.78788916, -0.095691267],
    [-1.3221488, -1.3944746, -0.88376846, 0.55809038, 0.84917098, -0.10312293],
    [-1.3849807, -1.3723627, -0.88113324, 0.53571091, 0.9104528, -0.1105546],
    [-1.4478125, -1.3502509, -0.87849802, 0.51333144, 0.97173463, -0.11798626],
    [-1.5106444, -1.328139, -0.8758628, 0.49095197, 1.0330164, -0.12541793],
    [-1.5734762, -1.3060271, -0.87322758, 0.46857249, 1.0942983, -0.13284959],
    [-1.6363081, -1.2839152, -0.87059236, 0.44619302, 1.1555801, -0.14028126],
    [-1.69914, -1.2618033, -0.86795714, 0.42381355, 1.2168619, -0.14771292],
    [-1.7619718, -1.2396915, -0.86532191, 0.40143408, 1.2781437, -0.15514459],
    [-1.8248037, -1.2175796, -0.86268669, 0.37905461, 1.3394256, -0.16257625],
    [-1.8876355, -1.1954677, -0.86005147, 0.35667513, 1.4007074, -0.17000792],
    [-1.9504674, -1.1733558, -0.85741625, 0.33429566, 1.4619892, -0.17743958],
    [-2.0132992, -1.1512439, -0.85478103, 0.31191619, 1.523271, -0.18487125],
    [-2.0761311, -1.129132, -0.85214581, 0.28953672, 1.5845528, -0.19230291],
    [-2.1389629, -1.1070202, -0.84951059, 0.26715725, 1.6458347, -0.19973458],
    [-2.2017948, -1.0849083, -0.84687537, 0.24477777, 1.7071165, -0.20716624],
    [-2.2646266, -1.0627964, -0.84424014, 0.2223983, 1.7683983, -0.21459791],
    [-2.3274585, -1.0406845, -0.84160492, 0.20001883, 1.8296801, -0.22202957],
    [-2.3902903, -1.0185726, -0.8389697, 0.17763936, 1.890962, -0.22946124],
    [-2.4531222, -0.99646075, -0.83633448, 0.15525988, 1.9522438, -0.2368929],
    [-2.515954, -0.97434887, -0.83369926, 0.13288041, 2.0135256, -0.24432457],
    [-2.5787859, -0.95223698, -0.83106404, 0.11050094, 2.0748074, -0.25175623],
    [-2.6416178, -0.9301251, -0.82842882, 0.088121469, 2.1360892, -0.2591879],
    [-2.7044496, -0.90801322, -0.8257936, 0.065741997, 2.1973711, -0.26661956],
    [-2.7672815, -0.88590134, -0.82315838, 0.043362525, 2.2586529, -0.27405123],
    [-2.8301133, -0.86378946, -0.82052315, 0.020983053, 2.3199347, -0.28148289],
    [-2.8929452, -0.84167757, -0.81788793, -0.0013964194, 2.3812165, -0.28891456],
    [-2.955777, -0.81956569, -0.81525271, -0.023775891, 2.4424983, -0.29634622],
    [-3.0186089, -0.79745381, -0.81261749, -0.046155363, 2.5037802, -0.30377789],
    [-3.0814407, -0.77534193, -0.80998227, -0.068534835, 2.565062, -0.31120955],
    [-3.1442726, -0.75323005, -0.80734705, -0.090914308, 2.6263438, -0.31864122],
    [-3.2071044, -0.73111816, -0.80471183, -0.11329378, 2.6876256, -0.32607288],
    [-3.2699363, -0.70900628, -0.80207661, -0.13567325, 2.7489075, -0.33350455],
    [-3.3327681, -0.6868944, -0.79944138, -0.15805272, 2.8101893, -0.34093621],
    [-3.3956, -0.66478252, -0.79680616, -0.1804322, 2.8714711, -0.34836788],
    [-3.4584318, -0.64267064, -0.79417094, -0.20281167, 2.9327529, -0.35579954],
    [-3.5212637, -0.62055875, -0.79153572, -0.22519114, 2.9940347, -0.36323121],
    [-3.5840955, -0.59844687, -0.7889005, -0.24757061, 3.0553166, -0.37066288],
    [-3.6469274, -0.57633499, -0.78626528, -0.26995008, 3.1165984, -0.37809454],
    [-3.7097593, -0.55422311, -0.78363006, -0.29232956, 3.1778802, -0.38552621],
    [-3.7725911, -0.53211123, -0.78099484, -0.31470903, 3.239162, -0.39295787],
    [-3.835423, -0.50999934, -0.77835961, -0.3370885, 3.3004439, -0.40038954],
    [-3.8982548, -0.48788746, -0.77572439, -0.35946797, 3.3617257, -0.4078212],
    [-3.9610867, -0.46577558, -0.77308917, -0.38184744, 3.4230075, -0.41525287],
    [-4.0239185, -0.4436637, -0.77045395, -0.40422692, 3.4842893, -0.42268453],
    [-4.0867504, -0.42155182, -0.76781873, -0.42660639, 3.5455711, -0.4301162],
    [-4.1495822, -0.39943993, -0.76518351, -0.44898586, 3.606853, -0.43754786],
    [-4.2124141, -0.37732805, -0.76254829, -0.47136533, 3.6681348, -0.44497953],
    [-4.2752459, -0.35521617, -0.75991307, -0.4937448, 3.7294166, -0.45241119],
    [-4.3380778, -0.33310429, -0.75727785, -0.51612428, 3.7906984, -0.45984286],
    [-4.4009096, -0.31099241, -0.75464262, -0.53850375, 3.8519802, -0.46727452],
    [-4.4637415, -0.28888052, -0.7520074, -0.56088322, 3.9132621, -0.47470619],
    [-4.5265733, -0.26676864, -0.74937218, -0.58326269, 3.9745439, -0.48213785],
    [-4.5894052, -0.24465676, -0.74673696, -0.60564216, 4.0358257, -0.48956952],
    [-4.652237, -0.22254488, -0.74410174, -0.62802164, 4.0971075, -0.49700118],
    [-4.7150689, -0.200433, -0.74146652, -0.65040111, 4.1583894, -0.50443285],
    [-4.7779008, -0.17832111, -0.7388313, -0.67278058, 4.2196712, -0.51186451],
    [-4.8407326, -0.15620923, -0.73619608, -0.69516005, 4.280953, -0.51929618],
    [-4.9035645, -0.13409735, -0.73356085, -0.71753952, 4.3422348, -0.52672784],
    [-4.9663963, -0.11198547, -0.73092563, -0.739919, 4.4035166, -0.53415951],
    [-5.0292282, -0.089873587, -0.72829041, -0.76229847, 4.4647985, -0.54159117],
    [-5.0920236, -0.067774535, -0.72565672, -0.78466496, 4.5260447, -0.54901852],
    [-5.1490015, -0.047722763, -0.72326702, -0.80495939, 4.5816171, -0.5557578],
    [-5.1959795, -0.031190207, -0.72129672, -0.82169201, 4.6274361, -0.56131429],
    [-5.2329574, -0.018176866, -0.71974583, -0.83486284, 4.6635018, -0.56568799],
    [-5.2599354, -0.0086827403, -0.71861435, -0.84447186, 4.6898143, -0.56887891],
    [-5.2769134, -0.00270783, -0.71790228, -0.85051907, 4.7063734, -0.57088704],
    [-5.2838913, -0.00025213504, -0.71760962, -0.85300449, 4.7131792, -0.57171238],
    [-5.284087, -0.00018329334, -0.71760142, -0.85307416, 4.71337, -0.57173552]
  ]
}
