{
  "iteration": 977,
  "label": "pre_pick",
  "planning_time_ms": 37.162488,
  "scene": {
    "block_x": 0.1370019,
    "block_y": 0.51087075,
    "bin_x": 0.12601737,
    "bin_y": 0.27626854
  },
  "joint_names": ["shoulder_pan_joint", "shoulder_lift_joint", "elbow_joint", "wrist_1_joint", "wrist_2_joint", "wrist_3_joint"],
  "start_joints": [-0.45139005, -1.7007352, -0.92059706, 0.86878084, 6.6710009e-05, -0.00047661698],
  "goal_joints": [-1.581258, -2.9356136, 0.23171382, -2.0076653, -4.7123002, -0.010354332],
  "num_waypoints": 52,
  "trajectory": [
    [-0.45139005, -1.7007352, -0.92059706, 0.86878084, 6.6710009e-05, -0.00047661698],
    [-0.45258889, -1.7020455, -0.91937442, 0.86572883, -0.00493329, -0.00048709761],
    [-0.45618538, -1.7059763, -0.91570648, 0.85657277, -0.01993329, -0.00051853951],
    [-0.46217955, -1.7125275, -0.90959325, 0.84131268, -0.04493329, -0.00057094266],
    [-0.47057138, -1.7216993, -0.90103473, 0.81994855, -0.07993329, -0.00064430707],
    [-0.48136087, -1.7334916, -0.89003092, 0.79248038, -0.12493329, -0.00073863275],
    [-0.49454803, -1.7479043, -0.87658182, 0.75890818, -0.17993329, -0.00085391968],
    [-0.51013286, -1.7649376, -0.86068743, 0.71923194, -0.24493329, -0.00099016788],
    [-0.52811535, -1.7845914, -0.84234775, 0.67345167, -0.31993328, -0.0011473773],
    [-0.5484955, -1.8068657, -0.82156278, 0.62156737, -0.40493326, -0.001325548],
    [-0.57127332, -1.8317605, -0.79833252, 0.56357903, -0.49993324, -0.0015246799],
    [-0.5964488, -1.8592758, -0.77265697, 0.49948665, -0.60493322, -0.0017447731],
    [-0.62402195, -1.8894116, -0.74453613, 0.42929025, -0.71993319, -0.0019858276],
    [-0.65376731, -1.9219215, -0.71419992, 0.35356374, -0.8439929, -0.0022458724],
    [-0.68389727, -1.9548518, -0.68347148, 0.27685815, -0.9696566, -0.0025092793],
    [-0.71402722, -1.987782, -0.65274305, 0.20015256, -1.0953203, -0.0027726863],
    [-0.74415717, -2.0207123, -0.62201462, 0.12344697, -1.220984, -0.0030360933],
    [-0.77428713, -2.0536425, -0.59128618, 0.046741385, -1.3466477, -0.0032995003],
    [-0.80441708, -2.0865728, -0.56055775, -0.029964205, -1.4723114, -0.0035629072],
    [-0.83454703, -2.119503, -0.52982931, -0.1066698, -1.5979751, -0.0038263142],
    [-0.86467699, -2.1524333, -0.49910088, -0.18337539, -1.7236388, -0.0040897212],
    [-0.89480694, -2.1853635, -0.46837244, -0.26008098, -1.8493025, -0.0043531282],
    [-0.92493689, -2.2182937, -0.43764401, -0.33678657, -1.9749663, -0.0046165351],
    [-0.95506685, -2.251224, -0.40691558, -0.41349216, -2.10063, -0.0048799421],
    [-0.9851968, -2.2841542, -0.37618714, -0.49019775, -2.2262937, -0.0051433491],
    [-1.0153268, -2.3170845, -0.34545871, -0.56690334, -2.3519574, -0.0054067561],
    [-1.0454567, -2.3500147, -0.31473027, -0.64360893, -2.4776211, -0.005670163],
    [-1.0755867, -2.382945, -0.28400184, -0.72031452, -2.6032848, -0.00593357],
    [-1.1057166, -2.4158752, -0.2532734, -0.79702011, -2.7289485, -0.006196977],
    [-1.1358466, -2.4488055, -0.22254497, -0.8737257, -2.8546122, -0.006460384],
    [-1.1659765, -2.4817357, -0.19181654, -0.95043129, -2.9802759, -0.0067237909],
    [-1.1961065, -2.5146659, -0.1610881, -1.0271369, -3.1059396, -0.0069871979],
    [-1.2262364, -2.5475962, -0.13035967, -1.1038425, -3.2316033, -0.0072506049],
    [-1.2563664, -2.5805264, -0.099631234, -1.1805481, -3.357267, -0.0075140119],
    [-1.2864963, -2.6134567, -0.0689028, -1.2572536, -3.4829307, -0.0077774188],
    [-1.3166263, -2.6463869, -0.038174365, -1.3339592, -3.6085944, -0.0080408258],
    [-1.3467562, -2.6793172, -0.0074459311, -1.4106648, -3.7342581, -0.0083042328],
    [-1.3768862, -2.7122474, 0.023282503, -1.4873704, -3.8599218, -0.0085676398],
    [-1.4067162, -2.7448499, 0.053705063, -1.5633125, -3.9843347, -0.0088284248],
    [-1.4344481, -2.7751592, 0.081987781, -1.633913, -4.0999966, -0.0090708668],
    [-1.4597823, -2.8028479, 0.10782521, -1.6984094, -4.2056586, -0.0092923476],
    [-1.4827188, -2.8279162, 0.13121734, -1.7568018, -4.3013206, -0.0094928672],
    [-1.5032577, -2.850364, 0.15216419, -1.8090902, -4.3869825, -0.0096724255],
    [-1.5213989, -2.8701912, 0.17066574, -1.8552746, -4.4626445, -0.0098310225],
    [-1.5371425, -2.887398, 0.186722, -1.8953549, -4.5283065, -0.0099686583],
    [-1.5504884, -2.9019842, 0.20033298, -1.9293311, -4.5839685, -0.010085333],
    [-1.5614366, -2.91395, 0.21149866, -1.9572034, -4.6296304, -0.010181046],
    [-1.5699871, -2.9232952, 0.22021904, -1.9789716, -4.6652924, -0.010255798],
    [-1.57614, -2.93002, 0.22649414, -1.9946357, -4.6909544, -0.010309589],
    [-1.5798952, -2.9341242, 0.23032395, -2.0041958, -4.7066163, -0.010342418],
    [-1.5812528, -2.9356079, 0.23170847, -2.0076519, -4.7122783, -0.010354286],
    [-1.581258, -2.9356136, 0.23171382, -2.0076653, -4.7123002, -0.010354332]
  ]
}
