{
  "iteration": 70,
  "label": "pre_pick",
  "planning_time_ms": 5022.3899,
  "scene": {
    "block_x": 0.14369157,
    "block_y": 0.35677305,
    "bin_x": 0.41552118,
    "bin_y": 0.39637262
  },
  "joint_names": ["shoulder_pan_joint", "shoulder_lift_joint", "elbow_joint", "wrist_1_joint", "wrist_2_joint", "wrist_3_joint"],
  "start_joints": [-0.45127722, -1.7009116, -0.9200469, 0.86789786, -1.1331869e-05, -0.00012939552],
  "goal_joints": [-1.6048037, -3.4243421, 1.6378254, 3.3571003, 1.5712907, -0.033493203],
  "num_waypoints": 79,
  "trajectory": [
    [-0.45127722, -1.7009116, -0.9200469, 0.86789786, -1.1331869e-05, -0.00012939552],
    [-0.45627722, -1.7028875, -0.91757417, 0.87193033, 0.0020087003, -4.9153945e-05],
    [-0.47127722, -1.7088153, -0.91015597, 0.88402776, 0.0080687968, 0.00019157077],
    [-0.49627722, -1.7186951, -0.8977923, 0.90419013, 0.018168958, 0.00059277863],
    [-0.53127722, -1.7325267, -0.88048317, 0.93241745, 0.032309183, 0.0011544696],
    [-0.57627722, -1.7503102, -0.85822857, 0.96870972, 0.050489472, 0.0018766438],
    [-0.63127722, -1.7720455, -0.8310285, 1.0130669, 0.072709826, 0.0027593011],
    [-0.69370807, -1.7967175, -0.80015353, 1.0634171, 0.097932291, 0.003761211],
    [-0.75653992, -1.821548, -0.76908025, 1.1140907, 0.12331676, 0.0047695563],
    [-0.81937177, -1.8463784, -0.73800697, 1.1647642, 0.14870124, 0.0057779016],
    [-0.88220363, -1.8712088, -0.70693368, 1.2154378, 0.17408571, 0.0067862469],
    [-0.94503548, -1.8960393, -0.6758604, 1.2661114, 0.19947018, 0.0077945923],
    [-1.0078673, -1.9208697, -0.64478712, 1.316785, 0.22485466, 0.0088029376],
    [-1.0706992, -1.9457002, -0.61371383, 1.3674585, 0.25023913, 0.0098112829],
    [-1.133531, -1.9705306, -0.58264055, 1.4181321, 0.2756236, 0.010819628],
    [-1.1963629, -1.9953611, -0.55156727, 1.4688057, 0.30100807, 0.011827974],
    [-1.2591947, -2.0201915, -0.52049399, 1.5194792, 0.32639255, 0.012836319],
    [-1.3220266, -2.045022, -0.4894207, 1.5701528, 0.35177702, 0.013844664],
    [-1.3848585, -2.0698524, -0.45834742, 1.6208264, 0.37716149, 0.01485301],
    [-1.4476903, -2.0946828, -0.42727414, 1.6714999, 0.40254597, 0.015861355],
    [-1.5105222, -2.1195133, -0.39620085, 1.7221735, 0.42793044, 0.0168697],
    [-1.573354, -2.1443437, -0.36512757, 1.7728471, 0.45331491, 0.017878046],
    [-1.6361859, -2.1691742, -0.33405429, 1.8235206, 0.47869939, 0.018886391],
    [-1.6990177, -2.1940046, -0.302981, 1.8741942, 0.50408386, 0.019894736],
    [-1.7618496, -2.2188351, -0.27190772, 1.9248678, 0.52946833, 0.020903082],
    [-1.8246814, -2.2436655, -0.24083444, 1.9755414, 0.5548528, 0.021911427],
    [-1.8875133, -2.2684959, -0.20976115, 2.0262149, 0.58023728, 0.022919772],
    [-1.9503451, -2.2933264, -0.17868787, 2.0768885, 0.60562175, 0.023928118],
    [-2.013177, -2.3181568, -0.14761459, 2.1275621, 0.63100622, 0.024936463],
    [-2.0760088, -2.3429873, -0.1165413, 2.1782356, 0.6563907, 0.025944808],
    [-2.1388407, -2.3678177, -0.085468022, 2.2289092, 0.68177517, 0.026953154],
    [-2.2016725, -2.3926482, -0.054394739, 2.2795828, 0.70715964, 0.027961499],
    [-2.2645044, -2.4174786, -0.023321456, 2.3302563, 0.73254412, 0.028969844],
    [-2.3273362, -2.442309, 0.0077518274, 2.3809299, 0.75792859, 0.029978189],
    [-2.3901681, -2.4671395, 0.03882511, 2.4316035, 0.78331306, 0.030986535],
    [-2.453, -2.4919699, 0.069898394, 2.4822771, 0.80869753, 0.03199488],
    [-2.5158318, -2.5168004, 0.10097168, 2.5329506, 0.83408201, 0.033003225],
    [-2.5786637, -2.5416308, 0.13204496, 2.5836242, 0.85946648, 0.034011571],
    [-2.6414955, -2.5664613, 0.16311824, 2.6342978, 0.88485095, 0.035019916],
    [-2.7043274, -2.5912917, 0.19419153, 2.6849713, 0.91023543, 0.036028261],
    [-2.7671592, -2.6161222, 0.22526481, 2.7356449, 0.9356199, 0.037036607],
    [-2.8299911, -2.6409526, 0.25633809, 2.7863185, 0.96100437, 0.038044952],
    [-2.8925995, -2.6656947, 0.28730088, 2.8368118, 0.98629858, 0.039049712],
    [-2.9483175, -2.6877139, 0.31485602, 2.8817481, 1.008809, 0.039943892],
    [-2.9940355, -2.7057811, 0.3374657, 2.9186194, 1.0272794, 0.040677588],
    [-3.0297534, -2.7198964, 0.35512991, 2.9474258, 1.0417097, 0.041250801],
    [-3.0555029, -2.731585, 0.37023593, 2.9700529, 1.0534316, 0.041602128],
    [-3.0712707, -2.7453737, 0.38988295, 2.9920639, 1.0663916, 0.041545885],
    [-3.0770397, -2.7606232, 0.41307094, 3.012667, 1.0800314, 0.041107677],
    [-3.0728091, -2.7763783, 0.43830213, 3.0306872, 1.0935178, 0.040326574],
    [-3.0585794, -2.7916909, 0.46409002, 3.0449586, 1.1060243, 0.039241397],
    [-3.0343525, -2.8055171, 0.48879774, 3.0541981, 1.1166406, 0.037894921],
    [-3.0001277, -2.8203324, 0.5163067, 3.0614499, 1.1275255, 0.036185816],
    [-2.9559029, -2.8394765, 0.55185324, 3.0708206, 1.1415906, 0.033977339],
    [-2.9016781, -2.8629494, 0.59543746, 3.0823101, 1.1588361, 0.031269488],
    [-2.8394969, -2.8898665, 0.6454168, 3.0954854, 1.1786121, 0.028164313],
    [-2.776665, -2.9170652, 0.69591913, 3.1087987, 1.198595, 0.025026646],
    [-2.7138332, -2.9442639, 0.74642145, 3.1221119, 1.2185778, 0.021888979],
    [-2.6510013, -2.9714627, 0.79692377, 3.1354251, 1.2385607, 0.018751312],
    [-2.5881695, -2.9986614, 0.84742609, 3.1487383, 1.2585436, 0.015613645],
    [-2.5253376, -3.0258601, 0.89792841, 3.1620516, 1.2785265, 0.012475978],
    [-2.4625058, -3.0530589, 0.94843073, 3.1753648, 1.2985094, 0.0093383115],
    [-2.3996739, -3.0802576, 0.99893305, 3.188678, 1.3184922, 0.0062006445],
    [-2.3368421, -3.1074564, 1.0494354, 3.2019912, 1.3384751, 0.0030629776],
    [-2.2740102, -3.1346551, 1.0999377, 3.2153044, 1.358458, -7.4689342e-05],
    [-2.2111784, -3.1618538, 1.15044, 3.2286177, 1.3784409, -0.0032123563],
    [-2.1483465, -3.1890526, 1.2009423, 3.2419309, 1.3984238, -0.0063500232],
    [-2.0855146, -3.2162513, 1.2514447, 3.2552441, 1.4184067, -0.0094876902],
    [-2.0226828, -3.24345, 1.301947, 3.2685573, 1.4383895, -0.012625357],
    [-1.9598509, -3.2706488, 1.3524493, 3.2818705, 1.4583724, -0.015763024],
    [-1.8970191, -3.2978475, 1.4029516, 3.2951838, 1.4783553, -0.018900691],
    [-1.8341872, -3.3250462, 1.4534539, 3.308497, 1.4983382, -0.022038358],
    [-1.77256, -3.3517235, 1.502988, 3.321555, 1.5179379, -0.025115869],
    [-1.7196366, -3.3746331, 1.5455263, 3.3327687, 1.5347696, -0.027758735],
    [-1.6767131, -3.3932138, 1.5800268, 3.3418636, 1.5484208, -0.029902226],
    [-1.6437897, -3.4074658, 1.6064897, 3.3488397, 1.5588917, -0.031546341],
    [-1.6208662, -3.4173889, 1.6249149, 3.3536968, 1.5661822, -0.032691081],
    [-1.6079428, -3.4229832, 1.6353023, 3.3564351, 1.5702924, -0.033336446],
    [-1.6048037, -3.4243421, 1.6378254, 3.3571003, 1.5712907, -0.033493203]
  ]
}
