{
  "iteration": 164,
  "label": "pre_pick",
  "planning_time_ms": 231.67305,
  "scene": {
    "block_x": 0.35031706,
    "block_y": 0.39844062,
    "bin_x": 0.13676638,
    "bin_y": 0.30387115
  },
  "joint_names": ["shoulder_pan_joint", "shoulder_lift_joint", "elbow_joint", "wrist_1_joint", "wrist_2_joint", "wrist_3_joint"],
  "start_joints": [-0.45131221, -1.7009112, -0.91999761, 0.86802503, 1.9053503e-05, -2.9216165e-05],
  "goal_joints": [4.2398781, -2.7270477, -0.21561166, 4.513746, 1.5713982, -0.47306885],
  "num_waypoints": 82,
  "trajectory": [
    [-0.45131221, -1.7009112, -0.91999761, 0.86802503, 1.9053503e-05, -2.9216165e-05],
    [-0.44631221, -1.7020049, -0.91924686, 0.87191074, 0.0016938727, -0.00053339484],
    [-0.43131221, -1.7052859, -0.9169946, 0.88356787, 0.0067183303, -0.0020459309],
    [-0.40631221, -1.7107544, -0.91324083, 0.90299642, 0.015092426, -0.0045668243],
    [-0.37131221, -1.7184102, -0.90798555, 0.93019639, 0.026816161, -0.008096075],
    [-0.32631221, -1.7282533, -0.90122876, 0.96516778, 0.041889534, -0.012633683],
    [-0.27131221, -1.7402839, -0.89297047, 1.0079106, 0.060312545, -0.018179649],
    [-0.20888144, -1.7539398, -0.88359644, 1.0564282, 0.081224597, -0.024474902],
    [-0.14604958, -1.7676834, -0.87416219, 1.1052574, 0.102271, -0.030810598],
    [-0.083217729, -1.7814271, -0.86472793, 1.1540867, 0.12331739, -0.037146294],
    [-0.020385876, -1.7951707, -0.85529368, 1.202916, 0.14436379, -0.04348199],
    [0.042445977, -1.8089144, -0.84585943, 1.2517453, 0.16541019, -0.049817686],
    [0.10527783, -1.822658, -0.83642518, 1.3005745, 0.18645659, -0.056153382],
    [0.16810968, -1.8364016, -0.82699092, 1.3494038, 0.20750299, -0.062489079],
    [0.23094154, -1.8501453, -0.81755667, 1.3982331, 0.22854939, -0.068824775],
    [0.29377339, -1.8638889, -0.80812242, 1.4470623, 0.24959579, -0.075160471],
    [0.35660524, -1.8776326, -0.79868817, 1.4958916, 0.27064219, -0.081496167],
    [0.4194371, -1.8913762, -0.78925391, 1.5447209, 0.29168859, -0.087831863],
    [0.48226895, -1.9051199, -0.77981966, 1.5935502, 0.31273498, -0.094167559],
    [0.5451008, -1.9188635, -0.77038541, 1.6423794, 0.33378138, -0.10050326],
    [0.60793265, -1.9326072, -0.76095116, 1.6912087, 0.35482778, -0.10683895],
    [0.67076451, -1.9463508, -0.7515169, 1.740038, 0.37587418, -0.11317465],
    [0.73359636, -1.9600945, -0.74208265, 1.7888672, 0.39692058, -0.11951034],
    [0.79642821, -1.9738381, -0.7326484, 1.8376965, 0.41796698, -0.12584604],
    [0.85926007, -1.9875818, -0.72321414, 1.8865258, 0.43901338, -0.13218174],
    [0.92209192, -2.0013254, -0.71377989, 1.9353551, 0.46005978, -0.13851743],
    [0.98492377, -2.015069, -0.70434564, 1.9841843, 0.48110618, -0.14485313],
    [1.0477556, -2.0288127, -0.69491139, 2.0330136, 0.50215258, -0.15118882],
    [1.1105875, -2.0425563, -0.68547713, 2.0818429, 0.52319897, -0.15752452],
    [1.1734193, -2.0563, -0.67604288, 2.1306721, 0.54424537, -0.16386022],
    [1.2362512, -2.0700436, -0.66660863, 2.1795014, 0.56529177, -0.17019591],
    [1.299083, -2.0837873, -0.65717438, 2.2283307, 0.58633817, -0.17653161],
    [1.3619149, -2.0975309, -0.64774012, 2.27716, 0.60738457, -0.18286731],
    [1.4247467, -2.1112746, -0.63830587, 2.3259892, 0.62843097, -0.189203],
    [1.4875786, -2.1250182, -0.62887162, 2.3748185, 0.64947737, -0.1955387],
    [1.5504105, -2.1387619, -0.61943736, 2.4236478, 0.67052377, -0.20187439],
    [1.6132423, -2.1525055, -0.61000311, 2.472477, 0.69157017, -0.20821009],
    [1.6760742, -2.1662492, -0.60056886, 2.5213063, 0.71261656, -0.21454579],
    [1.738906, -2.1799928, -0.59113461, 2.5701356, 0.73366296, -0.22088148],
    [1.8017379, -2.1937364, -0.58170035, 2.6189649, 0.75470936, -0.22721718],
    [1.8645697, -2.2074801, -0.5722661, 2.6677941, 0.77575576, -0.23355287],
    [1.9274016, -2.2212237, -0.56283185, 2.7166234, 0.79680216, -0.23988857],
    [1.9902334, -2.2349674, -0.5533976, 2.7654527, 0.81784856, -0.24622427],
    [2.0530653, -2.248711, -0.54396334, 2.8142819, 0.83889496, -0.25255996],
    [2.1158971, -2.2624547, -0.53452909, 2.8631112, 0.85994136, -0.25889566],
    [2.178729, -2.2761983, -0.52509484, 2.9119405, 0.88098776, -0.26523136],
    [2.2415608, -2.289942, -0.51566059, 2.9607698, 0.90203415, -0.27156705],
    [2.3043927, -2.3036856, -0.50622633, 3.009599, 0.92308055, -0.27790275],
    [2.3672245, -2.3174293, -0.49679208, 3.0584283, 0.94412695, -0.28423844],
    [2.4300564, -2.3311729, -0.48735783, 3.1072576, 0.96517335, -0.29057414],
    [2.4928882, -2.3449166, -0.47792357, 3.1560868, 0.98621975, -0.29690984],
    [2.5557201, -2.3586602, -0.46848932, 3.2049161, 1.0072661, -0.30324553],
    [2.618552, -2.3724038, -0.45905507, 3.2537454, 1.0283125, -0.30958123],
    [2.6813838, -2.3861475, -0.44962082, 3.3025747, 1.0493589, -0.31591692],
    [2.7442157, -2.3998911, -0.44018656, 3.3514039, 1.0704053, -0.32225262],
    [2.8070475, -2.4136348, -0.43075231, 3.4002332, 1.0914517, -0.32858832],
    [2.8698794, -2.4273784, -0.42131806, 3.4490625, 1.1124981, -0.33492401],
    [2.9327112, -2.4411221, -0.41188381, 3.4978917, 1.1335445, -0.34125971],
    [2.9955431, -2.4548657, -0.40244955, 3.546721, 1.1545909, -0.3475954],
    [3.0583749, -2.4686094, -0.3930153, 3.5955503, 1.1756373, -0.3539311],
    [3.1212068, -2.482353, -0.38358105, 3.6443796, 1.1966837, -0.3602668],
    [3.1840386, -2.4960967, -0.3741468, 3.6932088, 1.2177301, -0.36660249],
    [3.2468705, -2.5098403, -0.36471254, 3.7420381, 1.2387765, -0.37293819],
    [3.3097023, -2.523584, -0.35527829, 3.7908674, 1.2598229, -0.37927389],
    [3.3725342, -2.5373276, -0.34584404, 3.8396966, 1.2808693, -0.38560958],
    [3.435366, -2.5510712, -0.33640978, 3.8885259, 1.3019157, -0.39194528],
    [3.4981979, -2.5648149, -0.32697553, 3.9373552, 1.3229621, -0.39828097],
    [3.5610297, -2.5785585, -0.31754128, 3.9861845, 1.3440085, -0.40461667],
    [3.6238616, -2.5923022, -0.30810703, 4.0350137, 1.3650549, -0.41095237],
    [3.6866935, -2.6060458, -0.29867277, 4.083843, 1.3861013, -0.41728806],
    [3.7495253, -2.6197895, -0.28923852, 4.1326723, 1.4071477, -0.42362376],
    [3.8123572, -2.6335331, -0.27980427, 4.1815015, 1.4281941, -0.42995945],
    [3.875189, -2.6472768, -0.27037002, 4.2303308, 1.4492405, -0.43629515],
    [3.9380209, -2.6610204, -0.26093576, 4.2791601, 1.4702869, -0.44263085],
    [4.0008527, -2.6747641, -0.25150151, 4.3279894, 1.4913333, -0.44896654],
    [4.0631154, -2.6883832, -0.24215272, 4.3763763, 1.5121891, -0.45524485],
    [4.1175734, -2.7002952, -0.2339758, 4.4186979, 1.5304305, -0.46073616],
    [4.1620314, -2.7100198, -0.2273004, 4.4532481, 1.5453224, -0.46521912],
    [4.1964894, -2.717557, -0.2221265, 4.4800269, 1.5568645, -0.46869372],
    [4.2209474, -2.7229069, -0.21845411, 4.4990342, 1.5650571, -0.47115996],
    [4.2354054, -2.7260694, -0.21628323, 4.5102701, 1.5699, -0.47261784],
    [4.2398781, -2.7270477, -0.21561166, 4.513746, 1.5713982, -0.47306885]
  ]
}
