{
  "iteration": 369,
  "label": "pre_pick",
  "planning_time_ms": 5008.4076,
  "scene": {
    "block_x": 0.16508831,
    "block_y": 0.46463264,
    "bin_x": 0.16668575,
    "bin_y": 0.30128627
  },
  "joint_names": ["shoulder_pan_joint", "shoulder_lift_joint", "elbow_joint", "wrist_1_joint", "wrist_2_joint", "wrist_3_joint"],
  "start_joints": [-0.45136367, -1.7009535, -0.92003296, 0.86801613, -8.1681893e-05, -4.492512e-05],
  "goal_joints": [-1.6444345, -3.1831928, 0.82389575, -2.3526138, -4.7117525, -0.073931252],
  "num_waypoints": 52,
  "trajectory": [
    [-0.45136367, -1.7009535, -0.92003296, 0.86801613, -8.1681893e-05, -4.492512e-05],
    [-0.45262975, -1.7025265, -0.91818231, 0.86459841, -0.0050816819, -0.0001233329],
    [-0.45642799, -1.7072453, -0.91263036, 0.85434526, -0.020081682, -0.00035855623],
    [-0.46275839, -1.71511, -0.90337713, 0.83725669, -0.045081682, -0.00075059512],
    [-0.47162096, -1.7261206, -0.89042259, 0.81333268, -0.080081682, -0.0012994496],
    [-0.48301568, -1.7402771, -0.87376676, 0.78257324, -0.12508168, -0.0020051196],
    [-0.49694257, -1.7575795, -0.85340963, 0.74497837, -0.18008168, -0.0028676051],
    [-0.51340161, -1.7780278, -0.82935121, 0.70054808, -0.24508168, -0.0038869062],
    [-0.53239281, -1.801622, -0.8015915, 0.64928236, -0.32008166, -0.0050630226],
    [-0.55391618, -1.828362, -0.77013049, 0.59118121, -0.40508164, -0.0063959545],
    [-0.5779717, -1.8582479, -0.73496819, 0.52624463, -0.50008162, -0.007885702],
    [-0.60455938, -1.8912798, -0.69610459, 0.45447263, -0.60508159, -0.0095322649],
    [-0.63367922, -1.9274575, -0.6535397, 0.3758652, -0.72008156, -0.011335643],
    [-0.66509314, -1.9664853, -0.60762154, 0.29106504, -0.84414127, -0.013281093],
    [-0.69691321, -2.0060177, -0.56110968, 0.20516849, -0.96980498, -0.015251695],
    [-0.72873328, -2.0455501, -0.51459783, 0.11927193, -1.0954687, -0.017222297],
    [-0.76055335, -2.0850825, -0.46808597, 0.033375376, -1.2211324, -0.0191929],
    [-0.79237343, -2.1246149, -0.42157412, -0.052521179, -1.3467961, -0.021163502],
    [-0.8241935, -2.1641473, -0.37506226, -0.13841773, -1.4724598, -0.023134105],
    [-0.85601357, -2.2036797, -0.32855041, -0.22431429, -1.5981235, -0.025104707],
    [-0.88783364, -2.2432121, -0.28203856, -0.31021085, -1.7237872, -0.027075309],
    [-0.91965371, -2.2827445, -0.2355267, -0.3961074, -1.8494509, -0.029045912],
    [-0.95147379, -2.3222769, -0.18901485, -0.48200396, -1.9751146, -0.031016514],
    [-0.98329386, -2.3618094, -0.14250299, -0.56790051, -2.1007783, -0.032987116],
    [-1.0151139, -2.4013418, -0.095991139, -0.65379707, -2.226442, -0.034957719],
    [-1.046934, -2.4408742, -0.049479284, -0.73969362, -2.3521057, -0.036928321],
    [-1.0787541, -2.4804066, -0.0029674299, -0.82559018, -2.4777695, -0.038898924],
    [-1.1105741, -2.519939, 0.043544424, -0.91148673, -2.6034332, -0.040869526],
    [-1.1423942, -2.5594714, 0.090056279, -0.99738329, -2.7290969, -0.042840128],
    [-1.1742143, -2.5990038, 0.13656813, -1.0832798, -2.8547606, -0.044810731],
    [-1.2060344, -2.6385362, 0.18307999, -1.1691764, -2.9804243, -0.046781333],
    [-1.2378544, -2.6780686, 0.22959184, -1.255073, -3.106088, -0.048751936],
    [-1.2696745, -2.717601, 0.2761037, -1.3409695, -3.2317517, -0.050722538],
    [-1.3014946, -2.7571334, 0.32261555, -1.4268661, -3.3574154, -0.05269314],
    [-1.3333146, -2.7966658, 0.3691274, -1.5127626, -3.4830791, -0.054663743],
    [-1.3651347, -2.8361982, 0.41563926, -1.5986592, -3.6087428, -0.056634345],
    [-1.3969548, -2.8757306, 0.46215111, -1.6845557, -3.7344065, -0.058604948],
    [-1.4287749, -2.915263, 0.50866297, -1.7704523, -3.8600702, -0.06057555],
    [-1.4602711, -2.9543932, 0.55470153, -1.8554748, -3.9844552, -0.0625261],
    [-1.4895446, -2.9907617, 0.59749094, -1.9344968, -4.1000618, -0.064338991],
    [-1.5162859, -3.0239844, 0.63657905, -2.0066835, -4.2056683, -0.065995066],
    [-1.540495, -3.0540611, 0.67196587, -2.0720347, -4.3012749, -0.067494326],
    [-1.562172, -3.080992, 0.7036514, -2.1305505, -4.3868815, -0.06883677],
    [-1.5813168, -3.104777, 0.73163563, -2.1822308, -4.4624881, -0.070022399],
    [-1.5979294, -3.1254161, 0.75591856, -2.2270757, -4.5280946, -0.071051212],
    [-1.6120099, -3.1429093, 0.7765002, -2.2650852, -4.5837012, -0.071923209],
    [-1.6235582, -3.1572566, 0.79338054, -2.2962593, -4.6293078, -0.072638391],
    [-1.6325743, -3.1684581, 0.80655958, -2.3205979, -4.6649143, -0.073196758],
    [-1.6390583, -3.1765136, 0.81603733, -2.3381011, -4.6905209, -0.073598309],
    [-1.6430102, -3.1814233, 0.82181379, -2.3487689, -4.7061275, -0.073843044],
    [-1.6444298, -3.183187, 0.82388894, -2.3526012, -4.7117341, -0.073930964],
    [-1.6444345, -3.1831928, 0.82389575, -2.3526138, -4.7117525, -0.073931252]
  ]
}
