{
  "iteration": 757,
  "label": "pre_pick",
  "planning_time_ms": 5009.2617,
  "scene": {
    "block_x": 0.12218022,
    "block_y": 0.37695824,
    "bin_x": 0.30986365,
    "bin_y": 0.26623373
  },
  "joint_names": ["shoulder_pan_joint", "shoulder_lift_joint", "elbow_joint", "wrist_1_joint", "wrist_2_joint", "wrist_3_joint"],
  "start_joints": [-0.45127837, -1.7009557, -0.92023473, 0.86825616, -8.0549978e-05, -8.5047742e-05],
  "goal_joints": [0.92497435, 0.27167536, -1.5749493, -0.26696076, 4.7128218, -0.64661658],
  "num_waypoints": 52,
  "trajectory": [
    [-0.45127837, -1.7009557, -0.92023473, 0.86825616, -8.0549978e-05, -8.5047742e-05],
    [-0.44981828, -1.6988629, -0.92092933, 0.86705179, 0.00491945, -0.00077096428],
    [-0.44543801, -1.6925845, -0.92301312, 0.86343868, 0.01991945, -0.0028287139],
    [-0.43813756, -1.6821205, -0.92648612, 0.85741682, 0.04491945, -0.0062582966],
    [-0.42791693, -1.6674709, -0.9313483, 0.84898622, 0.07991945, -0.011059712],
    [-0.41477611, -1.6486357, -0.93759968, 0.83814688, 0.12491945, -0.017232961],
    [-0.39871512, -1.6256149, -0.94524026, 0.8248988, 0.17991945, -0.024778043],
    [-0.37973394, -1.5984086, -0.95427004, 0.80924197, 0.24491945, -0.033694958],
    [-0.35783259, -1.5670166, -0.96468901, 0.7911764, 0.31991944, -0.043983705],
    [-0.33301105, -1.531439, -0.97649717, 0.77070209, 0.40491943, -0.055644284],
    [-0.30526934, -1.4916759, -0.98969454, 0.74781904, 0.49991941, -0.068676696],
    [-0.27460745, -1.4477271, -1.0042811, 0.72252724, 0.60491939, -0.083080941],
    [-0.24102538, -1.3995927, -1.0202568, 0.69482671, 0.71991936, -0.098857018],
    [-0.2047977, -1.3476663, -1.0374912, 0.66494392, 0.84397905, -0.11587594],
    [-0.16810163, -1.2950686, -1.0549483, 0.63467477, 0.96964276, -0.1331149],
    [-0.13140555, -1.2424708, -1.0724055, 0.60440561, 1.0953065, -0.15035386],
    [-0.094709476, -1.1898731, -1.0898626, 0.57413646, 1.2209702, -0.16759283],
    [-0.0580134, -1.1372753, -1.1073198, 0.5438673, 1.3466339, -0.18483179],
    [-0.021317325, -1.0846775, -1.1247769, 0.51359815, 1.4722976, -0.20207075],
    [0.01537875, -1.0320798, -1.1422341, 0.483329, 1.5979613, -0.21930971],
    [0.052074825, -0.97948199, -1.1596912, 0.45305984, 1.723625, -0.23654868],
    [0.088770901, -0.92688423, -1.1771484, 0.42279069, 1.8492887, -0.25378764],
    [0.12546698, -0.87428646, -1.1946056, 0.39252153, 1.9749524, -0.2710266],
    [0.16216305, -0.82168869, -1.2120627, 0.36225238, 2.1006161, -0.28826557],
    [0.19885913, -0.76909093, -1.2295199, 0.33198323, 2.2262798, -0.30550453],
    [0.2355552, -0.71649316, -1.246977, 0.30171407, 2.3519435, -0.32274349],
    [0.27225128, -0.6638954, -1.2644342, 0.27144492, 2.4776072, -0.33998246],
    [0.30894735, -0.61129763, -1.2818913, 0.24117576, 2.6032709, -0.35722142],
    [0.34564343, -0.55869987, -1.2993485, 0.21090661, 2.7289346, -0.37446038],
    [0.3823395, -0.5061021, -1.3168056, 0.18063746, 2.8545983, -0.39169934],
    [0.41903558, -0.45350434, -1.3342628, 0.1503683, 2.9802621, -0.40893831],
    [0.45573165, -0.40090657, -1.3517199, 0.12009915, 3.1059258, -0.42617727],
    [0.49242773, -0.34830881, -1.3691771, 0.089829995, 3.2315895, -0.44341623],
    [0.5291238, -0.29571104, -1.3866342, 0.059560841, 3.3572532, -0.4606552],
    [0.56581988, -0.24311327, -1.4040914, 0.029291687, 3.4829169, -0.47789416],
    [0.60251595, -0.19051551, -1.4215486, -0.00097746726, 3.6085806, -0.49513312],
    [0.63921203, -0.13791774, -1.4390057, -0.031246621, 3.7342443, -0.51237209],
    [0.6759081, -0.085319979, -1.4564629, -0.061515775, 3.859908, -0.52961105],
    [0.7122451, -0.033236895, -1.4737492, -0.091488738, 3.9843421, -0.54668132],
    [0.74603293, 0.015192378, -1.4898228, -0.11935899, 4.1000466, -0.56255406],
    [0.77690058, 0.059436055, -1.5045073, -0.14482051, 4.2057512, -0.57705496],
    [0.80484804, 0.099494134, -1.5178025, -0.16787328, 4.3014558, -0.59018403],
    [0.82987533, 0.13536662, -1.5297086, -0.1885173, 4.3871603, -0.60194127],
    [0.85198243, 0.1670535, -1.5402254, -0.20675259, 4.4628649, -0.61232667],
    [0.87116936, 0.19455479, -1.5493531, -0.22257913, 4.5285695, -0.62134024],
    [0.8874361, 0.21787048, -1.5570915, -0.23599693, 4.5842741, -0.62898198],
    [0.90078266, 0.23700057, -1.5634408, -0.24700598, 4.6299786, -0.63525189],
    [0.91120904, 0.25194507, -1.5684008, -0.2556063, 4.6656832, -0.64014996],
    [0.91871524, 0.26270397, -1.5719717, -0.26179787, 4.6913878, -0.6436762],
    [0.92330126, 0.26927727, -1.5741534, -0.26558069, 4.7070924, -0.6458306],
    [0.9249671, 0.27166497, -1.5749459, -0.26695478, 4.7127969, -0.64661317],
    [0.92497435, 0.27167536, -1.5749493, -0.26696076, 4.7128218, -0.64661658]
  ]
}
