{
  "iteration": 52,
  "label": "pre_pick",
  "planning_time_ms": 58.446432,
  "scene": {
    "block_x": 0.15856597,
    "block_y": 0.40523937,
    "bin_x": 0.14451019,
    "bin_y": 0.26816662
  },
  "joint_names": ["shoulder_pan_joint", "shoulder_lift_joint", "elbow_joint", "wrist_1_joint", "wrist_2_joint", "wrist_3_joint"],
  "start_joints": [-0.45138331, -1.7009588, -0.9199895, 0.86780612, -9.3048892e-05, 4.6068309e-05],
  "goal_joints": [0.89829165, 0.20662619, -1.3096159, 5.8154247, 4.7111606, -0.67169153],
  "num_waypoints": 80,
  "trajectory": [
    [-0.45138331, -1.7009588, -0.9199895, 0.86780612, -9.3048892e-05, 4.6068309e-05],
    [-0.44651385, -1.6985277, -0.9176658, 0.87280612, 0.0024080948, -0.0033792158],
    [-0.43190546, -1.6912343, -0.91069468, 0.88780612, 0.009911526, -0.013655068],
    [-0.40755813, -1.6790787, -0.89907616, 0.91280612, 0.022417245, -0.030781489],
    [-0.37347189, -1.6620608, -0.88281023, 0.94780612, 0.039925251, -0.054758477],
    [-0.32964671, -1.6401807, -0.86189689, 0.99280612, 0.062435544, -0.085586034],
    [-0.27608262, -1.6134384, -0.83633615, 1.0478061, 0.089948118, -0.12326415],
    [-0.21424405, -1.5825649, -0.80682683, 1.1113024, 0.12171078, -0.1667627],
    [-0.1514122, -1.5511955, -0.77684352, 1.1758186, 0.15398363, -0.21095996],
    [-0.088580348, -1.5198261, -0.74686021, 1.2403347, 0.18625648, -0.25515721],
    [-0.025748495, -1.4884568, -0.7168769, 1.3048509, 0.21852933, -0.29935447],
    [0.037083358, -1.4570874, -0.68689359, 1.3693671, 0.25080218, -0.34355172],
    [0.099915211, -1.425718, -0.65691028, 1.4338833, 0.28307504, -0.38774898],
    [0.16274706, -1.3943486, -0.62692697, 1.4983995, 0.31534789, -0.43194623],
    [0.22557892, -1.3629792, -0.59694365, 1.5629157, 0.34762074, -0.47614348],
    [0.28841077, -1.3316099, -0.56696034, 1.6274319, 0.37989359, -0.52034074],
    [0.35124262, -1.3002405, -0.53697703, 1.6919481, 0.41216644, -0.56453799],
    [0.41407448, -1.2688711, -0.50699372, 1.7564643, 0.4444393, -0.60873525],
    [0.47690633, -1.2375017, -0.47701041, 1.8209804, 0.47671215, -0.6529325],
    [0.53973818, -1.2061324, -0.4470271, 1.8854966, 0.508985, -0.69712976],
    [0.60257004, -1.174763, -0.41704379, 1.9500128, 0.54125785, -0.74132701],
    [0.66540189, -1.1433936, -0.38706048, 2.014529, 0.5735307, -0.78552427],
    [0.72823374, -1.1120242, -0.35707716, 2.0790452, 0.60580355, -0.82972152],
    [0.7910656, -1.0806549, -0.32709385, 2.1435614, 0.63807641, -0.87391878],
    [0.85389745, -1.0492855, -0.29711054, 2.2080776, 0.67034926, -0.91811603],
    [0.9167293, -1.0179161, -0.26712723, 2.2725938, 0.70262211, -0.96231329],
    [0.97956115, -0.98654672, -0.23714392, 2.3371099, 0.73489496, -1.0065105],
    [1.042393, -0.95517734, -0.20716061, 2.4016261, 0.76716781, -1.0507078],
    [1.1052249, -0.92380797, -0.1771773, 2.4661423, 0.79944066, -1.094905],
    [1.1680567, -0.89243859, -0.14719399, 2.5306585, 0.83171352, -1.1391023],
    [1.2308886, -0.86106921, -0.11721067, 2.5951747, 0.86398637, -1.1832996],
    [1.2937204, -0.82969984, -0.087227363, 2.6596909, 0.89625922, -1.2274968],
    [1.3565523, -0.79833046, -0.057244052, 2.7242071, 0.92853207, -1.2716941],
    [1.4193841, -0.76696108, -0.027260741, 2.7887233, 0.96080492, -1.3158913],
    [1.4819206, -0.73573919, 0.0025816024, 2.8529361, 0.99292604, -1.3598808],
    [1.5374842, -0.70799852, 0.029096538, 2.9099893, 1.0214657, -1.3989654],
    [1.583309, -0.6851201, 0.050964065, 2.9570424, 1.045003, -1.4311995],
    [1.6193947, -0.66710334, 0.068183657, 2.9940973, 1.06354, -1.4565829],
    [1.6463912, -0.65135225, 0.079162055, 3.0283791, 1.0848086, -1.4750613],
    [1.6645424, -0.63596592, 0.082525134, 3.0652744, 1.114728, -1.486406],
    [1.6727001, -0.62238046, 0.078447805, 3.1011134, 1.1498985, -1.4900035],
    [1.6708582, -0.61134756, 0.067554522, 3.1337283, 1.1878787, -1.486018],
    [1.6617481, -0.60151799, 0.051160744, 3.1658821, 1.2300245, -1.476374],
    [1.6503406, -0.58944272, 0.030828068, 3.2054715, 1.2820396, -1.4643505],
    [1.6367399, -0.57504597, 0.0065863946, 3.252672, 1.3440546, -1.4500154],
    [1.6209461, -0.55832772, -0.021564277, 3.3074836, 1.4160695, -1.4333687],
    [1.6029592, -0.53928798, -0.05362395, 3.3699064, 1.4980845, -1.4144106],
    [1.5827792, -0.51792674, -0.089592622, 3.4399403, 1.5900995, -1.3931408],
    [1.560406, -0.49424401, -0.12947029, 3.5175854, 1.6921145, -1.3695595],
    [1.5358398, -0.46823978, -0.17325697, 3.6028416, 1.8041295, -1.3436667],
    [1.5091004, -0.43993527, -0.22091693, 3.6956394, 1.9260531, -1.3154834],
    [1.4815408, -0.4107625, -0.27003889, 3.7912839, 2.0517168, -1.2864356],
    [1.4539812, -0.38158972, -0.31916086, 3.8869283, 2.1773805, -1.2573878],
    [1.4264215, -0.35241695, -0.36828282, 3.9825728, 2.3030442, -1.22834],
    [1.3988619, -0.32324418, -0.41740478, 4.0782172, 2.4287079, -1.1992922],
    [1.3713023, -0.29407141, -0.46652675, 4.1738617, 2.5543716, -1.1702444],
    [1.3437427, -0.26489863, -0.51564871, 4.2695061, 2.6800353, -1.1411966],
    [1.3161831, -0.23572586, -0.56477068, 4.3651506, 2.805699, -1.1121488],
    [1.2886235, -0.20655309, -0.61389264, 4.460795, 2.9313627, -1.0831009],
    [1.2610639, -0.17738031, -0.6630146, 4.5564395, 3.0570264, -1.0540531],
    [1.2335042, -0.14820754, -0.71213657, 4.6520839, 3.1826902, -1.0250053],
    [1.2059446, -0.11903477, -0.76125853, 4.7477284, 3.3083539, -0.99595751],
    [1.178385, -0.089861994, -0.81038049, 4.8433728, 3.4340176, -0.9669097],
    [1.1508254, -0.060689221, -0.85950246, 4.9390173, 3.5596813, -0.93786189],
    [1.1232658, -0.031516448, -0.90862442, 5.0346617, 3.685345, -0.90881408],
    [1.0957062, -0.0023436745, -0.95774638, 5.1303062, 3.8110087, -0.87976627],
    [1.0681623, 0.026812383, -1.0068402, 5.2258958, 3.9366004, -0.8507351],
    [1.0419625, 0.054545819, -1.0535386, 5.3168213, 4.056064, -0.82312046],
    [1.0179557, 0.07995776, -1.0963279, 5.4001357, 4.1655277, -0.79781737],
    [0.99614212, 0.10304821, -1.1352083, 5.4758389, 4.2649914, -0.77482583],
    [0.97652162, 0.12381716, -1.1701797, 5.543931, 4.354455, -0.75414585],
    [0.95909425, 0.14226461, -1.201242, 5.604412, 4.4339187, -0.73577741],
    [0.94386, 0.15839057, -1.2283954, 5.6572817, 4.5033824, -0.71972053],
    [0.93081888, 0.17219503, -1.2516397, 5.7025404, 4.562846, -0.7059752],
    [0.91997088, 0.183678, -1.2709751, 5.7401879, 4.6123097, -0.69454142],
    [0.91131601, 0.19283947, -1.2864014, 5.7702243, 4.6517734, -0.68541919],
    [0.90485426, 0.19967945, -1.2979188, 5.7926495, 4.681237, -0.67860851],
    [0.90058564, 0.20419793, -1.3055271, 5.8074636, 4.7007007, -0.67410938],
    [0.89851014, 0.20639492, -1.3092265, 5.8146665, 4.7101644, -0.67192181],
    [0.89829165, 0.20662619, -1.3096159, 5.8154247, 4.7111606, -0.67169153]
  ]
}
