{
  "iteration": 11,
  "label": "pre_pick",
  "planning_time_ms": 74.157154,
  "scene": {
    "block_x": 0.24599769,
    "block_y": 0.37128857,
    "bin_x": 0.44942028,
    "bin_y": 0.28375919
  },
  "joint_names": ["shoulder_pan_joint", "shoulder_lift_joint", "elbow_joint", "wrist_1_joint", "wrist_2_joint", "wrist_3_joint"],
  "start_joints": [-0.45125941, -1.7008939, -0.92020468, 0.86832688, -5.3811356e-05, -0.00014766052],
  "goal_joints": [-1.856685, -3.3314166, 1.2529651, 3.6482179, 1.5708375, -0.2867284],
  "num_waypoints": 44,
  "trajectory": [
    [-0.45125941, -1.7008939, -0.92020468, 0.86832688, -5.3811356e-05, -0.00014766052],
    [-0.45378726, -1.7038266, -0.91629595, 0.87332688, 0.0027716436, -0.00066311372],
    [-0.46137078, -1.7126248, -0.90456975, 0.88832688, 0.011248008, -0.0022094733],
    [-0.47401, -1.7272883, -0.88502609, 0.91332688, 0.025375283, -0.0047867393],
    [-0.4917049, -1.7478173, -0.85766497, 0.94832688, 0.045153468, -0.0083949117],
    [-0.51445549, -1.7742117, -0.82248638, 0.99332688, 0.070582562, -0.01303399],
    [-0.54226176, -1.8064715, -0.77949033, 1.0483269, 0.10166256, -0.018703975],
    [-0.57512371, -1.8445967, -0.72867683, 1.1133269, 0.13839347, -0.025404865],
    [-0.61304134, -1.8885873, -0.67004587, 1.1883268, 0.18077528, -0.033136661],
    [-0.65367218, -1.9357257, -0.60721955, 1.2686935, 0.22618973, -0.041421707],
    [-0.6943066, -1.9828683, -0.5443877, 1.3490672, 0.27160819, -0.049707484],
    [-0.73494102, -2.0300108, -0.48155584, 1.4294409, 0.31702665, -0.057993261],
    [-0.77557544, -2.0771534, -0.41872399, 1.5098146, 0.3624451, -0.066279037],
    [-0.81620986, -2.1242959, -0.35589214, 1.5901883, 0.40786356, -0.074564814],
    [-0.85684428, -2.1714385, -0.29306028, 1.670562, 0.45328201, -0.08285059],
    [-0.8974787, -2.218581, -0.23022843, 1.7509357, 0.49870047, -0.091136367],
    [-0.93811312, -2.2657236, -0.16739658, 1.8313094, 0.54411892, -0.099422143],
    [-0.97874754, -2.3128661, -0.10456473, 1.9116831, 0.58953738, -0.10770792],
    [-1.019382, -2.3600087, -0.041732872, 1.9920568, 0.63495584, -0.1159937],
    [-1.0600164, -2.4071512, 0.021098981, 2.0724305, 0.68037429, -0.12427947],
    [-1.1006508, -2.4542938, 0.083930834, 2.1528042, 0.72579275, -0.13256525],
    [-1.1412852, -2.5014363, 0.14676269, 2.2331779, 0.7712112, -0.14085103],
    [-1.1819196, -2.5485789, 0.20959454, 2.3135516, 0.81662966, -0.1491368],
    [-1.2225541, -2.5957214, 0.27242639, 2.3939253, 0.86204812, -0.15742258],
    [-1.2631885, -2.642864, 0.33525825, 2.474299, 0.90746657, -0.16570836],
    [-1.3038229, -2.6900065, 0.3980901, 2.5546727, 0.95288503, -0.17399413],
    [-1.3444573, -2.7371491, 0.46092195, 2.6350464, 0.99830348, -0.18227991],
    [-1.3850917, -2.7842916, 0.52375381, 2.7154201, 1.0437219, -0.19056569],
    [-1.4257262, -2.8314342, 0.58658566, 2.7957938, 1.0891404, -0.19885146],
    [-1.4663606, -2.8785767, 0.64941751, 2.8761675, 1.1345588, -0.20713724],
    [-1.506995, -2.9257193, 0.71224936, 2.9565412, 1.1799773, -0.21542302],
    [-1.5476294, -2.9728618, 0.77508122, 3.0369149, 1.2253958, -0.22370879],
    [-1.5882639, -3.0200044, 0.83791307, 3.1172887, 1.2708142, -0.23199457],
    [-1.6288983, -3.0671469, 0.90074492, 3.1976624, 1.3162327, -0.24028035],
    [-1.6695327, -3.1142895, 0.96357678, 3.2780361, 1.3616511, -0.24856612],
    [-1.7097361, -3.160932, 1.0257422, 3.3575572, 1.4065878, -0.25676401],
    [-1.745755, -3.2027198, 1.0814372, 3.4288016, 1.4468474, -0.26410864],
    [-1.7767183, -3.2386422, 1.1293148, 3.4900461, 1.4814561, -0.27042237],
    [-1.8026259, -3.2686992, 1.169375, 3.5412905, 1.5104138, -0.27570519],
    [-1.8234778, -3.2928908, 1.2016177, 3.5825349, 1.5337207, -0.27995711],
    [-1.839274, -3.311217, 1.2260429, 3.6137794, 1.5513766, -0.28317811],
    [-1.8500145, -3.3236777, 1.2426506, 3.6350238, 1.5633817, -0.28536821],
    [-1.8556993, -3.3302731, 1.2514409, 3.6462682, 1.5697358, -0.28652741],
    [-1.856685, -3.3314166, 1.2529651, 3.6482179, 1.5708375, -0.2867284]
  ]
}
