{
  "iteration": 456,
  "label": "pre_pick",
  "planning_time_ms": 50.753329,
  "scene": {
    "block_x": 0.2400708,
    "block_y": 0.44703132,
    "bin_x": 0.26019359,
    "bin_y": 0.32805241
  },
  "joint_names": ["shoulder_pan_joint", "shoulder_lift_joint", "elbow_joint", "wrist_1_joint", "wrist_2_joint", "wrist_3_joint"],
  "start_joints": [-0.45137694, -1.7009066, -0.92011467, 0.8679141, -3.7619469e-05, -2.7883308e-05],
  "goal_joints": [0.82096938, -0.023400782, -0.65983261, -0.88710813, 4.7126295, -0.74935159],
  "num_waypoints": 52,
  "trajectory": [
    [-0.45137694, -1.7009066, -0.92011467, 0.8679141, -3.7619469e-05, -2.7883308e-05],
    [-0.45002701, -1.6991268, -0.91983852, 0.86605208, 0.0049623805, -0.00082289353],
    [-0.44597725, -1.6937875, -0.91901007, 0.860466, 0.019962381, -0.0032079242],
    [-0.43922764, -1.6848886, -0.91762931, 0.85115586, 0.044962381, -0.0071829753],
    [-0.42977819, -1.6724301, -0.91569625, 0.83812168, 0.079962381, -0.012748047],
    [-0.41762889, -1.656412, -0.91321088, 0.82136344, 0.12496238, -0.019903139],
    [-0.40277975, -1.6368344, -0.91017322, 0.80088115, 0.17996238, -0.028648251],
    [-0.38523077, -1.6136972, -0.90658325, 0.7766748, 0.24496238, -0.038983384],
    [-0.36498195, -1.5870005, -0.90244097, 0.74874441, 0.31996237, -0.050908536],
    [-0.34203329, -1.5567441, -0.8977464, 0.71708996, 0.40496236, -0.064423707],
    [-0.31638478, -1.5229282, -0.89249952, 0.68171147, 0.49996234, -0.079528899],
    [-0.28803643, -1.4855528, -0.88670034, 0.64260892, 0.60496232, -0.09622411],
    [-0.25698824, -1.4446178, -0.88034886, 0.59978232, 0.71996229, -0.11450934],
    [-0.22349406, -1.4004579, -0.873497, 0.55358183, 0.84402198, -0.13423509],
    [-0.18956683, -1.355727, -0.86655655, 0.506784, 0.96968569, -0.15421587],
    [-0.1556396, -1.3109962, -0.85961611, 0.45998617, 1.0953494, -0.17419666],
    [-0.12171236, -1.2662653, -0.85267566, 0.41318834, 1.2210131, -0.19417744],
    [-0.087785132, -1.2215345, -0.84573522, 0.36639051, 1.3466768, -0.21415823],
    [-0.0538579, -1.1768036, -0.83879477, 0.31959268, 1.4723405, -0.23413902],
    [-0.019930667, -1.1320728, -0.83185433, 0.27279485, 1.5980042, -0.2541198],
    [0.013996565, -1.0873419, -0.82491388, 0.22599702, 1.7236679, -0.27410059],
    [0.047923797, -1.0426111, -0.81797344, 0.17919919, 1.8493316, -0.29408137],
    [0.08185103, -0.99788024, -0.81103299, 0.13240136, 1.9749953, -0.31406216],
    [0.11577826, -0.95314939, -0.80409255, 0.085603525, 2.100659, -0.33404295],
    [0.14970549, -0.90841854, -0.7971521, 0.038805694, 2.2263228, -0.35402373],
    [0.18363273, -0.86368769, -0.79021166, -0.0079921361, 2.3519865, -0.37400452],
    [0.21755996, -0.81895684, -0.78327121, -0.054789967, 2.4776502, -0.3939853],
    [0.25148719, -0.77422599, -0.77633076, -0.1015878, 2.6033139, -0.41396609],
    [0.28541442, -0.72949515, -0.76939032, -0.14838563, 2.7289776, -0.43394688],
    [0.31934166, -0.6847643, -0.76244987, -0.19518346, 2.8546413, -0.45392766],
    [0.35326889, -0.64003345, -0.75550943, -0.24198129, 2.980305, -0.47390845],
    [0.38719612, -0.5953026, -0.74856898, -0.28877912, 3.1059687, -0.49388924],
    [0.42112335, -0.55057175, -0.74162854, -0.33557695, 3.2316324, -0.51387002],
    [0.45505059, -0.5058409, -0.73468809, -0.38237478, 3.3572961, -0.53385081],
    [0.48897782, -0.46111005, -0.72774765, -0.42917261, 3.4829598, -0.55383159],
    [0.52290505, -0.4163792, -0.7208072, -0.47597044, 3.6086235, -0.57381238],
    [0.55683228, -0.37164835, -0.71386676, -0.52276827, 3.7342872, -0.59379317],
    [0.59075952, -0.32691751, -0.70692631, -0.5695661, 3.8599509, -0.61377395],
    [0.62435225, -0.28262767, -0.70005429, -0.61590254, 3.9843757, -0.63355774],
    [0.65558562, -0.2414485, -0.69366493, -0.65898457, 4.1000615, -0.65195203],
    [0.68411915, -0.20382891, -0.68782786, -0.69834254, 4.2057474, -0.6687563],
    [0.70995283, -0.16976887, -0.6825431, -0.73397646, 4.3014333, -0.68397055],
    [0.73308667, -0.13926841, -0.67781065, -0.76588633, 4.3871191, -0.69759477],
    [0.75352067, -0.11232752, -0.6736305, -0.79407215, 4.462805, -0.70962898],
    [0.77125482, -0.088946191, -0.67000264, -0.81853391, 4.5284908, -0.72007316],
    [0.78628913, -0.069124432, -0.6669271, -0.83927162, 4.5841767, -0.72892733],
    [0.7986236, -0.05286224, -0.66440385, -0.85628527, 4.6298626, -0.73619147],
    [0.80825822, -0.040159617, -0.66243291, -0.86957488, 4.6655484, -0.7418656],
    [0.815193, -0.031016562, -0.66101427, -0.87914043, 4.6912343, -0.7459497],
    [0.81942793, -0.025433074, -0.66014794, -0.88498192, 4.7069201, -0.74844379],
    [0.82096303, -0.023409154, -0.65983391, -0.88709937, 4.712606, -0.74934785],
    [0.82096938, -0.023400782, -0.65983261, -0.88710813, 4.7126295, -0.74935159]
  ]
}
