{
  "iteration": 307,
  "label": "pre_pick",
  "planning_time_ms": 46.862973,
  "scene": {
    "block_x": 0.16886835,
    "block_y": 0.48121845,
    "bin_x": 0.42284199,
    "bin_y": 0.26990433
  },
  "joint_names": ["shoulder_pan_joint", "shoulder_lift_joint", "elbow_joint", "wrist_1_joint", "wrist_2_joint", "wrist_3_joint"],
  "start_joints": [-0.45123892, -1.7008778, -0.92066473, 0.86876906, 1.154753e-05, -0.00032206244],
  "goal_joints": [0.98006281, -0.040829909, -0.61672821, -0.91288281, -1.5711588, -0.59148628],
  "num_waypoints": 35,
  "trajectory": [
    [-0.45123892, -1.7008778, -0.92066473, 0.86876906, 1.154753e-05, -0.00032206244],
    [-0.44722213, -1.6962191, -0.91981177, 0.86376906, -0.0043977603, -0.0019810965],
    [-0.43517178, -1.6822429, -0.91725288, 0.84876906, -0.017625684, -0.0069581985],
    [-0.41508787, -1.6589492, -0.91298806, 0.82376906, -0.039672223, -0.015253369],
    [-0.38697039, -1.6263381, -0.90701733, 0.78876906, -0.070537377, -0.026866607],
    [-0.35081935, -1.5844095, -0.89934066, 0.74376906, -0.11022115, -0.041797913],
    [-0.30663474, -1.5331634, -0.88995807, 0.68876906, -0.15872353, -0.060047286],
    [-0.25468104, -1.4729067, -0.87892572, 0.62409828, -0.21575421, -0.081505491],
    [-0.2005071, -1.4100748, -0.8674219, 0.55666379, -0.27522209, -0.10388072],
    [-0.14633316, -1.347243, -0.85591808, 0.48922929, -0.33468998, -0.12625594],
    [-0.092159213, -1.2844111, -0.84441425, 0.4217948, -0.39415787, -0.14863116],
    [-0.037985271, -1.2215793, -0.83291043, 0.35436031, -0.45362576, -0.17100639],
    [0.016188672, -1.1587474, -0.82140661, 0.28692581, -0.51309364, -0.19338161],
    [0.070362614, -1.0959155, -0.80990279, 0.21949132, -0.57256153, -0.21575683],
    [0.12453656, -1.0330837, -0.79839897, 0.15205683, -0.63202942, -0.23813206],
    [0.1787105, -0.97025184, -0.78689515, 0.084622335, -0.69149731, -0.26050728],
    [0.23288444, -0.90741999, -0.77539132, 0.017187842, -0.75096519, -0.2828825],
    [0.28705838, -0.84458813, -0.7638875, -0.050246652, -0.81043308, -0.30525773],
    [0.34123233, -0.78175628, -0.75238368, -0.11768114, -0.86990097, -0.32763295],
    [0.39540627, -0.71892443, -0.74087986, -0.18511564, -0.92936886, -0.35000818],
    [0.44958021, -0.65609258, -0.72937604, -0.25255013, -0.98883674, -0.3723834],
    [0.50375415, -0.59326072, -0.71787222, -0.31998462, -1.0483046, -0.39475862],
    [0.5579281, -0.53042887, -0.70636839, -0.38741912, -1.1077725, -0.41713385],
    [0.61210204, -0.46759702, -0.69486457, -0.45485361, -1.1672404, -0.43950907],
    [0.66627598, -0.40476516, -0.68336075, -0.5222881, -1.2267083, -0.46188429],
    [0.72044992, -0.34193331, -0.67185693, -0.5897226, -1.2861762, -0.48425952],
    [0.77462387, -0.27910146, -0.66035311, -0.65715709, -1.3456441, -0.50663474],
    [0.82744882, -0.21783418, -0.64913574, -0.72291239, -1.4036311, -0.5284528],
    [0.87295041, -0.16506067, -0.63947349, -0.77955174, -1.4535792, -0.54724612],
    [0.91041843, -0.12160463, -0.63151717, -0.82619108, -1.4947086, -0.56272137],
    [0.93985288, -0.087466054, -0.62526677, -0.86283042, -1.5270195, -0.57487855],
    [0.96125377, -0.06264494, -0.6207223, -0.88946976, -1.5505117, -0.58371767],
    [0.9746211, -0.047141292, -0.61788375, -0.9061091, -1.5651853, -0.58923871],
    [0.97995486, -0.040955109, -0.61675113, -0.91274844, -1.5710403, -0.59144169],
    [0.98006281, -0.040829909, -0.61672821, -0.91288281, -1.5711588, -0.59148628]
  ]
}
