{
  "iteration": 4,
  "label": "pre_pick",
  "planning_time_ms": 37.053062,
  "scene": {
    "block_x": 0.27514273,
    "block_y": 0.43226805,
    "bin_x": 0.15081857,
    "bin_y": 0.38296343
  },
  "joint_names": ["shoulder_pan_joint", "shoulder_lift_joint", "elbow_joint", "wrist_1_joint", "wrist_2_joint", "wrist_3_joint"],
  "start_joints": [-0.45138559, -1.7008425, -0.91991686, 0.86804022, 8.7221789e-05, -9.5344459e-05],
  "goal_joints": [0.75160998, -0.59468515, 0.57714991, 4.7301379, -1.5714835, -0.81843461],
  "num_waypoints": 45,
  "trajectory": [
    [-0.45138559, -1.7008425, -0.91991686, 0.86804022, 8.7221789e-05, -9.5344459e-05],
    [-0.44982815, -1.6994105, -0.91797871, 0.87304022, -0.0019473859, -0.0011547937],
    [-0.44515584, -1.6951143, -0.91216425, 0.88804022, -0.0080512089, -0.0043331413],
    [-0.43736865, -1.6879539, -0.90247349, 0.91304022, -0.018224247, -0.0096303873],
    [-0.42646658, -1.6779294, -0.88890642, 0.94804022, -0.032466501, -0.017046532],
    [-0.41244964, -1.6650408, -0.87146305, 0.99304022, -0.05077797, -0.026581574],
    [-0.39531782, -1.6492881, -0.85014338, 1.0480402, -0.073158655, -0.038235516],
    [-0.37507113, -1.6306712, -0.8249474, 1.1130402, -0.099608554, -0.052008355],
    [-0.35170956, -1.6091902, -0.79587511, 1.1880402, -0.13012767, -0.067900092],
    [-0.32523311, -1.584845, -0.76292652, 1.2730402, -0.164716, -0.085910728],
    [-0.29564179, -1.5576357, -0.72610163, 1.3680402, -0.20337354, -0.10604026],
    [-0.2629356, -1.5275623, -0.68540044, 1.4730402, -0.24610029, -0.12828869],
    [-0.22711453, -1.4946247, -0.64082294, 1.5880402, -0.29289627, -0.15265602],
    [-0.18847145, -1.4590923, -0.59273359, 1.7120999, -0.34337885, -0.17894302],
    [-0.14932876, -1.4231005, -0.54402251, 1.8377636, -0.39451412, -0.20556989],
    [-0.11018608, -1.3871087, -0.49531143, 1.9634273, -0.44564939, -0.23219675],
    [-0.071043391, -1.3511169, -0.44660035, 2.0890911, -0.49678466, -0.25882361],
    [-0.031900704, -1.3151251, -0.39788926, 2.2147548, -0.54791993, -0.28545047],
    [0.007241983, -1.2791333, -0.34917818, 2.3404185, -0.5990552, -0.31207734],
    [0.04638467, -1.2431415, -0.3004671, 2.4660822, -0.65019047, -0.3387042],
    [0.085527357, -1.2071498, -0.25175602, 2.5917459, -0.70132573, -0.36533106],
    [0.12467004, -1.171158, -0.20304493, 2.7174096, -0.752461, -0.39195792],
    [0.16381273, -1.1351662, -0.15433385, 2.8430733, -0.80359627, -0.41858479],
    [0.20295542, -1.0991744, -0.10562277, 2.968737, -0.85473154, -0.44521165],
    [0.2420981, -1.0631826, -0.056911687, 3.0944007, -0.90586681, -0.47183851],
    [0.28124079, -1.0271908, -0.008200605, 3.2200644, -0.95700208, -0.49846537],
    [0.32038348, -0.99119897, 0.040510477, 3.3457281, -1.0081373, -0.52509224],
    [0.35952617, -0.95520717, 0.08922156, 3.4713918, -1.0592726, -0.5517191],
    [0.39866885, -0.91921538, 0.13793264, 3.5970555, -1.1104079, -0.57834596],
    [0.43781154, -0.88322358, 0.18664372, 3.7227192, -1.1615431, -0.60497282],
    [0.47695423, -0.84723178, 0.23535481, 3.8483829, -1.2126784, -0.63159969],
    [0.51598638, -0.81134162, 0.28392834, 3.9736918, -1.2636693, -0.65815136],
    [0.55274182, -0.7775449, 0.32966861, 4.0916915, -1.3116859, -0.68315429],
    [0.58638239, -0.74661232, 0.37153258, 4.1996912, -1.3556333, -0.70603833],
    [0.61690807, -0.71854388, 0.40952025, 4.2976909, -1.3955115, -0.72680347],
    [0.64431888, -0.69333957, 0.44363161, 4.3856905, -1.4313205, -0.74544971],
    [0.66861482, -0.6709994, 0.47386666, 4.4636902, -1.4630602, -0.76197705],
    [0.68979588, -0.65152336, 0.50022541, 4.5316899, -1.4907307, -0.77638549],
    [0.70786206, -0.63491146, 0.52270786, 4.5896896, -1.5143321, -0.78867503],
    [0.72281337, -0.6211637, 0.541314, 4.6376893, -1.5338642, -0.79884568],
    [0.7346498, -0.61028007, 0.55604383, 4.675689, -1.5493271, -0.80689743],
    [0.74337135, -0.60226058, 0.56689737, 4.7036886, -1.5607207, -0.81283028],
    [0.74897803, -0.59710523, 0.57387459, 4.7216883, -1.5680452, -0.81664423],
    [0.75146984, -0.59481401, 0.57697551, 4.729688, -1.5713004, -0.81833928],
    [0.75160998, -0.59468515, 0.57714991, 4.7301379, -1.5714835, -0.81843461]
  ]
}
