{
  "iteration": 11,
  "label": "pick_descend",
  "planning_time_ms": 116.92661,
  "scene": {
    "block_x": 0.24599769,
    "block_y": 0.37128857,
    "bin_x": 0.44942028,
    "bin_y": 0.28375919
  },
  "joint_names": ["shoulder_pan_joint", "shoulder_lift_joint", "elbow_joint", "wrist_1_joint", "wrist_2_joint", "wrist_3_joint"],
  "start_joints": [-1.7795362, -3.241952, 1.133709, 3.4956268, 1.4846048, -0.27099686],
  "goal_joints": [-1.8508648, -3.5099762, 1.3631933, 3.7028276, 1.5636189, -0.28617159],
  "num_waypoints": 12,
  "trajectory": [
    [-1.7795362, -3.241952, 1.133709, 3.4956268, 1.4846048, -0.27099686],
    [-1.7807377, -3.2467302, 1.138709, 3.4983411, 1.4858401, -0.27133181],
    [-1.7843551, -3.2611017, 1.1537063, 3.5065506, 1.4895635, -0.27233705],
    [-1.7905269, -3.2853945, 1.1784027, 3.5211494, 1.4959853, -0.27400144],
    [-1.799367, -3.3196872, 1.2117269, 3.5434382, 1.5053483, -0.27626052],
    [-1.8109526, -3.3638227, 1.2519425, 3.5750081, 1.517909, -0.27898833],
    [-1.8237121, -3.4114823, 1.2919471, 3.6127466, 1.5321175, -0.28166995],
    [-1.8344273, -3.4508038, 1.3222379, 3.6467567, 1.544348, -0.28364638],
    [-1.8425496, -3.4802058, 1.3432578, 3.6739089, 1.5537978, -0.28496915],
    [-1.8479616, -3.4996072, 1.356354, 3.6926448, 1.5601786, -0.28576358],
    [-1.8505937, -3.5090079, 1.3625546, 3.7018767, 1.5632977, -0.28613349],
    [-1.8508648, -3.5099762, 1.3631933, 3.7028276, 1.5636189, -0.28617159]
  ]
}
