{
  "iteration": 966,
  "label": "pre_pick",
  "planning_time_ms": 45.647411,
  "scene": {
    "block_x": 0.12468282,
    "block_y": 0.49394021,
    "bin_x": 0.39123922,
    "bin_y": 0.25809385
  },
  "joint_names": ["shoulder_pan_joint", "shoulder_lift_joint", "elbow_joint", "wrist_1_joint", "wrist_2_joint", "wrist_3_joint"],
  "start_joints": [-0.45140002, -1.7007503, -0.9205553, 0.86875234, -9.460932e-05, -0.00050486428],
  "goal_joints": [-5.2138821, -0.036683966, -0.62701339, 5.3756619, -1.5714323, -0.50097117],
  "num_waypoints": 84,
  "trajectory": [
    [-0.45140002, -1.7007503, -0.9205553, 0.86875234, -9.460932e-05, -0.00050486428],
    [-0.45640002, -1.6990033, -0.92024711, 0.87348402, -0.0017443139, -0.0010302902],
    [-0.47140002, -1.6937621, -0.91932257, 0.88767907, -0.0066934277, -0.002606568],
    [-0.49640002, -1.6850268, -0.91778166, 0.91133748, -0.014941951, -0.0052336976],
    [-0.53140002, -1.6727974, -0.91562439, 0.94445925, -0.026489883, -0.008911679],
    [-0.57640002, -1.6570739, -0.91285075, 0.98704438, -0.041337224, -0.013640512],
    [-0.63140002, -1.6378563, -0.90946076, 1.0390929, -0.059483975, -0.019420197],
    [-0.69383079, -1.6160422, -0.90561275, 1.0981734, -0.080082442, -0.025980747],
    [-0.75666265, -1.5940881, -0.90174003, 1.1576334, -0.10081324, -0.032583444],
    [-0.8194945, -1.5721339, -0.8978673, 1.2170935, -0.12154404, -0.03918614],
    [-0.88232635, -1.5501797, -0.89399458, 1.2765536, -0.14227484, -0.045788837],
    [-0.94515821, -1.5282255, -0.89012185, 1.3360136, -0.16300564, -0.052391534],
    [-1.0079901, -1.5062713, -0.88624913, 1.3954737, -0.18373644, -0.058994231],
    [-1.0708219, -1.4843172, -0.8823764, 1.4549338, -0.20446724, -0.065596928],
    [-1.1336538, -1.462363, -0.87850368, 1.5143938, -0.22519804, -0.072199625],
    [-1.1964856, -1.4404088, -0.87463095, 1.5738539, -0.24592884, -0.078802321],
    [-1.2593175, -1.4184546, -0.87075823, 1.633314, -0.26665964, -0.085405018],
    [-1.3221493, -1.3965005, -0.86688551, 1.692774, -0.28739043, -0.092007715],
    [-1.3849812, -1.3745463, -0.86301278, 1.7522341, -0.30812123, -0.098610412],
    [-1.447813, -1.3525921, -0.85914006, 1.8116941, -0.32885203, -0.10521311],
    [-1.5106449, -1.3306379, -0.85526733, 1.8711542, -0.34958283, -0.11181581],
    [-1.5734767, -1.3086837, -0.85139461, 1.9306143, -0.37031363, -0.1184185],
    [-1.6363086, -1.2867296, -0.84752188, 1.9900743, -0.39104443, -0.1250212],
    [-1.6991404, -1.2647754, -0.84364916, 2.0495344, -0.41177523, -0.1316239],
    [-1.7619723, -1.2428212, -0.83977643, 2.1089945, -0.43250603, -0.13822659],
    [-1.8248041, -1.220867, -0.83590371, 2.1684545, -0.45323683, -0.14482929],
    [-1.887636, -1.1989129, -0.83203098, 2.2279146, -0.47396763, -0.15143199],
    [-1.9504679, -1.1769587, -0.82815826, 2.2873746, -0.49469843, -0.15803468],
    [-2.0132997, -1.1550045, -0.82428553, 2.3468347, -0.51542923, -0.16463738],
    [-2.0761316, -1.1330503, -0.82041281, 2.4062948, -0.53616003, -0.17124008],
    [-2.1389634, -1.1110962, -0.81654008, 2.4657548, -0.55689082, -0.17784277],
    [-2.2017953, -1.089142, -0.81266736, 2.5252149, -0.57762162, -0.18444547],
    [-2.2646271, -1.0671878, -0.80879463, 2.584675, -0.59835242, -0.19104817],
    [-2.327459, -1.0452336, -0.80492191, 2.644135, -0.61908322, -0.19765086],
    [-2.3902908, -1.0232794, -0.80104919, 2.7035951, -0.63981402, -0.20425356],
    [-2.4531227, -1.0013253, -0.79717646, 2.7630551, -0.66054482, -0.21085626],
    [-2.5159545, -0.97937109, -0.79330374, 2.8225152, -0.68127562, -0.21745895],
    [-2.5787864, -0.95741691, -0.78943101, 2.8819753, -0.70200642, -0.22406165],
    [-2.6416182, -0.93546274, -0.78555829, 2.9414353, -0.72273722, -0.23066435],
    [-2.7044501, -0.91350856, -0.78168556, 3.0008954, -0.74346802, -0.23726705],
    [-2.7672819, -0.89155438, -0.77781284, 3.0603555, -0.76419882, -0.24386974],
    [-2.8301138, -0.86960021, -0.77394011, 3.1198155, -0.78492962, -0.25047244],
    [-2.8929457, -0.84764603, -0.77006739, 3.1792756, -0.80566042, -0.25707514],
    [-2.9557775, -0.82569185, -0.76619466, 3.2387356, -0.82639122, -0.26367783],
    [-3.0186094, -0.80373767, -0.76232194, 3.2981957, -0.84712201, -0.27028053],
    [-3.0814412, -0.7817835, -0.75844921, 3.3576558, -0.86785281, -0.27688323],
    [-3.1442731, -0.75982932, -0.75457649, 3.4171158, -0.88858361, -0.28348592],
    [-3.2071049, -0.73787514, -0.75070376, 3.4765759, -0.90931441, -0.29008862],
    [-3.2699368, -0.71592097, -0.74683104, 3.536036, -0.93004521, -0.29669132],
    [-3.3327686, -0.69396679, -0.74295831, 3.595496, -0.95077601, -0.30329401],
    [-3.3956005, -0.67201261, -0.73908559, 3.6549561, -0.97150681, -0.30989671],
    [-3.4584323, -0.65005843, -0.73521286, 3.7144162, -0.99223761, -0.31649941],
    [-3.5212642, -0.62810426, -0.73134014, 3.7738762, -1.0129684, -0.3231021],
    [-3.584096, -0.60615008, -0.72746742, 3.8333363, -1.0336992, -0.3297048],
    [-3.6469279, -0.5841959, -0.72359469, 3.8927963, -1.05443, -0.3363075],
    [-3.7097597, -0.56224173, -0.71972197, 3.9522564, -1.0751608, -0.34291019],
    [-3.7725916, -0.54028755, -0.71584924, 4.0117165, -1.0958916, -0.34951289],
    [-3.8354234, -0.51833337, -0.71197652, 4.0711765, -1.1166224, -0.35611559],
    [-3.8982553, -0.49637919, -0.70810379, 4.1306366, -1.1373532, -0.36271829],
    [-3.9610872, -0.47442502, -0.70423107, 4.1900967, -1.158084, -0.36932098],
    [-4.023919, -0.45247084, -0.70035834, 4.2495567, -1.1788148, -0.37592368],
    [-4.0867509, -0.43051666, -0.69648562, 4.3090168, -1.1995456, -0.38252638],
    [-4.1495827, -0.40856249, -0.69261289, 4.3684768, -1.2202764, -0.38912907],
    [-4.2124146, -0.38660831, -0.68874017, 4.4279369, -1.2410072, -0.39573177],
    [-4.2752464, -0.36465413, -0.68486744, 4.487397, -1.261738, -0.40233447],
    [-4.3380783, -0.34269995, -0.68099472, 4.546857, -1.2824688, -0.40893716],
    [-4.4009101, -0.32074578, -0.67712199, 4.6063171, -1.3031996, -0.41553986],
    [-4.463742, -0.2987916, -0.67324927, 4.6657772, -1.3239304, -0.42214256],
    [-4.5265738, -0.27683742, -0.66937654, 4.7252372, -1.3446612, -0.42874525],
    [-4.5894057, -0.25488325, -0.66550382, 4.7846973, -1.365392, -0.43534795],
    [-4.6522375, -0.23292907, -0.66163109, 4.8441573, -1.3861228, -0.44195065],
    [-4.7150694, -0.21097489, -0.65775837, 4.9036174, -1.4068536, -0.44855334],
    [-4.7779012, -0.18902071, -0.65388565, 4.9630775, -1.4275844, -0.45515604],
    [-4.8407331, -0.16706654, -0.65001292, 5.0225375, -1.4483152, -0.46175874],
    [-4.9035649, -0.14511236, -0.6461402, 5.0819976, -1.469046, -0.46836143],
    [-4.9663968, -0.12315818, -0.64226747, 5.1414577, -1.4897768, -0.47496413],
    [-5.0290231, -0.10127582, -0.63840741, 5.2007232, -1.5104398, -0.48154523],
    [-5.0848276, -0.081777104, -0.63496783, 5.253533, -1.5288519, -0.48740945],
    [-5.130632, -0.065772505, -0.63214462, 5.2968794, -1.5439647, -0.49222282],
    [-5.1664364, -0.053262023, -0.62993776, 5.3307624, -1.555778, -0.49598533],
    [-5.1922408, -0.044245657, -0.62834727, 5.3551821, -1.564292, -0.49869699],
    [-5.2080453, -0.038723406, -0.62737315, 5.3701384, -1.5695065, -0.50035781],
    [-5.2138497, -0.036695271, -0.62701538, 5.3756313, -1.5714216, -0.50096777],
    [-5.2138821, -0.036683966, -0.62701339, 5.3756619, -1.5714323, -0.50097117]
  ]
}
