{
  "iteration": 0,
  "label": "place_retreat",
  "planning_time_ms": 594.88833,
  "scene": {
    "block_x": 0.2296688,
    "block_y": 0.35666919,
    "bin_x": 0.3837279,
    "bin_y": 0.33920475
  },
  "joint_names": ["shoulder_pan_joint", "shoulder_lift_joint", "elbow_joint", "wrist_1_joint", "wrist_2_joint", "wrist_3_joint"],
  "start_joints": [-2.1597339, -2.5417763, -0.68091002, -1.4901283, -4.7132635, -0.58859667],
  "goal_joints": [-5.8153437, -0.60500622, 0.59652377, 4.7210633, -1.5703669, -1.102775],
  "num_waypoints": 96,
  "trajectory": [
    [-2.1597339, -2.5417763, -0.68091002, -1.4901283, -4.7132635, -0.58859667],
    [-2.1608272, -2.5403827, -0.68066929, -1.4892666, -4.7082635, -0.5891891],
    [-2.164107, -2.5362021, -0.67994711, -1.4866814, -4.6932635, -0.59096638],
    [-2.1695733, -2.5292343, -0.67874348, -1.4823727, -4.6682635, -0.59392851],
    [-2.1772262, -2.5194794, -0.67705839, -1.4763405, -4.6332635, -0.59807549],
    [-2.1870657, -2.5069373, -0.67489185, -1.4685849, -4.5882635, -0.60340733],
    [-2.1990917, -2.4916082, -0.67224386, -1.4591058, -4.5332635, -0.60992402],
    [-2.2133042, -2.4734919, -0.66911442, -1.4479032, -4.4682635, -0.61762556],
    [-2.2297032, -2.4525885, -0.66550352, -1.4349771, -4.3932635, -0.62651196],
    [-2.2482888, -2.428898, -0.66141117, -1.4203276, -4.3082635, -0.63658321],
    [-2.269061, -2.4024204, -0.65683737, -1.4039546, -4.2132635, -0.64783931],
    [-2.2920197, -2.3731556, -0.65178211, -1.3858581, -4.1082635, -0.66028026],
    [-2.3171649, -2.3411038, -0.6462454, -1.3660382, -3.9932636, -0.67390606],
    [-2.344291, -2.3065269, -0.64027251, -1.3446568, -3.8692039, -0.68860531],
    [-2.3717679, -2.2715029, -0.63422239, -1.322999, -3.7435402, -0.70349461],
    [-2.3992448, -2.2364789, -0.62817228, -1.3013412, -3.6178765, -0.71838391],
    [-2.4267217, -2.2014549, -0.62212216, -1.2796833, -3.4922128, -0.73327321],
    [-2.4541986, -2.166431, -0.61607204, -1.2580255, -3.366549, -0.74816251],
    [-2.4816755, -2.131407, -0.61002192, -1.2363677, -3.2408853, -0.76305181],
    [-2.5091524, -2.096383, -0.60397181, -1.2147099, -3.1152216, -0.7779411],
    [-2.5366293, -2.0613591, -0.59792169, -1.1930521, -2.9895579, -0.7928304],
    [-2.5641061, -2.0263351, -0.59187157, -1.1713942, -2.8638942, -0.8077197],
    [-2.591583, -1.9913111, -0.58582145, -1.1497364, -2.7382305, -0.822609],
    [-2.6190599, -1.9562872, -0.57977134, -1.1280786, -2.6125668, -0.8374983],
    [-2.6465368, -1.9212632, -0.57372122, -1.1064208, -2.4869031, -0.8523876],
    [-2.6739337, -1.8863412, -0.56768871, -1.084826, -2.3616052, -0.86723356],
    [-2.699726, -1.8534646, -0.56200954, -1.0644961, -2.2436461, -0.88120998],
    [-2.7233317, -1.8233751, -0.55681181, -1.0458896, -2.135687, -0.89400154],
    [-2.7447508, -1.7960727, -0.55209554, -1.0290066, -2.037728, -0.90560824],
    [-2.7639834, -1.7715575, -0.54786073, -1.0138471, -1.9497689, -0.9160301],
    [-2.7810295, -1.7498294, -0.54410737, -1.000411, -1.8718098, -0.9252671],
    [-2.795889, -1.7308884, -0.54083546, -0.98869847, -1.8038508, -0.93331925],
    [-2.8088975, -1.7145963, -0.53792091, -0.978091, -1.7458006, -0.94021241],
    [-2.824836, -1.6986693, -0.53364974, -0.96016042, -1.6947909, -0.94648487],
    [-2.8452425, -1.6823055, -0.5274823, -0.93227787, -1.6495639, -0.95234599],
    [-2.8687489, -1.6666094, -0.5198307, -0.89630311, -1.6131898, -0.95739871],
    [-2.8944121, -1.6521471, -0.51101306, -0.85375785, -1.5868094, -0.96147472],
    [-2.9235867, -1.637657, -0.50065038, -0.80300542, -1.5665472, -0.96505744],
    [-2.9584281, -1.620448, -0.48825829, -0.74227812, -1.5428258, -0.96928459],
    [-2.9990068, -1.6004052, -0.4738256, -0.67155082, -1.5151982, -0.97420782],
    [-3.0453228, -1.5775286, -0.45735229, -0.59082352, -1.4836644, -0.97982713],
    [-3.0973762, -1.5518182, -0.43883837, -0.50009623, -1.4482243, -0.98614253],
    [-3.155167, -1.5232739, -0.41828384, -0.39936894, -1.4088781, -0.99315402],
    [-3.2175875, -1.4924429, -0.39608262, -0.29057208, -1.3663797, -1.0007272],
    [-3.2804194, -1.4614088, -0.37373512, -0.18105831, -1.3236012, -1.0083503],
    [-3.3432512, -1.4303746, -0.35138761, -0.071544548, -1.2808228, -1.0159734],
    [-3.4060831, -1.3993404, -0.3290401, 0.037969216, -1.2380443, -1.0235965],
    [-3.4689149, -1.3683063, -0.30669259, 0.14748298, -1.1952659, -1.0312196],
    [-3.5298109, -1.3382283, -0.28503364, 0.25362249, -1.1538055, -1.0386079],
    [-3.5850609, -1.310939, -0.26538278, 0.34992132, -1.1161891, -1.0453111],
    [-3.6345735, -1.2864835, -0.24777254, 0.43622016, -1.0824789, -1.0513182],
    [-3.6783488, -1.2648618, -0.23220291, 0.51251899, -1.0526749, -1.0566293],
    [-3.7168135, -1.2460025, -0.21849792, 0.57973206, -1.0271811, -1.061221],
    [-3.7542453, -1.229271, -0.2048796, 0.64712293, -1.0104556, -1.064816],
    [-3.791384, -1.2146499, -0.19102445, 0.71640657, -1.0037299, -1.0673167],
    [-3.8277778, -1.2023007, -0.17710385, 0.78672017, -1.0070041, -1.0687013],
    [-3.8651288, -1.1910419, -0.16257151, 0.86061389, -1.0174205, -1.0693601],
    [-3.9074258, -1.1783317, -0.14610795, 0.94434084, -1.029413, -1.0700848],
    [-3.9547747, -1.1641035, -0.12767805, 1.0380678, -1.0428379, -1.0708961],
    [-4.0071752, -1.1483572, -0.10728182, 1.1417947, -1.0576951, -1.0717939],
    [-4.0646276, -1.1310929, -0.084919244, 1.2555217, -1.0739846, -1.0727783],
    [-4.1266535, -1.1124542, -0.060776502, 1.3783018, -1.0915709, -1.073841],
    [-4.1894853, -1.0935734, -0.036320036, 1.5026774, -1.1093856, -1.0749176],
    [-4.2523172, -1.0746926, -0.01186357, 1.6270531, -1.1272004, -1.0759942],
    [-4.315149, -1.0558117, 0.012592895, 1.7514287, -1.1450152, -1.0770707],
    [-4.3779809, -1.0369309, 0.037049361, 1.8758043, -1.16283, -1.0781473],
    [-4.4408127, -1.01805, 0.061505827, 2.0001799, -1.1806447, -1.0792238],
    [-4.5036446, -0.99916917, 0.085962293, 2.1245555, -1.1984595, -1.0803004],
    [-4.5664764, -0.98028833, 0.11041876, 2.2489312, -1.2162743, -1.081377],
    [-4.6293083, -0.96140748, 0.13487522, 2.3733068, -1.2340891, -1.0824535],
    [-4.6921401, -0.94252663, 0.15933169, 2.4976824, -1.2519039, -1.0835301],
    [-4.754972, -0.92364579, 0.18378816, 2.622058, -1.2697186, -1.0846066],
    [-4.8178038, -0.90476494, 0.20824462, 2.7464337, -1.2875334, -1.0856832],
    [-4.8806357, -0.8858841, 0.23270109, 2.8708093, -1.3053482, -1.0867597],
    [-4.9434676, -0.86700325, 0.25715755, 2.9951849, -1.323163, -1.0878363],
    [-5.0062994, -0.8481224, 0.28161402, 3.1195605, -1.3409778, -1.0889129],
    [-5.0691313, -0.82924156, 0.30607048, 3.2439361, -1.3587925, -1.0899894],
    [-5.1319631, -0.81036071, 0.33052695, 3.3683118, -1.3766073, -1.091066],
    [-5.194795, -0.79147987, 0.35498342, 3.4926874, -1.3944221, -1.0921425],
    [-5.2576268, -0.77259902, 0.37943988, 3.617063, -1.4122369, -1.0932191],
    [-5.3204587, -0.75371817, 0.40389635, 3.7414386, -1.4300516, -1.0942956],
    [-5.3832905, -0.73483733, 0.42835281, 3.8658143, -1.4478664, -1.0953722],
    [-5.4458262, -0.71604549, 0.45269399, 3.9896035, -1.4655972, -1.0964437],
    [-5.5044022, -0.69844351, 0.47549393, 4.1055547, -1.4822053, -1.0974473],
    [-5.5579264, -0.68235959, 0.49632753, 4.211506, -1.4973811, -1.0983644],
    [-5.6063989, -0.66779371, 0.51519479, 4.3074572, -1.5111246, -1.0991949],
    [-5.6498196, -0.65474588, 0.53209571, 4.3934084, -1.5234357, -1.0999389],
    [-5.6881885, -0.64321611, 0.54703029, 4.4693596, -1.5343144, -1.1005963],
    [-5.7215056, -0.63320438, 0.55999854, 4.5353108, -1.5437609, -1.1011672],
    [-5.7497709, -0.62471071, 0.57100044, 4.591262, -1.551775, -1.1016515],
    [-5.7729845, -0.61773508, 0.58003601, 4.6372132, -1.5583567, -1.1020492],
    [-5.7911462, -0.61227751, 0.58710523, 4.6731644, -1.5635062, -1.1023604],
    [-5.8042562, -0.60833798, 0.59220812, 4.6991156, -1.5672232, -1.102585],
    [-5.8123144, -0.60591651, 0.59534467, 4.7150668, -1.569508, -1.1027231],
