{
  "iteration": 856,
  "label": "pre_pick",
  "planning_time_ms": 40.468571,
  "scene": {
    "block_x": 0.17563274,
    "block_y": 0.38800599,
    "bin_x": 0.2958331,
    "bin_y": 0.2713511
  },
  "joint_names": ["shoulder_pan_joint", "shoulder_lift_joint", "elbow_joint", "wrist_1_joint", "wrist_2_joint", "wrist_3_joint"],
  "start_joints": [-0.45129268, -1.7007, -0.92061467, 0.86878853, -9.5104477e-05, -0.00045746482],
  "goal_joints": [0.83862581, 0.22897011, -1.3894395, -0.41008864, -1.5713028, -0.73193398],
  "num_waypoints": 38,
  "trajectory": [
    [-0.45129268, -1.7007, -0.92061467, 0.86878853, -9.5104477e-05, -0.00045746482],
    [-0.44795035, -1.6957, -0.92182945, 0.86547481, -0.0041662865, -0.0023528057],
    [-0.43792336, -1.6807, -0.92547379, 0.85553365, -0.016379833, -0.0080388282],
    [-0.42121172, -1.6557, -0.93154769, 0.83896505, -0.036735743, -0.017515532],
    [-0.39781542, -1.6207, -0.94005115, 0.81576901, -0.065234017, -0.030782918],
    [-0.36773445, -1.5757, -0.95098416, 0.78594553, -0.10187466, -0.047840986],
    [-0.33096884, -1.5207, -0.96434674, 0.74949462, -0.14665766, -0.068689734],
    [-0.28923598, -1.4582692, -0.97951467, 0.70811899, -0.19749108, -0.092355262],
    [-0.24723504, -1.3954374, -0.99478004, 0.66647756, -0.24865107, -0.11617282],
    [-0.20523409, -1.3326055, -1.0100454, 0.62483613, -0.29981105, -0.13999037],
    [-0.16323315, -1.2697736, -1.0253108, 0.5831947, -0.35097103, -0.16380793],
    [-0.1212322, -1.2069418, -1.0405762, 0.54155327, -0.40213101, -0.18762548],
    [-0.079231255, -1.1441099, -1.0558415, 0.49991184, -0.453291, -0.21144304],
    [-0.037230309, -1.0812781, -1.0711069, 0.45827041, -0.50445098, -0.23526059],
    [0.0047706363, -1.0184462, -1.0863723, 0.41662898, -0.55561096, -0.25907815],
    [0.046771582, -0.95561438, -1.1016376, 0.37498755, -0.60677094, -0.28289571],
    [0.088772528, -0.89278253, -1.116903, 0.33334612, -0.65793093, -0.30671326],
    [0.13077347, -0.82995067, -1.1321684, 0.29170469, -0.70909091, -0.33053082],
    [0.17277442, -0.76711882, -1.1474338, 0.25006326, -0.76025089, -0.35434837],
    [0.21477536, -0.70428697, -1.1626991, 0.20842183, -0.81141087, -0.37816593],
    [0.25677631, -0.64145511, -1.1779645, 0.1667804, -0.86257086, -0.40198348],
    [0.29877726, -0.57862326, -1.1932299, 0.12513897, -0.91373084, -0.42580104],
    [0.3407782, -0.51579141, -1.2084952, 0.083497538, -0.96489082, -0.44961859],
    [0.38277915, -0.45295955, -1.2237606, 0.041856108, -1.0160508, -0.47343615],
    [0.42478009, -0.3901277, -1.239026, 0.00021467819, -1.0672108, -0.4972537],
    [0.46678104, -0.32729585, -1.2542914, -0.041426752, -1.1183708, -0.52107126],
    [0.50878198, -0.26446399, -1.2695567, -0.083068182, -1.1695308, -0.54488881],
    [0.55078293, -0.20163214, -1.2848221, -0.12470961, -1.2206907, -0.56870637],
    [0.59278387, -0.13880029, -1.3000875, -0.16635104, -1.2718507, -0.59252393],
    [0.63478482, -0.075968436, -1.3153528, -0.20799247, -1.3230107, -0.61634148],
    [0.67678577, -0.013136582, -1.3306182, -0.2496339, -1.3741707, -0.64015904],
    [0.71850882, 0.049279556, -1.3457826, -0.29099982, -1.4249922, -0.66381901],
    [0.75523995, 0.10422796, -1.3591326, -0.32741654, -1.4697332, -0.6846482],
    [0.78528642, 0.14917636, -1.3700531, -0.35720582, -1.5063318, -0.70168671],
    [0.80864823, 0.18412477, -1.378544, -0.38036766, -1.5347881, -0.71493453],
    [0.82532539, 0.20907317, -1.3846054, -0.39690207, -1.555102, -0.72439168],
    [0.83531788, 0.22402157, -1.3882372, -0.40680903, -1.5672735, -0.73005814],
    [0.83862581, 0.22897011, -1.3894395, -0.41008864, -1.5713028, -0.73193398]
  ]
}
