{
  "iteration": 830,
  "label": "pre_pick",
  "planning_time_ms": 94.1826,
  "scene": {
    "block_x": 0.15039471,
    "block_y": 0.44011105,
    "bin_x": 0.42143674,
    "bin_y": 0.39137174
  },
  "joint_names": ["shoulder_pan_joint", "shoulder_lift_joint", "elbow_joint", "wrist_1_joint", "wrist_2_joint", "wrist_3_joint"],
  "start_joints": [-0.45128909, -1.7007642, -0.92030288, 0.86845089, -1.5566171e-05, -0.00025866428],
  "goal_joints": [0.96140956, -0.87275464, 1.0913688, 4.494099, -1.5702846, -0.60915029],
  "num_waypoints": 45,
  "trajectory": [
    [-0.45128909, -1.7007642, -0.92030288, 0.86845089, -1.5566171e-05, -0.00025866428],
    [-0.44934089, -1.6996223, -0.91752865, 0.87345089, -0.0021810674, -0.0010983647],
    [-0.44349629, -1.6961967, -0.90920598, 0.88845089, -0.008677571, -0.0036174658],
    [-0.43375528, -1.6904873, -0.89533486, 0.91345089, -0.019505077, -0.0078159678],
    [-0.42011787, -1.6824941, -0.8759153, 0.94845089, -0.034663585, -0.01369387],
    [-0.40258405, -1.6722172, -0.85094729, 0.99345089, -0.054153096, -0.021251174],
    [-0.38115384, -1.6596566, -0.82043083, 1.0484509, -0.077973609, -0.030487878],
    [-0.35582722, -1.6448122, -0.78436593, 1.1134509, -0.10612512, -0.041403983],
    [-0.3266042, -1.627684, -0.74275258, 1.1884509, -0.13860764, -0.053999487],
    [-0.29348478, -1.6082721, -0.69559078, 1.2734509, -0.17542116, -0.068274393],
    [-0.25646895, -1.5865764, -0.64288054, 1.3684509, -0.21656567, -0.084228697],
    [-0.21555673, -1.562597, -0.58462186, 1.4734508, -0.26204119, -0.1018624],
    [-0.17163782, -1.5368553, -0.52208169, 1.5861674, -0.31085875, -0.12079203],
    [-0.12751408, -1.5109935, -0.45924983, 1.6994096, -0.35990399, -0.13980994],
    [-0.083390345, -1.4851317, -0.39641798, 1.8126518, -0.40894922, -0.15882784],
    [-0.039266606, -1.45927, -0.33358613, 1.9258941, -0.45799446, -0.17784575],
    [0.0048571325, -1.4334082, -0.27075427, 2.0391363, -0.5070397, -0.19686366],
    [0.048980871, -1.4075464, -0.20792242, 2.1523785, -0.55608494, -0.21588157],
    [0.09310461, -1.3816847, -0.14509057, 2.2656208, -0.60513018, -0.23489948],
    [0.13722835, -1.3558229, -0.082258715, 2.378863, -0.65417541, -0.25391739],
    [0.18135209, -1.3299612, -0.019426862, 2.4921052, -0.70322065, -0.2729353],
    [0.22547583, -1.3040994, 0.043404991, 2.6053475, -0.75226589, -0.29195321],
    [0.26959956, -1.2782376, 0.10623684, 2.7185897, -0.80131113, -0.31097112],
    [0.3137233, -1.2523759, 0.1690687, 2.8318319, -0.85035637, -0.32998903],
    [0.35784704, -1.2265141, 0.23190055, 2.9450742, -0.89940161, -0.34900694],
    [0.40197078, -1.2006523, 0.2947324, 3.0583164, -0.94844684, -0.36802485],
    [0.44609452, -1.1747906, 0.35756426, 3.1715586, -0.99749208, -0.38704276],
    [0.49021826, -1.1489288, 0.42039611, 3.2848009, -1.0465373, -0.40606067],
    [0.53434199, -1.1230671, 0.48322796, 3.3980431, -1.0955826, -0.42507857],
    [0.57846573, -1.0972053, 0.54605982, 3.5112853, -1.1446278, -0.44409648],
    [0.62258947, -1.0713435, 0.60889167, 3.6245276, -1.193673, -0.46311439],
    [0.66671321, -1.0454818, 0.67172352, 3.7377698, -1.2427183, -0.4821323],
    [0.71083695, -1.01962, 0.73455538, 3.851012, -1.2917635, -0.50115021],
    [0.7530772, -0.99486219, 0.79470516, 3.9594204, -1.3387152, -0.51935632],
    [0.7914216, -0.97238781, 0.84930728, 4.0578301, -1.3813365, -0.53588325],
    [0.8258696, -0.95219719, 0.89836096, 4.1462398, -1.4196267, -0.55073079],
    [0.85642119, -0.93429032, 0.94186618, 4.2246496, -1.453586, -0.56389893],
    [0.88307638, -0.9186672, 0.97982296, 4.2930593, -1.4832143, -0.57538766],
    [0.90583517, -0.90532785, 1.0122313, 4.351469, -1.5085116, -0.585197],
    [0.92469755, -0.89427224, 1.0390912, 4.3998788, -1.5294778, -0.59332693],
    [0.93966353, -0.8855004, 1.0604026, 4.4382885, -1.5461131, -0.59977747],
    [0.95073311, -0.87901231, 1.0761656, 4.4666982, -1.5584174, -0.6045486],
    [0.95790628, -0.87480797, 1.0863801, 4.485108, -1.5663906, -0.60764033],
    [0.96118305, -0.8728874, 1.0910462, 4.4935177, -1.5700329, -0.60905266],
    [0.96140956, -0.87275464, 1.0913688, 4.494099, -1.5702846, -0.60915029]
  ]
}
