{
  "iteration": 13,
  "label": "pick_descend",
  "planning_time_ms": 36.88155,
  "scene": {
    "block_x": 0.13762041,
    "block_y": 0.3754408,
    "bin_x": 0.21758833,
    "bin_y": 0.26195306
  },
  "joint_names": ["shoulder_pan_joint", "shoulder_lift_joint", "elbow_joint", "wrist_1_joint", "wrist_2_joint", "wrist_3_joint"],
  "start_joints": [4.6808378, -3.4010515, 1.5509208, 3.4223865, -4.6953891, -0.014759829],
  "goal_joints": [0.89106187, 0.46304715, -1.6650748, -0.36817462, -1.5697087, -0.67892418],
  "num_waypoints": 52,
  "trajectory": [
    [4.6808378, -3.4010515, 1.5509208, 3.4223865, -4.6953891, -0.014759829],
    [4.6812233, -3.4060515, 1.554278, 3.4240016, -4.6957719, -0.014762073],
    [4.68238, -3.4210515, 1.5642827, 3.4289134, -4.6969207, -0.014768951],
    [4.6843069, -3.4460034, 1.5803501, 3.4376557, -4.6988357, -0.014781643],
    [4.6861331, -3.4696082, 1.5948668, 3.4466055, -4.7006519, -0.014795151],
    [4.6871872, -3.4832134, 1.6029312, 3.452065, -4.701701, -0.014803606],
    [4.6852522, -3.4891028, 1.6056957, 3.4529972, -4.7002172, -0.015262507],
    [4.6805122, -3.4867242, 1.6030393, 3.4491806, -4.6963416, -0.016127881],
    [4.668325, -3.474347, 1.5926983, 3.4370926, -4.686287, -0.01825643],
    [4.6462914, -3.4519699, 1.5740026, 3.4152383, -4.6681089, -0.022104717],
    [4.6144113, -3.4195927, 1.546952, 3.3836176, -4.6418073, -0.027672743],
    [4.5726847, -3.3772155, 1.5115466, 3.3422306, -4.6073822, -0.034960507],
    [4.5211116, -3.3248384, 1.4677864, 3.2910773, -4.5648335, -0.043968009],
    [4.4596921, -3.2624612, 1.4156713, 3.2301576, -4.5141614, -0.05469525],
    [4.388426, -3.190084, 1.3552014, 3.1594715, -4.4553658, -0.067142229],
    [4.3073135, -3.1077069, 1.2863766, 3.0790191, -4.3884467, -0.081308946],
    [4.2163545, -3.0153297, 1.2091971, 2.9888004, -4.3134041, -0.097195401],
    [4.115549, -2.9129525, 1.1236627, 2.8888153, -4.2302379, -0.1148016],
    [4.0048971, -2.8005754, 1.0297734, 2.7790639, -4.1389483, -0.13412753],
    [3.8843987, -2.6781982, 0.92752936, 2.6595461, -4.0395352, -0.1551732],
    [3.7540537, -2.545821, 0.81693046, 2.530262, -3.9319985, -0.17793861],
    [3.6138623, -2.4034439, 0.69797673, 2.3912116, -3.8163384, -0.20242375],
    [3.4638245, -2.2510667, 0.57066817, 2.2423947, -3.6925547, -0.22862864],
    [3.3039401, -2.0886895, 0.43500477, 2.0838116, -3.5606476, -0.25655326],
    [3.1342093, -1.9163124, 0.29098654, 1.9154621, -3.4206169, -0.28619763],
    [2.954632, -1.7339352, 0.13861348, 1.7373462, -3.2724628, -0.31756173],
    [2.765297, -1.5416483, -0.022039001, 1.5495522, -3.1162584, -0.35063004],
    [2.5777442, -1.3511712, -0.18117939, 1.3635257, -2.9615243, -0.38338711],
    [2.4000378, -1.1706942, -0.33196494, 1.1872656, -2.8149137, -0.41442445],
    [2.2321779, -1.0002171, -0.47439566, 1.0207718, -2.6764266, -0.44374204],
    [2.0741645, -0.83974006, -0.60847155, 0.86404434, -2.546063, -0.4713399],
    [1.9259975, -0.689263, -0.73419261, 0.71708324, -2.4238229, -0.49721801],
    [1.7876771, -0.54878594, -0.85155883, 0.57988849, -2.3097063, -0.52137639],
    [1.6592031, -0.41830887, -0.96057023, 0.45246008, -2.2037132, -0.54381503],
    [1.5405756, -0.29783181, -1.0612268, 0.33479802, -2.1058436, -0.56453393],
    [1.4317946, -0.18735475, -1.1535285, 0.2269023, -2.0160976, -0.5835331],
    [1.3328601, -0.086877691, -1.2374754, 0.12877293, -1.934475, -0.60081252],
    [1.243772, 0.0035993706, -1.3130675, 0.040409904, -1.8609759, -0.61637221],
    [1.1645304, 0.084076432, -1.3803047, -0.038186776, -1.7956003, -0.63021216],
    [1.0951353, 0.15455349, -1.4391871, -0.10701711, -1.7383483, -0.64233237],
    [1.0355867, 0.21503055, -1.4897147, -0.1660811, -1.6892197, -0.65273284],
    [0.98588457, 0.26550762, -1.5318874, -0.21537874, -1.6482147, -0.66141358],
    [0.94602891, 0.30598468, -1.5657053, -0.25491004, -1.6153331, -0.66837457],
    [0.91601973, 0.33646174, -1.5911684, -0.28467499, -1.590575, -0.67361583],
    [0.89585703, 0.3569388, -1.6082766, -0.3046736, -1.5739405, -0.67713735],
    [0.88554736, 0.36923691, -1.6180526, -0.3158831, -1.5654297, -0.67895488],
    [0.88467624, 0.38483129, -1.6270459, -0.32468516, -1.5646695, -0.67924306],
    [0.88663281, 0.40889822, -1.6395232, -0.33729027, -1.5662113, -0.67914378],
    [0.88888847, 0.43653377, -1.6529842, -0.35263155, -1.5679913, -0.67903108],
    [0.89036558, 0.45456144, -1.6612634, -0.36314171, -1.5691583, -0.67895831],
    [0.89102427, 0.46258888, -1.664869, -0.36790282, -1.569679, -0.67892602],
    [0.89106187, 0.46304715, -1.6650748, -0.36817462, -1.5697087, -0.67892418]
  ]
}
