{
  "iteration": 497,
  "label": "pre_pick",
  "planning_time_ms": 47.807609,
  "scene": {
    "block_x": 0.21997975,
    "block_y": 0.36870848,
    "bin_x": 0.40814294,
    "bin_y": 0.37682914
  },
  "joint_names": ["shoulder_pan_joint", "shoulder_lift_joint", "elbow_joint", "wrist_1_joint", "wrist_2_joint", "wrist_3_joint"],
  "start_joints": [-0.45140013, -1.7008036, -0.92050229, 0.86876089, 4.5092901e-05, -0.00029394784],
  "goal_joints": [-1.7981806, -3.3629067, 1.3630968, 3.5698032, 1.5711863, -0.22681315],
  "num_waypoints": 48,
  "trajectory": [
    [-0.45140013, -1.7008036, -0.92050229, 0.86876089, 4.5092901e-05, -0.00029394784],
    [-0.45369273, -1.7037691, -0.91652858, 0.87376089, 0.0028274696, -0.0009957708],
    [-0.46057054, -1.7126653, -0.90460747, 0.88876089, 0.0111746, -0.0031012397],
    [-0.47203354, -1.7274924, -0.88473896, 0.91376089, 0.025086484, -0.0066103545],
    [-0.48808175, -1.7482504, -0.85692303, 0.94876089, 0.044563121, -0.011523115],
    [-0.50871516, -1.7749392, -0.8211597, 0.99376089, 0.069604511, -0.017839522],
    [-0.53393377, -1.8075588, -0.77744896, 1.0487609, 0.10021065, -0.025559574],
    [-0.56373758, -1.8461093, -0.72579083, 1.1137609, 0.13638154, -0.03468327],
    [-0.5981063, -1.8905643, -0.66622046, 1.1887166, 0.17809255, -0.045204399],
    [-0.63435671, -1.9374533, -0.60338861, 1.2677762, 0.22208725, -0.056301562],
    [-0.67060712, -1.9843423, -0.54055676, 1.3468357, 0.26608195, -0.067398726],
    [-0.70685753, -2.0312313, -0.47772491, 1.4258953, 0.31007665, -0.078495889],
    [-0.74310794, -2.0781203, -0.41489305, 1.5049548, 0.35407134, -0.089593052],
    [-0.77935835, -2.1250093, -0.3520612, 1.5840144, 0.39806604, -0.10069022],
    [-0.81560876, -2.1718982, -0.28922935, 1.663074, 0.44206074, -0.11178738],
    [-0.85185917, -2.2187872, -0.22639749, 1.7421335, 0.48605543, -0.12288454],
    [-0.88810958, -2.2656762, -0.16356564, 1.8211931, 0.53005013, -0.1339817],
    [-0.92435999, -2.3125652, -0.10073379, 1.9002527, 0.57404483, -0.14507887],
    [-0.9606104, -2.3594542, -0.037901934, 1.9793122, 0.61803953, -0.15617603],
    [-0.99686081, -2.4063432, 0.024929919, 2.0583718, 0.66203422, -0.16727319],
    [-1.0331112, -2.4532321, 0.087761772, 2.1374313, 0.70602892, -0.17837036],
    [-1.0693616, -2.5001211, 0.15059362, 2.2164909, 0.75002362, -0.18946752],
    [-1.105612, -2.5470101, 0.21342548, 2.2955505, 0.79401832, -0.20056468],
    [-1.1418625, -2.5938991, 0.27625733, 2.37461, 0.83801301, -0.21166185],
    [-1.1781129, -2.6407881, 0.33908918, 2.4536696, 0.88200771, -0.22275901],
    [-1.2143633, -2.6876771, 0.40192104, 2.5327291, 0.92600241, -0.23385617],
    [-1.2506137, -2.7345661, 0.46475289, 2.6117887, 0.96999711, -0.24495334],
    [-1.2868641, -2.781455, 0.52758474, 2.6908483, 1.0139918, -0.2560505],
    [-1.3231145, -2.828344, 0.5904166, 2.7699078, 1.0579865, -0.26714766],
    [-1.3593649, -2.875233, 0.65324845, 2.8489674, 1.1019812, -0.27824483],
    [-1.3956153, -2.922122, 0.7160803, 2.928027, 1.1459759, -0.28934199],
    [-1.4318657, -2.969011, 0.77891216, 3.0070865, 1.1899706, -0.30043915],
    [-1.4681161, -3.0159, 0.84174401, 3.0861461, 1.2339653, -0.31153632],
    [-1.5043666, -3.0627889, 0.90457586, 3.1652056, 1.27796, -0.32263348],
    [-1.5405077, -3.1095366, 0.96721837, 3.244027, 1.3218221, -0.3336972],
    [-1.5734646, -3.1521656, 1.0243417, 3.3159037, 1.3618197, -0.34378614],
    [-1.6018364, -3.1888637, 1.0735176, 3.3777803, 1.3962526, -0.35247144],
    [-1.6256229, -3.2196309, 1.1147461, 3.429657, 1.4251207, -0.35975309],
    [-1.6448242, -3.2444673, 1.1480273, 3.4715337, 1.448424, -0.36563109],
    [-1.6629579, -3.2659434, 1.1782013, 3.5052326, 1.4688626, -0.36658172],
    [-1.684567, -3.2871715, 1.2113879, 3.5324933, 1.4897589, -0.35757105],
    [-1.7089715, -3.307345, 1.2464547, 3.552049, 1.5103456, -0.33856136],
    [-1.7348328, -3.3252068, 1.2813826, 3.5623812, 1.529374, -0.3102444],
    [-1.7608959, -3.3407759, 1.3150393, 3.565607, 1.546623, -0.27605373],
    [-1.780872, -3.3526329, 1.3407872, 3.5678552, 1.5597833, -0.24967202],
    [-1.7932761, -3.3599955, 1.3567753, 3.5692512, 1.5679552, -0.23329031],
    [-1.7981083, -3.3628638, 1.3630037, 3.569795, 1.5711386, -0.2269086],
    [-1.7981806, -3.3629067, 1.3630968, 3.5698032, 1.5711863, -0.22681315]
  ]
}
