{
  "iteration": 510,
  "label": "pre_pick",
  "planning_time_ms": 36.171395,
  "scene": {
    "block_x": 0.21349231,
    "block_y": 0.41759183,
    "bin_x": 0.40658789,
    "bin_y": 0.27731891
  },
  "joint_names": ["shoulder_pan_joint", "shoulder_lift_joint", "elbow_joint", "wrist_1_joint", "wrist_2_joint", "wrist_3_joint"],
  "start_joints": [-0.45127373, -1.7008752, -0.91999047, 0.86784866, -7.9852375e-05, 2.6199202e-05],
  "goal_joints": [0.81887531, 0.13032335, -1.0681289, -0.63222363, -1.5709431, -0.75254832],
  "num_waypoints": 37,
  "trajectory": [
    [-0.45127373, -1.7008752, -0.91999047, 0.86784866, -7.9852375e-05, 2.6199202e-05],
    [-0.44780565, -1.6958752, -0.92039496, 0.86375279, -0.0043690194, -0.0020286695],
    [-0.43740141, -1.6808752, -0.92160841, 0.85146516, -0.017236521, -0.0081932757],
    [-0.420061, -1.6558752, -0.92363084, 0.83098578, -0.038682356, -0.018467619],
    [-0.39578443, -1.6208752, -0.92646223, 0.80231465, -0.068706525, -0.0328517],
    [-0.3645717, -1.5758752, -0.9301026, 0.76545177, -0.10730903, -0.051345519],
    [-0.32642282, -1.5208752, -0.93455193, 0.72039715, -0.15448986, -0.07394907],
    [-0.28311979, -1.4584444, -0.9396024, 0.66925538, -0.2080451, -0.099606498],
    [-0.23953859, -1.3956125, -0.94468531, 0.61778509, -0.26194436, -0.12542874],
    [-0.1959574, -1.3327807, -0.94976821, 0.56631479, -0.31584363, -0.15125098],
    [-0.15237621, -1.2699488, -0.95485112, 0.5148445, -0.36974289, -0.17707322],
    [-0.10879501, -1.207117, -0.95993403, 0.46337421, -0.42364215, -0.20289547],
    [-0.065213821, -1.1442851, -0.96501694, 0.41190392, -0.47754142, -0.22871771],
    [-0.021632628, -1.0814533, -0.97009985, 0.36043363, -0.53144068, -0.25453995],
    [0.021948565, -1.0186214, -0.97518275, 0.30896334, -0.58533994, -0.28036219],
    [0.065529759, -0.95578956, -0.98026566, 0.25749305, -0.6392392, -0.30618443],
    [0.10911095, -0.89295771, -0.98534857, 0.20602276, -0.69313847, -0.33200667],
    [0.15269215, -0.83012586, -0.99043148, 0.15455247, -0.74703773, -0.35782892],
    [0.19627334, -0.767294, -0.99551439, 0.10308218, -0.80093699, -0.38365116],
    [0.23985453, -0.70446215, -1.0005973, 0.051611885, -0.85483626, -0.4094734],
    [0.28343573, -0.6416303, -1.0056802, 0.00014159399, -0.90873552, -0.43529564],
    [0.32701692, -0.57879845, -1.0107631, -0.051328697, -0.96263478, -0.46111788],
    [0.37059811, -0.51596659, -1.015846, -0.10279899, -1.016534, -0.48694013],
    [0.41417931, -0.45313474, -1.0209289, -0.15426928, -1.0704333, -0.51276237],
    [0.4577605, -0.39030289, -1.0260118, -0.20573957, -1.1243326, -0.53858461],
    [0.50134169, -0.32747103, -1.0310947, -0.25720986, -1.1782318, -0.56440685],
    [0.54492289, -0.26463918, -1.0361776, -0.30868015, -1.2321311, -0.59022909],
    [0.58850408, -0.20180733, -1.0412606, -0.36015044, -1.2860304, -0.61605133],
    [0.63208527, -0.13897547, -1.0463435, -0.41162073, -1.3399296, -0.64187358],
    [0.67566647, -0.076143621, -1.0514264, -0.46309102, -1.3938289, -0.66769582],
    [0.71670903, -0.016971758, -1.0562132, -0.51156314, -1.4445885, -0.6920139],
    [0.75088778, 0.032304408, -1.0601995, -0.55192895, -1.4868592, -0.71226511],
    [0.77813036, 0.071580573, -1.0633768, -0.58410301, -1.5205516, -0.72840658],
    [0.79843679, 0.10085674, -1.0657452, -0.60808532, -1.5456657, -0.74043832],
    [0.81180705, 0.1201329, -1.0673046, -0.62387587, -1.5622014, -0.74836032],
    [0.81824115, 0.12940907, -1.068055, -0.63147467, -1.5701588, -0.75217258],
    [0.81887531, 0.13032335, -1.0681289, -0.63222363, -1.5709431, -0.75254832]
  ]
}
