{
  "iteration": 612,
  "label": "pre_pick",
  "planning_time_ms": 5011.1437,
  "scene": {
    "block_x": 0.32187924,
    "block_y": 0.40495507,
    "bin_x": 0.30078101,
    "bin_y": 0.2800674
  },
  "joint_names": ["shoulder_pan_joint", "shoulder_lift_joint", "elbow_joint", "wrist_1_joint", "wrist_2_joint", "wrist_3_joint"],
  "start_joints": [-0.4512289, -1.700777, -0.92000336, 0.8680223, -5.2997773e-05, -0.0001024492],
  "goal_joints": [4.2956852, -3.0611956, 0.52113914, -2.1717471, 1.5710902, -0.41613253],
  "num_waypoints": 83,
  "trajectory": [
    [-0.4512289, -1.700777, -0.92000336, 0.8680223, -5.2997773e-05, -0.0001024492],
    [-0.4462289, -1.7022099, -0.91848538, 0.86482046, 0.0016019123, -0.00054066029],
    [-0.4312289, -1.7065088, -0.91393144, 0.85521495, 0.0065666425, -0.0018552936],
    [-0.4062289, -1.7136735, -0.90634155, 0.83920576, 0.014841193, -0.004046349],
    [-0.3712289, -1.7237042, -0.8957157, 0.8167929, 0.026425563, -0.0071138267],
    [-0.3262289, -1.7366007, -0.8820539, 0.78797636, 0.041319754, -0.011057727],
    [-0.2712289, -1.7523632, -0.86535614, 0.75275615, 0.059523765, -0.015878049],
    [-0.20879813, -1.7702552, -0.84640243, 0.71277751, 0.080187228, -0.02134962],
    [-0.14596627, -1.7882622, -0.82732695, 0.67254204, 0.10098344, -0.026856343],
    [-0.083134422, -1.8062692, -0.80825147, 0.63230656, 0.12177965, -0.032363066],
    [-0.020302569, -1.8242762, -0.78917599, 0.59207109, 0.14257587, -0.037869789],
    [0.042529284, -1.8422832, -0.77010052, 0.55183561, 0.16337208, -0.043376512],
    [0.10536114, -1.8602902, -0.75102504, 0.51160013, 0.18416829, -0.048883235],
    [0.16819299, -1.8782972, -0.73194956, 0.47136466, 0.20496451, -0.054389958],
    [0.23102484, -1.8963041, -0.71287408, 0.43112918, 0.22576072, -0.059896681],
    [0.2938567, -1.9143111, -0.6937986, 0.39089371, 0.24655693, -0.065403404],
    [0.35668855, -1.9323181, -0.67472313, 0.35065823, 0.26735315, -0.070910127],
    [0.4195204, -1.9503251, -0.65564765, 0.31042276, 0.28814936, -0.07641685],
    [0.48235226, -1.9683321, -0.63657217, 0.27018728, 0.30894557, -0.081923573],
    [0.54518411, -1.9863391, -0.61749669, 0.2299518, 0.32974179, -0.087430296],
    [0.60801596, -2.0043461, -0.59842122, 0.18971633, 0.350538, -0.092937019],
    [0.67084781, -2.0223531, -0.57934574, 0.14948085, 0.37133421, -0.098443742],
    [0.73367967, -2.04036, -0.56027026, 0.10924538, 0.39213043, -0.10395047],
    [0.79651152, -2.058367, -0.54119478, 0.0690099, 0.41292664, -0.10945719],
    [0.85934337, -2.076374, -0.5221193, 0.028774424, 0.43372285, -0.11496391],
    [0.92217523, -2.094381, -0.50304383, -0.011461051, 0.45451907, -0.12047063],
    [0.98500708, -2.112388, -0.48396835, -0.051696527, 0.47531528, -0.12597736],
    [1.0478389, -2.130395, -0.46489287, -0.091932003, 0.49611149, -0.13148408],
    [1.1106708, -2.148402, -0.44581739, -0.13216748, 0.51690771, -0.1369908],
    [1.1735026, -2.166409, -0.42674192, -0.17240295, 0.53770392, -0.14249753],
    [1.2363345, -2.1844159, -0.40766644, -0.21263843, 0.55850013, -0.14800425],
    [1.2991663, -2.2024229, -0.38859096, -0.25287391, 0.57929635, -0.15351097],
    [1.3619982, -2.2204299, -0.36951548, -0.29310938, 0.60009256, -0.1590177],
    [1.4248301, -2.2384369, -0.35044001, -0.33334486, 0.62088877, -0.16452442],
    [1.4876619, -2.2564439, -0.33136453, -0.37358033, 0.64168499, -0.17003114],
    [1.5504938, -2.2744509, -0.31228905, -0.41381581, 0.6624812, -0.17553786],
    [1.6133256, -2.2924579, -0.29321357, -0.45405129, 0.68327741, -0.18104459],
    [1.6761575, -2.3104649, -0.27413809, -0.49428676, 0.70407363, -0.18655131],
    [1.7389893, -2.3284718, -0.25506262, -0.53452224, 0.72486984, -0.19205803],
    [1.8018212, -2.3464788, -0.23598714, -0.57475771, 0.74566605, -0.19756476],
    [1.864653, -2.3644858, -0.21691166, -0.61499319, 0.76646227, -0.20307148],
    [1.9274849, -2.3824928, -0.19783618, -0.65522867, 0.78725848, -0.2085782],
    [1.9903167, -2.4004998, -0.17876071, -0.69546414, 0.80805469, -0.21408493],
    [2.0531486, -2.4185068, -0.15968523, -0.73569962, 0.8288509, -0.21959165],
    [2.1159804, -2.4365138, -0.14060975, -0.77593509, 0.84964712, -0.22509837],
    [2.1788123, -2.4545208, -0.12153427, -0.81617057, 0.87044333, -0.23060509],
    [2.2416441, -2.4725278, -0.1024588, -0.85640604, 0.89123954, -0.23611182],
    [2.304476, -2.4905347, -0.083383317, -0.89664152, 0.91203576, -0.24161854],
    [2.3673078, -2.5085417, -0.06430784, -0.936877, 0.93283197, -0.24712526],
    [2.4301397, -2.5265487, -0.045232362, -0.97711247, 0.95362818, -0.25263199],
    [2.4929716, -2.5445557, -0.026156884, -1.0173479, 0.9744244, -0.25813871],
    [2.5558034, -2.5625627, -0.0070814065, -1.0575834, 0.99522061, -0.26364543],
    [2.6186353, -2.5805697, 0.011994071, -1.0978189, 1.0160168, -0.26915216],
    [2.6814671, -2.5985767, 0.031069549, -1.1380544, 1.036813, -0.27465888],
    [2.744299, -2.6165837, 0.050145027, -1.1782899, 1.0576093, -0.2801656],
    [2.8071308, -2.6345906, 0.069220504, -1.2185253, 1.0784055, -0.28567232],
    [2.8699627, -2.6525976, 0.088295982, -1.2587608, 1.0992017, -0.29117905],
    [2.9327945, -2.6706046, 0.10737146, -1.2989963, 1.1199979, -0.29668577],
    [2.9956264, -2.6886116, 0.12644694, -1.3392318, 1.1407941, -0.30219249],
    [3.0584582, -2.7066186, 0.14552242, -1.3794672, 1.1615903, -0.30769922],
    [3.1212901, -2.7246256, 0.16459789, -1.4197027, 1.1823865, -0.31320594],
    [3.1841219, -2.7426326, 0.18367337, -1.4599382, 1.2031827, -0.31871266],
    [3.2469538, -2.7606396, 0.20274885, -1.5001737, 1.223979, -0.32421939],
    [3.3097856, -2.7786465, 0.22182433, -1.5404091, 1.2447752, -0.32972611],
    [3.3726175, -2.7966535, 0.2408998, -1.5806446, 1.2655714, -0.33523283],
    [3.4354494, -2.8146605, 0.25997528, -1.6208801, 1.2863676, -0.34073955],
    [3.4982812, -2.8326675, 0.27905076, -1.6611156, 1.3071638, -0.34624628],
    [3.5611131, -2.8506745, 0.29812624, -1.701351, 1.32796, -0.351753],
    [3.6239449, -2.8686815, 0.31720171, -1.7415865, 1.3487562, -0.35725972],
    [3.6867768, -2.8866885, 0.33627719, -1.781822, 1.3695524, -0.36276645],
    [3.7496086, -2.9046955, 0.35535267, -1.8220575, 1.3903487, -0.36827317],
    [3.8124405, -2.9227024, 0.37442815, -1.8622929, 1.4111449, -0.37377989],
    [3.8752723, -2.9407094, 0.39350363, -1.9025284, 1.4319411, -0.37928662],
    [3.9381042, -2.9587164, 0.4125791, -1.9427639, 1.4527373, -0.38479334],
    [4.000936, -2.9767234, 0.43165458, -1.9829994, 1.4735335, -0.39030006],
    [4.0637679, -2.9947304, 0.45073006, -2.0232348, 1.4943297, -0.39580679],
    [4.1255849, -3.0124466, 0.46949744, -2.0628205, 1.5147901, -0.40122457],
    [4.1789116, -3.0277295, 0.4856872, -2.0969692, 1.5324402, -0.40589824],
    [4.2222383, -3.0401465, 0.498841, -2.1247142, 1.5467806, -0.40969549],
    [4.255565, -3.0496976, 0.50895884, -2.1460555, 1.5578111, -0.41261631],
    [4.2788918, -3.0563828, 0.51604073, -2.1609932, 1.5655319, -0.41466072],
    [4.2922185, -3.0602021, 0.52008666, -2.1695272, 1.5699428, -0.4158287],
    [4.2956852, -3.0611956, 0.52113914, -2.1717471, 1.5710902, -0.41613253]
  ]
}
