{
  "iteration": 7,
  "label": "place_above_bin",
  "planning_time_ms": 319.33413,
  "scene": {
    "block_x": 0.24120722,
    "block_y": 0.40386803,
    "bin_x": 0.43511674,
    "bin_y": 0.31477719
  },
  "joint_names": ["shoulder_pan_joint", "shoulder_lift_joint", "elbow_joint", "wrist_1_joint", "wrist_2_joint", "wrist_3_joint"],
  "start_joints": [-5.5264345, 0.30523893, -1.1757404, -0.70094167, -1.5702613, -0.8127901],
  "goal_joints": [0.38116075, -0.3355786, 0.14692027, -1.3830577, 4.7125976, -1.1892033],
  "num_waypoints": 102,
  "trajectory": [
    [-5.5264345, 0.30523893, -1.1757404, -0.70094167, -1.5702613, -0.8127901],
    [-5.5217331, 0.30472896, -1.1746878, -0.70148451, -1.5652613, -0.81308965],
    [-5.507629, 0.30319904, -1.17153, -0.70311303, -1.5502613, -0.81398832],
    [-5.4841222, 0.30064917, -1.166267, -0.70582722, -1.5252613, -0.8154861],
    [-5.4512127, 0.29707936, -1.1588989, -0.70962709, -1.4902613, -0.81758299],
    [-5.4089005, 0.29248961, -1.1494255, -0.71451264, -1.4452613, -0.82027899],
    [-5.3571855, 0.2868799, -1.137847, -0.72048387, -1.3902613, -0.8235741],
    [-5.2965424, 0.28030174, -1.1242695, -0.72748598, -1.325766, -0.82743809],
    [-5.2337106, 0.27348615, -1.110202, -0.73474081, -1.258943, -0.83144153],
    [-5.1708787, 0.26667056, -1.0961345, -0.74199565, -1.1921199, -0.83544498],
    [-5.1080469, 0.25985496, -1.0820669, -0.74925048, -1.1252968, -0.83944842],
    [-5.045215, 0.25303937, -1.0679994, -0.75650531, -1.0584737, -0.84345187],
    [-4.9823832, 0.24622378, -1.0539319, -0.76376015, -0.99165067, -0.84745532],
    [-4.9195513, 0.23940819, -1.0398644, -0.77101498, -0.92482759, -0.85145876],
    [-4.8567195, 0.2325926, -1.0257969, -0.77826981, -0.85800452, -0.85546221],
    [-4.7938876, 0.22577701, -1.0117293, -0.78552464, -0.79118144, -0.85946566],
    [-4.7310558, 0.21896142, -0.99766182, -0.79277948, -0.72435837, -0.8634691],
    [-4.6682239, 0.21214583, -0.9835943, -0.80003431, -0.6575353, -0.86747255],
    [-4.6053921, 0.20533024, -0.96952678, -0.80728914, -0.59071222, -0.87147599],
    [-4.5425602, 0.19851465, -0.95545926, -0.81454398, -0.52388915, -0.87547944],
    [-4.4797284, 0.19169905, -0.94139174, -0.82179881, -0.45706608, -0.87948289],
    [-4.4168965, 0.18488346, -0.92732421, -0.82905364, -0.390243, -0.88348633],
    [-4.3540646, 0.17806787, -0.91325669, -0.83630848, -0.32341993, -0.88748978],
    [-4.2912328, 0.17125228, -0.89918917, -0.84356331, -0.25659686, -0.89149323],
    [-4.2284009, 0.16443669, -0.88512165, -0.85081814, -0.18977378, -0.89549667],
    [-4.1655691, 0.1576211, -0.87105413, -0.85807298, -0.12295071, -0.89950012],
    [-4.1027372, 0.15080551, -0.85698661, -0.86532781, -0.056127636, -0.90350357],
    [-4.0399054, 0.14398992, -0.84291909, -0.87258264, 0.010695438, -0.90750701],
    [-3.9770735, 0.13717433, -0.82885157, -0.87983747, 0.077518511, -0.91151046],
    [-3.9142417, 0.13035873, -0.81478405, -0.88709231, 0.14434158, -0.9155139],
    [-3.8514098, 0.12354314, -0.80071652, -0.89434714, 0.21116466, -0.91951735],
    [-3.788578, 0.11672755, -0.786649, -0.90160197, 0.27798773, -0.9235208],
    [-3.7257461, 0.10991196, -0.77258148, -0.90885681, 0.34481081, -0.92752424],
    [-3.6629143, 0.10309637, -0.75851396, -0.91611164, 0.41163388, -0.93152769],
    [-3.6000824, 0.09628078, -0.74444644, -0.92336647, 0.47845695, -0.93553114],
    [-3.5372506, 0.089465189, -0.73037892, -0.93062131, 0.54528003, -0.93953458],
    [-3.4744187, 0.082649598, -0.7163114, -0.93787614, 0.6121031, -0.94353803],
    [-3.4115868, 0.075834007, -0.70224388, -0.94513097, 0.67892617, -0.94754147],
    [-3.348755, 0.069018416, -0.68817636, -0.95238581, 0.74574925, -0.95154492],
    [-3.2859231, 0.062202825, -0.67410883, -0.95964064, 0.81257232, -0.95554837],
    [-3.2230913, 0.055387234, -0.66004131, -0.96689547, 0.87939539, -0.95955181],
    [-3.1602594, 0.048571643, -0.64597379, -0.9741503, 0.94621847, -0.96355526],
    [-3.0974276, 0.041756052, -0.63190627, -0.98140514, 1.0130415, -0.96755871],
    [-3.0345957, 0.034940461, -0.61783875, -0.98865997, 1.0798646, -0.97156215],
    [-2.9717639, 0.02812487, -0.60377123, -0.9959148, 1.1466877, -0.9755656],
    [-2.908932, 0.021309279, -0.58970371, -1.0031696, 1.2135108, -0.97956905],
    [-2.8461002, 0.014493688, -0.57563619, -1.0104245, 1.2803338, -0.98357249],
    [-2.7832683, 0.0076780967, -0.56156866, -1.0176793, 1.3471569, -0.98757594],
    [-2.7204365, 0.00086250566, -0.54750114, -1.0249341, 1.41398, -0.99157938],
    [-2.6576046, -0.0059530854, -0.53343362, -1.032189, 1.4808031, -0.99558283],
    [-2.5947728, -0.012768676, -0.5193661, -1.0394438, 1.5476261, -0.99958628],
    [-2.5319409, -0.019584267, -0.50529858, -1.0466986, 1.6144492, -1.0035897],
    [-2.4691091, -0.026399858, -0.49123106, -1.0539535, 1.6812723, -1.0075932],
    [-2.4062772, -0.033215449, -0.47716354, -1.0612083, 1.7480953, -1.0115966],
    [-2.3434453, -0.04003104, -0.46309602, -1.0684631, 1.8149184, -1.0156001],
    [-2.2806135, -0.046846631, -0.4490285, -1.075718, 1.8817415, -1.0196035],
    [-2.2177816, -0.053662222, -0.43496097, -1.0829728, 1.9485646, -1.023607],
    [-2.1549498, -0.060477813, -0.42089345, -1.0902276, 2.0153876, -1.0276104],
    [-2.0921179, -0.067293405, -0.40682593, -1.0974825, 2.0822107, -1.0316138],
    [-2.0292861, -0.074108996, -0.39275841, -1.1047373, 2.1490338, -1.0356173],
    [-1.9664542, -0.080924587, -0.37869089, -1.1119921, 2.2158569, -1.0396207],
    [-1.9036224, -0.087740178, -0.36462337, -1.119247, 2.2826799, -1.0436242],
    [-1.8407905, -0.094555769, -0.35055585, -1.1265018, 2.349503, -1.0476276],
    [-1.7779587, -0.10137136, -0.33648833, -1.1337566, 2.4163261, -1.0516311],
    [-1.7151268, -0.10818695, -0.32242081, -1.1410115, 2.4831492, -1.0556345],
    [-1.652295, -0.11500254, -0.30835328, -1.1482663, 2.5499722, -1.059638],
    [-1.5894631, -0.12181813, -0.29428576, -1.1555211, 2.6167953, -1.0636414],
    [-1.5266313, -0.12863372, -0.28021824, -1.162776, 2.6836184, -1.0676449],
    [-1.4637994, -0.13544931, -0.26615072, -1.1700308, 2.7504415, -1.0716483],
    [-1.4009676, -0.14226491, -0.2520832, -1.1772856, 2.8172645, -1.0756518],
    [-1.3381357, -0.1490805, -0.23801568, -1.1845405, 2.8840876, -1.0796552],
    [-1.2753038, -0.15589609, -0.22394816, -1.1917953, 2.9509107, -1.0836586],
    [-1.212472, -0.16271168, -0.20988064, -1.1990501, 3.0177337, -1.0876621],
    [-1.1496401, -0.16952727, -0.19581312, -1.206305, 3.0845568, -1.0916655],
    [-1.0868083, -0.17634286, -0.18174559, -1.2135598, 3.1513799, -1.095669],
    [-1.0239764, -0.18315845, -0.16767807, -1.2208146, 3.218203, -1.0996724],
    [-0.96114458, -0.18997404, -0.15361055, -1.2280695, 3.285026, -1.1036759],
    [-0.89831273, -0.19678963, -0.13954303, -1.2353243, 3.3518491, -1.1076793],
    [-0.83548087, -0.20360522, -0.12547551, -1.2425791, 3.4186722, -1.1116828],
    [-0.77264902, -0.21042082, -0.11140799, -1.249834, 3.4854953, -1.1156862],
    [-0.70981717, -0.21723641, -0.097340467, -1.2570888, 3.5523183, -1.1196897],
    [-0.64698531, -0.224052, -0.083272946, -1.2643436, 3.6191414, -1.1236931],
    [-0.58415346, -0.23086759, -0.069205425, -1.2715985, 3.6859645, -1.1276966],
    [-0.52132161, -0.23768318, -0.055137904, -1.2788533, 3.7527876, -1.1317],
    [-0.45848976, -0.24449877, -0.041070383, -1.2861081, 3.8196106, -1.1357035],
    [-0.3956579, -0.25131436, -0.027002861, -1.293363, 3.8864337, -1.1397069],
    [-0.33282605, -0.25812995, -0.01293534, -1.3006178, 3.9532568, -1.1437103],
    [-0.2699942, -0.26494554, 0.0011321809, -1.3078726, 4.0200799, -1.1477138],
    [-0.20716234, -0.27176114, 0.015199702, -1.3151275, 4.0869029, -1.1517172],
    [-0.14433049, -0.27857673, 0.029267223, -1.3223823, 4.153726, -1.1557207],
    [-0.081498637, -0.28539232, 0.043334744, -1.3296371, 4.2205491, -1.1597241],
    [-0.018666784, -0.29220791, 0.057402265, -1.336892, 4.2873721, -1.1637276],
    [0.044165069, -0.2990235, 0.071469787, -1.3441468, 4.3541952, -1.167731],
