{
  "iteration": 5,
  "label": "place_above_bin",
  "planning_time_ms": 5302.5975,
  "scene": {
    "block_x": 0.15089576,
    "block_y": 0.39379319,
    "bin_x": 0.36095765,
    "bin_y": 0.28346152
  },
  "joint_names": ["shoulder_pan_joint", "shoulder_lift_joint", "elbow_joint", "wrist_1_joint", "wrist_2_joint", "wrist_3_joint"],
  "start_joints": [-5.3887394, -0.97764536, 1.5290458, -2.1224951, 4.7124154, -0.67912413],
  "goal_joints": [4.0952724, -3.3756491, 1.2122034, -2.5499052, -4.7119668, -0.61757243],
  "num_waypoints": 159,
  "trajectory": [
    [-5.3887394, -0.97764536, 1.5290458, -2.1224951, 4.7124154, -0.67912413],
    [-5.3837394, -0.97890959, 1.5288787, -2.1227204, 4.7074469, -0.67909168],
    [-5.3687394, -0.9827023, 1.5283776, -2.1233964, 4.6925412, -0.67899433],
    [-5.3437394, -0.98902347, 1.5275424, -2.1245231, 4.6676984, -0.67883208],
    [-5.3087394, -0.99787312, 1.5263731, -2.1261004, 4.6329184, -0.67860493],
    [-5.2637394, -1.0092512, 1.5248698, -2.1281284, 4.5882014, -0.67831287],
    [-5.2087394, -1.0231578, 1.5230323, -2.1306071, 4.5335472, -0.67795592],
    [-5.1463086, -1.0389432, 1.5209466, -2.1334206, 4.4715089, -0.67755074],
    [-5.0834767, -1.0548301, 1.5188475, -2.1362522, 4.4090721, -0.67714296],
    [-5.0206449, -1.0707169, 1.5167485, -2.1390838, 4.3466353, -0.67673518],
    [-4.957813, -1.0866038, 1.5146494, -2.1419154, 4.2841985, -0.6763274],
    [-4.8949812, -1.1024906, 1.5125503, -2.144747, 4.2217617, -0.67591961],
    [-4.8321493, -1.1183775, 1.5104512, -2.1475786, 4.1593249, -0.67551183],
    [-4.7693175, -1.1342643, 1.5083521, -2.1504102, 4.0968881, -0.67510405],
    [-4.7064856, -1.1501512, 1.506253, -2.1532418, 4.0344513, -0.67469627],
    [-4.6436538, -1.166038, 1.5041539, -2.1560734, 3.9720145, -0.67428849],
    [-4.5808219, -1.1819249, 1.5020548, -2.158905, 3.9095777, -0.67388071],
    [-4.5179901, -1.1978117, 1.4999557, -2.1617366, 3.8471409, -0.67347292],
    [-4.4551582, -1.2136985, 1.4978567, -2.1645682, 3.7847041, -0.67306514],
    [-4.3923264, -1.2295854, 1.4957576, -2.1673998, 3.7222673, -0.67265736],
    [-4.3294945, -1.2454722, 1.4936585, -2.1702314, 3.6598304, -0.67224958],
    [-4.2666627, -1.2613591, 1.4915594, -2.1730631, 3.5973936, -0.6718418],
    [-4.2038308, -1.2772459, 1.4894603, -2.1758947, 3.5349568, -0.67143402],
    [-4.1409989, -1.2931328, 1.4873612, -2.1787263, 3.47252, -0.67102623],
    [-4.0781671, -1.3090196, 1.4852621, -2.1815579, 3.4100832, -0.67061845],
    [-4.0153352, -1.3249065, 1.483163, -2.1843895, 3.3476464, -0.67021067],
    [-3.9525034, -1.3407933, 1.4810639, -2.1872211, 3.2852096, -0.66980289],
    [-3.8896715, -1.3566801, 1.4789648, -2.1900527, 3.2227728, -0.66939511],
    [-3.8268397, -1.372567, 1.4768658, -2.1928843, 3.160336, -0.66898732],
    [-3.7640078, -1.3884538, 1.4747667, -2.1957159, 3.0978992, -0.66857954],
    [-3.701176, -1.4043407, 1.4726676, -2.1985475, 3.0354624, -0.66817176],
    [-3.6383441, -1.4202275, 1.4705685, -2.2013791, 2.9730256, -0.66776398],
    [-3.5755123, -1.4361144, 1.4684694, -2.2042107, 2.9105888, -0.6673562],
    [-3.5126804, -1.4520012, 1.4663703, -2.2070423, 2.848152, -0.66694842],
    [-3.4498486, -1.4678881, 1.4642712, -2.2098739, 2.7857152, -0.66654063],
    [-3.3870167, -1.4837749, 1.4621721, -2.2127055, 2.7232784, -0.66613285],
    [-3.3241849, -1.4996617, 1.460073, -2.2155371, 2.6608416, -0.66572507],
    [-3.261353, -1.5155486, 1.4579739, -2.2183687, 2.5984048, -0.66531729],
    [-3.1985212, -1.5314354, 1.4558749, -2.2212003, 2.5359679, -0.66490951],
    [-3.1356893, -1.5473223, 1.4537758, -2.2240319, 2.4735311, -0.66450173],
    [-3.0728574, -1.5632091, 1.4516767, -2.2268635, 2.4110943, -0.66409394],
    [-3.0100256, -1.579096, 1.4495776, -2.2296951, 2.3486575, -0.66368616],
    [-2.9471937, -1.5949828, 1.4474785, -2.2325267, 2.2862207, -0.66327838],
    [-2.8843619, -1.6108697, 1.4453794, -2.2353583, 2.2237839, -0.6628706],
    [-2.82153, -1.6267565, 1.4432803, -2.23819, 2.1613471, -0.66246282],
    [-2.7586982, -1.6426433, 1.4411812, -2.2410216, 2.0989103, -0.66205503],
    [-2.6958663, -1.6585302, 1.4390821, -2.2438532, 2.0364735, -0.66164725],
    [-2.6330345, -1.674417, 1.436983, -2.2466848, 1.9740367, -0.66123947],
    [-2.5702026, -1.6903039, 1.434884, -2.2495164, 1.9115999, -0.66083169],
    [-2.5073708, -1.7061907, 1.4327849, -2.252348, 1.8491631, -0.66042391],
    [-2.4445389, -1.7220776, 1.4306858, -2.2551796, 1.7867263, -0.66001613],
    [-2.3817071, -1.7379644, 1.4285867, -2.2580112, 1.7242895, -0.65960834],
    [-2.3188752, -1.7538513, 1.4264876, -2.2608428, 1.6618527, -0.65920056],
    [-2.2560434, -1.7697381, 1.4243885, -2.2636744, 1.5994159, -0.65879278],
    [-2.1932115, -1.7856249, 1.4222894, -2.266506, 1.5369791, -0.658385],
    [-2.1303797, -1.8015118, 1.4201903, -2.2693376, 1.4745422, -0.65797722],
    [-2.0675478, -1.8173986, 1.4180912, -2.2721692, 1.4121054, -0.65756944],
    [-2.0047159, -1.8332855, 1.4159922, -2.2750008, 1.3496686, -0.65716165],
    [-1.9418841, -1.8491723, 1.4138931, -2.2778324, 1.2872318, -0.65675387],
    [-1.8790522, -1.8650592, 1.411794, -2.280664, 1.224795, -0.65634609],
    [-1.8162204, -1.880946, 1.4096949, -2.2834956, 1.1623582, -0.65593831],
    [-1.7533885, -1.8968329, 1.4075958, -2.2863272, 1.0999214, -0.65553053],
    [-1.6905567, -1.9127197, 1.4054967, -2.2891588, 1.0374846, -0.65512274],
    [-1.6277248, -1.9286065, 1.4033976, -2.2919904, 0.9750478, -0.65471496],
    [-1.564893, -1.9444934, 1.4012985, -2.294822, 0.912611, -0.65430718],
    [-1.5020611, -1.9603802, 1.3991994, -2.2976536, 0.85017419, -0.6538994],
    [-1.4392293, -1.9762671, 1.3971003, -2.3004853, 0.78773738, -0.65349162],
    [-1.3763974, -1.9921539, 1.3950013, -2.3033169, 0.72530058, -0.65308384],
    [-1.3135656, -2.0080408, 1.3929022, -2.3061485, 0.66286377, -0.65267605],
    [-1.2507337, -2.0239276, 1.3908031, -2.3089801, 0.60042697, -0.65226827],
    [-1.1879019, -2.0398145, 1.388704, -2.3118117, 0.53799016, -0.65186049],
    [-1.12507, -2.0557013, 1.3866049, -2.3146433, 0.47555336, -0.65145271],
    [-1.0622381, -2.0715881, 1.3845058, -2.3174749, 0.41311655, -0.65104493],
    [-0.9994063, -2.087475, 1.3824067, -2.3203065, 0.35067975, -0.65063714],
    [-0.93657444, -2.1033618, 1.3803076, -2.3231381, 0.28824294, -0.65022936],
    [-0.87374259, -2.1192487, 1.3782085, -2.3259697, 0.22580613, -0.64982158],
    [-0.81091074, -2.1351355, 1.3761094, -2.3288013, 0.16336933, -0.6494138],
    [-0.74807888, -2.1510224, 1.3740104, -2.3316329, 0.10093252, -0.64900602],
    [-0.68524703, -2.1669092, 1.3719113, -2.3344645, 0.038495717, -0.64859824],
    [-0.62241518, -2.1827961, 1.3698122, -2.3372961, -0.023941089, -0.64819045],
    [-0.55958332, -2.1986829, 1.3677131, -2.3401277, -0.086377895, -0.64778267],
    [-0.49675147, -2.2145697, 1.365614, -2.3429593, -0.1488147, -0.64737489],
    [-0.43391962, -2.2304566, 1.3635149, -2.3457909, -0.21125151, -0.64696711],
    [-0.37108777, -2.2463434, 1.3614158, -2.3486225, -0.27368831, -0.64655933],
    [-0.30825591, -2.2622303, 1.3593167, -2.3514541, -0.33612512, -0.64615155],
    [-0.24542406, -2.2781171, 1.3572176, -2.3542857, -0.39856192, -0.64574376],
    [-0.18259221, -2.294004, 1.3551185, -2.3571173, -0.46099873, -0.64533598],
    [-0.11976035, -2.3098908, 1.3530195, -2.3599489, -0.52343553, -0.6449282],
    [-0.0569285, -2.3257777, 1.3509204, -2.3627806, -0.58587234, -0.64452042],
    [0.0059033528, -2.3416645, 1.3488213, -2.3656122, -0.64830915, -0.64411264],
    [0.068735206, -2.3575513, 1.3467222, -2.3684438, -0.71074595, -0.64370485],
    [0.13156706, -2.3734382, 1.3446231, -2.3712754, -0.77318276, -0.64329707],
    [0.19439891, -2.389325, 1.342524, -2.374107, -0.83561956, -0.64288929],
    [0.25723077, -2.4052119, 1.3404249, -2.3769386, -0.89805637, -0.64248151],
    [0.32006262, -2.4210987, 1.3383258, -2.3797702, -0.96049317, -0.64207373],
    [0.38289447, -2.4369856, 1.3362267, -2.3826018, -1.02293, -0.64166595],
