{
  "iteration": 298,
  "label": "pre_pick",
  "planning_time_ms": 69.770439,
  "scene": {
    "block_x": 0.12242943,
    "block_y": 0.39133924,
    "bin_x": 0.28342386,
    "bin_y": 0.39648173
  },
  "joint_names": ["shoulder_pan_joint", "shoulder_lift_joint", "elbow_joint", "wrist_1_joint", "wrist_2_joint", "wrist_3_joint"],
  "start_joints": [-0.45120919, -1.7009672, -0.92011668, 0.86798446, 1.2949915e-05, 3.9840474e-06],
  "goal_joints": [-1.5470311, -2.0281062, -1.4898405, 5.089252, 1.5701049, 0.023120355],
  "num_waypoints": 48,
  "trajectory": [
    [-0.45120919, -1.7009672, -0.92011668, 0.86798446, 1.2949915e-05, 3.9840474e-06],
    [-0.45250717, -1.7013547, -0.92079151, 0.87298446, 0.0018726898, 3.1364889e-05],
    [-0.4564011, -1.7025172, -0.92281598, 0.88798446, 0.0074519094, 0.00011350741],
    [-0.46289099, -1.7044546, -0.92619011, 0.91298446, 0.016750609, 0.00025041162],
    [-0.47197683, -1.707167, -0.93091389, 0.94798446, 0.029768788, 0.00044207751],
    [-0.48365863, -1.7106544, -0.93698732, 0.99298446, 0.046506447, 0.00068850508],
    [-0.49793638, -1.7149168, -0.9444104, 1.0479845, 0.066963586, 0.00098969433],
    [-0.51481008, -1.7199542, -0.95318313, 1.1129845, 0.091140204, 0.0013456453],
    [-0.53427974, -1.7257665, -0.96330552, 1.1879845, 0.1190363, 0.0017563579],
    [-0.55634535, -1.7323538, -0.97477755, 1.2729845, 0.15065188, 0.0022218321],
    [-0.58100692, -1.7397161, -0.98759924, 1.3679844, 0.18598693, 0.0027420681],
    [-0.60826444, -1.7478534, -1.0017706, 1.4729844, 0.22504147, 0.0033170657],
    [-0.63811792, -1.7567656, -1.0172916, 1.5879844, 0.26781548, 0.003946825],
    [-0.67032328, -1.76638, -1.0340353, 1.7120442, 0.31395927, 0.0046261974],
    [-0.70294501, -1.7761187, -1.0509955, 1.8377079, 0.36069963, 0.005314353],
    [-0.73556674, -1.7858573, -1.0679557, 1.9633716, 0.40744, 0.0060025086],
    [-0.76818846, -1.795596, -1.084916, 2.0890353, 0.45418036, 0.0066906642],
    [-0.80081019, -1.8053347, -1.1018762, 2.2146991, 0.50092072, 0.0073788197],
    [-0.83343192, -1.8150733, -1.1188364, 2.3403628, 0.54766108, 0.0080669753],
    [-0.86605365, -1.824812, -1.1357966, 2.4660265, 0.59440144, 0.0087551309],
    [-0.89867537, -1.8345506, -1.1527568, 2.5916902, 0.6411418, 0.0094432865],
    [-0.9312971, -1.8442893, -1.169717, 2.7173539, 0.68788216, 0.010131442],
    [-0.96391883, -1.854028, -1.1866773, 2.8430176, 0.73462252, 0.010819598],
    [-0.99654056, -1.8637666, -1.2036375, 2.9686813, 0.78136288, 0.011507753],
    [-1.0291623, -1.8735053, -1.2205977, 3.094345, 0.82810325, 0.012195909],
    [-1.061784, -1.883244, -1.2375579, 3.2200087, 0.87484361, 0.012884065],
    [-1.0944057, -1.8929826, -1.2545181, 3.3456724, 0.92158397, 0.01357222],
    [-1.1270275, -1.9027213, -1.2714783, 3.4713361, 0.96832433, 0.014260376],
    [-1.1596492, -1.9124599, -1.2884385, 3.5969998, 1.0150647, 0.014948531],
    [-1.1922709, -1.9221986, -1.3053988, 3.7226635, 1.0618051, 0.015636687],
    [-1.2248926, -1.9319373, -1.322359, 3.8483272, 1.1085454, 0.016324843],
    [-1.2575144, -1.9416759, -1.3393192, 3.9739909, 1.1552858, 0.017012998],
    [-1.2901361, -1.9514146, -1.3562794, 4.0996546, 1.2020261, 0.017701154],
    [-1.3227578, -1.9611533, -1.3732396, 4.2253184, 1.2487665, 0.018389309],
    [-1.3551633, -1.9708274, -1.3900874, 4.3501488, 1.2951969, 0.019072902],
    [-1.3854273, -1.9798622, -1.4058218, 4.4667304, 1.3385592, 0.019711322],
    [-1.4130954, -1.988122, -1.4202066, 4.5733119, 1.378202, 0.02029498],
    [-1.4381675, -1.9956069, -1.4332417, 4.6698934, 1.4141253, 0.020823877],
    [-1.4606437, -2.0023167, -1.4449272, 4.7564749, 1.4463291, 0.021298012],
    [-1.4805239, -2.0082516, -1.4552631, 4.8330564, 1.4748134, 0.021717385],
    [-1.4978081, -2.0134116, -1.4642492, 4.8996379, 1.4995783, 0.022081997],
    [-1.5124964, -2.0177965, -1.4718858, 4.9562194, 1.5206237, 0.022391846],
    [-1.5245888, -2.0214065, -1.4781727, 5.0028009, 1.5379496, 0.022646935],
    [-1.5340852, -2.0242415, -1.4831099, 5.0393824, 1.551556, 0.022847261],
    [-1.5409856, -2.0263015, -1.4866975, 5.0659639, 1.5614429, 0.022992826],
    [-1.5452901, -2.0275865, -1.4889354, 5.0825455, 1.5676104, 0.023083629],
    [-1.5469986, -2.0280965, -1.4898237, 5.089127, 1.5700584, 0.023119671],
    [-1.5470311, -2.0281062, -1.4898405, 5.089252, 1.5701049, 0.023120355]
  ]
}
