{
  "iteration": 723,
  "label": "pre_pick",
  "planning_time_ms": 27.778128,
  "scene": {
    "block_x": 0.12154547,
    "block_y": 0.4886998,
    "bin_x": 0.32119463,
    "bin_y": 0.35569854
  },
  "joint_names": ["shoulder_pan_joint", "shoulder_lift_joint", "elbow_joint", "wrist_1_joint", "wrist_2_joint", "wrist_3_joint"],
  "start_joints": [-0.45138312, -1.7007619, -0.92024659, 0.86810038, -2.7620239e-05, -0.00012099767],
  "goal_joints": [-1.5496242, -3.1389357, 0.71074069, 3.9997649, -4.7119183, 0.021988634],
  "num_waypoints": 52,
  "trajectory": [
    [-0.45138312, -1.7007619, -0.92024659, 0.86810038, -2.7620239e-05, -0.00012099767],
    [-0.45254851, -1.702288, -0.91851588, 0.87142353, -0.0050276202, -9.7536145e-05],
    [-0.45604469, -1.7068663, -0.91332374, 0.88139298, -0.02002762, -2.715156e-05],
    [-0.46187166, -1.7144969, -0.90467016, 0.89800874, -0.04502762, 9.0156082e-05],
    [-0.47002941, -1.7251796, -0.89255516, 0.92127079, -0.08002762, 0.00025438678],
    [-0.48051795, -1.7389147, -0.87697874, 0.95117915, -0.12502762, 0.00046554054],
    [-0.49333727, -1.7557019, -0.85794088, 0.9877338, -0.18002762, 0.00072361735],
    [-0.50848738, -1.7755413, -0.83544159, 1.0309348, -0.24502762, 0.0010286172],
    [-0.52596828, -1.798433, -0.80948089, 1.080782, -0.3200276, 0.00138054],
    [-0.54577996, -1.8243769, -0.78005875, 1.1372756, -0.40502758, 0.0017793859],
    [-0.56792242, -1.853373, -0.74717519, 1.2004154, -0.50002756, 0.0022251549],
    [-0.59239567, -1.8854213, -0.7108302, 1.2702015, -0.60502753, 0.0027178468],
    [-0.61919971, -1.9205218, -0.67102378, 1.346634, -0.7200275, 0.0032574619],
    [-0.64811537, -1.9583876, -0.6280814, 1.4290878, -0.8440872, 0.0038395879],
    [-0.6774049, -1.996743, -0.58458381, 1.5126077, -0.96975091, 0.0044292404],
    [-0.70669442, -2.0350983, -0.54108621, 1.5961276, -1.0954146, 0.0050188929],
    [-0.73598395, -2.0734537, -0.49758862, 1.6796475, -1.2210783, 0.0056085455],
    [-0.76527347, -2.1118091, -0.45409103, 1.7631674, -1.346742, 0.006198198],
    [-0.79456299, -2.1501644, -0.41059343, 1.8466872, -1.4724057, 0.0067878505],
    [-0.82385252, -2.1885198, -0.36709584, 1.9302071, -1.5980694, 0.007377503],
    [-0.85314204, -2.2268751, -0.32359825, 2.013727, -1.7237331, 0.0079671556],
    [-0.88243157, -2.2652305, -0.28010065, 2.0972469, -1.8493969, 0.0085568081],
    [-0.91172109, -2.3035858, -0.23660306, 2.1807668, -1.9750606, 0.0091464606],
    [-0.94101062, -2.3419412, -0.19310547, 2.2642867, -2.1007243, 0.0097361131],
    [-0.97030014, -2.3802966, -0.14960787, 2.3478065, -2.226388, 0.010325766],
    [-0.99958967, -2.4186519, -0.10611028, 2.4313264, -2.3520517, 0.010915418],
    [-1.0288792, -2.4570073, -0.062612685, 2.5148463, -2.4777154, 0.011505071],
    [-1.0581687, -2.4953626, -0.019115091, 2.5983662, -2.6033791, 0.012094723],
    [-1.0874582, -2.533718, 0.024382503, 2.6818861, -2.7290428, 0.012684376],
    [-1.1167478, -2.5720733, 0.067880096, 2.765406, -2.8547065, 0.013274028],
    [-1.1460373, -2.6104287, 0.11137769, 2.8489259, -2.9803702, 0.013863681],
    [-1.1753268, -2.6487841, 0.15487528, 2.9324457, -3.1060339, 0.014453333],
    [-1.2046163, -2.6871394, 0.19837288, 3.0159656, -3.2316976, 0.015042986],
    [-1.2339059, -2.7254948, 0.24187047, 3.0994855, -3.3573613, 0.015632638],
    [-1.2631954, -2.7638501, 0.28536806, 3.1830054, -3.483025, 0.016222291],
    [-1.2924849, -2.8022055, 0.32886566, 3.2665253, -3.6086887, 0.016811943],
    [-1.3217744, -2.8405608, 0.37236325, 3.3500452, -3.7343524, 0.017401596],
    [-1.351064, -2.8789162, 0.41586084, 3.4335651, -3.8600162, 0.017991248],
    [-1.3800575, -2.916884, 0.45891887, 3.5162409, -3.98441, 0.018574942],
    [-1.407007, -2.952175, 0.49894132, 3.5930882, -4.100034, 0.019117486],
    [-1.4316257, -2.9844138, 0.53550234, 3.6632891, -4.2056581, 0.019613106],
    [-1.4539136, -3.0136004, 0.56860193, 3.7268438, -4.3012822, 0.020061804],
    [-1.4738708, -3.0397348, 0.59824009, 3.7837521, -4.3869063, 0.020463578],
    [-1.4914971, -3.0628169, 0.62441682, 3.8340141, -4.4625303, 0.020818429],
    [-1.5067927, -3.0828468, 0.64713212, 3.8776299, -4.5281544, 0.021126357],
    [-1.5197575, -3.0998245, 0.666386, 3.9145993, -4.5837785, 0.021387362],
    [-1.5303915, -3.11375, 0.68217845, 3.9449224, -4.6294025, 0.021601445],
    [-1.5386947, -3.1246233, 0.69450946, 3.9685993, -4.6650266, 0.021768604],
    [-1.5446671, -3.1324443, 0.70337905, 3.9856298, -4.6906507, 0.02188884],
    [-1.5483088, -3.1372131, 0.70878722, 3.996014, -4.7062748, 0.021962153],
    [-1.5496196, -3.1389297, 0.71073395, 3.999752, -4.7118988, 0.021988542],
    [-1.5496242, -3.1389357, 0.71074069, 3.9997649, -4.7119183, 0.021988634]
  ]
}
