{
  "iteration": 294,
  "label": "pre_pick",
  "planning_time_ms": 46.763838,
  "scene": {
    "block_x": 0.247945,
    "block_y": 0.35059442,
    "bin_x": 0.41376472,
    "bin_y": 0.34785397
  },
  "joint_names": ["shoulder_pan_joint", "shoulder_lift_joint", "elbow_joint", "wrist_1_joint", "wrist_2_joint", "wrist_3_joint"],
  "start_joints": [-0.45141484, -1.7007483, -0.92060263, 0.86863746, 2.3762483e-05, -0.00036562169],
  "goal_joints": [4.4068544, -3.3632371, 1.3625946, 3.5715411, -4.7121508, -0.30645362],
  "num_waypoints": 85,
  "trajectory": [
    [-0.45141484, -1.7007483, -0.92060263, 0.86863746, 2.3762483e-05, -0.00036562169],
    [-0.44641484, -1.7024592, -0.91825282, 0.87141922, -0.0048258808, -0.00068063923],
    [-0.43141484, -1.7075922, -0.91120341, 0.87976449, -0.019374811, -0.0016256918],
    [-0.40641484, -1.7161472, -0.89945438, 0.89367327, -0.043623027, -0.0032007795],
    [-0.37141484, -1.7281241, -0.88300574, 0.91314556, -0.07757053, -0.0054059023],
    [-0.32641484, -1.743523, -0.8618575, 0.93818136, -0.12121732, -0.0082410602],
    [-0.27141484, -1.7623439, -0.83600964, 0.96878067, -0.1745634, -0.011706253],
    [-0.20898408, -1.7837075, -0.80666961, 1.0035141, -0.23511678, -0.01563961],
    [-0.14615223, -1.8052084, -0.77714109, 1.0384707, -0.29605919, -0.019598237],
    [-0.083320373, -1.8267094, -0.74761257, 1.0734272, -0.35700161, -0.023556864],
    [-0.02048852, -1.8482103, -0.71808405, 1.1083838, -0.41794402, -0.027515491],
    [0.042343333, -1.8697112, -0.68855552, 1.1433404, -0.47888644, -0.031474118],
    [0.10517519, -1.8912121, -0.659027, 1.178297, -0.53982885, -0.035432746],
    [0.16800704, -1.912713, -0.62949848, 1.2132535, -0.60077126, -0.039391373],
    [0.23083889, -1.934214, -0.59996995, 1.2482101, -0.66171368, -0.04335],
    [0.29367075, -1.9557149, -0.57044143, 1.2831667, -0.72265609, -0.047308627],
    [0.3565026, -1.9772158, -0.54091291, 1.3181233, -0.78359851, -0.051267254],
    [0.41933445, -1.9987167, -0.51138438, 1.3530798, -0.84454092, -0.055225881],
    [0.4821663, -2.0202176, -0.48185586, 1.3880364, -0.90548334, -0.059184509],
    [0.54499816, -2.0417186, -0.45232734, 1.422993, -0.96642575, -0.063143136],
    [0.60783001, -2.0632195, -0.42279881, 1.4579496, -1.0273682, -0.067101763],
    [0.67066186, -2.0847204, -0.39327029, 1.4929061, -1.0883106, -0.07106039],
    [0.73349372, -2.1062213, -0.36374177, 1.5278627, -1.149253, -0.075019017],
    [0.79632557, -2.1277222, -0.33421325, 1.5628193, -1.2101954, -0.078977644],
    [0.85915742, -2.1492232, -0.30468472, 1.5977759, -1.2711378, -0.082936271],
    [0.92198928, -2.1707241, -0.2751562, 1.6327324, -1.3320802, -0.086894899],
    [0.98482113, -2.192225, -0.24562768, 1.667689, -1.3930227, -0.090853526],
    [1.047653, -2.2137259, -0.21609915, 1.7026456, -1.4539651, -0.094812153],
    [1.1104848, -2.2352268, -0.18657063, 1.7376021, -1.5149075, -0.09877078],
    [1.1733167, -2.2567278, -0.15704211, 1.7725587, -1.5758499, -0.10272941],
    [1.2361485, -2.2782287, -0.12751358, 1.8075153, -1.6367923, -0.10668803],
    [1.2989804, -2.2997296, -0.097985061, 1.8424719, -1.6977347, -0.11064666],
    [1.3618122, -2.3212305, -0.068456538, 1.8774284, -1.7586771, -0.11460529],
    [1.4246441, -2.3427314, -0.038928015, 1.912385, -1.8196196, -0.11856392],
    [1.487476, -2.3642324, -0.0093994923, 1.9473416, -1.880562, -0.12252254],
    [1.5503078, -2.3857333, 0.020129031, 1.9822982, -1.9415044, -0.12648117],
    [1.6131397, -2.4072342, 0.049657554, 2.0172547, -2.0024468, -0.1304398],
    [1.6759715, -2.4287351, 0.079186077, 2.0522113, -2.0633892, -0.13439842],
    [1.7388034, -2.450236, 0.1087146, 2.0871679, -2.1243316, -0.13835705],
    [1.8016352, -2.471737, 0.13824312, 2.1221245, -2.185274, -0.14231568],
    [1.8644671, -2.4932379, 0.16777165, 2.157081, -2.2462165, -0.14627431],
    [1.9272989, -2.5147388, 0.19730017, 2.1920376, -2.3071589, -0.15023293],
    [1.9901308, -2.5362397, 0.22682869, 2.2269942, -2.3681013, -0.15419156],
    [2.0529626, -2.5577406, 0.25635722, 2.2619508, -2.4290437, -0.15815019],
    [2.1157945, -2.5792416, 0.28588574, 2.2969073, -2.4899861, -0.16210881],
    [2.1786263, -2.6007425, 0.31541426, 2.3318639, -2.5509285, -0.16606744],
    [2.2414582, -2.6222434, 0.34494278, 2.3668205, -2.6118709, -0.17002607],
    [2.30429, -2.6437443, 0.37447131, 2.401777, -2.6728134, -0.1739847],
    [2.3671219, -2.6652452, 0.40399983, 2.4367336, -2.7337558, -0.17794332],
    [2.4299538, -2.6867461, 0.43352835, 2.4716902, -2.7946982, -0.18190195],
    [2.4927856, -2.7082471, 0.46305688, 2.5066468, -2.8556406, -0.18586058],
    [2.5556175, -2.729748, 0.4925854, 2.5416033, -2.916583, -0.1898192],
    [2.6184493, -2.7512489, 0.52211392, 2.5765599, -2.9775254, -0.19377783],
    [2.6812812, -2.7727498, 0.55164245, 2.6115165, -3.0384678, -0.19773646],
    [2.744113, -2.7942507, 0.58117097, 2.6464731, -3.0994103, -0.20169509],
    [2.8069449, -2.8157517, 0.61069949, 2.6814296, -3.1603527, -0.20565371],
    [2.8697767, -2.8372526, 0.64022801, 2.7163862, -3.2212951, -0.20961234],
    [2.9326086, -2.8587535, 0.66975654, 2.7513428, -3.2822375, -0.21357097],
    [2.9954404, -2.8802544, 0.69928506, 2.7862994, -3.3431799, -0.21752959],
    [3.0582723, -2.9017553, 0.72881358, 2.8212559, -3.4041223, -0.22148822],
    [3.1211041, -2.9232563, 0.75834211, 2.8562125, -3.4650648, -0.22544685],
    [3.183936, -2.9447572, 0.78787063, 2.8911691, -3.5260072, -0.22940548],
    [3.2467678, -2.9662581, 0.81739915, 2.9261257, -3.5869496, -0.2333641],
    [3.3095997, -2.987759, 0.84692768, 2.9610822, -3.647892, -0.23732273],
    [3.3724315, -3.0092599, 0.8764562, 2.9960388, -3.7088344, -0.24128136],
    [3.4352634, -3.0307609, 0.90598472, 3.0309954, -3.7697768, -0.24523998],
    [3.4980953, -3.0522618, 0.93551325, 3.065952, -3.8307192, -0.24919861],
    [3.5609271, -3.0737627, 0.96504177, 3.1009085, -3.8916617, -0.25315724],
    [3.623759, -3.0952636, 0.99457029, 3.1358651, -3.9526041, -0.25711587],
    [3.6865908, -3.1167645, 1.0240988, 3.1708217, -4.0135465, -0.26107449],
    [3.7494227, -3.1382655, 1.0536273, 3.2057782, -4.0744889, -0.26503312],
    [3.8122545, -3.1597664, 1.0831559, 3.2407348, -4.1354313, -0.26899175],
    [3.8750864, -3.1812673, 1.1126844, 3.2756914, -4.1963737, -0.27295037],
    [3.9379182, -3.2027682, 1.1422129, 3.310648, -4.2573161, -0.276909],
    [4.0007501, -3.2242691, 1.1717414, 3.3456045, -4.3182586, -0.28086763],
    [4.0635819, -3.2457701, 1.20127, 3.3805611, -4.379201, -0.28482626],
    [4.1264138, -3.267271, 1.2307985, 3.4155177, -4.4401434, -0.28878488],
    [4.1892456, -3.2887719, 1.260327, 3.4504743, -4.5010858, -0.29274351],
    [4.2497774, -3.3094857, 1.2887746, 3.4841512, -4.5597973, -0.29655723],
    [4.3008269, -3.3269547, 1.3127658, 3.5125526, -4.6093116, -0.29977352],
    [4.3418763, -3.3410018, 1.3320575, 3.5353905, -4.6491267, -0.30235978],
    [4.3729257, -3.3516268, 1.3466495, 3.5526649, -4.6792424, -0.304316],
    [4.3939752, -3.3588299, 1.3565419, 3.5643758, -4.6996588, -0.30564219],
    [4.4050246, -3.362611, 1.3617347, 3.5705231, -4.710376, -0.30633834],
    [4.4068544, -3.3632371, 1.3625946, 3.5715411, -4.7121508, -0.30645362]
  ]
}
