{
  "iteration": 616,
  "label": "pre_pick",
  "planning_time_ms": 48.730477,
  "scene": {
    "block_x": 0.13768936,
    "block_y": 0.4088014,
    "bin_x": 0.24017586,
    "bin_y": 0.31682772
  },
  "joint_names": ["shoulder_pan_joint", "shoulder_lift_joint", "elbow_joint", "wrist_1_joint", "wrist_2_joint", "wrist_3_joint"],
  "start_joints": [-0.45125052, -1.7007119, -0.92040201, 0.86859301, -5.8744036e-05, -0.00033967329],
  "goal_joints": [4.6992985, -2.1168741, -1.3486856, 5.0370571, 1.5702838, -0.013319088],
  "num_waypoints": 90,
  "trajectory": [
    [-0.45125052, -1.7007119, -0.92040201, 0.86859301, -5.8744036e-05, -0.00033967329],
    [-0.44625052, -1.7011159, -0.92081778, 0.87263963, 0.0014656979, -0.00035227332],
    [-0.43125052, -1.7023278, -0.92206507, 0.88477949, 0.0060390236, -0.00039007341],
    [-0.40625052, -1.7043478, -0.9241439, 0.9050126, 0.013661233, -0.00045307356],
    [-0.37125052, -1.7071758, -0.92705425, 0.93333895, 0.024332326, -0.00054127377],
    [-0.32625052, -1.7108118, -0.93079614, 0.96975854, 0.038052304, -0.00065467405],
    [-0.27125052, -1.7152558, -0.93536955, 1.0142714, 0.054821165, -0.00079327438],
    [-0.20881975, -1.7203002, -0.94056086, 1.0647981, 0.073855582, -0.00095060031],
    [-0.14598789, -1.725377, -0.94578551, 1.1156495, 0.093012284, -0.001108937],
    [-0.083156041, -1.7304537, -0.95101017, 1.1665008, 0.11216899, -0.0012672736],
    [-0.020324188, -1.7355305, -0.95623483, 1.2173521, 0.13132569, -0.0014256103],
    [0.042507665, -1.7406073, -0.96145948, 1.2682035, 0.15048239, -0.0015839469],
    [0.10533952, -1.7456841, -0.96668414, 1.3190548, 0.16963909, -0.0017422836],
    [0.16817137, -1.7507609, -0.9719088, 1.3699062, 0.18879579, -0.0019006202],
    [0.23100322, -1.7558377, -0.97713345, 1.4207575, 0.2079525, -0.0020589569],
    [0.29383508, -1.7609145, -0.98235811, 1.4716088, 0.2271092, -0.0022172935],
    [0.35666693, -1.7659913, -0.98758276, 1.5224602, 0.2462659, -0.0023756302],
    [0.41949878, -1.771068, -0.99280742, 1.5733115, 0.2654226, -0.0025339668],
    [0.48233064, -1.7761448, -0.99803208, 1.6241629, 0.2845793, -0.0026923035],
    [0.54516249, -1.7812216, -1.0032567, 1.6750142, 0.30373601, -0.0028506401],
    [0.60799434, -1.7862984, -1.0084814, 1.7258655, 0.32289271, -0.0030089768],
    [0.6708262, -1.7913752, -1.013706, 1.7767169, 0.34204941, -0.0031673134],
    [0.73365805, -1.796452, -1.0189307, 1.8275682, 0.36120611, -0.0033256501],
    [0.7964899, -1.8015288, -1.0241554, 1.8784196, 0.38036281, -0.0034839867],
    [0.85932176, -1.8066056, -1.02938, 1.9292709, 0.39951952, -0.0036423234],
    [0.92215361, -1.8116824, -1.0346047, 1.9801223, 0.41867622, -0.00380066],
    [0.98498546, -1.8167591, -1.0398293, 2.0309736, 0.43783292, -0.0039589967],
    [1.0478173, -1.8218359, -1.045054, 2.0818249, 0.45698962, -0.0041173333],
    [1.1106492, -1.8269127, -1.0502786, 2.1326763, 0.47614632, -0.00427567],
    [1.173481, -1.8319895, -1.0555033, 2.1835276, 0.49530303, -0.0044340066],
    [1.2363129, -1.8370663, -1.060728, 2.234379, 0.51445973, -0.0045923433],
    [1.2991447, -1.8421431, -1.0659526, 2.2852303, 0.53361643, -0.0047506799],
    [1.3619766, -1.8472199, -1.0711773, 2.3360816, 0.55277313, -0.0049090166],
    [1.4248084, -1.8522967, -1.0764019, 2.386933, 0.57192983, -0.0050673532],
    [1.4876403, -1.8573735, -1.0816266, 2.4377843, 0.59108654, -0.0052256899],
    [1.5504721, -1.8624502, -1.0868512, 2.4886357, 0.61024324, -0.0053840265],
    [1.613304, -1.867527, -1.0920759, 2.539487, 0.62939994, -0.0055423632],
    [1.6761358, -1.8726038, -1.0973005, 2.5903384, 0.64855664, -0.0057006998],
    [1.7389677, -1.8776806, -1.1025252, 2.6411897, 0.66771334, -0.0058590365],
    [1.8017996, -1.8827574, -1.1077499, 2.692041, 0.68687005, -0.0060173731],
    [1.8646314, -1.8878342, -1.1129745, 2.7428924, 0.70602675, -0.0061757098],
    [1.9274633, -1.892911, -1.1181992, 2.7937437, 0.72518345, -0.0063340464],
    [1.9902951, -1.8979878, -1.1234238, 2.8445951, 0.74434015, -0.0064923831],
    [2.053127, -1.9030645, -1.1286485, 2.8954464, 0.76349685, -0.0066507197],
    [2.1159588, -1.9081413, -1.1338731, 2.9462977, 0.78265356, -0.0068090564],
    [2.1787907, -1.9132181, -1.1390978, 2.9971491, 0.80181026, -0.006967393],
    [2.2416225, -1.9182949, -1.1443225, 3.0480004, 0.82096696, -0.0071257297],
    [2.3044544, -1.9233717, -1.1495471, 3.0988518, 0.84012366, -0.0072840663],
    [2.3672862, -1.9284485, -1.1547718, 3.1497031, 0.85928036, -0.007442403],
    [2.4301181, -1.9335253, -1.1599964, 3.2005545, 0.87843707, -0.0076007396],
    [2.4929499, -1.9386021, -1.1652211, 3.2514058, 0.89759377, -0.0077590763],
    [2.5557818, -1.9436789, -1.1704457, 3.3022571, 0.91675047, -0.0079174129],
    [2.6186136, -1.9487556, -1.1756704, 3.3531085, 0.93590717, -0.0080757496],
    [2.6814455, -1.9538324, -1.180895, 3.4039598, 0.95506387, -0.0082340862],
    [2.7442773, -1.9589092, -1.1861197, 3.4548112, 0.97422058, -0.0083924229],
    [2.8071092, -1.963986, -1.1913444, 3.5056625, 0.99337728, -0.0085507595],
    [2.8699411, -1.9690628, -1.196569, 3.5565138, 1.012534, -0.0087090962],
    [2.9327729, -1.9741396, -1.2017937, 3.6073652, 1.0316907, -0.0088674328],
    [2.9956048, -1.9792164, -1.2070183, 3.6582165, 1.0508474, -0.0090257695],
    [3.0584366, -1.9842932, -1.212243, 3.7090679, 1.0700041, -0.0091841061],
    [3.1212685, -1.98937, -1.2174676, 3.7599192, 1.0891608, -0.0093424428],
    [3.1841003, -1.9944467, -1.2226923, 3.8107705, 1.1083175, -0.0095007794],
    [3.2469322, -1.9995235, -1.227917, 3.8616219, 1.1274742, -0.0096591161],
    [3.309764, -2.0046003, -1.2331416, 3.9124732, 1.1466309, -0.0098174527],
    [3.3725959, -2.0096771, -1.2383663, 3.9633246, 1.1657876, -0.0099757894],
    [3.4354277, -2.0147539, -1.2435909, 4.0141759, 1.1849443, -0.010134126],
    [3.4982596, -2.0198307, -1.2488156, 4.0650273, 1.204101, -0.010292463],
    [3.5610914, -2.0249075, -1.2540402, 4.1158786, 1.2232577, -0.010450799],
    [3.6239233, -2.0299843, -1.2592649, 4.1667299, 1.2424144, -0.010609136],
    [3.6867551, -2.035061, -1.2644895, 4.2175813, 1.2615711, -0.010767473],
    [3.749587, -2.0401378, -1.2697142, 4.2684326, 1.2807278, -0.010925809],
    [3.8124188, -2.0452146, -1.2749389, 4.319284, 1.2998845, -0.011084146],
    [3.8752507, -2.0502914, -1.2801635, 4.3701353, 1.3190412, -0.011242483],
    [3.9380826, -2.0553682, -1.2853882, 4.4209866, 1.3381979, -0.011400819],
    [4.0009144, -2.060445, -1.2906128, 4.471838, 1.3573546, -0.011559156],
    [4.0637463, -2.0655218, -1.2958375, 4.5226893, 1.3765113, -0.011717493],
    [4.1265781, -2.0705986, -1.3010621, 4.5735407, 1.395668, -0.011875829],
    [4.18941, -2.0756754, -1.3062868, 4.624392, 1.4148247, -0.012034166],
    [4.2522418, -2.0807521, -1.3115115, 4.6752434, 1.4339814, -0.012192503],
    [4.3150737, -2.0858289, -1.3167361, 4.7260947, 1.4531381, -0.012350839],
    [4.3779055, -2.0909057, -1.3219608, 4.776946, 1.4722948, -0.012509176],
    [4.4407374, -2.0959825, -1.3271854, 4.8277974, 1.4914515, -0.012667512],
    [4.5035657, -2.101059, -1.3324098, 4.8786459, 1.5106072, -0.01282584],
    [4.5611329, -2.1057104, -1.3371967, 4.9252364, 1.5281587, -0.01297091],
    [4.6087001, -2.1095538, -1.341152, 4.9637337, 1.5426614, -0.01309078],
    [4.6462673, -2.1125892, -1.3442759, 4.9941378, 1.5541152, -0.013185449],
    [4.6738345, -2.1148167, -1.3465681, 5.0164486, 1.5625201, -0.013254919],
    [4.6914017, -2.1162361, -1.3480289, 5.0306661, 1.5678762, -0.013299188],
    [4.6989689, -2.1168475, -1.3486581, 5.0367904, 1.5701833, -0.013318258],
    [4.6992985, -2.1168741, -1.3486856, 5.0370571, 1.5702838, -0.013319088]
  ]
}
