{
  "iteration": 696,
  "label": "pre_pick",
  "planning_time_ms": 75.152663,
  "scene": {
    "block_x": 0.15237103,
    "block_y": 0.3812447,
    "bin_x": 0.40392254,
    "bin_y": 0.28182503
  },
  "joint_names": ["shoulder_pan_joint", "shoulder_lift_joint", "elbow_joint", "wrist_1_joint", "wrist_2_joint", "wrist_3_joint"],
  "start_joints": [-0.45128167, -1.7008956, -0.92046903, 0.86857767, -1.9413448e-05, -0.00044987039],
  "goal_joints": [0.87025825, 0.25289227, -1.4861601, -0.33768223, 4.7115654, -0.69984358],
  "num_waypoints": 52,
  "trajectory": [
    [-0.45128167, -1.7008956, -0.92046903, 0.86857767, -1.9413448e-05, -0.00044987039],
    [-0.44987924, -1.6988223, -0.92106935, 0.86729757, 0.0049805866, -0.0011920768],
    [-0.44567193, -1.6926021, -0.92287031, 0.86345727, 0.019980587, -0.0034186961],
    [-0.43865974, -1.6822352, -0.92587191, 0.85705677, 0.044980587, -0.0071297282],
    [-0.42884269, -1.6677214, -0.93007414, 0.84809607, 0.079980587, -0.012325173],
    [-0.41622076, -1.649061, -0.93547702, 0.83657518, 0.12498059, -0.019005031],
    [-0.40079395, -1.6262537, -0.94208053, 0.82249408, 0.17998059, -0.027169302],
    [-0.38256227, -1.5992997, -0.94988468, 0.80585278, 0.24498059, -0.036817985],
    [-0.36152573, -1.5681989, -0.95888947, 0.78665128, 0.31998058, -0.04795108],
    [-0.33768431, -1.5329513, -0.96909489, 0.76488958, 0.40498056, -0.060568587],
    [-0.31103801, -1.4935569, -0.98050096, 0.74056769, 0.49998054, -0.074670506],
    [-0.28158685, -1.4500158, -0.99310766, 0.7136856, 0.60498052, -0.090256838],
    [-0.24933081, -1.4023279, -1.006915, 0.68424331, 0.71998049, -0.10732758],
    [-0.21453363, -1.3508832, -1.0218101, 0.65248154, 0.84404021, -0.12574316],
    [-0.17928655, -1.2987733, -1.0368978, 0.62030912, 0.96970391, -0.14439685],
    [-0.14403947, -1.2466634, -1.0519854, 0.5881367, 1.0953676, -0.16305053],
    [-0.1087924, -1.1945535, -1.0670731, 0.55596428, 1.2210313, -0.18170421],
    [-0.073545317, -1.1424436, -1.0821608, 0.52379186, 1.346695, -0.20035789],
    [-0.038298238, -1.0903336, -1.0972484, 0.49161944, 1.4723587, -0.21901157],
    [-0.0030511585, -1.0382237, -1.1123361, 0.45944701, 1.5980224, -0.23766526],
    [0.032195921, -0.98611384, -1.1274238, 0.42727459, 1.7236862, -0.25631894],
    [0.067443, -0.93400394, -1.1425114, 0.39510217, 1.8493499, -0.27497262],
    [0.10269008, -0.88189404, -1.1575991, 0.36292975, 1.9750136, -0.2936263],
    [0.13793716, -0.82978413, -1.1726868, 0.33075733, 2.1006773, -0.31227998],
    [0.17318424, -0.77767423, -1.1877744, 0.29858491, 2.226341, -0.33093367],
    [0.20843132, -0.72556433, -1.2028621, 0.26641249, 2.3520047, -0.34958735],
    [0.24367839, -0.67345443, -1.2179498, 0.23424007, 2.4776684, -0.36824103],
    [0.27892547, -0.62134452, -1.2330375, 0.20206765, 2.6033321, -0.38689471],
    [0.31417255, -0.56923462, -1.2481251, 0.16989523, 2.7289958, -0.40554839],
    [0.34941963, -0.51712472, -1.2632128, 0.13772281, 2.8546595, -0.42420208],
    [0.38466671, -0.46501481, -1.2783005, 0.10555039, 2.9803232, -0.44285576],
    [0.41991379, -0.41290491, -1.2933881, 0.073377966, 3.1059869, -0.46150944],
    [0.45516087, -0.36079501, -1.3084758, 0.041205546, 3.2316506, -0.48016312],
    [0.49040795, -0.30868511, -1.3235635, 0.0090331251, 3.3573143, -0.4988168],
    [0.52565503, -0.2565752, -1.3386511, -0.023139296, 3.482978, -0.51747049],
    [0.56090211, -0.2044653, -1.3537388, -0.055311716, 3.6086417, -0.53612417],
    [0.59614919, -0.1523554, -1.3688265, -0.087484137, 3.7343054, -0.55477785],
    [0.63139626, -0.10024549, -1.3839141, -0.11965656, 3.8599692, -0.57343153],
    [0.66628371, -0.048667286, -1.3988479, -0.15150071, 3.9843507, -0.59189488],
    [0.69870797, -0.00073068581, -1.4127272, -0.18109655, 4.0999504, -0.60905466],
    [0.72832736, 0.04305914, -1.4254059, -0.2081322, 4.2055501, -0.62473002],
    [0.75514187, 0.082702192, -1.436884, -0.23260764, 4.3011499, -0.63892096],
    [0.77915151, 0.11819847, -1.4471614, -0.25452288, 4.3867496, -0.6516275],
    [0.80035628, 0.14954797, -1.4562382, -0.27387792, 4.4623493, -0.66284962],
    [0.81875618, 0.1767507, -1.4641144, -0.29067277, 4.5279491, -0.67258733],
    [0.8343512, 0.19980666, -1.4707899, -0.30490741, 4.5835488, -0.68084063],
    [0.84714134, 0.21871584, -1.4762648, -0.31658185, 4.6291485, -0.68760951],
    [0.85712662, 0.23347824, -1.480539, -0.3256961, 4.6647483, -0.69289398],
    [0.86430702, 0.24409387, -1.4836126, -0.33225014, 4.690348, -0.69669404],
    [0.86868255, 0.25056273, -1.4854856, -0.33624398, 4.7059477, -0.69900968],
    [0.8702532, 0.25288481, -1.4861579, -0.33767763, 4.7115475, -0.69984091],
    [0.87025825, 0.25289227, -1.4861601, -0.33768223, 4.7115654, -0.69984358]
  ]
}
