{
  "iteration": 360,
  "label": "pre_pick",
  "planning_time_ms": 53.067755,
  "scene": {
    "block_x": 0.15599361,
    "block_y": 0.46640992,
    "bin_x": 0.39836586,
    "bin_y": 0.33399118
  },
  "joint_names": ["shoulder_pan_joint", "shoulder_lift_joint", "elbow_joint", "wrist_1_joint", "wrist_2_joint", "wrist_3_joint"],
  "start_joints": [-0.45124997, -1.7008778, -0.92042953, 0.86837933, 9.2971753e-05, -0.00033285396],
  "goal_joints": [-5.2967221, -0.73278003, 0.83952648, 4.6049359, 4.712749, -0.5848759],
  "num_waypoints": 87,
  "trajectory": [
    [-0.45124997, -1.7008778, -0.92042953, 0.86837933, 9.2971753e-05, -0.00033285396],
    [-0.45516603, -1.7019945, -0.91897555, 0.87337933, 0.0028501359, -0.0013158129],
    [-0.46691421, -1.7053445, -0.91461361, 0.88837933, 0.011121628, -0.0042646897],
    [-0.48649451, -1.7109278, -0.90734371, 0.91337933, 0.024907449, -0.0091794843],
    [-0.51390694, -1.7187445, -0.89716585, 0.94837933, 0.044207598, -0.016060197],
    [-0.54915148, -1.7287945, -0.88408003, 0.99337933, 0.069022076, -0.024906827],
    [-0.59222815, -1.7410778, -0.86808625, 1.0483793, 0.099350882, -0.035719375],
    [-0.64313692, -1.7555944, -0.84918451, 1.1133793, 0.13519401, -0.048497839],
    [-0.70187781, -1.7723444, -0.82737482, 1.1883793, 0.17655146, -0.063242219],
    [-0.76470766, -1.7902604, -0.80404695, 1.2686, 0.22078781, -0.079012955],
    [-0.82753951, -1.8081769, -0.78071834, 1.3488233, 0.26502556, -0.094784196],
    [-0.89037136, -1.8260934, -0.75738973, 1.4290466, 0.30926332, -0.11055544],
    [-0.95320322, -1.8440099, -0.73406112, 1.5092699, 0.35350108, -0.12632668],
    [-1.0160351, -1.8619264, -0.7107325, 1.5894932, 0.39773884, -0.14209792],
    [-1.0788669, -1.879843, -0.68740389, 1.6697165, 0.4419766, -0.15786916],
    [-1.1416988, -1.8977595, -0.66407528, 1.7499398, 0.48621435, -0.1736404],
    [-1.2045306, -1.915676, -0.64074667, 1.8301631, 0.53045211, -0.18941164],
    [-1.2673625, -1.9335925, -0.61741805, 1.9103864, 0.57468987, -0.20518288],
    [-1.3301943, -1.951509, -0.59408944, 1.9906097, 0.61892763, -0.22095412],
    [-1.3930262, -1.9694256, -0.57076083, 2.070833, 0.66316539, -0.23672536],
    [-1.455858, -1.9873421, -0.54743222, 2.1510563, 0.70740315, -0.2524966],
    [-1.5186899, -2.0052586, -0.5241036, 2.2312796, 0.7516409, -0.26826784],
    [-1.5815217, -2.0231751, -0.50077499, 2.3115029, 0.79587866, -0.28403908],
    [-1.6443536, -2.0410917, -0.47744638, 2.3917261, 0.84011642, -0.29981032],
    [-1.7071855, -2.0590082, -0.45411777, 2.4719494, 0.88435418, -0.31558156],
    [-1.7700173, -2.0769247, -0.43078915, 2.5521727, 0.92859194, -0.3313528],
    [-1.8328492, -2.0948412, -0.40746054, 2.632396, 0.97282969, -0.34712404],
    [-1.895681, -2.1127577, -0.38413193, 2.7126193, 1.0170675, -0.36289528],
    [-1.9585042, -2.1306718, -0.36080655, 2.7928315, 1.0612991, -0.37866434],
    [-2.0201843, -2.1451565, -0.3379572, 2.8683484, 1.1064443, -0.3933122],
    [-2.0829871, -2.1500568, -0.31485582, 2.9349713, 1.1578644, -0.40557916],
    [-2.1415837, -2.1511934, -0.29335883, 2.99355, 1.207743, -0.41610095],
    [-2.1904427, -2.1519522, -0.27543737, 3.042197, 1.2494373, -0.42482345],
    [-2.2364342, -2.1460687, -0.25867749, 3.0811095, 1.2923379, -0.43126031],
    [-2.2821219, -2.130885, -0.24218374, 3.1100272, 1.3401263, -0.43514399],
    [-2.331072, -2.1082664, -0.22461789, 3.134388, 1.3948437, -0.4375977],
    [-2.3888855, -2.0814521, -0.20387305, 3.1630554, 1.4595243, -0.4404688],
    [-2.4517005, -2.0523182, -0.18133358, 3.1942029, 1.5298003, -0.44358827],
    [-2.5145323, -2.0231764, -0.15878804, 3.2253587, 1.6000952, -0.44670859],
    [-2.5773642, -1.9940346, -0.13624251, 3.2565145, 1.6703901, -0.4498289],
    [-2.640196, -1.9648928, -0.11369698, 3.2876703, 1.740685, -0.45294922],
    [-2.7030279, -1.935751, -0.091151445, 3.3188261, 1.81098, -0.45606953],
    [-2.7658597, -1.9066092, -0.068605911, 3.3499819, 1.8812749, -0.45918985],
    [-2.8286916, -1.8774674, -0.046060378, 3.3811378, 1.9515698, -0.46231016],
    [-2.8915234, -1.8483256, -0.023514845, 3.4122936, 2.0218647, -0.46543048],
    [-2.9543553, -1.8191839, -0.00096931209, 3.4434494, 2.0921596, -0.46855079],
    [-3.0171871, -1.7900421, 0.021576221, 3.4746052, 2.1624546, -0.47167111],
    [-3.080019, -1.7609003, 0.044121754, 3.505761, 2.2327495, -0.47479142],
    [-3.1428508, -1.7317585, 0.066667287, 3.5369168, 2.3030444, -0.47791174],
    [-3.2056827, -1.7026167, 0.08921282, 3.5680727, 2.3733393, -0.48103205],
    [-3.2685146, -1.6734749, 0.11175835, 3.5992285, 2.4436342, -0.48415237],
    [-3.3313464, -1.6443331, 0.13430389, 3.6303843, 2.5139292, -0.48727268],
    [-3.3941783, -1.6151913, 0.15684942, 3.6615401, 2.5842241, -0.490393],
    [-3.4570101, -1.5860495, 0.17939495, 3.6926959, 2.654519, -0.49351331],
    [-3.519842, -1.5569077, 0.20194049, 3.7238517, 2.7248139, -0.49663363],
    [-3.5826738, -1.5277659, 0.22448602, 3.7550076, 2.7951089, -0.49975394],
    [-3.6455057, -1.4986241, 0.24703155, 3.7861634, 2.8654038, -0.50287425],
    [-3.7083375, -1.4694824, 0.26957709, 3.8173192, 2.9356987, -0.50599457],
    [-3.7711694, -1.4403406, 0.29212262, 3.848475, 3.0059936, -0.50911488],
    [-3.8340012, -1.4111988, 0.31466815, 3.8796308, 3.0762885, -0.5122352],
    [-3.8968331, -1.382057, 0.33721368, 3.9107867, 3.1465835, -0.51535551],
    [-3.9596649, -1.3529152, 0.35975922, 3.9419425, 3.2168784, -0.51847583],
    [-4.0224968, -1.3237734, 0.38230475, 3.9730983, 3.2871733, -0.52159614],
    [-4.0853286, -1.2946316, 0.40485028, 4.0042541, 3.3574682, -0.52471646],
    [-4.1481605, -1.2654898, 0.42739582, 4.0354099, 3.4277631, -0.52783677],
    [-4.2109923, -1.236348, 0.44994135, 4.0665657, 3.4980581, -0.53095709],
    [-4.2738242, -1.2072062, 0.47248688, 4.0977216, 3.568353, -0.5340774],
    [-4.3366561, -1.1780644, 0.49503242, 4.1288774, 3.6386479, -0.53719772],
    [-4.3994879, -1.1489226, 0.51757795, 4.1600332, 3.7089428, -0.54031803],
    [-4.4623198, -1.1197809, 0.54012348, 4.191189, 3.7792377, -0.54343835],
    [-4.5251516, -1.0906391, 0.56266902, 4.2223448, 3.8495327, -0.54655866],
    [-4.5879835, -1.0614973, 0.58521455, 4.2535006, 3.9198276, -0.54967898],
    [-4.6508153, -1.0323555, 0.60776008, 4.2846565, 3.9901225, -0.55279929],
    [-4.7136472, -1.0032137, 0.63030561, 4.3158123, 4.0604174, -0.55591961],
    [-4.776479, -0.9740719, 0.65285115, 4.3469681, 4.1307123, -0.55903992],
    [-4.8393109, -0.9449301, 0.67539668, 4.3781239, 4.2010073, -0.56216024],
    [-4.9021427, -0.91578831, 0.69794221, 4.4092797, 4.2713022, -0.56528055],
    [-4.9649746, -0.88664652, 0.72048775, 4.4404356, 4.3415971, -0.56840087],
    [-5.0278064, -0.85750473, 0.74303328, 4.4715914, 4.411892, -0.57152118],
    [-5.0903919, -0.82847723, 0.76549039, 4.502625, 4.4819112, -0.57462926],
    [-5.1466557, -0.80238175, 0.78567915, 4.530524, 4.544858, -0.5774234],
    [-5.1939811, -0.78043191, 0.80266063, 4.5539908, 4.5978047, -0.57977364],
    [-5.2323683, -0.76262772, 0.81643483, 4.5730254, 4.6407514, -0.58168],
    [-5.2618171, -0.74896918, 0.82700176, 4.587628, 4.6736981, -0.58314247],
    [-5.2823276, -0.73945628, 0.83436141, 4.5977983, 4.6966448, -0.58416105],
    [-5.2938998, -0.73408903, 0.83851378, 4.6035365, 4.7095915, -0.58473574],
    [-5.2967221, -0.73278003, 0.83952648, 4.6049359, 4.712749, -0.5848759]
  ]
}
