{
  "iteration": 806,
  "label": "pre_pick",
  "planning_time_ms": 5012.3274,
  "scene": {
    "block_x": 0.17605946,
    "block_y": 0.4675212,
    "bin_x": 0.3732128,
    "bin_y": 0.30888658
  },
  "joint_names": ["shoulder_pan_joint", "shoulder_lift_joint", "elbow_joint", "wrist_1_joint", "wrist_2_joint", "wrist_3_joint"],
  "start_joints": [-0.45138466, -1.7007696, -0.92061016, 0.86885457, -5.6422249e-05, -0.00047763697],
  "goal_joints": [-1.6648488, -3.1532979, 0.74758965, 3.9758008, -4.7122368, -0.093187309],
  "num_waypoints": 52,
  "trajectory": [
    [-0.45138466, -1.7007696, -0.92061016, 0.86885457, -5.6422249e-05, -0.00047763697],
    [-0.45267224, -1.7023108, -0.91884007, 0.87215129, -0.0050564222, -0.00057600934],
    [-0.45653499, -1.7069346, -0.91352979, 0.88204144, -0.020056422, -0.00087112646],
    [-0.4629729, -1.7146408, -0.90467932, 0.89852503, -0.045056422, -0.0013629883],
    [-0.47198598, -1.7254295, -0.89228867, 0.92160206, -0.080056422, -0.0020515949],
    [-0.48357422, -1.7393008, -0.87635783, 0.95127253, -0.12505642, -0.0029369463],
    [-0.49773763, -1.7562545, -0.8568868, 0.98753643, -0.18005642, -0.0040190424],
    [-0.5144762, -1.7762907, -0.83387559, 1.0303938, -0.24505642, -0.0052978832],
    [-0.53378993, -1.7994095, -0.8073242, 1.0798445, -0.3200564, -0.0067734684],
    [-0.55567883, -1.8256107, -0.77723262, 1.1358887, -0.40505638, -0.0084457984],
    [-0.58014289, -1.8548944, -0.74360085, 1.1985264, -0.50005636, -0.010314873],
    [-0.60718212, -1.8872606, -0.7064289, 1.2677574, -0.60505633, -0.012380692],
    [-0.63679651, -1.9227093, -0.66571676, 1.3435819, -0.7200563, -0.014643256],
    [-0.66874393, -1.9609507, -0.62179732, 1.4253799, -0.844116, -0.017084066],
    [-0.7011044, -1.9996865, -0.57731002, 1.5082355, -0.9697797, -0.019556433],
    [-0.73346488, -2.0384223, -0.53282272, 1.591091, -1.0954434, -0.0220288],
    [-0.76582536, -2.0771581, -0.48833542, 1.6739466, -1.2211071, -0.024501168],
    [-0.79818584, -2.1158939, -0.44384812, 1.7568022, -1.3467708, -0.026973535],
    [-0.83054631, -2.1546297, -0.39936083, 1.8396577, -1.4724345, -0.029445902],
    [-0.86290679, -2.1933655, -0.35487353, 1.9225133, -1.5980982, -0.03191827],
    [-0.89526727, -2.2321013, -0.31038623, 2.0053689, -1.7237619, -0.034390637],
    [-0.92762775, -2.2708371, -0.26589893, 2.0882244, -1.8494256, -0.036863005],
    [-0.95998822, -2.3095729, -0.22141164, 2.17108, -1.9750894, -0.039335372],
    [-0.9923487, -2.3483088, -0.17692434, 2.2539356, -2.1007531, -0.041807739],
    [-1.0247092, -2.3870446, -0.13243704, 2.3367911, -2.2264168, -0.044280107],
    [-1.0570697, -2.4257804, -0.087949742, 2.4196467, -2.3520805, -0.046752474],
    [-1.0894301, -2.4645162, -0.043462444, 2.5025023, -2.4777442, -0.049224841],
    [-1.1217906, -2.503252, 0.0010248537, 2.5853578, -2.6034079, -0.051697209],
    [-1.1541511, -2.5419878, 0.045512152, 2.6682134, -2.7290716, -0.054169576],
    [-1.1865116, -2.5807236, 0.089999449, 2.751069, -2.8547353, -0.056641943],
    [-1.218872, -2.6194594, 0.13448675, 2.8339245, -2.980399, -0.059114311],
    [-1.2512325, -2.6581952, 0.17897404, 2.9167801, -3.1060627, -0.061586678],
    [-1.283593, -2.696931, 0.22346134, 2.9996357, -3.2317264, -0.064059046],
    [-1.3159535, -2.7356668, 0.26794864, 3.0824913, -3.3573901, -0.066531413],
    [-1.348314, -2.7744026, 0.31243594, 3.1653468, -3.4830538, -0.06900378],
    [-1.3806744, -2.8131384, 0.35692324, 3.2482024, -3.6087175, -0.071476148],
    [-1.4130349, -2.8518742, 0.40141053, 3.331058, -3.7343812, -0.073948515],
    [-1.4453954, -2.89061, 0.44589783, 3.4139135, -3.8600449, -0.076420882],
    [-1.4774318, -2.9289579, 0.48993967, 3.4959394, -3.9844503, -0.078868493],
    [-1.5072129, -2.9646061, 0.53088091, 3.5721906, -4.1000975, -0.08114379],
    [-1.5344188, -2.9971718, 0.56828196, 3.6418484, -4.2057446, -0.083222341],
    [-1.5590495, -3.026655, 0.60214283, 3.7049127, -4.3013917, -0.085104148],
    [-1.581105, -3.0530557, 0.63246351, 3.7613836, -4.3870389, -0.086789211],
    [-1.6005854, -3.076374, 0.65924401, 3.8112611, -4.462686, -0.088277528],
    [-1.6174906, -3.0966097, 0.68248431, 3.8545451, -4.5283331, -0.089569101],
    [-1.6318207, -3.1137629, 0.70218444, 3.8912357, -4.5839802, -0.090663929],
    [-1.6435756, -3.1278336, 0.71834437, 3.9213328, -4.6296274, -0.091562012],
    [-1.6527553, -3.1388218, 0.73096412, 3.9448365, -4.6652745, -0.09226335],
    [-1.6593598, -3.1467275, 0.74004368, 3.9617468, -4.6909216, -0.092767944],
    [-1.6633892, -3.1515508, 0.74558305, 3.9720636, -4.7065687, -0.093075793],
    [-1.6648435, -3.1532915, 0.74758224, 3.975787, -4.7122159, -0.093186897],
    [-1.6648488, -3.1532979, 0.74758965, 3.9758008, -4.7122368, -0.093187309]
  ]
}
