{
  "iteration": 38,
  "label": "pre_pick",
  "planning_time_ms": 45.721556,
  "scene": {
    "block_x": 0.26193004,
    "block_y": 0.45528334,
    "bin_x": 0.23457754,
    "bin_y": 0.27773051
  },
  "joint_names": ["shoulder_pan_joint", "shoulder_lift_joint", "elbow_joint", "wrist_1_joint", "wrist_2_joint", "wrist_3_joint"],
  "start_joints": [-0.45137923, -1.7008496, -0.92038949, 0.86863397, 7.1451848e-05, -0.00033459379],
  "goal_joints": [0.80215426, -0.15790233, -0.34077497, -1.0720911, -1.5705536, -0.76841044],
  "num_waypoints": 34,
  "trajectory": [
    [-0.45137923, -1.7008496, -0.92038949, 0.86863397, 7.1451848e-05, -0.00033459379],
    [-0.44814968, -1.6968744, -0.9188962, 0.86363397, -0.0039750386, -0.0023134312],
    [-0.43846103, -1.6849488, -0.91441631, 0.84863397, -0.01611451, -0.0082499433],
    [-0.42231328, -1.6650729, -0.90694985, 0.82363397, -0.036346962, -0.01814413],
    [-0.39970644, -1.6372466, -0.89649679, 0.78863397, -0.064672395, -0.031995992],
    [-0.37064049, -1.60147, -0.88305715, 0.74363397, -0.10109081, -0.049805528],
    [-0.33511546, -1.557743, -0.86663092, 0.68863398, -0.14560219, -0.071572735],
    [-0.29313133, -1.5060656, -0.84721811, 0.623634, -0.19820655, -0.097297612],
    [-0.24471856, -1.4464754, -0.82483279, 0.54868118, -0.25886573, -0.1269615],
    [-0.1936722, -1.3836436, -0.80122974, 0.46965103, -0.32282467, -0.15823906],
    [-0.14262585, -1.3208117, -0.7776267, 0.39062088, -0.38678362, -0.18951663],
    [-0.091579495, -1.2579799, -0.75402365, 0.31159073, -0.45074257, -0.22079419],
    [-0.04053314, -1.195148, -0.7304206, 0.23256058, -0.51470152, -0.25207175],
    [0.010513215, -1.1323161, -0.70681756, 0.15353043, -0.57866047, -0.28334932],
    [0.06155957, -1.0694843, -0.68321451, 0.074500285, -0.64261941, -0.31462688],
    [0.11260592, -1.0066524, -0.65961147, -0.004529864, -0.70657836, -0.34590444],
    [0.16365228, -0.94382059, -0.63600842, -0.083560013, -0.77053731, -0.377182],
    [0.21469863, -0.88098874, -0.61240538, -0.16259016, -0.83449626, -0.40845957],
    [0.26574499, -0.81815688, -0.58880233, -0.24162031, -0.89845521, -0.43973713],
    [0.31679134, -0.75532503, -0.56519928, -0.32065046, -0.96241416, -0.47101469],
    [0.3678377, -0.69249318, -0.54159624, -0.39968061, -1.0263731, -0.50229225],
    [0.41888405, -0.62966132, -0.51799319, -0.47871076, -1.0903321, -0.53356982],
    [0.46993041, -0.56682947, -0.49439015, -0.55774091, -1.154291, -0.56484738],
    [0.52097676, -0.50399762, -0.4707871, -0.63677106, -1.2182499, -0.59612494],
    [0.57202312, -0.44116576, -0.44718405, -0.71580121, -1.2822089, -0.62740251],
    [0.62243502, -0.37911485, -0.42387437, -0.79384909, -1.3453729, -0.65829132],
    [0.66738896, -0.32378201, -0.40308836, -0.86344694, -1.4016983, -0.68583589],
    [0.7058838, -0.27639955, -0.38528894, -0.92304479, -1.4499307, -0.70942278],
    [0.73791954, -0.23696745, -0.37047611, -0.97264264, -1.4900702, -0.72905199],
    [0.76349619, -0.20548571, -0.35864986, -1.0122405, -1.5221166, -0.74472353],
    [0.78261373, -0.18195434, -0.34981021, -1.0418383, -1.5460701, -0.7564374],
    [0.79527218, -0.16637333, -0.34395714, -1.0614362, -1.5619306, -0.76419359],
    [0.80147152, -0.15874269, -0.34109066, -1.071034, -1.5696982, -0.76799211],
    [0.80215426, -0.15790233, -0.34077497, -1.0720911, -1.5705536, -0.76841044]
  ]
}
