{
  "iteration": 971,
  "label": "pre_pick",
  "planning_time_ms": 62.922022,
  "scene": {
    "block_x": 0.13866881,
    "block_y": 0.41071534,
    "bin_x": 0.25078009,
    "bin_y": 0.25231416
  },
  "joint_names": ["shoulder_pan_joint", "shoulder_lift_joint", "elbow_joint", "wrist_1_joint", "wrist_2_joint", "wrist_3_joint"],
  "start_joints": [-0.45136574, -1.7008084, -0.92014859, 0.86813887, 7.3144838e-05, -0.00020983357],
  "goal_joints": [-1.5893195, -2.1247471, -1.335558, -1.2530122, 1.5704128, -0.017593057],
  "num_waypoints": 31,
  "trajectory": [
    [-0.45136574, -1.7008084, -0.92014859, 0.86813887, 7.3144838e-05, -0.00020983357],
    [-0.45404814, -1.7018078, -0.92112779, 0.86313887, 0.0037747663, -0.00025080949],
    [-0.46209533, -1.7048057, -0.92406542, 0.84813887, 0.014879631, -0.00037373725],
    [-0.47550731, -1.7098023, -0.92896145, 0.82313887, 0.033387738, -0.00057861685],
    [-0.49428409, -1.7167975, -0.93581591, 0.78813887, 0.059299089, -0.0008654483],
    [-0.51842566, -1.7257913, -0.94462877, 0.74313887, 0.092613682, -0.0012342316],
    [-0.54793203, -1.7367837, -0.95540005, 0.68813887, 0.13333152, -0.0016849667],
    [-0.58280318, -1.7497748, -0.96812975, 0.62313888, 0.18145259, -0.0022176536],
    [-0.62303913, -1.7647645, -0.98281786, 0.54813889, 0.2369769, -0.0028322923],
    [-0.66863986, -1.7817528, -0.99946438, 0.46313891, 0.29990446, -0.0035288828],
    [-0.71960539, -1.8007397, -1.0180693, 0.36813894, 0.37023525, -0.0043074251],
    [-0.77593571, -1.8217253, -1.0386327, 0.26313896, 0.44796928, -0.0051679192],
    [-0.83740815, -1.8446265, -1.0610731, 0.14855405, 0.53279927, -0.0061069636],
    [-0.90024001, -1.8680342, -1.0840099, 0.031435193, 0.61950521, -0.0070667743],
    [-0.96307186, -1.8914419, -1.1069466, -0.085683668, 0.70621115, -0.0080265849],
    [-1.0259037, -1.9148495, -1.1298833, -0.20280253, 0.79291709, -0.0089863955],
    [-1.0887356, -1.9382572, -1.1528201, -0.31992139, 0.87962303, -0.0099462062],
    [-1.1515674, -1.9616649, -1.1757568, -0.43704025, 0.96632896, -0.010906017],
    [-1.2143993, -1.9850726, -1.1986935, -0.55415911, 1.0530349, -0.011865827],
    [-1.2751116, -2.0076906, -1.2208566, -0.66732724, 1.136816, -0.012793261],
    [-1.3304923, -2.0283224, -1.2410732, -0.77055708, 1.2132396, -0.013639249],
    [-1.3805082, -2.0469556, -1.2593315, -0.86378693, 1.2822599, -0.014403284],
    [-1.4251593, -2.0635901, -1.2756314, -0.94701677, 1.343877, -0.015085368],
    [-1.4644456, -2.078226, -1.2899728, -1.0202466, 1.3980908, -0.0156855],
    [-1.4983671, -2.0908633, -1.3023558, -1.0834765, 1.4449014, -0.016203681],
    [-1.5269238, -2.1015019, -1.3127805, -1.1367063, 1.4843087, -0.016639909],
    [-1.5501157, -2.110142, -1.3212466, -1.1799361, 1.5163128, -0.016994185],
    [-1.5679429, -2.1167834, -1.3277544, -1.213166, 1.5409137, -0.01726651],
    [-1.5804052, -2.1214261, -1.3323038, -1.2363958, 1.5581113, -0.017456883],
    [-1.5875027, -2.1240703, -1.3348947, -1.2496257, 1.5679057, -0.017565304],
    [-1.5893195, -2.1247471, -1.335558, -1.2530122, 1.5704128, -0.017593057]
  ]
}
