{
  "iteration": 42,
  "label": "pre_pick",
  "planning_time_ms": 162.68764,
  "scene": {
    "block_x": 0.15849679,
    "block_y": 0.42534093,
    "bin_x": 0.15993194,
    "bin_y": 0.28438214
  },
  "joint_names": ["shoulder_pan_joint", "shoulder_lift_joint", "elbow_joint", "wrist_1_joint", "wrist_2_joint", "wrist_3_joint"],
  "start_joints": [-0.45121211, -1.7009127, -0.91996137, 0.86797448, -9.8362721e-05, -1.8294142e-05],
  "goal_joints": [-1.6351957, -3.305884, 1.1702773, 3.7071638, -4.7125333, -0.064403138],
  "num_waypoints": 52,
  "trajectory": [
    [-0.45121211, -1.7009127, -0.91996137, 0.86797448, -9.8362721e-05, -1.8294142e-05],
    [-0.45246835, -1.7026156, -0.91774358, 0.87098693, -0.0050983627, -8.6607917e-05],
    [-0.45623705, -1.7077243, -0.91109021, 0.88002426, -0.020098363, -0.00029154924],
    [-0.46251821, -1.7162389, -0.90000125, 0.89508648, -0.045098363, -0.00063311812],
    [-0.47131185, -1.7281593, -0.88447672, 0.91617359, -0.080098363, -0.0011113146],
    [-0.48261795, -1.7434855, -0.86451661, 0.94328558, -0.12509836, -0.0017261385],
    [-0.49643651, -1.7622175, -0.84012091, 0.97642247, -0.18009836, -0.0024775901],
    [-0.51276755, -1.7843553, -0.81128964, 1.0155842, -0.24509836, -0.0033656691],
    [-0.53161104, -1.809899, -0.77802279, 1.0607709, -0.32009834, -0.0043903755],
    [-0.552967, -1.8388485, -0.74032036, 1.1119824, -0.40509832, -0.0055517094],
    [-0.57683543, -1.8712038, -0.69818235, 1.1692189, -0.5000983, -0.0068496709],
    [-0.60321632, -1.9069649, -0.65160876, 1.2324802, -0.60509827, -0.0082842598],
    [-0.63210968, -1.9461318, -0.60059959, 1.3017664, -0.72009824, -0.0098554762],
    [-0.66327926, -1.9883843, -0.54557191, 1.3765109, -0.84415793, -0.011550473],
    [-0.69485185, -2.0311831, -0.48983275, 1.4522219, -0.96982164, -0.013267386],
    [-0.72642444, -2.073982, -0.4340936, 1.5279329, -1.0954853, -0.014984298],
    [-0.75799702, -2.1167808, -0.37835445, 1.6036439, -1.2211491, -0.016701211],
    [-0.78956961, -2.1595796, -0.32261529, 1.6793548, -1.3468128, -0.018418123],
    [-0.8211422, -2.2023784, -0.26687614, 1.7550658, -1.4724765, -0.020135036],
    [-0.85271478, -2.2451772, -0.21113698, 1.8307768, -1.5981402, -0.021851948],
    [-0.88428737, -2.287976, -0.15539783, 1.9064878, -1.7238039, -0.023568861],
    [-0.91585996, -2.3307749, -0.099658671, 1.9821987, -1.8494676, -0.025285773],
    [-0.94743254, -2.3735737, -0.043919516, 2.0579097, -1.9751313, -0.027002685],
    [-0.97900513, -2.4163725, 0.011819638, 2.1336207, -2.100795, -0.028719598],
    [-1.0105777, -2.4591713, 0.067558793, 2.2093317, -2.2264587, -0.03043651],
    [-1.0421503, -2.5019701, 0.12329795, 2.2850427, -2.3521224, -0.032153423],
    [-1.0737229, -2.544769, 0.1790371, 2.3607536, -2.4777861, -0.033870335],
    [-1.1052955, -2.5875678, 0.23477626, 2.4364646, -2.6034498, -0.035587248],
    [-1.1368681, -2.6303666, 0.29051541, 2.5121756, -2.7291135, -0.03730416],
    [-1.1684406, -2.6731654, 0.34625457, 2.5878866, -2.8547772, -0.039021073],
    [-1.2000132, -2.7159642, 0.40199372, 2.6635975, -2.9804409, -0.040737985],
    [-1.2315858, -2.758763, 0.45773288, 2.7393085, -3.1061046, -0.042454897],
    [-1.2631584, -2.8015619, 0.51347203, 2.8150195, -3.2317683, -0.04417181],
    [-1.294731, -2.8443607, 0.56921119, 2.8907305, -3.3574321, -0.045888722],
    [-1.3263036, -2.8871595, 0.62495034, 2.9664414, -3.4830958, -0.047605635],
    [-1.3578762, -2.9299583, 0.6806895, 3.0421524, -3.6087595, -0.049322547],
    [-1.3894488, -2.9727571, 0.73642865, 3.1178634, -3.7344232, -0.05103946],
    [-1.4210213, -3.0155559, 0.79216781, 3.1935744, -3.8600869, -0.052756372],
    [-1.4522803, -3.0579297, 0.84735333, 3.2685333, -3.9845024, -0.054456231],
    [-1.4813414, -3.0973239, 0.89865853, 3.3382217, -4.1001698, -0.056036566],
    [-1.50789, -3.1333123, 0.94552815, 3.4018851, -4.2058372, -0.057480274],
    [-1.5319261, -3.1658949, 0.9879622, 3.4595236, -4.3015046, -0.058787354],
    [-1.5534497, -3.1950717, 1.0259607, 3.5111372, -4.387172, -0.059957806],
    [-1.5724609, -3.2208427, 1.0595235, 3.556726, -4.4628393, -0.060991631],
    [-1.5889596, -3.2432078, 1.0886508, 3.5962898, -4.5285067, -0.061888829],
    [-1.6029458, -3.2621671, 1.1133426, 3.6298288, -4.5841741, -0.062649398],
    [-1.6144196, -3.2777206, 1.1335987, 3.6573429, -4.6298415, -0.063273341],
    [-1.6233809, -3.2898683, 1.1494192, 3.6788321, -4.6655089, -0.063760655],
    [-1.6298298, -3.2986102, 1.1608042, 3.6942964, -4.6911762, -0.064111343],
    [-1.6337661, -3.3039462, 1.1677536, 3.7037358, -4.7068436, -0.064325402],
    [-1.6351901, -3.3058764, 1.1702674, 3.7071504, -4.712511, -0.064402834],
    [-1.6351957, -3.305884, 1.1702773, 3.7071638, -4.7125333, -0.064403138]
  ]
}
