{
  "iteration": 355,
  "label": "pre_pick",
  "planning_time_ms": 43.789342,
  "scene": {
    "block_x": 0.14663581,
    "block_y": 0.4847159,
    "bin_x": 0.23823495,
    "bin_y": 0.37949928
  },
  "joint_names": ["shoulder_pan_joint", "shoulder_lift_joint", "elbow_joint", "wrist_1_joint", "wrist_2_joint", "wrist_3_joint"],
  "start_joints": [-0.45123376, -1.7009266, -0.9201306, 0.86795129, 9.7255776e-05, -0.00015491831],
  "goal_joints": [-1.6005608, -2.4926085, -0.68163107, -1.5384544, 1.5716276, -0.029099892],
  "num_waypoints": 33,
  "trajectory": [
    [-0.45123376, -1.7009266, -0.9201306, 0.86795129, 9.7255776e-05, -0.00015491831],
    [-0.45362182, -1.7025715, -0.91963504, 0.86295129, 0.0033625621, -0.00021505982],
    [-0.46078599, -1.7075064, -0.91814839, 0.84795129, 0.013158481, -0.00039548435],
    [-0.47272628, -1.7157311, -0.91567063, 0.82295129, 0.029485012, -0.0006961919],
    [-0.48944268, -1.7272457, -0.91220177, 0.78795129, 0.052342156, -0.0011171825],
    [-0.5109352, -1.7420503, -0.90774181, 0.74295129, 0.081729913, -0.0016584561],
    [-0.53720383, -1.7601447, -0.90229075, 0.68795129, 0.11764828, -0.0023200127],
    [-0.56824858, -1.781529, -0.89584858, 0.62295129, 0.16009726, -0.0031018523],
    [-0.60406943, -1.8062032, -0.88841531, 0.5479513, 0.20907685, -0.0040039748],
    [-0.6446664, -1.8341673, -0.87999094, 0.46295132, 0.26458705, -0.0050263803],
    [-0.69003948, -1.8654213, -0.87057546, 0.36795133, 0.32662785, -0.0061690688],
    [-0.74018868, -1.8999651, -0.86016889, 0.26295136, 0.39519927, -0.0074320402],
    [-0.79511399, -1.9377989, -0.84877121, 0.14795138, 0.4703013, -0.0088152946],
    [-0.85436637, -1.9786133, -0.83647561, 0.023891594, 0.55131994, -0.010307523],
    [-0.9143848, -2.0199553, -0.82402104, -0.10177211, 0.63338604, -0.011819044],
    [-0.97440323, -2.0612973, -0.81156648, -0.22743582, 0.71545214, -0.013330565],
    [-1.0344217, -2.1026394, -0.79911191, -0.35309952, 0.79751823, -0.014842086],
    [-1.0944401, -2.1439814, -0.78665735, -0.47876323, 0.87958433, -0.016353607],
    [-1.1544585, -2.1853234, -0.77420279, -0.60442694, 0.96165043, -0.017865128],
    [-1.2144769, -2.2266654, -0.76174822, -0.73009064, 1.0437165, -0.019376649],
    [-1.2727683, -2.2668178, -0.74965206, -0.85213818, 1.123421, -0.020844674],
    [-1.3263369, -2.303717, -0.73853591, -0.96429758, 1.196668, -0.022193761],
    [-1.3751294, -2.3373264, -0.72841086, -1.066457, 1.2633843, -0.023422565],
    [-1.4191458, -2.3676459, -0.71927692, -1.1586164, 1.3235701, -0.024531086],
    [-1.458386, -2.3946754, -0.71113408, -1.2407758, 1.3772252, -0.025519324],
    [-1.4928502, -2.4184151, -0.70398234, -1.3129352, 1.4243497, -0.026387279],
    [-1.5225382, -2.4388649, -0.69782171, -1.3750946, 1.4649436, -0.027134951],
    [-1.5474502, -2.4560248, -0.69265217, -1.4272539, 1.4990069, -0.02776234],
    [-1.567586, -2.4698948, -0.68847375, -1.4694133, 1.5265395, -0.028269446],
    [-1.5829457, -2.4804749, -0.68528642, -1.5015727, 1.5475416, -0.028656269],
    [-1.5935292, -2.4877651, -0.6830902, -1.5237321, 1.562013, -0.028922809],
    [-1.5993367, -2.4917654, -0.68188507, -1.5358915, 1.5699539, -0.029069066],
    [-1.6005608, -2.4926085, -0.68163107, -1.5384544, 1.5716276, -0.029099892]
  ]
}
