{
  "iteration": 179,
  "label": "pre_pick",
  "planning_time_ms": 40.327915,
  "scene": {
    "block_x": 0.26530364,
    "block_y": 0.40586289,
    "bin_x": 0.2932126,
    "bin_y": 0.26583973
  },
  "joint_names": ["shoulder_pan_joint", "shoulder_lift_joint", "elbow_joint", "wrist_1_joint", "wrist_2_joint", "wrist_3_joint"],
  "start_joints": [-0.45138084, -1.7007407, -0.92040684, 0.86867109, -2.195513e-05, -0.00042008919],
  "goal_joints": [-1.8749635, -3.2206419, 0.92342242, -2.4144095, 1.5702358, -0.30507729],
  "num_waypoints": 42,
  "trajectory": [
    [-0.45138084, -1.7007407, -0.92040684, 0.86867109, -2.195513e-05, -0.00042008919],
    [-0.4535489, -1.7030554, -0.91759876, 0.86367109, 0.0023694845, -0.00088406988],
    [-0.46005308, -1.7099997, -0.90917452, 0.84867109, 0.0095438033, -0.002276012],
    [-0.47089338, -1.7215734, -0.89513413, 0.82367109, 0.021501001, -0.0045959154],
    [-0.48606979, -1.7377767, -0.87547759, 0.78867109, 0.038241079, -0.0078437802],
    [-0.50558232, -1.7586094, -0.85020489, 0.74367109, 0.059764035, -0.012019606],
    [-0.52943098, -1.7840716, -0.81931603, 0.68867109, 0.086069871, -0.017123394],
    [-0.55761574, -1.8141634, -0.78281102, 0.6236711, 0.11715858, -0.023155142],
    [-0.59013663, -1.8488846, -0.74068986, 0.54867112, 0.15303017, -0.030114851],
    [-0.62699363, -1.8882353, -0.69295255, 0.46367114, 0.19368463, -0.038002521],
    [-0.66818674, -1.9322155, -0.63959908, 0.36867117, 0.23912197, -0.046818151],
    [-0.71371597, -1.9808252, -0.58062946, 0.2636712, 0.28934219, -0.056561742],
    [-0.76215074, -2.032537, -0.51789659, 0.15197046, 0.3427673, -0.066927139],
    [-0.81066192, -2.0843304, -0.45506474, 0.040093487, 0.3962767, -0.077308891],
    [-0.8591731, -2.1361239, -0.39223288, -0.071783487, 0.44978611, -0.087690642],
    [-0.90768429, -2.1879173, -0.32940103, -0.18366046, 0.50329552, -0.098072393],
    [-0.95619547, -2.2397107, -0.26656918, -0.29553743, 0.55680492, -0.10845414],
    [-1.0047067, -2.2915041, -0.20373732, -0.40741441, 0.61031433, -0.11883589],
    [-1.0532178, -2.3432975, -0.14090547, -0.51929138, 0.66382373, -0.12921765],
    [-1.101729, -2.3950909, -0.078073617, -0.63116836, 0.71733314, -0.1395994],
    [-1.1502402, -2.4468843, -0.015241764, -0.74304533, 0.77084254, -0.14998115],
    [-1.1987514, -2.4986777, 0.047590089, -0.8549223, 0.82435195, -0.1603629],
    [-1.2472626, -2.5504711, 0.11042194, -0.96679928, 0.87786135, -0.17074465],
    [-1.2957738, -2.6022646, 0.1732538, -1.0786763, 0.93137076, -0.1811264],
    [-1.3442849, -2.654058, 0.23608565, -1.1905532, 0.98488017, -0.19150815],
    [-1.3927961, -2.7058514, 0.2989175, -1.3024302, 1.0383896, -0.2018899],
    [-1.4413073, -2.7576448, 0.36174935, -1.4143072, 1.091899, -0.21227165],
    [-1.4898185, -2.8094382, 0.42458121, -1.5261841, 1.1454084, -0.22265341],
    [-1.5383297, -2.8612316, 0.48741306, -1.6380611, 1.1989178, -0.23303516],
    [-1.5868409, -2.913025, 0.55024491, -1.7499381, 1.2524272, -0.24341691],
    [-1.6344232, -2.9638267, 0.61187371, -1.8596729, 1.304912, -0.25359988],
    [-1.6779281, -3.0102752, 0.66822146, -1.9600045, 1.3528994, -0.26291026],
    [-1.7170969, -3.0520941, 0.71895306, -2.050336, 1.3961039, -0.27129267],
    [-1.7519296, -3.0892836, 0.7640685, -2.1306675, 1.4345255, -0.27874713],
    [-1.7824262, -3.1218436, 0.80356778, -2.2009991, 1.4681642, -0.28527362],
    [-1.8085867, -3.149774, 0.83745091, -2.2613306, 1.49702, -0.29087216],
    [-1.8304111, -3.173075, 0.86571789, -2.3116621, 1.521093, -0.29554273],
    [-1.8478993, -3.1917465, 0.8883687, -2.3519937, 1.5403831, -0.29928534],
    [-1.8610514, -3.2057884, 0.90540336, -2.3823252, 1.5548903, -0.30209999],
    [-1.8698674, -3.2152009, 0.91682187, -2.4026567, 1.5646146, -0.30398668],
    [-1.8743473, -3.2199839, 0.92262422, -2.4129882, 1.5695561, -0.3049454],
    [-1.8749635, -3.2206419, 0.92342242, -2.4144095, 1.5702358, -0.30507729]
  ]
}
