{
  "iteration": 702,
  "label": "pre_pick",
  "planning_time_ms": 5170.6692,
  "scene": {
    "block_x": 0.20887099,
    "block_y": 0.3661097,
    "bin_x": 0.38856706,
    "bin_y": 0.31870491
  },
  "joint_names": ["shoulder_pan_joint", "shoulder_lift_joint", "elbow_joint", "wrist_1_joint", "wrist_2_joint", "wrist_3_joint"],
  "start_joints": [-0.45125966, -1.7008077, -0.92007919, 0.86811401, 9.3200122e-05, -5.5833749e-05],
  "goal_joints": [4.5109648, -3.3772438, 1.4147347, 3.5339049, -4.7115948, -0.202134],
  "num_waypoints": 122,
  "trajectory": [
    [-0.45125966, -1.7008077, -0.92007919, 0.86811401, 9.3200122e-05, -5.5833749e-05],
    [-0.44625966, -1.700539, -0.92030898, 0.87089689, -0.0034163759, 0.0023487367],
    [-0.43125966, -1.6997327, -0.92099837, 0.87924552, -0.013945104, 0.0095624482],
    [-0.40625966, -1.6983889, -0.92214734, 0.89315991, -0.031492984, 0.021585301],
    [-0.37125966, -1.6965075, -0.92375589, 0.91264005, -0.056060017, 0.038417294],
    [-0.32625966, -1.6940887, -0.92582404, 0.93768595, -0.087646201, 0.060058428],
    [-0.27125966, -1.6911323, -0.92835177, 0.96829761, -0.12625154, 0.086508704],
    [-0.20882889, -1.6877765, -0.93122101, 1.0030451, -0.17007265, 0.11653254],
    [-0.14599703, -1.6843992, -0.93410869, 1.0380157, -0.21417528, 0.14674927],
    [-0.083165181, -1.6810218, -0.93699637, 1.0729864, -0.25827791, 0.17696599],
    [-0.020333328, -1.6776444, -0.93988404, 1.1079571, -0.30238055, 0.20718271],
    [0.042498525, -1.6742671, -0.94277172, 1.1429278, -0.34648318, 0.23739944],
    [0.10533038, -1.6708897, -0.94565939, 1.1778984, -0.39058581, 0.26761616],
    [0.16816223, -1.6675124, -0.94854707, 1.2128691, -0.43468845, 0.29783289],
    [0.23099408, -1.664135, -0.95143474, 1.2478398, -0.47879108, 0.32804961],
    [0.29382594, -1.6607576, -0.95432242, 1.2828104, -0.52289371, 0.35826633],
    [0.35665779, -1.6573803, -0.9572101, 1.3177811, -0.56699635, 0.38848306],
    [0.41948964, -1.6540029, -0.96009777, 1.3527518, -0.61109898, 0.41869978],
    [0.4823215, -1.6506256, -0.96298545, 1.3877225, -0.65520161, 0.44891651],
    [0.54515335, -1.6472482, -0.96587312, 1.4226931, -0.69930425, 0.47913323],
    [0.6079852, -1.6438709, -0.9687608, 1.4576638, -0.74340688, 0.50934995],
    [0.67081706, -1.6404935, -0.97164847, 1.4926345, -0.78750951, 0.53956668],
    [0.73364891, -1.6371161, -0.97453615, 1.5276052, -0.83161215, 0.5697834],
    [0.79648076, -1.6337388, -0.97742383, 1.5625758, -0.87571478, 0.60000012],
    [0.85931261, -1.6303614, -0.9803115, 1.5975465, -0.91981741, 0.63021685],
    [0.92214447, -1.6269841, -0.98319918, 1.6325172, -0.96392005, 0.66043357],
    [0.98497632, -1.6236067, -0.98608685, 1.6674879, -1.0080227, 0.6906503],
    [1.0478082, -1.6202293, -0.98897453, 1.7024585, -1.0521253, 0.72086702],
    [1.11064, -1.616852, -0.99186221, 1.7374292, -1.0962279, 0.75108374],
    [1.1734719, -1.6134746, -0.99474988, 1.7723999, -1.1403306, 0.78130047],
    [1.2363037, -1.6100973, -0.99763756, 1.8073706, -1.1844332, 0.81151719],
    [1.2991356, -1.6067199, -1.0005252, 1.8423412, -1.2285358, 0.84173391],
    [1.3619674, -1.6033425, -1.0034129, 1.8773119, -1.2726385, 0.87195064],
    [1.4247993, -1.5999652, -1.0063006, 1.9122826, -1.3167411, 0.90216736],
    [1.4876311, -1.5965878, -1.0091883, 1.9472533, -1.3608437, 0.93238409],
    [1.550463, -1.5932105, -1.0120759, 1.9822239, -1.4049464, 0.96260081],
    [1.6132949, -1.5898331, -1.0149636, 2.0171946, -1.449049, 0.99281753],
    [1.6761267, -1.5864558, -1.0178513, 2.0521653, -1.4931516, 1.0230343],
    [1.7389586, -1.5830784, -1.020739, 2.087136, -1.5372543, 1.053251],
    [1.8017904, -1.579701, -1.0236266, 2.1221066, -1.5813569, 1.0834677],
    [1.8646223, -1.5763237, -1.0265143, 2.1570773, -1.6254595, 1.1136844],
    [1.9274541, -1.5729463, -1.029402, 2.192048, -1.6695622, 1.1439012],
    [1.990286, -1.569569, -1.0322897, 2.2270186, -1.7136648, 1.1741179],
    [2.0531178, -1.5661916, -1.0351773, 2.2619893, -1.7577674, 1.2043346],
    [2.1159497, -1.5628142, -1.038065, 2.29696, -1.8018701, 1.2345513],
    [2.1787815, -1.5594369, -1.0409527, 2.3319307, -1.8459727, 1.264768],
    [2.2416134, -1.5560595, -1.0438404, 2.3669013, -1.8900753, 1.2949848],
    [2.3044452, -1.5526822, -1.046728, 2.401872, -1.934178, 1.3252015],
    [2.3672771, -1.5493048, -1.0496157, 2.4368427, -1.9782806, 1.3554182],
    [2.4301089, -1.5459275, -1.0525034, 2.4718134, -2.0223832, 1.3856349],
    [2.4929408, -1.5425501, -1.0553911, 2.506784, -2.0664859, 1.4158517],
    [2.5557726, -1.5391727, -1.0582787, 2.5417547, -2.1105885, 1.4460684],
    [2.6186045, -1.5357954, -1.0611664, 2.5767254, -2.1546911, 1.4762851],
    [2.6814364, -1.532418, -1.0640541, 2.6116961, -2.1987938, 1.5065018],
    [2.7442682, -1.5290407, -1.0669418, 2.6466667, -2.2428964, 1.5367186],
    [2.8071001, -1.5256633, -1.0698294, 2.6816374, -2.286999, 1.5669353],
    [2.8699319, -1.5222859, -1.0727171, 2.7166081, -2.3311017, 1.597152],
    [2.9327638, -1.5189086, -1.0756048, 2.7515788, -2.3752043, 1.6273687],
    [2.9955956, -1.5155312, -1.0784925, 2.7865494, -2.4193069, 1.6575855],
    [3.0584275, -1.5121539, -1.0813802, 2.8215201, -2.4634096, 1.6878022],
    [3.1212593, -1.5087765, -1.0842678, 2.8564908, -2.5075122, 1.7180189],
    [3.1840912, -1.5053991, -1.0871555, 2.8914615, -2.5516148, 1.7482356],
    [3.246923, -1.5020218, -1.0900432, 2.9264321, -2.5957175, 1.7784524],
    [3.3097549, -1.4986444, -1.0929309, 2.9614028, -2.6398201, 1.8086691],
    [3.3725867, -1.4952671, -1.0958185, 2.9963735, -2.6839227, 1.8388858],
    [3.4354186, -1.4918897, -1.0987062, 3.0313441, -2.7280254, 1.8691025],
    [3.4982504, -1.4885124, -1.1015939, 3.0663148, -2.772128, 1.8993192],
    [3.5610823, -1.485135, -1.1044816, 3.1012855, -2.8162306, 1.929536],
    [3.6239141, -1.4817576, -1.1073692, 3.1362562, -2.8603333, 1.9597527],
    [3.686746, -1.4783803, -1.1102569, 3.1712268, -2.9044359, 1.9899694],
    [3.7492449, -1.4750208, -1.1131293, 3.2060122, -2.9483049, 2.020026],
    [3.8044965, -1.4720509, -1.1156686, 3.2367639, -2.9870868, 2.0465973],
    [3.849748, -1.4696185, -1.1177483, 3.2619498, -3.0188495, 2.0683594],
    [3.8860706, -1.4684931, -1.1183269, 3.2821252, -3.0448678, 2.0847258],
    [3.9194767, -1.4734415, -1.1109674, 3.3003848, -3.0725801, 2.0918076],
    [3.9489363, -1.4846839, -1.095405, 3.3161472, -3.1013679, 2.0888898],
    [3.9720423, -1.5014281, -1.0727446, 3.3281183, -3.1289587, 2.0760424],
    [3.9857957, -1.5214923, -1.0459388, 3.3347446, -3.151766, 2.0549444],
    [3.9929253, -1.5454456, -1.0141686, 3.3375097, -3.1721579, 2.0259546],
    [4.0017949, -1.5768086, -0.97258228, 3.3408723, -3.1985153, 1.9878065],
    [4.0127972, -1.6157133, -0.92099602, 3.3450434, -3.2312106, 1.9404853],
    [4.0257821, -1.661628, -0.86011464, 3.3499661, -3.2697972, 1.8846374],
    [4.0391829, -1.7090137, -0.79728279, 3.3550466, -3.3096199, 1.8270003],
    [4.0525838, -1.7563994, -0.73445093, 3.360127, -3.3494427, 1.7693632],
    [4.0659847, -1.8037851, -0.67161908, 3.3652074, -3.3892655, 1.7117261],
    [4.0793855, -1.8511708, -0.60878723, 3.3702879, -3.4290883, 1.654089],
    [4.0927864, -1.8985565, -0.54595537, 3.3753683, -3.4689111, 1.5964519],
    [4.1061872, -1.9459422, -0.48312352, 3.3804487, -3.5087338, 1.5388148],
    [4.1195881, -1.9933279, -0.42029167, 3.3855291, -3.5485566, 1.4811777],
    [4.1329889, -2.0407136, -0.35745981, 3.3906096, -3.5883794, 1.4235406],
    [4.1463898, -2.0880993, -0.29462796, 3.39569, -3.6282022, 1.3659035],
    [4.1597906, -2.135485, -0.23179611, 3.4007704, -3.6680249, 1.3082664],
    [4.1731915, -2.1828707, -0.16896425, 3.4058509, -3.7078477, 1.2506293],
    [4.1865924, -2.2302564, -0.1061324, 3.4109313, -3.7476705, 1.1929922],
    [4.1999932, -2.2776421, -0.043300549, 3.4160117, -3.7874933, 1.1353551],
    [4.2133941, -2.3250278, 0.019531304, 3.4210921, -3.8273161, 1.077718],
    [4.2267949, -2.3724135, 0.082363158, 3.4261726, -3.8671388, 1.0200809],
