{
  "iteration": 481,
  "label": "pre_pick",
  "planning_time_ms": 50.899502,
  "scene": {
    "block_x": 0.26593708,
    "block_y": 0.43140649,
    "bin_x": 0.35091174,
    "bin_y": 0.29975106
  },
  "joint_names": ["shoulder_pan_joint", "shoulder_lift_joint", "elbow_joint", "wrist_1_joint", "wrist_2_joint", "wrist_3_joint"],
  "start_joints": [-0.45125652, -1.7007629, -0.92012363, 0.86808251, -0.00010113635, -0.00017793527],
  "goal_joints": [-1.8621545, -2.4913899, -0.68371777, 4.7457538, 1.5705929, -0.29071584],
  "num_waypoints": 45,
  "trajectory": [
    [-0.45125652, -1.7007629, -0.92012363, 0.86808251, -0.00010113635, -0.00017793527],
    [-0.45307578, -1.7017823, -0.9198188, 0.87308251, 0.0019241694, -0.00055256464],
    [-0.45853355, -1.7048407, -0.91890431, 0.88808251, 0.0080000868, -0.0016764527],
    [-0.46762985, -1.709938, -0.91738016, 0.91308251, 0.018126616, -0.0035495996],
    [-0.48036467, -1.7170742, -0.91524636, 0.94808251, 0.032303756, -0.0061720052],
    [-0.496738, -1.7262494, -0.91250289, 0.99308251, 0.050531508, -0.0095436695],
    [-0.51674985, -1.7374635, -0.90914976, 1.0480825, 0.072809872, -0.013664593],
    [-0.54040022, -1.7507165, -0.90518698, 1.1130825, 0.099138847, -0.018534774],
    [-0.56768911, -1.7660084, -0.90061453, 1.1880825, 0.12951843, -0.024154214],
    [-0.59861652, -1.7833392, -0.89543243, 1.2730825, 0.16394862, -0.030522912],
    [-0.63318244, -1.802709, -0.88964066, 1.3680825, 0.20242943, -0.037640869],
    [-0.67138688, -1.8241176, -0.88323924, 1.4730825, 0.24496084, -0.045508085],
    [-0.71322983, -1.8475652, -0.87622816, 1.5880824, 0.29154287, -0.054124559],
    [-0.75836922, -1.8728601, -0.86866474, 1.7121422, 0.34179466, -0.063419846],
    [-0.80409219, -1.8984819, -0.86100353, 1.8378059, 0.39269615, -0.072835309],
    [-0.84981517, -1.9241038, -0.85334233, 1.9634696, 0.44359764, -0.082250772],
    [-0.89553814, -1.9497256, -0.84568112, 2.0891333, 0.49449912, -0.091666235],
    [-0.94126111, -1.9753475, -0.83801992, 2.214797, 0.54540061, -0.1010817],
    [-0.98698409, -2.0009693, -0.83035871, 2.3404607, 0.5963021, -0.11049716],
    [-1.0327071, -2.0265912, -0.82269751, 2.4661245, 0.64720358, -0.11991262],
    [-1.07843, -2.052213, -0.8150363, 2.5917882, 0.69810507, -0.12932809],
    [-1.124153, -2.0778349, -0.80737509, 2.7174519, 0.74900655, -0.13874355],
    [-1.169876, -2.1034568, -0.79971389, 2.8431156, 0.79990804, -0.14815901],
    [-1.215599, -2.1290786, -0.79205268, 2.9687793, 0.85080953, -0.15757448],
    [-1.2613219, -2.1547005, -0.78439148, 3.094443, 0.90171101, -0.16698994],
    [-1.3070449, -2.1803223, -0.77673027, 3.2201067, 0.9526125, -0.1764054],
    [-1.3527679, -2.2059442, -0.76906907, 3.3457704, 1.003514, -0.18582086],
    [-1.3984909, -2.231566, -0.76140786, 3.4714341, 1.0544155, -0.19523633],
    [-1.4442138, -2.2571879, -0.75374665, 3.5970978, 1.105317, -0.20465179],
    [-1.4899368, -2.2828097, -0.74608545, 3.7227615, 1.1562184, -0.21406725],
    [-1.5356598, -2.3084316, -0.73842424, 3.8484252, 1.2071199, -0.22348272],
    [-1.5813458, -2.3340327, -0.73076922, 3.9739874, 1.2579803, -0.23289058],
    [-1.6247312, -2.3583446, -0.72349971, 4.0932264, 1.3062794, -0.24182466],
    [-1.664478, -2.3806176, -0.71683985, 4.2024654, 1.3505279, -0.25000949],
    [-1.7005863, -2.4008517, -0.71078965, 4.3017044, 1.3907257, -0.25744506],
    [-1.733056, -2.4190468, -0.70534911, 4.3909434, 1.426873, -0.26413137],
    [-1.7618873, -2.435203, -0.70051823, 4.4701824, 1.4589696, -0.27006842],
    [-1.78708, -2.4493203, -0.69629701, 4.5394214, 1.4870156, -0.27525621],
    [-1.8086342, -2.4613987, -0.69268545, 4.5986604, 1.511011, -0.27969474],
    [-1.8265499, -2.4714382, -0.68968355, 4.6478994, 1.5309559, -0.28338402],
    [-1.8408271, -2.4794387, -0.68729131, 4.6871384, 1.54685, -0.28632403],
    [-1.8514658, -2.4854003, -0.68550873, 4.7163773, 1.5586936, -0.28851479],
    [-1.8584659, -2.489323, -0.6843358, 4.7356163, 1.5664866, -0.28995629],
    [-1.8618275, -2.4912067, -0.68377254, 4.7448553, 1.5702289, -0.29064853],
    [-1.8621545, -2.4913899, -0.68371777, 4.7457538, 1.5705929, -0.29071584]
  ]
}
