{
  "iteration": 235,
  "label": "pre_pick",
  "planning_time_ms": 5011.0598,
  "scene": {
    "block_x": 0.23936822,
    "block_y": 0.46898966,
    "bin_x": 0.26835702,
    "bin_y": 0.27167218
  },
  "joint_names": ["shoulder_pan_joint", "shoulder_lift_joint", "elbow_joint", "wrist_1_joint", "wrist_2_joint", "wrist_3_joint"],
  "start_joints": [-0.45126084, -1.7009119, -0.92026045, 0.8681343, 1.2002063e-05, -0.00011008065],
  "goal_joints": [-1.7896831, -2.9686445, 0.30667651, -2.0511682, -4.7124539, -0.21944484],
  "num_waypoints": 52,
  "trajectory": [
    [-0.45126084, -1.7009119, -0.92026045, 0.8681343, 1.2002063e-05, -0.00011008065],
    [-0.45268092, -1.702257, -0.91895865, 0.86503688, -0.0049879979, -0.00034279827],
    [-0.45694119, -1.7062923, -0.91505326, 0.8557446, -0.019987998, -0.0010409511],
    [-0.46404162, -1.7130177, -0.90854426, 0.84025747, -0.044987998, -0.0022045392],
    [-0.47398223, -1.7224333, -0.89943166, 0.81857549, -0.079987998, -0.0038335625],
    [-0.48676301, -1.734539, -0.88771547, 0.79069866, -0.124988, -0.005928021],
    [-0.50238397, -1.749335, -0.87339568, 0.75662698, -0.179988, -0.0084879148],
    [-0.5208451, -1.7668211, -0.85647229, 0.71636045, -0.244988, -0.011513244],
    [-0.5421464, -1.7869973, -0.8369453, 0.66989907, -0.31998798, -0.015004007],
    [-0.56628787, -1.8098637, -0.81481472, 0.61724285, -0.40498797, -0.018960206],
    [-0.59326952, -1.8354203, -0.79008053, 0.55839177, -0.49998795, -0.02338184],
    [-0.62309134, -1.8636671, -0.76274275, 0.49334585, -0.60498793, -0.028268909],
    [-0.65575334, -1.894604, -0.73280138, 0.42210508, -0.7199879, -0.033621413],
    [-0.69098845, -1.9279782, -0.7005012, 0.34525193, -0.84404762, -0.039395589],
    [-0.72667913, -1.9617838, -0.66778342, 0.26740513, -0.96971132, -0.045244421],
    [-0.76236981, -1.9955895, -0.63506563, 0.18955834, -1.095375, -0.051093252],
    [-0.79806049, -2.0293951, -0.60234785, 0.11171154, -1.2210387, -0.056942084],
    [-0.83375117, -2.0632008, -0.56963006, 0.033864745, -1.3467024, -0.062790915],
    [-0.86944185, -2.0970064, -0.53691228, -0.043982051, -1.4723661, -0.068639747],
    [-0.90513252, -2.1308121, -0.50419449, -0.12182885, -1.5980299, -0.074488579],
    [-0.9408232, -2.1646177, -0.47147671, -0.19967564, -1.7236936, -0.08033741],
    [-0.97651388, -2.1984234, -0.43875892, -0.27752244, -1.8493573, -0.086186242],
    [-1.0122046, -2.232229, -0.40604114, -0.35536923, -1.975021, -0.092035073],
    [-1.0478952, -2.2660347, -0.37332335, -0.43321603, -2.1006847, -0.097883905],
    [-1.0835859, -2.2998403, -0.34060557, -0.51106283, -2.2263484, -0.10373274],
    [-1.1192766, -2.333646, -0.30788778, -0.58890962, -2.3520121, -0.10958157],
    [-1.1549673, -2.3674516, -0.27516999, -0.66675642, -2.4776758, -0.1154304],
    [-1.190658, -2.4012573, -0.24245221, -0.74460321, -2.6033395, -0.12127923],
    [-1.2263486, -2.4350629, -0.20973442, -0.82245001, -2.7290032, -0.12712806],
    [-1.2620393, -2.4688686, -0.17701664, -0.9002968, -2.8546669, -0.13297689],
    [-1.29773, -2.5026742, -0.14429885, -0.9781436, -2.9803306, -0.13882573],
    [-1.3334207, -2.5364799, -0.11158107, -1.0559904, -3.1059943, -0.14467456],
    [-1.3691113, -2.5702855, -0.078863282, -1.1338372, -3.231658, -0.15052339],
    [-1.404802, -2.6040912, -0.046145497, -1.211684, -3.3573217, -0.15637222],
    [-1.4404927, -2.6378968, -0.013427711, -1.2895308, -3.4829854, -0.16222105],
    [-1.4761834, -2.6717025, 0.019290074, -1.3673776, -3.6086492, -0.16806988],
    [-1.5118741, -2.7055081, 0.052007859, -1.4452244, -3.7343129, -0.17391872],
    [-1.5475647, -2.7393138, 0.084725645, -1.5230712, -3.8599766, -0.17976755],
    [-1.5829013, -2.772784, 0.11711878, -1.6001455, -3.9843933, -0.18555834],
    [-1.6157535, -2.8039011, 0.14723456, -1.6718013, -4.1000632, -0.19094202],
    [-1.6457656, -2.8323281, 0.17474675, -1.7372621, -4.205733, -0.19586027],
    [-1.6729375, -2.8580649, 0.19965533, -1.7965282, -4.3014029, -0.20031308],
    [-1.6972692, -2.8811115, 0.22196032, -1.8495994, -4.3870727, -0.20430046],
    [-1.7187608, -2.9014679, 0.24166171, -1.8964757, -4.4627425, -0.2078224],
    [-1.7374121, -2.9191342, 0.2587595, -1.9371572, -4.5284124, -0.2108789],
    [-1.7532233, -2.9341104, 0.27325369, -1.9716438, -4.5840822, -0.21346998],
    [-1.7661944, -2.9463963, 0.28514429, -1.9999356, -4.6297521, -0.21559561],
    [-1.7763252, -2.9559921, 0.29443128, -2.0220326, -4.6654219, -0.21725581],
    [-1.7836159, -2.9628977, 0.30111468, -2.0379347, -4.6910917, -0.21845058],
    [-1.7880664, -2.9671132, 0.30519447, -2.0476419, -4.7067616, -0.2191799],
    [-1.7896767, -2.9686385, 0.30667067, -2.0511543, -4.7124314, -0.2194438],
    [-1.7896831, -2.9686445, 0.30667651, -2.0511682, -4.7124539, -0.21944484]
  ]
}
