{
  "iteration": 528,
  "label": "pre_pick",
  "planning_time_ms": 234.35409,
  "scene": {
    "block_x": 0.14200391,
    "block_y": 0.38136316,
    "bin_x": 0.22844908,
    "bin_y": 0.25457247
  },
  "joint_names": ["shoulder_pan_joint", "shoulder_lift_joint", "elbow_joint", "wrist_1_joint", "wrist_2_joint", "wrist_3_joint"],
  "start_joints": [-0.45129559, -1.7008078, -0.92010249, 0.86811145, 2.5708535e-05, -8.9456994e-05],
  "goal_joints": [-1.5966765, -3.3989885, 1.5052068, 3.4649935, -4.7117711, -0.026133434],
  "num_waypoints": 57,
  "trajectory": [
    [-0.45129559, -1.7008078, -0.92010249, 0.86811145, 2.5708535e-05, -8.9456994e-05],
    [-0.45251014, -1.7023964, -0.9178105, 0.87097061, -0.0049742915, -8.7830526e-05],
    [-0.45615378, -1.7071624, -0.91093453, 0.87954808, -0.019974291, -8.2951123e-05],
    [-0.46222651, -1.7151057, -0.89947459, 0.89384386, -0.044974291, -7.4818785e-05],
    [-0.47072833, -1.7262263, -0.88343067, 0.91385796, -0.079974291, -6.3433511e-05],
    [-0.48165925, -1.7405243, -0.86280278, 0.93959037, -0.12497429, -4.8795302e-05],
    [-0.49501925, -1.7579995, -0.83759091, 0.9710411, -0.17997429, -3.0904158e-05],
    [-0.51080835, -1.7786521, -0.80779506, 1.0082101, -0.24497429, -9.7600792e-06],
    [-0.52902654, -1.802482, -0.77341524, 1.0510975, -0.31997428, 1.4636931e-05],
    [-0.54967382, -1.8294892, -0.73445145, 1.0997031, -0.40497426, 4.2286877e-05],
    [-0.5727502, -1.8596737, -0.69090368, 1.1540271, -0.49997424, 7.3189757e-05],
    [-0.59825566, -1.8930356, -0.64277194, 1.2140694, -0.60497422, 0.00010734557],
    [-0.62619021, -1.9295748, -0.59005622, 1.27983, -0.71997419, 0.00014475432],
    [-0.65632546, -1.9689925, -0.53318754, 1.3507712, -0.8440339, 0.00018511014],
    [-0.68685034, -2.0089199, -0.47558359, 1.4226296, -0.96969761, 0.00022598773],
    [-0.71737521, -2.0488473, -0.41797964, 1.4944881, -1.0953613, 0.00026686532],
    [-0.74790009, -2.0887746, -0.36037569, 1.5663465, -1.221025, 0.00030774291],
    [-0.77842496, -2.128702, -0.30277174, 1.638205, -1.3466887, 0.0003486205],
    [-0.80894983, -2.1686294, -0.24516779, 1.7100634, -1.4723524, 0.00038949809],
    [-0.83947471, -2.2085568, -0.18756384, 1.7819219, -1.5980161, 0.00043037568],
    [-0.86999958, -2.2484842, -0.1299599, 1.8537803, -1.7236798, 0.00047125327],
    [-0.90052446, -2.2884115, -0.072355948, 1.9256388, -1.8493436, 0.00051213086],
    [-0.93104933, -2.3283389, -0.014751999, 1.9974972, -1.9750073, 0.00055300846],
    [-0.9615742, -2.3682663, 0.042851949, 2.0693557, -2.100671, 0.00059388605],
    [-0.99209908, -2.4081937, 0.1004559, 2.1412141, -2.2263347, 0.00063476364],
    [-1.022624, -2.448121, 0.15805985, 2.2130726, -2.3519984, 0.00067564123],
    [-1.0531488, -2.4880484, 0.21566379, 2.284931, -2.4776621, 0.00071651882],
    [-1.0836737, -2.5279758, 0.27326774, 2.3567895, -2.6033258, 0.00075739641],
    [-1.1141986, -2.5679032, 0.33087169, 2.4286479, -2.7289895, 0.000798274],
    [-1.1447234, -2.6078306, 0.38847564, 2.5005063, -2.8546532, 0.00083915159],
    [-1.1752483, -2.6477579, 0.44607959, 2.5723648, -2.9803169, 0.00088002918],
    [-1.2057732, -2.6876853, 0.50368354, 2.6442232, -3.1059806, 0.00092090677],
    [-1.2362981, -2.7276127, 0.56128749, 2.7160817, -3.2316443, 0.00096178436],
    [-1.2668229, -2.7675401, 0.61889143, 2.7879401, -3.357308, 0.001002662],
    [-1.2973478, -2.8074675, 0.67649538, 2.8597986, -3.4829717, 0.0010435395],
    [-1.3278727, -2.8473948, 0.73409933, 2.931657, -3.6086354, 0.0010844171],
    [-1.3583976, -2.8873222, 0.79170328, 3.0035155, -3.7342991, 0.0011252947],
    [-1.3889224, -2.9272496, 0.84930723, 3.0753739, -3.8599629, 0.0011661723],
    [-1.4190911, -2.9667111, 0.90623905, 3.1463939, -3.9841603, 0.0012065729],
    [-1.4470861, -3.0033292, 0.95906867, 3.2122966, -4.0994088, 0.0012440625],
    [-1.4726519, -3.03677, 1.0073143, 3.272481, -4.2046572, 0.0012782992],
    [-1.4957886, -3.0670335, 1.050976, 3.326947, -4.2999056, 0.0013092829],
    [-1.5164962, -3.0941197, 1.0900537, 3.3756947, -4.3851541, 0.0013370136],
    [-1.5347748, -3.1180285, 1.1245474, 3.4187242, -4.4604025, 0.0013614915],
    [-1.5506242, -3.13876, 1.1544571, 3.4560353, -4.525651, 0.0013827164],
    [-1.5640446, -3.1563142, 1.1797829, 3.4876281, -4.5808994, 0.0014006883],
    [-1.5751125, -3.1720071, 1.2022732, 3.5130783, -4.6264422, 0.0012478599],
    [-1.5843057, -3.1935066, 1.2321214, 3.5300086, -4.6641245, -4.6311376e-05],
    [-1.5911568, -3.2193889, 1.2673736, 3.537722, -4.6920354, -0.0023704671],
    [-1.5956025, -3.2476286, 1.3053474, 3.5370363, -4.7099489, -0.0054567427],
    [-1.5976361, -3.2766563, 1.3439714, 3.5287111, -4.7178635, -0.0090900181],
    [-1.5975958, -3.3063976, 1.383202, 3.5138001, -4.7171814, -0.013198517],
    [-1.5972679, -3.3394272, 1.4267244, 3.4963895, -4.7152514, -0.017812748],
    [-1.597007, -3.3656998, 1.4613432, 3.4825407, -4.7137163, -0.021483022],
    [-1.5968215, -3.3843833, 1.485962, 3.4726922, -4.7126246, -0.024093099],
    [-1.5967113, -3.3954777, 1.5005808, 3.4668441, -4.7119763, -0.02564298],
    [-1.5966765, -3.3989885, 1.5052068, 3.4649935, -4.7117711, -0.026133434]
  ]
}
