{
  "iteration": 43,
  "label": "pre_pick",
  "planning_time_ms": 41.441537,
  "scene": {
    "block_x": 0.30273429,
    "block_y": 0.42563836,
    "bin_x": 0.17859758,
    "bin_y": 0.35117382
  },
  "joint_names": ["shoulder_pan_joint", "shoulder_lift_joint", "elbow_joint", "wrist_1_joint", "wrist_2_joint", "wrist_3_joint"],
  "start_joints": [-0.45130247, -1.7008326, -0.92043547, 0.86852111, 7.3512939e-05, -0.00042590689],
  "goal_joints": [-1.9327714, -2.6306034, -0.41182094, -1.6698037, 1.570347, -0.36229109],
  "num_waypoints": 36,
  "trajectory": [
    [-0.45130247, -1.7008326, -0.92043547, 0.86852111, 7.3512939e-05, -0.00042590689],
    [-0.45422068, -1.7026641, -0.9194336, 0.86352111, 0.0031666425, -0.00113871],
    [-0.46297528, -1.7081585, -0.91642799, 0.84852111, 0.012446031, -0.0032771195],
    [-0.47756629, -1.7173158, -0.91141864, 0.82352111, 0.027911679, -0.0068411353],
    [-0.49799371, -1.7301361, -0.90440555, 0.78852111, 0.049563587, -0.011830757],
    [-0.52425753, -1.7466193, -0.89538871, 0.74352111, 0.077401753, -0.018245986],
    [-0.55635775, -1.7667654, -0.88436814, 0.68852111, 0.11142618, -0.02608682],
    [-0.59429437, -1.7905744, -0.87134382, 0.62352112, 0.15163686, -0.03535326],
    [-0.63806739, -1.8180464, -0.85631577, 0.54852114, 0.19803379, -0.046045305],
    [-0.68767681, -1.8491813, -0.83928398, 0.46352116, 0.25061698, -0.058162955],
    [-0.74312264, -1.8839791, -0.82024844, 0.36852119, 0.30938643, -0.071706211],
    [-0.80424434, -1.9223391, -0.79926428, 0.26379625, 0.37417199, -0.086635864],
    [-0.8670762, -1.9617725, -0.77769299, 0.15614118, 0.44077021, -0.10198324],
    [-0.92990805, -2.0012058, -0.7561217, 0.0484861, 0.50736843, -0.11733062],
    [-0.9927399, -2.0406391, -0.73455041, -0.059168976, 0.57396665, -0.13267799],
    [-1.0555718, -2.0800724, -0.71297913, -0.16682405, 0.64056487, -0.14802537],
    [-1.1184036, -2.1195057, -0.69140784, -0.27447913, 0.70716309, -0.16337274],
    [-1.1812355, -2.158939, -0.66983655, -0.3821342, 0.77376131, -0.17872012],
    [-1.2440673, -2.1983723, -0.64826526, -0.48978928, 0.84035953, -0.19406749],
    [-1.3068992, -2.2378056, -0.62669397, -0.59744435, 0.90695775, -0.20941487],
    [-1.369731, -2.2772389, -0.60512269, -0.70509943, 0.97355597, -0.22476224],
    [-1.4325629, -2.3166722, -0.5835514, -0.8127545, 1.0401542, -0.24010962],
    [-1.4953947, -2.3561055, -0.56198011, -0.92040958, 1.1067524, -0.25545699],
    [-1.5582266, -2.3955388, -0.54040882, -1.0280647, 1.1733506, -0.27080437],
    [-1.6205395, -2.4346465, -0.51901569, -1.1348306, 1.2393988, -0.28602499],
    [-1.677992, -2.4707037, -0.49929122, -1.2332688, 1.3002953, -0.30005841],
    [-1.7296081, -2.503098, -0.4815705, -1.321707, 1.3550054, -0.31266621],
    [-1.7753878, -2.5318294, -0.46585351, -1.4001452, 1.4035293, -0.32384841],
    [-1.8153311, -2.5568978, -0.45214027, -1.4685834, 1.445867, -0.333605],
    [-1.849438, -2.5783033, -0.44043077, -1.5270216, 1.4820184, -0.34193599],
    [-1.8777085, -2.5960459, -0.43072501, -1.5754598, 1.5119835, -0.34884137],
    [-1.9001426, -2.6101255, -0.42302299, -1.613898, 1.5357624, -0.35432115],
    [-1.9167403, -2.6205422, -0.41732471, -1.6423362, 1.553355, -0.35837531],
    [-1.9275016, -2.627296, -0.41363017, -1.6607744, 1.5647613, -0.36100388],
    [-1.9324265, -2.6303869, -0.41193937, -1.6692126, 1.5699814, -0.36220683],
    [-1.9327714, -2.6306034, -0.41182094, -1.6698037, 1.570347, -0.36229109]
  ]
}
