{
  "iteration": 995,
  "label": "pre_pick",
  "planning_time_ms": 56.108073,
  "scene": {
    "block_x": 0.12458919,
    "block_y": 0.51154797,
    "bin_x": 0.19097885,
    "bin_y": 0.27648314
  },
  "joint_names": ["shoulder_pan_joint", "shoulder_lift_joint", "elbow_joint", "wrist_1_joint", "wrist_2_joint", "wrist_3_joint"],
  "start_joints": [-0.45122016, -1.7008311, -0.91999228, 0.86784786, 9.3521185e-05, -4.038696e-05],
  "goal_joints": [4.7259388, -2.9620837, 0.29156861, -2.042253, -4.7121174, 0.013768972],
  "num_waypoints": 90,
  "trajectory": [
    [-0.45122016, -1.7008311, -0.91999228, 0.86784786, 9.3521185e-05, -4.038696e-05],
    [-0.44622016, -1.7020492, -0.91882218, 0.86503734, -0.004457441, -2.7050147e-05],
    [-0.43122016, -1.7057034, -0.91531187, 0.85660578, -0.018110328, 1.2960289e-05],
    [-0.40622016, -1.7117939, -0.90946136, 0.84255319, -0.040865139, 7.9644349e-05],
    [-0.37122016, -1.7203206, -0.90127065, 0.82287955, -0.072721874, 0.00017300203],
    [-0.32622016, -1.7312834, -0.89073973, 0.79758488, -0.11368053, 0.00029303334],
    [-0.27122016, -1.7446824, -0.87786861, 0.76666917, -0.16374112, 0.00043973828],
    [-0.20878938, -1.7598917, -0.86325853, 0.7315766, -0.22056514, 0.00060626378],
    [-0.14595753, -1.7751987, -0.8485546, 0.69625857, -0.27775421, 0.0007738591],
    [-0.083125678, -1.7905058, -0.83385066, 0.66094055, -0.33494329, 0.00094145443],
    [-0.020293825, -1.8058128, -0.81914672, 0.62562252, -0.39213237, 0.0011090498],
    [0.042538028, -1.8211198, -0.80444279, 0.5903045, -0.44932145, 0.0012766451],
    [0.10536988, -1.8364268, -0.78973885, 0.55498647, -0.50651052, 0.0014442404],
    [0.16820173, -1.8517338, -0.77503491, 0.51966845, -0.5636996, 0.0016118357],
    [0.23103359, -1.8670408, -0.76033098, 0.48435043, -0.62088868, 0.001779431],
    [0.29386544, -1.8823478, -0.74562704, 0.4490324, -0.67807776, 0.0019470264],
    [0.35669729, -1.8976548, -0.73092311, 0.41371438, -0.73526684, 0.0021146217],
    [0.41952915, -1.9129619, -0.71621917, 0.37839635, -0.79245591, 0.002282217],
    [0.482361, -1.9282689, -0.70151523, 0.34307833, -0.84964499, 0.0024498123],
    [0.54519285, -1.9435759, -0.6868113, 0.3077603, -0.90683407, 0.0026174077],
    [0.60802471, -1.9588829, -0.67210736, 0.27244228, -0.96402315, 0.002785003],
    [0.67085656, -1.9741899, -0.65740342, 0.23712426, -1.0212122, 0.0029525983],
    [0.73368841, -1.9894969, -0.64269949, 0.20180623, -1.0784013, 0.0031201936],
    [0.79652026, -2.0048039, -0.62799555, 0.16648821, -1.1355904, 0.003287789],
    [0.85935212, -2.0201109, -0.61329162, 0.13117018, -1.1927795, 0.0034553843],
    [0.92218397, -2.035418, -0.59858768, 0.09585216, -1.2499685, 0.0036229796],
    [0.98501582, -2.050725, -0.58388374, 0.060534135, -1.3071576, 0.0037905749],
    [1.0478477, -2.066032, -0.56917981, 0.025216111, -1.3643467, 0.0039581703],
    [1.1106795, -2.081339, -0.55447587, -0.010101913, -1.4215358, 0.0041257656],
    [1.1735114, -2.096646, -0.53977193, -0.045419937, -1.4787248, 0.0042933609],
    [1.2363432, -2.111953, -0.525068, -0.080737961, -1.5359139, 0.0044609562],
    [1.2991751, -2.12726, -0.51036406, -0.11605599, -1.593103, 0.0046285516],
    [1.3620069, -2.142567, -0.49566013, -0.15137401, -1.6502921, 0.0047961469],
    [1.4248388, -2.1578741, -0.48095619, -0.18669203, -1.7074812, 0.0049637422],
    [1.4876706, -2.1731811, -0.46625225, -0.22201006, -1.7646702, 0.0051313375],
    [1.5505025, -2.1884881, -0.45154832, -0.25732808, -1.8218593, 0.0052989328],
    [1.6133344, -2.2037951, -0.43684438, -0.29264611, -1.8790484, 0.0054665282],
    [1.6761662, -2.2191021, -0.42214044, -0.32796413, -1.9362375, 0.0056341235],
    [1.7389981, -2.2344091, -0.40743651, -0.36328216, -1.9934265, 0.0058017188],
    [1.8018299, -2.2497161, -0.39273257, -0.39860018, -2.0506156, 0.0059693141],
    [1.8646618, -2.2650231, -0.37802864, -0.4339182, -2.1078047, 0.0061369095],
    [1.9274936, -2.2803302, -0.3633247, -0.46923623, -2.1649938, 0.0063045048],
    [1.9903255, -2.2956372, -0.34862076, -0.50455425, -2.2221829, 0.0064721001],
    [2.0531573, -2.3109442, -0.33391683, -0.53987228, -2.2793719, 0.0066396954],
    [2.1159892, -2.3262512, -0.31921289, -0.5751903, -2.336561, 0.0068072908],
    [2.178821, -2.3415582, -0.30450895, -0.61050832, -2.3937501, 0.0069748861],
    [2.2416529, -2.3568652, -0.28980502, -0.64582635, -2.4509392, 0.0071424814],
    [2.3044847, -2.3721722, -0.27510108, -0.68114437, -2.5081282, 0.0073100767],
    [2.3673166, -2.3874793, -0.26039715, -0.7164624, -2.5653173, 0.0074776721],
    [2.4301484, -2.4027863, -0.24569321, -0.75178042, -2.6225064, 0.0076452674],
    [2.4929803, -2.4180933, -0.23098927, -0.78709845, -2.6796955, 0.0078128627],
    [2.5558122, -2.4334003, -0.21628534, -0.82241647, -2.7368846, 0.007980458],
    [2.618644, -2.4487073, -0.2015814, -0.85773449, -2.7940736, 0.0081480534],
    [2.6814759, -2.4640143, -0.18687746, -0.89305252, -2.8512627, 0.0083156487],
    [2.7443077, -2.4793213, -0.17217353, -0.92837054, -2.9084518, 0.008483244],
    [2.8071396, -2.4946283, -0.15746959, -0.96368857, -2.9656409, 0.0086508393],
    [2.8699714, -2.5099354, -0.14276566, -0.99900659, -3.0228299, 0.0088184346],
    [2.9328033, -2.5252424, -0.12806172, -1.0343246, -3.080019, 0.00898603],
    [2.9956351, -2.5405494, -0.11335778, -1.0696426, -3.1372081, 0.0091536253],
    [3.058467, -2.5558564, -0.098653847, -1.1049607, -3.1943972, 0.0093212206],
    [3.1212988, -2.5711634, -0.083949911, -1.1402787, -3.2515862, 0.0094888159],
    [3.1841307, -2.5864704, -0.069245974, -1.1755967, -3.3087753, 0.0096564113],
    [3.2469625, -2.6017774, -0.054542038, -1.2109147, -3.3659644, 0.0098240066],
    [3.3097944, -2.6170844, -0.039838102, -1.2462328, -3.4231535, 0.0099916019],
    [3.3726262, -2.6323915, -0.025134166, -1.2815508, -3.4803426, 0.010159197],
    [3.4354581, -2.6476985, -0.010430229, -1.3168688, -3.5375316, 0.010326793],
    [3.4982899, -2.6630055, 0.0042737069, -1.3521868, -3.5947207, 0.010494388],
    [3.5611218, -2.6783125, 0.018977643, -1.3875049, -3.6519098, 0.010661983],
    [3.6239537, -2.6936195, 0.033681579, -1.4228229, -3.7090989, 0.010829579],
    [3.6867855, -2.7089265, 0.048385516, -1.4581409, -3.7662879, 0.010997174],
    [3.7496174, -2.7242335, 0.063089452, -1.4934589, -3.823477, 0.011164769],
    [3.8124492, -2.7395405, 0.077793388, -1.528777, -3.8806661, 0.011332365],
    [3.8752811, -2.7548476, 0.092497324, -1.564095, -3.9378552, 0.01149996],
    [3.9381129, -2.7701546, 0.10720126, -1.599413, -3.9950443, 0.011667555],
    [4.0009448, -2.7854616, 0.1219052, -1.634731, -4.0522333, 0.01183515],
    [4.0637766, -2.8007686, 0.13660913, -1.6700491, -4.1094224, 0.012002746],
    [4.1266085, -2.8160756, 0.15131307, -1.7053671, -4.1666115, 0.012170341],
    [4.1894403, -2.8313826, 0.16601701, -1.7406851, -4.2238006, 0.012337936],
    [4.2522722, -2.8466896, 0.18072094, -1.7760031, -4.2809896, 0.012505532],
    [4.315104, -2.8619966, 0.19542488, -1.8113211, -4.3381787, 0.012673127],
    [4.3779359, -2.8773037, 0.21012881, -1.8466392, -4.3953678, 0.012840722],
    [4.4407677, -2.8926107, 0.22483275, -1.8819572, -4.4525569, 0.013008318],
    [4.5035996, -2.9079177, 0.23953669, -1.9172752, -4.509746, 0.013175913],
    [4.5646137, -2.9227818, 0.25381523, -1.9515715, -4.5652805, 0.01333866],
    [4.616416, -2.9354019, 0.26593803, -1.9806898, -4.6124306, 0.013476835],
    [4.6582183, -2.9455857, 0.27572062, -2.004187, -4.6504787, 0.013588337],
    [4.6900206, -2.9533333, 0.28316301, -2.0220632, -4.679425, 0.013673166],
    [4.7118229, -2.9586448, 0.2882652, -2.0343184, -4.6992693, 0.01373132],
    [4.7236253, -2.96152, 0.29102718, -2.0409525, -4.7100117, 0.013762801],
    [4.7259388, -2.9620837, 0.29156861, -2.042253, -4.7121174, 0.013768972]
  ]
}
