{
  "iteration": 665,
  "label": "pre_pick",
  "planning_time_ms": 5073.3187,
  "scene": {
    "block_x": 0.17847354,
    "block_y": 0.39598503,
    "bin_x": 0.31243178,
    "bin_y": 0.29960801
  },
  "joint_names": ["shoulder_pan_joint", "shoulder_lift_joint", "elbow_joint", "wrist_1_joint", "wrist_2_joint", "wrist_3_joint"],
  "start_joints": [-0.45134991, -1.7008173, -0.92051134, 0.8686422, -6.8307075e-05, -0.00042648373],
  "goal_joints": [-1.6868645, -2.1277352, -1.3314608, 5.0302561, 1.5707403, -0.11539803],
  "num_waypoints": 47,
  "trajectory": [
    [-0.45134991, -1.7008173, -0.92051134, 0.8686422, -6.8307075e-05, -0.00042648373],
    [-0.45283432, -1.7013302, -0.92100508, 0.8736422, 0.0018189519, -0.00056461709],
    [-0.45728758, -1.702869, -0.92248629, 0.8886422, 0.0074807288, -0.00097901718],
    [-0.46470966, -1.7054336, -0.92495498, 0.9136422, 0.016917024, -0.001669684],
    [-0.47510059, -1.7090241, -0.92841115, 0.9486422, 0.030127836, -0.0026366175],
    [-0.48846035, -1.7136404, -0.93285479, 0.9936422, 0.047113167, -0.0038798178],
    [-0.50478894, -1.7192825, -0.93828591, 1.0486422, 0.067873016, -0.0053992847],
    [-0.52408637, -1.7259505, -0.9447045, 1.1136422, 0.092407382, -0.0071950185],
    [-0.54635263, -1.7336444, -0.95211057, 1.1886422, 0.12071627, -0.0092670189],
    [-0.57158773, -1.7423641, -0.96050412, 1.2736422, 0.15279967, -0.011615286],
    [-0.59979166, -1.7521096, -0.96988514, 1.3686422, 0.18865758, -0.014239819],
    [-0.63096443, -1.762881, -0.98025364, 1.4736422, 0.22829002, -0.01714062],
    [-0.66510603, -1.7746783, -0.99160961, 1.5886422, 0.27169697, -0.020317687],
    [-0.70193734, -1.7874049, -1.0038602, 1.712702, 0.31852356, -0.023745046],
    [-0.73924482, -1.8002961, -1.0162692, 1.8383657, 0.36595555, -0.027216716],
    [-0.77655231, -1.8131872, -1.0286782, 1.9640294, 0.41338754, -0.030688386],
    [-0.81385979, -1.8260784, -1.0410872, 2.0896931, 0.46081953, -0.034160056],
    [-0.85116728, -1.8389696, -1.0534962, 2.2153568, 0.50825153, -0.037631726],
    [-0.88847476, -1.8518608, -1.0659052, 2.3410205, 0.55568352, -0.041103396],
    [-0.92578224, -1.8647519, -1.0783142, 2.4666842, 0.60311551, -0.044575066],
    [-0.96308973, -1.8776431, -1.0907232, 2.5923479, 0.6505475, -0.048046736],
    [-1.0003972, -1.8905343, -1.1031321, 2.7180116, 0.69797949, -0.051518406],
    [-1.0377047, -1.9034254, -1.1155411, 2.8436753, 0.74541148, -0.054990076],
    [-1.0750122, -1.9163166, -1.1279501, 2.969339, 0.79284347, -0.058461746],
    [-1.1123197, -1.9292078, -1.1403591, 3.0950027, 0.84027546, -0.061933416],
    [-1.1496271, -1.942099, -1.1527681, 3.2206664, 0.88770746, -0.065405086],
    [-1.1869346, -1.9549901, -1.1651771, 3.3463301, 0.93513945, -0.068876756],
    [-1.2242421, -1.9678813, -1.1775861, 3.4719938, 0.98257144, -0.072348426],
    [-1.2615496, -1.9807725, -1.1899951, 3.5976575, 1.0300034, -0.075820096],
    [-1.2988571, -1.9936637, -1.2024041, 3.7233212, 1.0774354, -0.079291767],
    [-1.3361646, -2.0065548, -1.2148131, 3.848985, 1.1248674, -0.082763437],
    [-1.3734721, -2.019446, -1.227222, 3.9746487, 1.1722994, -0.086235107],
    [-1.4107795, -2.0323372, -1.239631, 4.1003124, 1.2197314, -0.089706777],
    [-1.448087, -2.0452283, -1.25204, 4.2259761, 1.2671634, -0.093178447],
    [-1.4842373, -2.0577197, -1.2640641, 4.347742, 1.3131241, -0.096542433],
    [-1.5174391, -2.0691922, -1.2751075, 4.4595764, 1.3553362, -0.099632046],
    [-1.5476721, -2.0796388, -1.2851634, 4.5614108, 1.3937738, -0.10244539],
    [-1.5749362, -2.0890596, -1.2942318, 4.6532453, 1.4284369, -0.10498247],
    [-1.5992315, -2.0974546, -1.3023128, 4.7350797, 1.4593255, -0.10724329],
    [-1.620558, -2.1048237, -1.3094063, 4.8069141, 1.4864395, -0.10922783],
    [-1.6389156, -2.111167, -1.3155123, 4.8687485, 1.509779, -0.11093611],
    [-1.6543044, -2.1164844, -1.3206308, 4.920583, 1.529344, -0.11236812],
    [-1.6667243, -2.120776, -1.3247618, 4.9624174, 1.5451345, -0.11352387],
    [-1.6761754, -2.1240417, -1.3279054, 4.9942518, 1.5571504, -0.11440335],
    [-1.6826577, -2.1262816, -1.3300615, 5.0160862, 1.5653919, -0.11500656],
    [-1.6861712, -2.1274956, -1.3312301, 5.0279207, 1.5698588, -0.11533351],
    [-1.6868645, -2.1277352, -1.3314608, 5.0302561, 1.5707403, -0.11539803]
  ]
}
