{
  "iteration": 673,
  "label": "pre_pick",
  "planning_time_ms": 5016.6487,
  "scene": {
    "block_x": 0.32768374,
    "block_y": 0.3971032,
    "bin_x": 0.13469234,
    "bin_y": 0.30328951
  },
  "joint_names": ["shoulder_pan_joint", "shoulder_lift_joint", "elbow_joint", "wrist_1_joint", "wrist_2_joint", "wrist_3_joint"],
  "start_joints": [-0.45134017, -1.7008812, -0.92030067, 0.86841145, 4.699064e-05, -0.00031831745],
  "goal_joints": [-5.6554132, -0.58147697, 0.55113642, -1.5406906, -1.5703319, -0.94389309],
  "num_waypoints": 91,
  "trajectory": [
    [-0.45134017, -1.7008812, -0.92030067, 0.86841145, 4.699064e-05, -0.00031831745],
    [-0.45634017, -1.6998057, -0.91888693, 0.86609682, -0.0014618072, -0.0012248908],
    [-0.47134017, -1.6965792, -0.91464573, 0.85915292, -0.0059882009, -0.0039446108],
    [-0.49634017, -1.6912016, -0.90757705, 0.84757977, -0.01353219, -0.0084774775],
    [-0.53134017, -1.6836731, -0.89768089, 0.83137735, -0.024093776, -0.014823491],
    [-0.57634017, -1.6739935, -0.88495727, 0.81054567, -0.037672957, -0.022982651],
    [-0.63134017, -1.6621629, -0.86940617, 0.78508472, -0.054269733, -0.032954958],
    [-0.69377095, -1.648734, -0.85175405, 0.75618388, -0.073108818, -0.044274573],
    [-0.7566028, -1.6352187, -0.83398852, 0.72709736, -0.092068931, -0.055666909],
    [-0.81943466, -1.6217035, -0.81622299, 0.69801085, -0.11102904, -0.067059246],
    [-0.88226651, -1.6081883, -0.79845746, 0.66892433, -0.12998916, -0.078451583],
    [-0.94509836, -1.5946731, -0.78069192, 0.63983782, -0.14894927, -0.089843919],
    [-1.0079302, -1.5811578, -0.76292639, 0.6107513, -0.16790938, -0.10123626],
    [-1.0707621, -1.5676426, -0.74516086, 0.58166479, -0.1868695, -0.11262859],
    [-1.1335939, -1.5541274, -0.72739533, 0.55257827, -0.20582961, -0.12402093],
    [-1.1964258, -1.5406121, -0.7096298, 0.52349176, -0.22478973, -0.13541327],
    [-1.2592576, -1.5270969, -0.69186427, 0.49440524, -0.24374984, -0.1468056],
    [-1.3220895, -1.5135817, -0.67409874, 0.46531873, -0.26270995, -0.15819794],
    [-1.3849213, -1.5000664, -0.65633321, 0.43623221, -0.28167007, -0.16959027],
    [-1.4477532, -1.4865512, -0.63856768, 0.4071457, -0.30063018, -0.18098261],
    [-1.510585, -1.473036, -0.62080215, 0.37805918, -0.31959029, -0.19237495],
    [-1.5734169, -1.4595208, -0.60303662, 0.34897267, -0.33855041, -0.20376728],
    [-1.6362487, -1.4460055, -0.58527109, 0.31988615, -0.35751052, -0.21515962],
    [-1.6990806, -1.4324903, -0.56750556, 0.29079964, -0.37647063, -0.22655196],
    [-1.7619125, -1.4189751, -0.54974003, 0.26171312, -0.39543075, -0.23794429],
    [-1.8247443, -1.4054598, -0.5319745, 0.23262661, -0.41439086, -0.24933663],
    [-1.8875762, -1.3919446, -0.51420896, 0.20354009, -0.43335097, -0.26072897],
    [-1.950408, -1.3784294, -0.49644343, 0.17445358, -0.45231109, -0.2721213],
    [-2.0132399, -1.3649142, -0.4786779, 0.14536706, -0.4712712, -0.28351364],
    [-2.0760717, -1.3513989, -0.46091237, 0.11628055, -0.49023131, -0.29490598],
    [-2.1389036, -1.3378837, -0.44314684, 0.087194032, -0.50919143, -0.30629831],
    [-2.2017354, -1.3243685, -0.42538131, 0.058107517, -0.52815154, -0.31769065],
    [-2.2645673, -1.3108532, -0.40761578, 0.029021002, -0.54711165, -0.32908299],
    [-2.3273991, -1.297338, -0.38985025, -6.5512768e-05, -0.56607177, -0.34047532],
    [-2.390231, -1.2838228, -0.37208472, -0.029152028, -0.58503188, -0.35186766],
    [-2.4530628, -1.2703075, -0.35431919, -0.058238543, -0.60399199, -0.36326],
    [-2.5158947, -1.2567923, -0.33655366, -0.087325058, -0.62295211, -0.37465233],
    [-2.5787265, -1.2432771, -0.31878813, -0.11641157, -0.64191222, -0.38604467],
    [-2.6415584, -1.2297619, -0.3010226, -0.14549809, -0.66087233, -0.39743701],
    [-2.7043902, -1.2162466, -0.28325707, -0.1745846, -0.67983245, -0.40882934],
    [-2.7672221, -1.2027314, -0.26549154, -0.20367112, -0.69879256, -0.42022168],
    [-2.830054, -1.1892162, -0.247726, -0.23275763, -0.71775267, -0.43161402],
    [-2.8928858, -1.1757009, -0.22996047, -0.26184415, -0.73671279, -0.44300635],
    [-2.9557177, -1.1621857, -0.21219494, -0.29093066, -0.7556729, -0.45439869],
    [-3.0185495, -1.1486705, -0.19442941, -0.32001718, -0.77463302, -0.46579103],
    [-3.0813814, -1.1351552, -0.17666388, -0.34910369, -0.79359313, -0.47718336],
    [-3.1442132, -1.12164, -0.15889835, -0.37819021, -0.81255324, -0.4885757],
    [-3.2070451, -1.1081248, -0.14113282, -0.40727672, -0.83151336, -0.49996804],
    [-3.2698769, -1.0946096, -0.12336729, -0.43636324, -0.85047347, -0.51136037],
    [-3.3327088, -1.0810943, -0.10560176, -0.46544975, -0.86943358, -0.52275271],
    [-3.3955406, -1.0675791, -0.087836229, -0.49453627, -0.8883937, -0.53414504],
    [-3.4583725, -1.0540639, -0.070070699, -0.52362278, -0.90735381, -0.54553738],
    [-3.5212043, -1.0405486, -0.052305168, -0.5527093, -0.92631392, -0.55692972],
    [-3.5840362, -1.0270334, -0.034539637, -0.58179581, -0.94527404, -0.56832205],
    [-3.646868, -1.0135182, -0.016774107, -0.61088233, -0.96423415, -0.57971439],
    [-3.7096999, -1.0000029, 0.0009914241, -0.63996884, -0.98319426, -0.59110673],
    [-3.7725317, -0.98648771, 0.018756955, -0.66905536, -1.0021544, -0.60249906],
    [-3.8353636, -0.97297248, 0.036522485, -0.69814187, -1.0211145, -0.6138914],
    [-3.8981955, -0.95945725, 0.054288016, -0.72722839, -1.0400746, -0.62528374],
    [-3.9610273, -0.94594202, 0.072053547, -0.7563149, -1.0590347, -0.63667607],
    [-4.0238592, -0.93242679, 0.089819077, -0.78540142, -1.0779948, -0.64806841],
    [-4.086691, -0.91891156, 0.10758461, -0.81448793, -1.0969549, -0.65946075],
    [-4.1495229, -0.90539633, 0.12535014, -0.84357445, -1.1159151, -0.67085308],
    [-4.2123547, -0.89188111, 0.14311567, -0.87266096, -1.1348752, -0.68224542],
    [-4.2751866, -0.87836588, 0.1608812, -0.90174748, -1.1538353, -0.69363776],
    [-4.3380184, -0.86485065, 0.17864673, -0.93083399, -1.1727954, -0.70503009],
    [-4.4008503, -0.85133542, 0.19641226, -0.95992051, -1.1917555, -0.71642243],
    [-4.4636821, -0.83782019, 0.21417779, -0.98900702, -1.2107156, -0.72781477],
    [-4.526514, -0.82430496, 0.23194332, -1.0180935, -1.2296757, -0.7392071],
    [-4.5893458, -0.81078973, 0.24970885, -1.0471801, -1.2486359, -0.75059944],
    [-4.6521777, -0.7972745, 0.26747438, -1.0762666, -1.267596, -0.76199178],
    [-4.7150095, -0.78375927, 0.28523991, -1.1053531, -1.2865561, -0.77338411],
    [-4.7778414, -0.77024404, 0.30300545, -1.1344396, -1.3055162, -0.78477645],
    [-4.8406733, -0.75672881, 0.32077098, -1.1635261, -1.3244763, -0.79616879],
    [-4.9035051, -0.74321358, 0.33853651, -1.1926126, -1.3434364, -0.80756112],
    [-4.966337, -0.72969835, 0.35630204, -1.2216991, -1.3623965, -0.81895346],
    [-5.0291688, -0.71618312, 0.37406757, -1.2507857, -1.3813566, -0.8303458],
    [-5.0920007, -0.70266789, 0.3918331, -1.2798722, -1.4003168, -0.84173813],
    [-5.1548325, -0.68915266, 0.40959863, -1.3089587, -1.4192769, -0.85313047],
    [-5.2176644, -0.67563743, 0.42736416, -1.3380452, -1.438237, -0.86452281],
    [-5.2804962, -0.6621222, 0.44512969, -1.3671317, -1.4571971, -0.87591514],
    [-5.3433281, -0.64860697, 0.46289522, -1.3962182, -1.4761572, -0.88730748],
    [-5.4061599, -0.63509174, 0.48066075, -1.4253047, -1.4951173, -0.89869981],
    [-5.4688394, -0.6216093, 0.49838318, -1.4543207, -1.5140314, -0.91006451],
    [-5.5249252, -0.60954515, 0.51424129, -1.4802843, -1.5309559, -0.92023369],
    [-5.571011, -0.59963202, 0.52727193, -1.5016186, -1.5448627, -0.92858973],
    [-5.6070968, -0.5918699, 0.53747509, -1.5183237, -1.555752, -0.93513262],
    [-5.6331826, -0.5862588, 0.54485078, -1.5303995, -1.5636236, -0.93986236],
    [-5.6492684, -0.58279872, 0.549399, -1.5378461, -1.5684776, -0.94277895],
    [-5.6553543, -0.58148965, 0.55111975, -1.5406633, -1.5703141, -0.9438824],
    [-5.6554132, -0.58147697, 0.55113642, -1.5406906, -1.5703319, -0.94389309]
  ]
}
