{
  "iteration": 711,
  "label": "pre_pick",
  "planning_time_ms": 45.793918,
  "scene": {
    "block_x": 0.14943254,
    "block_y": 0.49819125,
    "bin_x": 0.13264629,
    "bin_y": 0.32250052
  },
  "joint_names": ["shoulder_pan_joint", "shoulder_lift_joint", "elbow_joint", "wrist_1_joint", "wrist_2_joint", "wrist_3_joint"],
  "start_joints": [-0.45132472, -1.7008032, -0.91992941, 0.86786107, 6.8242686e-05, 1.4618809e-05],
  "goal_joints": [-1.608553, -2.6148244, -0.44324557, -1.6536429, 1.5714147, -0.037476051],
  "num_waypoints": 34,
  "trajectory": [
    [-0.45132472, -1.7008032, -0.91992941, 0.86786107, 6.8242686e-05, 1.4618809e-05],
    [-0.45361943, -1.7026156, -0.91898417, 0.86286107, 0.0031841341, -5.9723074e-05],
    [-0.46050359, -1.708053, -0.91614846, 0.84786107, 0.012531808, -0.00028274872],
    [-0.47197718, -1.7171153, -0.91142227, 0.82286107, 0.028111265, -0.00065445813],
    [-0.48804021, -1.7298024, -0.90480561, 0.78786107, 0.049922505, -0.0011748513],
    [-0.50869267, -1.7461145, -0.89629848, 0.74286107, 0.077965527, -0.0018439282],
    [-0.53393458, -1.7660515, -0.88590087, 0.68786107, 0.11224033, -0.002661689],
    [-0.56376591, -1.7896133, -0.87361279, 0.62286108, 0.15274692, -0.0036281334],
    [-0.59818669, -1.8168001, -0.85943423, 0.54786108, 0.19948529, -0.0047432615],
    [-0.63719689, -1.8476118, -0.8433652, 0.46286109, 0.25245544, -0.0060070734],
    [-0.68079654, -1.8820484, -0.8254057, 0.3678611, 0.31165736, -0.007419569],
    [-0.72898561, -1.9201099, -0.80555572, 0.26286112, 0.37709107, -0.0089807483],
    [-0.78176413, -1.9617963, -0.78381527, 0.14786114, 0.44875656, -0.010690611],
    [-0.83870057, -2.0067668, -0.76036209, 0.023801381, 0.52606791, -0.012535178],
    [-0.89637313, -2.0523187, -0.73660569, -0.10186232, 0.6043788, -0.014403594],
    [-0.95404569, -2.0978706, -0.71284929, -0.22752603, 0.68268969, -0.016272009],
    [-1.0117183, -2.1434225, -0.68909289, -0.35318974, 0.76100058, -0.018140424],
    [-1.0693908, -2.1889744, -0.66533649, -0.47885344, 0.83931147, -0.02000884],
    [-1.1270634, -2.2345263, -0.64158009, -0.60451715, 0.91762236, -0.021877255],
    [-1.1847359, -2.2800782, -0.61782369, -0.73018086, 0.99593326, -0.02374567],
    [-1.2424085, -2.3256301, -0.59406729, -0.85584456, 1.0742441, -0.025614085],
    [-1.2980771, -2.3695991, -0.57113637, -0.97714174, 1.1498339, -0.027417578],
    [-1.3491661, -2.4099511, -0.55009187, -1.0884604, 1.2192053, -0.029072705],
    [-1.3956656, -2.4466781, -0.53093785, -1.189779, 1.2823448, -0.030579148],
    [-1.4375757, -2.4797803, -0.5136743, -1.2810976, 1.3392526, -0.031936908],
    [-1.4748964, -2.5092575, -0.49830122, -1.3624162, 1.3899286, -0.033145984],
    [-1.5076276, -2.5351098, -0.48481862, -1.4337349, 1.4343728, -0.034206376],
    [-1.5357694, -2.5573372, -0.47322649, -1.4950535, 1.4725853, -0.035118085],
    [-1.5593218, -2.5759397, -0.46352483, -1.5463721, 1.5045659, -0.035881109],
    [-1.5782847, -2.5909174, -0.45571365, -1.5876907, 1.5303148, -0.03649545],
    [-1.5926582, -2.6022701, -0.44979295, -1.6190094, 1.5498319, -0.036961107],
    [-1.6024422, -2.6099979, -0.44576272, -1.640328, 1.5631172, -0.03727808],
    [-1.6076368, -2.6141007, -0.44362296, -1.6516466, 1.5701707, -0.03744637],
    [-1.608553, -2.6148244, -0.44324557, -1.6536429, 1.5714147, -0.037476051]
  ]
}
