{
  "iteration": 72,
  "label": "pre_pick",
  "planning_time_ms": 52.365241,
  "scene": {
    "block_x": 0.17790535,
    "block_y": 0.45192724,
    "bin_x": 0.23722374,
    "bin_y": 0.32427569
  },
  "joint_names": ["shoulder_pan_joint", "shoulder_lift_joint", "elbow_joint", "wrist_1_joint", "wrist_2_joint", "wrist_3_joint"],
  "start_joints": [-0.45139901, -1.7009027, -0.92039544, 0.86853304, 3.5346793e-05, -0.00031695931],
  "goal_joints": [-5.3519245, 0.067078115, -0.89148518, -0.74631796, -1.5716268, -0.63926065],
  "num_waypoints": 86,
  "trajectory": [
    [-0.45139901, -1.7009027, -0.92039544, 0.86853304, 3.5346793e-05, -0.00031695931],
    [-0.45639901, -1.6990988, -0.92036594, 0.86688541, -0.0015682182, -0.00096887275],
    [-0.47139901, -1.6936872, -0.92027745, 0.86194252, -0.006378913, -0.0029246131],
    [-0.49639901, -1.6846678, -0.92012996, 0.85370437, -0.014396738, -0.0061841803],
    [-0.53139901, -1.6720408, -0.91992349, 0.84217096, -0.025621692, -0.010747574],
    [-0.57639901, -1.6558059, -0.91965801, 0.82734228, -0.040053777, -0.016614795],
    [-0.63139901, -1.6359634, -0.91933354, 0.80921835, -0.057692991, -0.023785843],
    [-0.69382979, -1.61344, -0.91896524, 0.78864578, -0.077715352, -0.031925735],
    [-0.75666164, -1.5907719, -0.91859457, 0.76794104, -0.097866343, -0.040117921],
    [-0.81949349, -1.5681038, -0.9182239, 0.74723631, -0.11801733, -0.048310107],
    [-0.88232535, -1.5454358, -0.91785322, 0.72653157, -0.13816833, -0.056502293],
    [-0.9451572, -1.5227677, -0.91748255, 0.70582684, -0.15831932, -0.064694479],
    [-1.0079891, -1.5000996, -0.91711188, 0.6851221, -0.17847031, -0.072886665],
    [-1.0708209, -1.4774315, -0.91674121, 0.66441737, -0.1986213, -0.081078851],
    [-1.1336528, -1.4547634, -0.91637054, 0.64371263, -0.21877229, -0.089271037],
    [-1.1964846, -1.4320954, -0.91599987, 0.6230079, -0.23892328, -0.097463223],
    [-1.2593165, -1.4094273, -0.91562919, 0.60230316, -0.25907427, -0.10565541],
    [-1.3221483, -1.3867592, -0.91525852, 0.58159843, -0.27922527, -0.11384759],
    [-1.3849802, -1.3640911, -0.91488785, 0.56089369, -0.29937626, -0.12203978],
    [-1.447812, -1.341423, -0.91451718, 0.54018896, -0.31952725, -0.13023197],
    [-1.5106439, -1.318755, -0.91414651, 0.51948422, -0.33967824, -0.13842415],
    [-1.5734757, -1.2960869, -0.91377584, 0.49877949, -0.35982923, -0.14661634],
    [-1.6363076, -1.2734188, -0.91340517, 0.47807475, -0.37998022, -0.15480852],
    [-1.6991394, -1.2507507, -0.91303449, 0.45737002, -0.40013122, -0.16300071],
    [-1.7619713, -1.2280826, -0.91266382, 0.43666528, -0.42028221, -0.1711929],
    [-1.8248031, -1.2054146, -0.91229315, 0.41596055, -0.4404332, -0.17938508],
    [-1.887635, -1.1827465, -0.91192248, 0.39525581, -0.46058419, -0.18757727],
    [-1.9504668, -1.1600784, -0.91155181, 0.37455108, -0.48073518, -0.19576945],
    [-2.0132987, -1.1374103, -0.91118114, 0.35384635, -0.50088617, -0.20396164],
    [-2.0761306, -1.1147422, -0.91081047, 0.33314161, -0.52103716, -0.21215383],
    [-2.1389624, -1.0920741, -0.91043979, 0.31243688, -0.54118816, -0.22034601],
    [-2.2017943, -1.0694061, -0.91006912, 0.29173214, -0.56133915, -0.2285382],
    [-2.2646261, -1.046738, -0.90969845, 0.27102741, -0.58149014, -0.23673038],
    [-2.327458, -1.0240699, -0.90932778, 0.25032267, -0.60164113, -0.24492257],
    [-2.3902898, -1.0014018, -0.90895711, 0.22961794, -0.62179212, -0.25311476],
    [-2.4531217, -0.97873374, -0.90858644, 0.2089132, -0.64194311, -0.26130694],
    [-2.5159535, -0.95606566, -0.90821577, 0.18820847, -0.6620941, -0.26949913],
    [-2.5787854, -0.93339758, -0.90784509, 0.16750373, -0.6822451, -0.27769131],
    [-2.6416172, -0.9107295, -0.90747442, 0.146799, -0.70239609, -0.2858835],
    [-2.7044491, -0.88806142, -0.90710375, 0.12609426, -0.72254708, -0.29407568],
    [-2.7672809, -0.86539334, -0.90673308, 0.10538953, -0.74269807, -0.30226787],
    [-2.8301128, -0.84272526, -0.90636241, 0.084684792, -0.76284906, -0.31046006],
    [-2.8929446, -0.82005718, -0.90599174, 0.063980057, -0.78300005, -0.31865224],
    [-2.9557765, -0.7973891, -0.90562107, 0.043275322, -0.80315104, -0.32684443],
    [-3.0186084, -0.77472101, -0.90525039, 0.022570587, -0.82330204, -0.33503661],
    [-3.0814402, -0.75205293, -0.90487972, 0.0018658525, -0.84345303, -0.3432288],
    [-3.1442721, -0.72938485, -0.90450905, -0.018838882, -0.86360402, -0.35142099],
    [-3.2071039, -0.70671677, -0.90413838, -0.039543617, -0.88375501, -0.35961317],
    [-3.2699358, -0.68404869, -0.90376771, -0.060248352, -0.903906, -0.36780536],
    [-3.3327676, -0.66138061, -0.90339704, -0.080953087, -0.92405699, -0.37599754],
    [-3.3955995, -0.63871253, -0.90302637, -0.10165782, -0.94420798, -0.38418973],
    [-3.4584313, -0.61604445, -0.90265569, -0.12236256, -0.96435898, -0.39238192],
    [-3.5212632, -0.59337637, -0.90228502, -0.14306729, -0.98450997, -0.4005741],
    [-3.584095, -0.57070829, -0.90191435, -0.16377203, -1.004661, -0.40876629],
    [-3.6469269, -0.54804021, -0.90154368, -0.18447676, -1.024812, -0.41695847],
    [-3.7097587, -0.52537212, -0.90117301, -0.2051815, -1.0449629, -0.42515066],
    [-3.7725906, -0.50270404, -0.90080234, -0.22588623, -1.0651139, -0.43334285],
    [-3.8354224, -0.48003596, -0.90043166, -0.24659097, -1.0852649, -0.44153503],
    [-3.8982543, -0.45736788, -0.90006099, -0.2672957, -1.1054159, -0.44972722],
    [-3.9610861, -0.4346998, -0.89969032, -0.28800044, -1.1255669, -0.4579194],
    [-4.023918, -0.41203172, -0.89931965, -0.30870517, -1.1457179, -0.46611159],
    [-4.0867499, -0.38936364, -0.89894898, -0.32940991, -1.1658689, -0.47430378],
    [-4.1495817, -0.36669556, -0.89857831, -0.35011464, -1.1860199, -0.48249596],
    [-4.2124136, -0.34402748, -0.89820764, -0.37081937, -1.2061709, -0.49068815],
    [-4.2752454, -0.3213594, -0.89783696, -0.39152411, -1.2263219, -0.49888033],
    [-4.3380773, -0.29869132, -0.89746629, -0.41222884, -1.2464729, -0.50707252],
    [-4.4009091, -0.27602323, -0.89709562, -0.43293358, -1.2666238, -0.5152647],
    [-4.463741, -0.25335515, -0.89672495, -0.45363831, -1.2867748, -0.52345689],
    [-4.5265728, -0.23068707, -0.89635428, -0.47434305, -1.3069258, -0.53164908],
    [-4.5894047, -0.20801899, -0.89598361, -0.49504778, -1.3270768, -0.53984126],
    [-4.6522365, -0.18535091, -0.89561294, -0.51575252, -1.3472278, -0.54803345],
    [-4.7150684, -0.16268283, -0.89524226, -0.53645725, -1.3673788, -0.55622563],
    [-4.7779002, -0.14001475, -0.89487159, -0.55716199, -1.3875298, -0.56441782],
    [-4.8407321, -0.11734667, -0.89450092, -0.57786672, -1.4076808, -0.57261001],
    [-4.9035639, -0.094678587, -0.89413025, -0.59857146, -1.4278318, -0.58080219],
    [-4.9663958, -0.072010506, -0.89375958, -0.61927619, -1.4479828, -0.58899438],
    [-5.0292276, -0.049342425, -0.89338891, -0.63998093, -1.4681338, -0.59718656],
    [-5.0920595, -0.026674344, -0.89301824, -0.66068566, -1.4882848, -0.60537875],
    [-5.1548912, -0.0040063222, -0.89264757, -0.68139034, -1.5084357, -0.61357091],
    [-5.2126659, 0.01683728, -0.89230673, -0.70042862, -1.5269648, -0.62110374],
    [-5.2604406, 0.034073145, -0.89202488, -0.71617164, -1.5422868, -0.62733274],
    [-5.2982154, 0.047701273, -0.89180204, -0.7286194, -1.5544016, -0.63225791],
    [-5.3259901, 0.057721663, -0.89163818, -0.7377719, -1.5633093, -0.63587925],
    [-5.3437648, 0.064134317, -0.89153332, -0.74362913, -1.5690099, -0.63819677],
    [-5.3515395, 0.066939233, -0.89148745, -0.74619111, -1.5715034, -0.63921045],
    [-5.3519245, 0.067078115, -0.89148518, -0.74631796, -1.5716268, -0.63926065]
  ]
}
