{
  "iteration": 794,
  "label": "pre_pick",
  "planning_time_ms": 43.633358,
  "scene": {
    "block_x": 0.19905461,
    "block_y": 0.48720582,
    "bin_x": 0.37782207,
    "bin_y": 0.34708026
  },
  "joint_names": ["shoulder_pan_joint", "shoulder_lift_joint", "elbow_joint", "wrist_1_joint", "wrist_2_joint", "wrist_3_joint"],
  "start_joints": [-0.4514325, -1.7007085, -0.92060233, 0.86871443, 2.4560265e-05, -0.00031991765],
  "goal_joints": [0.9368537, -0.16567337, -0.32221669, 5.1993929, -1.5706442, -0.63321634],
  "num_waypoints": 49,
  "trajectory": [
    [-0.4514325, -1.7007085, -0.92060233, 0.86871443, 2.4560265e-05, -0.00031991765],
    [-0.44982964, -1.6989362, -0.91991146, 0.87371443, -0.0017888608, -0.0010506304],
    [-0.44502109, -1.6936193, -0.91783885, 0.88871443, -0.007229124, -0.0032427687],
    [-0.43700684, -1.6847579, -0.91438451, 0.91371443, -0.016296229, -0.0068963326],
    [-0.42578688, -1.672352, -0.90954844, 0.94871443, -0.028990177, -0.012011322],
    [-0.41136123, -1.6564015, -0.90333062, 0.99371443, -0.045310966, -0.018587737],
    [-0.39372987, -1.6369064, -0.89573107, 1.0487144, -0.065258598, -0.026625577],
    [-0.37289281, -1.6138667, -0.88674978, 1.1137144, -0.088833072, -0.036124843],
    [-0.34885006, -1.5872825, -0.87638676, 1.1887144, -0.11603438, -0.047085533],
    [-0.3216016, -1.5571538, -0.864642, 1.2737144, -0.14686254, -0.059507649],
    [-0.29114744, -1.5234805, -0.85151551, 1.3687144, -0.18131753, -0.07339119],
    [-0.25748758, -1.4862626, -0.83700728, 1.4737144, -0.21939937, -0.088736155],
    [-0.22062202, -1.4455001, -0.82111731, 1.5887143, -0.26110804, -0.10554255],
    [-0.18085219, -1.4015264, -0.80397553, 1.7127741, -0.30610254, -0.12367295],
    [-0.14056815, -1.3569842, -0.78661212, 1.8384378, -0.35167878, -0.14203776],
    [-0.10028412, -1.3124419, -0.76924871, 1.9641015, -0.39725503, -0.16040258],
    [-0.060000092, -1.2678997, -0.75188529, 2.0897652, -0.44283127, -0.17876739],
    [-0.01971606, -1.2233574, -0.73452188, 2.2154289, -0.48840751, -0.19713221],
    [0.020567971, -1.1788151, -0.71715847, 2.3410926, -0.53398375, -0.21549702],
    [0.060852002, -1.1342729, -0.69979506, 2.4667563, -0.57955999, -0.23386184],
    [0.10113603, -1.0897306, -0.68243164, 2.59242, -0.62513624, -0.25222665],
    [0.14142007, -1.0451884, -0.66506823, 2.7180837, -0.67071248, -0.27059147],
    [0.1817041, -1.0006461, -0.64770482, 2.8437474, -0.71628872, -0.28895628],
    [0.22198813, -0.95610386, -0.63034141, 2.9694111, -0.76186496, -0.3073211],
    [0.26227216, -0.9115616, -0.61297799, 3.0950748, -0.80744121, -0.32568591],
    [0.30255619, -0.86701934, -0.59561458, 3.2207385, -0.85301745, -0.34405073],
    [0.34284022, -0.82247709, -0.57825117, 3.3464022, -0.89859369, -0.36241554],
    [0.38312425, -0.77793483, -0.56088776, 3.4720659, -0.94416993, -0.38078036],
    [0.42340828, -0.73339257, -0.54352434, 3.5977296, -0.98974618, -0.39914517],
    [0.46369232, -0.68885031, -0.52616093, 3.7233934, -1.0353224, -0.41750999],
    [0.50397635, -0.64430805, -0.50879752, 3.8490571, -1.0808987, -0.4358748],
    [0.54426038, -0.5997658, -0.49143411, 3.9747208, -1.1264749, -0.45423962],
    [0.58454441, -0.55522354, -0.4740707, 4.1003845, -1.1720511, -0.47260443],
    [0.62482844, -0.51068128, -0.45670728, 4.2260482, -1.2176274, -0.49096925],
    [0.66511247, -0.46613902, -0.43934387, 4.3517119, -1.2632036, -0.50933406],
    [0.70493334, -0.42210889, -0.42218009, 4.4759308, -1.3082559, -0.52748773],
    [0.74189128, -0.38124431, -0.40625031, 4.5912189, -1.3500691, -0.54433623],
    [0.77564352, -0.34392428, -0.39170226, 4.6965071, -1.3882554, -0.55972332],
    [0.80619007, -0.31014881, -0.37853594, 4.7917953, -1.4228149, -0.57364897],
    [0.8335309, -0.27991791, -0.36675137, 4.8770834, -1.4537476, -0.5861132],
    [0.85766604, -0.25323157, -0.35634853, 4.9523716, -1.4810534, -0.59711601],
    [0.87859548, -0.23008978, -0.34732742, 5.0176598, -1.5047324, -0.60665739],
    [0.89631922, -0.21049256, -0.33968805, 5.0729479, -1.5247846, -0.61473734],
    [0.91083725, -0.19443989, -0.33343042, 5.1182361, -1.5412099, -0.62135587],
    [0.92214958, -0.18193179, -0.32855453, 5.1535243, -1.5540083, -0.62651297],
    [0.93025621, -0.17296825, -0.32506037, 5.1788124, -1.5631799, -0.63020865],
    [0.93515714, -0.16754926, -0.32294795, 5.1941006, -1.5687247, -0.6324429],
    [0.93685237, -0.16567484, -0.32221726, 5.1993888, -1.5706427, -0.63321573],
    [0.9368537, -0.16567337, -0.32221669, 5.1993929, -1.5706442, -0.63321634]
  ]
}
