{
  "iteration": 645,
  "label": "pre_pick",
  "planning_time_ms": 36.014095,
  "scene": {
    "block_x": 0.2295302,
    "block_y": 0.45840442,
    "bin_x": 0.14179917,
    "bin_y": 0.3685039
  },
  "joint_names": ["shoulder_pan_joint", "shoulder_lift_joint", "elbow_joint", "wrist_1_joint", "wrist_2_joint", "wrist_3_joint"],
  "start_joints": [-0.45120384, -1.7009254, -0.91991934, 0.86778395, -1.7073269e-05, 5.4731565e-05],
  "goal_joints": [-1.7737517, -3.0779897, 0.56183635, 4.0861688, 1.5698656, -0.20356002],
  "num_waypoints": 40,
  "trajectory": [
    [-0.45120384, -1.7009254, -0.91991934, 0.86778395, -1.7073269e-05, 5.4731565e-05],
    [-0.45325851, -1.7030648, -0.91761732, 0.87278395, 0.0024218561, -0.00026159908],
    [-0.45942254, -1.7094829, -0.91071127, 0.88778395, 0.0097386442, -0.001210591],
    [-0.46969592, -1.7201797, -0.89920118, 0.91278395, 0.021933291, -0.0027922443],
    [-0.48407866, -1.7351553, -0.88308706, 0.94778395, 0.039005797, -0.0050065588],
    [-0.50257074, -1.7544097, -0.8623689, 0.99278395, 0.060956161, -0.0078535347],
    [-0.52517218, -1.7779428, -0.83704671, 1.047784, 0.087784384, -0.011333172],
    [-0.55188298, -1.8057546, -0.80712048, 1.112784, 0.11949046, -0.01544547],
    [-0.58270312, -1.8378452, -0.77259022, 1.1877839, 0.1560744, -0.02019043],
    [-0.61763261, -1.8742145, -0.73345592, 1.2727839, 0.1975362, -0.02556805],
    [-0.65667146, -1.9148625, -0.6897176, 1.3677839, 0.24387585, -0.031578332],
    [-0.69981965, -1.9597893, -0.64137524, 1.4727839, 0.29509336, -0.038221274],
    [-0.7470772, -2.0089949, -0.58842884, 1.5877839, 0.35118872, -0.045496878],
    [-0.79805775, -2.0620769, -0.53131127, 1.7118437, 0.41170334, -0.053345661],
    [-0.8496974, -2.1158452, -0.47345526, 1.8375074, 0.47300032, -0.061295918],
    [-0.90133704, -2.1696134, -0.41559925, 1.9631711, 0.53429731, -0.069246174],
    [-0.95297669, -2.2233817, -0.35774324, 2.0888348, 0.59559429, -0.07719643],
    [-1.0046163, -2.27715, -0.29988723, 2.2144985, 0.65689127, -0.085146687],
    [-1.056256, -2.3309183, -0.24203122, 2.3401622, 0.71818825, -0.093096943],
    [-1.1078956, -2.3846865, -0.18417521, 2.4658259, 0.77948523, -0.1010472],
    [-1.1595353, -2.4384548, -0.1263192, 2.5914896, 0.84078221, -0.10899746],
    [-1.2111749, -2.4922231, -0.068463187, 2.7171533, 0.90207919, -0.11694771],
    [-1.2628146, -2.5459914, -0.010607176, 2.842817, 0.96337617, -0.12489797],
    [-1.3144542, -2.5997596, 0.047248835, 2.9684808, 1.0246732, -0.13284822],
    [-1.3660939, -2.6535279, 0.10510485, 3.0941445, 1.0859701, -0.14079848],
    [-1.4177335, -2.7072962, 0.16296086, 3.2198082, 1.1472671, -0.14874874],
    [-1.4690624, -2.7607409, 0.22046869, 3.3447156, 1.2081952, -0.15665115],
    [-1.5170492, -2.8107058, 0.27423215, 3.4614903, 1.2651562, -0.16403903],
    [-1.5609267, -2.8563919, 0.32339157, 3.5682649, 1.3172394, -0.17079425],
    [-1.6006948, -2.8977993, 0.36794696, 3.6650396, 1.3644447, -0.17691681],
    [-1.6363536, -2.9349279, 0.40789831, 3.7518142, 1.4067721, -0.1824067],
    [-1.667903, -2.9677778, 0.44324562, 3.8285889, 1.4442217, -0.18726394],
    [-1.695343, -2.996349, 0.4739889, 3.8953635, 1.4767935, -0.19148851],
    [-1.7186737, -3.0206414, 0.50012815, 3.9521382, 1.5044873, -0.19508042],
    [-1.7378951, -3.0406551, 0.52166336, 3.9989128, 1.5273033, -0.19803967],
    [-1.7530071, -3.05639, 0.53859454, 4.0356874, 1.5452415, -0.20036626],
    [-1.7640097, -3.0678462, 0.55092168, 4.0624621, 1.5583018, -0.20206019],
    [-1.770903, -3.0750236, 0.55864478, 4.0792367, 1.5664842, -0.20312146],
    [-1.773687, -3.0779223, 0.56176385, 4.0860114, 1.5697888, -0.20355006],
    [-1.7737517, -3.0779897, 0.56183635, 4.0861688, 1.5698656, -0.20356002]
  ]
}
