{
  "iteration": 0,
  "label": "pre_pick",
  "planning_time_ms": 59.375469,
  "scene": {
    "block_x": 0.2296688,
    "block_y": 0.35666919,
    "bin_x": 0.3837279,
    "bin_y": 0.33920475
  },
  "joint_names": ["shoulder_pan_joint", "shoulder_lift_joint", "elbow_joint", "wrist_1_joint", "wrist_2_joint", "wrist_3_joint"],
  "start_joints": [-0.45122594, -1.7009348, -0.91991129, 0.86785532, 2.6377516e-05, -0.00011554388],
  "goal_joints": [4.4537267, -2.0857898, -1.3986195, 5.0545462, -4.7128763, -0.2578426],
  "num_waypoints": 86,
  "trajectory": [
    [-0.45122594, -1.7009348, -0.91991129, 0.86785532, 2.6377516e-05, -0.00011554388],
    [-0.44622594, -1.7013271, -0.92039927, 0.87212314, -0.004777851, -0.00037826513],
    [-0.43122594, -1.702504, -0.92186323, 0.8849266, -0.019190536, -0.0011664289],
    [-0.40622594, -1.7044656, -0.92430315, 0.9062657, -0.043211679, -0.0024800351],
    [-0.37122594, -1.7072118, -0.92771904, 0.93614044, -0.076841279, -0.0043190839],
    [-0.32622594, -1.7107426, -0.9321109, 0.97455081, -0.12007934, -0.0066835751],
    [-0.27122594, -1.715058, -0.93747873, 1.0214968, -0.17292585, -0.0095735088],
    [-0.20879516, -1.7199565, -0.94357178, 1.0747855, -0.23291219, -0.012853887],
    [-0.14596331, -1.7248865, -0.94970398, 1.1284165, -0.29328391, -0.01615534],
    [-0.083131458, -1.7298164, -0.95583617, 1.1820475, -0.35365562, -0.019456792],
    [-0.020299605, -1.7347464, -0.96196837, 1.2356785, -0.41402734, -0.022758245],
    [0.042532248, -1.7396763, -0.96810056, 1.2893095, -0.47439905, -0.026059697],
    [0.1053641, -1.7446063, -0.97423276, 1.3429405, -0.53477077, -0.02936115],
    [0.16819595, -1.7495362, -0.98036495, 1.3965715, -0.59514249, -0.032662603],
    [0.23102781, -1.7544661, -0.98649715, 1.4502025, -0.6555142, -0.035964055],
    [0.29385966, -1.7593961, -0.99262934, 1.5038335, -0.71588592, -0.039265508],
    [0.35669151, -1.764326, -0.99876154, 1.5574645, -0.77625763, -0.04256696],
    [0.41952337, -1.769256, -1.0048937, 1.6110956, -0.83662935, -0.045868413],
    [0.48235522, -1.7741859, -1.0110259, 1.6647266, -0.89700106, -0.049169865],
    [0.54518707, -1.7791159, -1.0171581, 1.7183576, -0.95737278, -0.052471318],
    [0.60801893, -1.7840458, -1.0232903, 1.7719886, -1.0177445, -0.055772771],
    [0.67085078, -1.7889758, -1.0294225, 1.8256196, -1.0781162, -0.059074223],
    [0.73368263, -1.7939057, -1.0355547, 1.8792506, -1.1384879, -0.062375676],
    [0.79651448, -1.7988357, -1.0416869, 1.9328816, -1.1988596, -0.065677128],
    [0.85934634, -1.8037656, -1.0478191, 1.9865126, -1.2592314, -0.068978581],
    [0.92217819, -1.8086956, -1.0539513, 2.0401436, -1.3196031, -0.072280033],
    [0.98501004, -1.8136255, -1.0600835, 2.0937746, -1.3799748, -0.075581486],
    [1.0478419, -1.8185555, -1.0662157, 2.1474056, -1.4403465, -0.078882939],
    [1.1106737, -1.8234854, -1.0723479, 2.2010366, -1.5007182, -0.082184391],
    [1.1735056, -1.8284153, -1.0784801, 2.2546676, -1.5610899, -0.085485844],
    [1.2363375, -1.8333453, -1.0846123, 2.3082986, -1.6214617, -0.088787296],
    [1.2991693, -1.8382752, -1.0907445, 2.3619296, -1.6818334, -0.092088749],
    [1.3620012, -1.8432052, -1.0968767, 2.4155606, -1.7422051, -0.095390202],
    [1.424833, -1.8481351, -1.1030089, 2.4691916, -1.8025768, -0.098691654],
    [1.4876649, -1.8530651, -1.1091411, 2.5228227, -1.8629485, -0.10199311],
    [1.5504967, -1.857995, -1.1152732, 2.5764537, -1.9233202, -0.10529456],
    [1.6133286, -1.862925, -1.1214054, 2.6300847, -1.983692, -0.10859601],
    [1.6761604, -1.8678549, -1.1275376, 2.6837157, -2.0440637, -0.11189746],
    [1.7389923, -1.8727849, -1.1336698, 2.7373467, -2.1044354, -0.11519892],
    [1.8018241, -1.8777148, -1.139802, 2.7909777, -2.1648071, -0.11850037],
    [1.864656, -1.8826448, -1.1459342, 2.8446087, -2.2251788, -0.12180182],
    [1.9274878, -1.8875747, -1.1520664, 2.8982397, -2.2855505, -0.12510327],
    [1.9903197, -1.8925047, -1.1581986, 2.9518707, -2.3459222, -0.12840473],
    [2.0531515, -1.8974346, -1.1643308, 3.0055017, -2.406294, -0.13170618],
    [2.1159834, -1.9023646, -1.170463, 3.0591327, -2.4666657, -0.13500763],
    [2.1788153, -1.9072945, -1.1765952, 3.1127637, -2.5270374, -0.13830909],
    [2.2416471, -1.9122244, -1.1827274, 3.1663947, -2.5874091, -0.14161054],
    [2.304479, -1.9171544, -1.1888596, 3.2200257, -2.6477808, -0.14491199],
    [2.3673108, -1.9220843, -1.1949918, 3.2736567, -2.7081525, -0.14821344],
    [2.4301427, -1.9270143, -1.201124, 3.3272877, -2.7685243, -0.1515149],
    [2.4929745, -1.9319442, -1.2072562, 3.3809188, -2.828896, -0.15481635],
    [2.5558064, -1.9368742, -1.2133884, 3.4345498, -2.8892677, -0.1581178],
    [2.6186382, -1.9418041, -1.2195206, 3.4881808, -2.9496394, -0.16141925],
    [2.6814701, -1.9467341, -1.2256528, 3.5418118, -3.0100111, -0.16472071],
    [2.7443019, -1.951664, -1.231785, 3.5954428, -3.0703828, -0.16802216],
    [2.8071338, -1.956594, -1.2379172, 3.6490738, -3.1307546, -0.17132361],
    [2.8699656, -1.9615239, -1.2440493, 3.7027048, -3.1911263, -0.17462506],
    [2.9327975, -1.9664539, -1.2501815, 3.7563358, -3.251498, -0.17792652],
    [2.9956293, -1.9713838, -1.2563137, 3.8099668, -3.3118697, -0.18122797],
    [3.0584612, -1.9763138, -1.2624459, 3.8635978, -3.3722414, -0.18452942],
    [3.121293, -1.9812437, -1.2685781, 3.9172288, -3.4326131, -0.18783087],
    [3.1841249, -1.9861737, -1.2747103, 3.9708598, -3.4929848, -0.19113233],
    [3.2469568, -1.9911036, -1.2808425, 4.0244908, -3.5533566, -0.19443378],
    [3.3097886, -1.9960335, -1.2869747, 4.0781218, -3.6137283, -0.19773523],
    [3.3726205, -2.0009635, -1.2931069, 4.1317528, -3.6741, -0.20103668],
    [3.4354523, -2.0058934, -1.2992391, 4.1853838, -3.7344717, -0.20433814],
    [3.4982842, -2.0108234, -1.3053713, 4.2390148, -3.7948434, -0.20763959],
    [3.561116, -2.0157533, -1.3115035, 4.2926459, -3.8552151, -0.21094104],
    [3.6239479, -2.0206833, -1.3176357, 4.3462769, -3.9155869, -0.21424249],
    [3.6867797, -2.0256132, -1.3237679, 4.3999079, -3.9759586, -0.21754395],
    [3.7496116, -2.0305432, -1.3299001, 4.4535389, -4.0363303, -0.2208454],
    [3.8124434, -2.0354731, -1.3360323, 4.5071699, -4.096702, -0.22414685],
    [3.8752753, -2.0404031, -1.3421645, 4.5608009, -4.1570737, -0.2274483],
    [3.9381071, -2.045333, -1.3482967, 4.6144319, -4.2174454, -0.23074976],
    [4.000939, -2.050263, -1.3544289, 4.6680629, -4.2778172, -0.23405121],
    [4.0637708, -2.0551929, -1.3605611, 4.7216939, -4.3381889, -0.23735266],
    [4.1266027, -2.0601229, -1.3666932, 4.7753249, -4.3985606, -0.24065412],
    [4.1894346, -2.0650528, -1.3728254, 4.8289559, -4.4589323, -0.24395557],
    [4.2522664, -2.0699827, -1.3789576, 4.8825869, -4.519304, -0.24725702],
    [4.3107248, -2.0745695, -1.384663, 4.9324849, -4.5754735, -0.25032867],
    [4.3592041, -2.0783734, -1.3893944, 4.9738651, -4.6220547, -0.25287598],
    [4.3976834, -2.0813925, -1.3931499, 5.0067097, -4.6590274, -0.25489785],
    [4.4261628, -2.0836271, -1.3959294, 5.0310186, -4.6863916, -0.25639427],
    [4.4446421, -2.085077, -1.3977329, 5.0467919, -4.7041474, -0.25736526],
    [4.4531214, -2.0857423, -1.3985605, 5.0540295, -4.7122947, -0.2578108],
    [4.4537267, -2.0857898, -1.3986195, 5.0545462, -4.7128763, -0.2578426]
  ]
}
