{
  "iteration": 213,
  "label": "pre_pick",
  "planning_time_ms": 264.06601,
  "scene": {
    "block_x": 0.18845075,
    "block_y": 0.43692391,
    "bin_x": 0.16155204,
    "bin_y": 0.30830703
  },
  "joint_names": ["shoulder_pan_joint", "shoulder_lift_joint", "elbow_joint", "wrist_1_joint", "wrist_2_joint", "wrist_3_joint"],
  "start_joints": [-0.45140168, -1.7009384, -0.92002766, 0.86798697, -1.3628555e-05, -4.7532607e-05],
  "goal_joints": [-1.6984364, -3.2490185, 1.0016414, 3.8188859, 1.5711982, -0.12747141],
  "num_waypoints": 42,
  "trajectory": [
    [-0.45140168, -1.7009384, -0.92002766, 0.86798697, -1.3628555e-05, -4.7532607e-05],
    [-0.45351465, -1.7035615, -0.91677159, 0.87298697, 0.0026486312, -0.00026343949],
    [-0.45985358, -1.7114307, -0.90700337, 0.88798697, 0.01063541, -0.00091116013],
    [-0.47041845, -1.724546, -0.890723, 0.91298697, 0.023946709, -0.0019906945],
    [-0.48520927, -1.7429075, -0.86793048, 0.94798697, 0.042582527, -0.0035020427],
    [-0.50422604, -1.766515, -0.83862581, 0.99298697, 0.066542864, -0.0054452046],
    [-0.52746875, -1.7953688, -0.802809, 1.047987, 0.095827721, -0.0078201803],
    [-0.55493741, -1.8294686, -0.76048004, 1.112987, 0.13043709, -0.010626969],
    [-0.58663202, -1.8688146, -0.71163894, 1.1879869, 0.17037098, -0.013865572],
    [-0.62255258, -1.9134067, -0.65628569, 1.2729869, 0.21562939, -0.017535988],
    [-0.66243784, -1.9629206, -0.59482287, 1.3673687, 0.26588316, -0.021611524],
    [-0.70321151, -2.0135374, -0.53199101, 1.4638528, 0.31725629, -0.025777839],
    [-0.74398518, -2.0641542, -0.46915916, 1.5603369, 0.36862942, -0.029944154],
    [-0.78475885, -2.114771, -0.40632731, 1.6568209, 0.42000255, -0.034110469],
    [-0.82553252, -2.1653878, -0.34349545, 1.753305, 0.47137568, -0.038276783],
    [-0.86630619, -2.2160046, -0.2806636, 1.8497891, 0.5227488, -0.042443098],
    [-0.90707986, -2.2666214, -0.21783175, 1.9462731, 0.57412193, -0.046609413],
    [-0.94785353, -2.3172382, -0.15499989, 2.0427572, 0.62549506, -0.050775728],
    [-0.9886272, -2.367855, -0.092168041, 2.1392413, 0.67686819, -0.054942043],
    [-1.0294009, -2.4184718, -0.029336188, 2.2357253, 0.72824132, -0.059108357],
    [-1.0701745, -2.4690886, 0.033495665, 2.3322094, 0.77961445, -0.063274672],
    [-1.1109482, -2.5197054, 0.096327518, 2.4286935, 0.83098758, -0.067440987],
    [-1.1517219, -2.5703222, 0.15915937, 2.5251775, 0.8823607, -0.071607302],
    [-1.1924956, -2.620939, 0.22199122, 2.6216616, 0.93373383, -0.075773616],
    [-1.2332692, -2.6715558, 0.28482308, 2.7181457, 0.98510696, -0.079939931],
    [-1.2740429, -2.7221726, 0.34765493, 2.8146297, 1.0364801, -0.084106246],
    [-1.3148166, -2.7727894, 0.41048678, 2.9111138, 1.0878532, -0.088272561],
    [-1.3555902, -2.8234062, 0.47331864, 3.0075979, 1.1392263, -0.092438876],
    [-1.3963639, -2.874023, 0.53615049, 3.1040819, 1.1905995, -0.09660519],
    [-1.4371376, -2.9246398, 0.59898234, 3.200566, 1.2419726, -0.10077151],
    [-1.4779112, -2.9752566, 0.6618142, 3.2970501, 1.2933457, -0.10493782],
    [-1.5183198, -3.0254201, 0.72408342, 3.3926702, 1.3442588, -0.10906683],
    [-1.5552238, -3.0712331, 0.7809522, 3.4799974, 1.3907564, -0.11283774],
    [-1.5879019, -3.1118, 0.83130883, 3.5573246, 1.4319294, -0.11617683],
    [-1.6163541, -3.1471207, 0.87515331, 3.6246518, 1.4677779, -0.11908411],
    [-1.6405802, -3.1771953, 0.91248564, 3.681979, 1.4983019, -0.12155958],
    [-1.6605805, -3.2020238, 0.94330582, 3.7293063, 1.5235014, -0.12360324],
    [-1.6763548, -3.2216061, 0.96761386, 3.7666335, 1.5433763, -0.12521508],
    [-1.6879031, -3.2359424, 0.98540975, 3.7939607, 1.5579268, -0.1263951],
    [-1.6952255, -3.2450324, 0.99669349, 3.8112879, 1.5671527, -0.12714332],
    [-1.698322, -3.2488764, 1.0014651, 3.8186151, 1.5710541, -0.12745972],
    [-1.6984364, -3.2490185, 1.0016414, 3.8188859, 1.5711982, -0.12747141]
  ]
}
