{
  "iteration": 15,
  "label": "pre_pick",
  "planning_time_ms": 42.685304,
  "scene": {
    "block_x": 0.13298764,
    "block_y": 0.3624482,
    "bin_x": 0.31877353,
    "bin_y": 0.36448165
  },
  "joint_names": ["shoulder_pan_joint", "shoulder_lift_joint", "elbow_joint", "wrist_1_joint", "wrist_2_joint", "wrist_3_joint"],
  "start_joints": [-0.45124097, -1.7008883, -0.91995014, 0.86778685, -1.1214101e-05, 5.4805743e-05],
  "goal_joints": [-1.5734872, -3.4247652, 1.6377238, -2.9246729, -4.7116008, -0.0024616769],
  "num_waypoints": 54,
  "trajectory": [
    [-0.45124097, -1.7008883, -0.91995014, 0.86778685, -1.1214101e-05, 5.4805743e-05],
    [-0.45243192, -1.7027177, -0.91723591, 0.86376224, -0.0050112141, 5.2135219e-05],
    [-0.45600474, -1.7082059, -0.9090932, 0.85168842, -0.020011214, 4.4123646e-05],
    [-0.46195945, -1.7173529, -0.89552201, 0.83156538, -0.045011214, 3.0771026e-05],
    [-0.47029605, -1.7301587, -0.87652236, 0.80339313, -0.080011214, 1.2077358e-05],
    [-0.48101453, -1.7466233, -0.85209423, 0.76717166, -0.12501121, -1.1957359e-05],
    [-0.49411489, -1.7667467, -0.82223762, 0.72290098, -0.18001121, -4.1333123e-05],
    [-0.50959714, -1.7905289, -0.78695255, 0.67058109, -0.24501121, -7.6049934e-05],
    [-0.52746127, -1.8179699, -0.746239, 0.61021198, -0.3200112, -0.00011610779],
    [-0.54770729, -1.8490697, -0.70009698, 0.54179366, -0.4050112, -0.0001615067],
    [-0.57033519, -1.8838283, -0.64852648, 0.46532612, -0.50001119, -0.00021224665],
    [-0.59534497, -1.9222457, -0.59152752, 0.38080938, -0.60501118, -0.00026832765],
    [-0.622521, -1.9639907, -0.52959154, 0.28897215, -0.71910582, -0.00032926615],
    [-0.65009012, -2.0063395, -0.46675969, 0.19580653, -0.8348508, -0.00039108609],
    [-0.67765923, -2.0486883, -0.40392784, 0.10264091, -0.95059577, -0.00045290604],
    [-0.70522835, -2.0910371, -0.34109598, 0.0094752898, -1.0663407, -0.00051472599],
    [-0.73279746, -2.1333858, -0.27826413, -0.083690329, -1.1820857, -0.00057654594],
    [-0.76036658, -2.1757346, -0.21543228, -0.17685595, -1.2978307, -0.00063836589],
    [-0.78793569, -2.2180834, -0.15260042, -0.27002157, -1.4135757, -0.00070018583],
    [-0.81550481, -2.2604322, -0.089768571, -0.36318718, -1.5293206, -0.00076200578],
    [-0.84307393, -2.302781, -0.026936718, -0.4563528, -1.6450656, -0.00082382573],
    [-0.87064304, -2.3451298, 0.035895135, -0.54951842, -1.7608106, -0.00088564568],
    [-0.89821216, -2.3874786, 0.098726988, -0.64268404, -1.8765556, -0.00094746563],
    [-0.92578127, -2.4298273, 0.16155884, -0.73584966, -1.9923005, -0.0010092856],
    [-0.95335039, -2.4721761, 0.22439069, -0.82901528, -2.1080455, -0.0010711055],
    [-0.9809195, -2.5145249, 0.28722255, -0.92218089, -2.2237905, -0.0011329255],
    [-1.0084886, -2.5568737, 0.3500544, -1.0153465, -2.3395355, -0.0011947454],
    [-1.0360577, -2.5992225, 0.41288625, -1.1085121, -2.4552804, -0.0012565654],
    [-1.0636269, -2.6415713, 0.47571811, -1.2016777, -2.5710254, -0.0013183853],
    [-1.091196, -2.6839201, 0.53854996, -1.2948434, -2.6867704, -0.0013802053],
    [-1.1187651, -2.7262688, 0.60138181, -1.388009, -2.8025154, -0.0014420252],
    [-1.1463342, -2.7686176, 0.66421367, -1.4811746, -2.9182603, -0.0015038452],
    [-1.1739033, -2.8109664, 0.72704552, -1.5743402, -3.0340053, -0.0015656651],
    [-1.2014724, -2.8533152, 0.78987737, -1.6675058, -3.1497503, -0.0016274851],
    [-1.2290415, -2.895664, 0.85270922, -1.7606715, -3.2654953, -0.001689305],
    [-1.2566107, -2.9380128, 0.91554108, -1.8538371, -3.3812402, -0.0017511249],
    [-1.2841798, -2.9803615, 0.97837293, -1.9470027, -3.4969852, -0.0018129449],
    [-1.3117489, -3.0227103, 1.0412048, -2.0401683, -3.6127302, -0.0018747648],
    [-1.339318, -3.0650591, 1.1040366, -2.1333339, -3.7284752, -0.0019365848],
    [-1.3668871, -3.1074079, 1.1668685, -2.2264996, -3.8442201, -0.0019984047],
    [-1.3944562, -3.1497567, 1.2297003, -2.3196652, -3.9599651, -0.0020602247],
    [-1.4219229, -3.191948, 1.2922986, -2.4124844, -4.0752798, -0.0021218148],
    [-1.4476023, -3.2313941, 1.3508238, -2.4992642, -4.1830913, -0.0021793974],
    [-1.4708999, -3.2671814, 1.4039205, -2.5779947, -4.2809027, -0.002231639],
    [-1.4918155, -3.2993098, 1.4515887, -2.648676, -4.3687141, -0.0022785395],
    [-1.5103493, -3.3277795, 1.4938284, -2.7113081, -4.4465256, -0.002320099],
    [-1.5265012, -3.3525903, 1.5306396, -2.765891, -4.514337, -0.0023563174],
    [-1.5402712, -3.3737424, 1.5620224, -2.8124247, -4.5721484, -0.0023871947],
    [-1.5516594, -3.3912356, 1.5879767, -2.8509091, -4.6199599, -0.0024127311],
    [-1.5606656, -3.4050701, 1.6085026, -2.8813444, -4.6577713, -0.0024329263],
    [-1.56729, -3.4152457, 1.6236, -2.9037304, -4.6855828, -0.0024477806],
    [-1.5715325, -3.4217626, 1.6332688, -2.9180672, -4.7033942, -0.0024572937],
    [-1.573393, -3.4246206, 1.6375093, -2.9243548, -4.7112056, -0.0024614659],
    [-1.5734872, -3.4247652, 1.6377238, -2.9246729, -4.7116008, -0.0024616769]
  ]
}
