{
  "iteration": 483,
  "label": "pre_pick",
  "planning_time_ms": 42.435521,
  "scene": {
    "block_x": 0.28647033,
    "block_y": 0.43750021,
    "bin_x": 0.16257052,
    "bin_y": 0.27406806
  },
  "joint_names": ["shoulder_pan_joint", "shoulder_lift_joint", "elbow_joint", "wrist_1_joint", "wrist_2_joint", "wrist_3_joint"],
  "start_joints": [-0.45126733, -1.7007303, -0.92032296, 0.86836786, -0.0001040126, -0.00029654419],
  "goal_joints": [0.74277563, -0.13192788, -0.40055589, -1.0385675, -1.569734, -0.82852394],
  "num_waypoints": 34,
  "trajectory": [
    [-0.45126733, -1.7007303, -0.92032296, 0.86836786, -0.0001040126, -0.00029654419],
    [-0.44813654, -1.6966169, -0.91896012, 0.86336786, -0.0042195952, -0.0024681631],
    [-0.43874416, -1.6842767, -0.91487162, 0.84836786, -0.016566343, -0.00898302],
    [-0.42309021, -1.6637096, -0.90805746, 0.82336786, -0.037144256, -0.019841115],
    [-0.40117468, -1.6349157, -0.89851762, 0.78836786, -0.065953334, -0.035042447],
    [-0.37299757, -1.597895, -0.88625212, 0.74336786, -0.10299358, -0.054587018],
    [-0.33855888, -1.5526475, -0.87126096, 0.68836787, -0.14826498, -0.078474821],
    [-0.29785862, -1.4991731, -0.85354413, 0.62336789, -0.20176753, -0.10670586],
    [-0.25130836, -1.4380127, -0.83328079, 0.54902521, -0.26296022, -0.13899465],
    [-0.20348593, -1.3751808, -0.81246368, 0.47265085, -0.32582522, -0.17216585],
    [-0.15566351, -1.312349, -0.79164658, 0.39627649, -0.38869021, -0.20533706],
    [-0.10784109, -1.2495171, -0.77082947, 0.31990213, -0.45155521, -0.23850826],
    [-0.060018668, -1.1866853, -0.75001236, 0.24352777, -0.51442021, -0.27167946],
    [-0.012196246, -1.1238534, -0.72919525, 0.16715341, -0.57728521, -0.30485066],
    [0.035626176, -1.0610216, -0.70837815, 0.090779049, -0.64015021, -0.33802186],
    [0.083448598, -0.99818972, -0.68756104, 0.014404688, -0.7030152, -0.37119307],
    [0.13127102, -0.93535787, -0.66674393, -0.061969673, -0.7658802, -0.40436427],
    [0.17909344, -0.87252601, -0.64592683, -0.13834403, -0.8287452, -0.43753547],
    [0.22691586, -0.80969416, -0.62510972, -0.21471839, -0.8916102, -0.47070667],
    [0.27473829, -0.74686231, -0.60429261, -0.29109276, -0.95447519, -0.50387787],
    [0.32256071, -0.68403045, -0.5834755, -0.36746712, -1.0173402, -0.53704908],
    [0.37038313, -0.6211986, -0.5626584, -0.44384148, -1.0802052, -0.57022028],
    [0.41820555, -0.55836675, -0.54184129, -0.52021584, -1.1430702, -0.60339148],
    [0.46602797, -0.49553489, -0.52102418, -0.5965902, -1.2059352, -0.63656268],
    [0.51385039, -0.43270304, -0.50020708, -0.67296456, -1.2688002, -0.66973388],
    [0.56166966, -0.36987533, -0.47939134, -0.74933389, -1.331661, -0.7029029],
    [0.6061626, -0.31141795, -0.46002356, -0.82039092, -1.3901493, -0.73376466],
    [0.64439395, -0.26118739, -0.44338145, -0.88144795, -1.4404063, -0.76028318],
    [0.67636373, -0.21918366, -0.429465, -0.93250499, -1.4824322, -0.78245847],
    [0.70207192, -0.18540676, -0.41827422, -0.97356202, -1.5162269, -0.80029051],
    [0.72151853, -0.15985668, -0.40980911, -1.0046191, -1.5417905, -0.81377932],
    [0.73470356, -0.14253343, -0.40406966, -1.0256761, -1.5591229, -0.82292489],
    [0.74162701, -0.133437, -0.40105588, -1.0367331, -1.5682241, -0.82772722],
    [0.74277563, -0.13192788, -0.40055589, -1.0385675, -1.569734, -0.82852394]
  ]
}
