{
  "iteration": 659,
  "label": "pre_pick",
  "planning_time_ms": 145.08372,
  "scene": {
    "block_x": 0.12964331,
    "block_y": 0.42856627,
    "bin_x": 0.16409445,
    "bin_y": 0.30744061
  },
  "joint_names": ["shoulder_pan_joint", "shoulder_lift_joint", "elbow_joint", "wrist_1_joint", "wrist_2_joint", "wrist_3_joint"],
  "start_joints": [-0.45132829, -1.7008823, -0.92011272, 0.86807155, -6.2565531e-05, -0.00018933083],
  "goal_joints": [4.7156927, -2.1873814, -1.2317957, 4.9892908, -4.7122633, 0.003228073],
  "num_waypoints": 90,
  "trajectory": [
    [-0.45132829, -1.7008823, -0.92011272, 0.86807155, -6.2565531e-05, -0.00018933083],
    [-0.44632829, -1.7013531, -0.92041433, 0.87205956, -0.0046224471, -0.0001860239],
    [-0.43132829, -1.7027654, -0.92131916, 0.88402357, -0.018302092, -0.00017610308],
    [-0.40632829, -1.7051193, -0.9228272, 0.90396358, -0.041101499, -0.00015956839],
    [-0.37132829, -1.7084147, -0.92493845, 0.93187961, -0.07302067, -0.00013641982],
    [-0.32632829, -1.7126517, -0.92765293, 0.96777163, -0.1140596, -0.00010665738],
    [-0.27132829, -1.7178302, -0.93097061, 1.0116397, -0.1642183, -7.0281058e-05],
    [-0.20889751, -1.7237083, -0.93473654, 1.0614345, -0.22115369, -2.8990115e-05],
    [-0.14606566, -1.7296242, -0.93852666, 1.1115492, -0.27845485, 1.2566097e-05],
    [-0.083233806, -1.7355401, -0.94231678, 1.1616639, -0.33575601, 5.4122309e-05],
    [-0.020401953, -1.741456, -0.94610689, 1.2117787, -0.39305717, 9.567852e-05],
    [0.0424299, -1.747372, -0.94989701, 1.2618934, -0.45035834, 0.00013723473],
    [0.10526175, -1.7532879, -0.95368713, 1.3120081, -0.5076595, 0.00017879094],
    [0.16809361, -1.7592038, -0.95747725, 1.3621229, -0.56496066, 0.00022034716],
    [0.23092546, -1.7651197, -0.96126737, 1.4122376, -0.62226182, 0.00026190337],
    [0.29375731, -1.7710356, -0.96505749, 1.4623523, -0.67956298, 0.00030345958],
    [0.35658917, -1.7769515, -0.96884761, 1.512467, -0.73686414, 0.00034501579],
    [0.41942102, -1.7828674, -0.97263772, 1.5625818, -0.7941653, 0.000386572],
    [0.48225287, -1.7887833, -0.97642784, 1.6126965, -0.85146647, 0.00042812821],
    [0.54508472, -1.7946992, -0.98021796, 1.6628112, -0.90876763, 0.00046968442],
    [0.60791658, -1.8006152, -0.98400808, 1.7129259, -0.96606879, 0.00051124064],
    [0.67074843, -1.8065311, -0.9877982, 1.7630407, -1.02337, 0.00055279685],
    [0.73358028, -1.812447, -0.99158832, 1.8131554, -1.0806711, 0.00059435306],
    [0.79641214, -1.8183629, -0.99537844, 1.8632701, -1.1379723, 0.00063590927],
    [0.85924399, -1.8242788, -0.99916855, 1.9133848, -1.1952734, 0.00067746548],
    [0.92207584, -1.8301947, -1.0029587, 1.9634996, -1.2525746, 0.00071902169],
    [0.9849077, -1.8361106, -1.0067488, 2.0136143, -1.3098758, 0.00076057791],
    [1.0477395, -1.8420265, -1.0105389, 2.063729, -1.3671769, 0.00080213412],
    [1.1105714, -1.8479424, -1.014329, 2.1138437, -1.4244781, 0.00084369033],
    [1.1734033, -1.8538584, -1.0181191, 2.1639585, -1.4817792, 0.00088524654],
    [1.2362351, -1.8597743, -1.0219093, 2.2140732, -1.5390804, 0.00092680275],
    [1.299067, -1.8656902, -1.0256994, 2.2641879, -1.5963816, 0.00096835896],
    [1.3618988, -1.8716061, -1.0294895, 2.3143027, -1.6536827, 0.0010099152],
    [1.4247307, -1.877522, -1.0332796, 2.3644174, -1.7109839, 0.0010514714],
    [1.4875625, -1.8834379, -1.0370697, 2.4145321, -1.7682851, 0.0010930276],
    [1.5503944, -1.8893538, -1.0408599, 2.4646468, -1.8255862, 0.0011345838],
    [1.6132262, -1.8952697, -1.04465, 2.5147616, -1.8828874, 0.00117614],
    [1.6760581, -1.9011856, -1.0484401, 2.5648763, -1.9401885, 0.0012176962],
    [1.7388899, -1.9071016, -1.0522302, 2.614991, -1.9974897, 0.0012592524],
    [1.8017218, -1.9130175, -1.0560203, 2.6651057, -2.0547909, 0.0013008087],
    [1.8645536, -1.9189334, -1.0598104, 2.7152205, -2.112092, 0.0013423649],
    [1.9273855, -1.9248493, -1.0636006, 2.7653352, -2.1693932, 0.0013839211],
    [1.9902173, -1.9307652, -1.0673907, 2.8154499, -2.2266943, 0.0014254773],
    [2.0530492, -1.9366811, -1.0711808, 2.8655646, -2.2839955, 0.0014670335],
    [2.1158811, -1.942597, -1.0749709, 2.9156794, -2.3412967, 0.0015085897],
    [2.1787129, -1.9485129, -1.078761, 2.9657941, -2.3985978, 0.0015501459],
    [2.2415448, -1.9544288, -1.0825512, 3.0159088, -2.455899, 0.0015917021],
    [2.3043766, -1.9603447, -1.0863413, 3.0660235, -2.5132001, 0.0016332583],
    [2.3672085, -1.9662607, -1.0901314, 3.1161383, -2.5705013, 0.0016748146],
    [2.4300403, -1.9721766, -1.0939215, 3.166253, -2.6278025, 0.0017163708],
    [2.4928722, -1.9780925, -1.0977116, 3.2163677, -2.6851036, 0.001757927],
    [2.555704, -1.9840084, -1.1015018, 3.2664825, -2.7424048, 0.0017994832],
    [2.6185359, -1.9899243, -1.1052919, 3.3165972, -2.799706, 0.0018410394],
    [2.6813677, -1.9958402, -1.109082, 3.3667119, -2.8570071, 0.0018825956],
    [2.7441996, -2.0017561, -1.1128721, 3.4168266, -2.9143083, 0.0019241518],
    [2.8070314, -2.007672, -1.1166622, 3.4669414, -2.9716094, 0.001965708],
    [2.8698633, -2.0135879, -1.1204523, 3.5170561, -3.0289106, 0.0020072643],
    [2.9326951, -2.0195039, -1.1242425, 3.5671708, -3.0862118, 0.0020488205],
    [2.995527, -2.0254198, -1.1280326, 3.6172855, -3.1435129, 0.0020903767],
    [3.0583588, -2.0313357, -1.1318227, 3.6674003, -3.2008141, 0.0021319329],
    [3.1211907, -2.0372516, -1.1356128, 3.717515, -3.2581152, 0.0021734891],
    [3.1840226, -2.0431675, -1.1394029, 3.7676297, -3.3154164, 0.0022150453],
    [3.2468544, -2.0490834, -1.1431931, 3.8177444, -3.3727176, 0.0022566015],
    [3.3096863, -2.0549993, -1.1469832, 3.8678592, -3.4300187, 0.0022981577],
    [3.3725181, -2.0609152, -1.1507733, 3.9179739, -3.4873199, 0.0023397139],
    [3.43535, -2.0668311, -1.1545634, 3.9680886, -3.5446211, 0.0023812702],
    [3.4981818, -2.0727471, -1.1583535, 4.0182033, -3.6019222, 0.0024228264],
    [3.5610137, -2.078663, -1.1621436, 4.0683181, -3.6592234, 0.0024643826],
    [3.6238455, -2.0845789, -1.1659338, 4.1184328, -3.7165245, 0.0025059388],
    [3.6866774, -2.0904948, -1.1697239, 4.1685475, -3.7738257, 0.002547495],
    [3.7495092, -2.0964107, -1.173514, 4.2186623, -3.8311269, 0.0025890512],
    [3.8123411, -2.1023266, -1.1773041, 4.268777, -3.888428, 0.0026306074],
    [3.8751729, -2.1082425, -1.1810942, 4.3188917, -3.9457292, 0.0026721636],
    [3.9380048, -2.1141584, -1.1848844, 4.3690064, -4.0030303, 0.0027137199],
    [4.0008366, -2.1200743, -1.1886745, 4.4191212, -4.0603315, 0.0027552761],
    [4.0636685, -2.1259903, -1.1924646, 4.4692359, -4.1176327, 0.0027968323],
    [4.1265003, -2.1319062, -1.1962547, 4.5193506, -4.1749338, 0.0028383885],
    [4.1893322, -2.1378221, -1.2000448, 4.5694653, -4.232235, 0.0028799447],
    [4.2521641, -2.143738, -1.203835, 4.6195801, -4.2895362, 0.0029215009],
    [4.3149959, -2.1496539, -1.2076251, 4.6696948, -4.3468373, 0.0029630571],
    [4.3778278, -2.1555698, -1.2114152, 4.7198095, -4.4041385, 0.0030046133],
    [4.4406596, -2.1614857, -1.2152053, 4.7699242, -4.4614396, 0.0030461695],
    [4.5034915, -2.1674016, -1.2189954, 4.820039, -4.5187408, 0.0030877258],
    [4.5634025, -2.1730425, -1.2226094, 4.8678241, -4.5733783, 0.0031273502],
    [4.6135913, -2.177768, -1.2256368, 4.9078547, -4.6191493, 0.0031605444],
    [4.6537801, -2.181552, -1.2280611, 4.9399093, -4.6558005, 0.0031871248],
    [4.6839689, -2.1843944, -1.2298821, 4.9639879, -4.683332, 0.0032070913],
    [4.7041577, -2.1862953, -1.2310999, 4.9800905, -4.7017437, 0.0032204439],
    [4.7143465, -2.1872546, -1.2317145, 4.9882171, -4.7110356, 0.0032271827],
    [4.7156927, -2.1873814, -1.2317957, 4.9892908, -4.7122633, 0.003228073]
  ]
}
