{
  "iteration": 24,
  "label": "pick_descend",
  "planning_time_ms": 338.65309,
  "scene": {
    "block_x": 0.28618193,
    "block_y": 0.42423155,
    "bin_x": 0.17126408,
    "bin_y": 0.34080701
  },
  "joint_names": ["shoulder_pan_joint", "shoulder_lift_joint", "elbow_joint", "wrist_1_joint", "wrist_2_joint", "wrist_3_joint"],
  "start_joints": [0.72460116, -0.053682278, -0.5852333, -0.93217315, 4.7121046, -0.84647548],
  "goal_joints": [0.72453846, 0.14041001, -0.76289656, -0.94860219, 4.7121046, -0.84653818],
  "num_waypoints": 10,
  "trajectory": [
    [0.72460116, -0.053682278, -0.5852333, -0.93217315, 4.7121046, -0.84647548],
    [0.72459983, -0.049057598, -0.5902333, -0.93179783, 4.7121046, -0.84647681],
    [0.72459581, -0.035136752, -0.60523308, -0.93071889, 4.7121046, -0.84648083],
    [0.72458878, -0.011393049, -0.630022, -0.92967368, 4.7121046, -0.84648786],
    [0.7245784, 0.022349102, -0.66339315, -0.93004469, 4.7121046, -0.84649825],
    [0.72456523, 0.063133244, -0.70081774, -0.93340424, 4.7121046, -0.84651142],
    [0.7245537, 0.097247052, -0.72964589, -0.9386899, 4.7121046, -0.84652294],
    [0.72454518, 0.12162685, -0.74884463, -0.94387096, 4.7121046, -0.84653147],
    [0.72454004, 0.1360085, -0.75962765, -0.94746959, 4.7121046, -0.8465366],
    [0.72453846, 0.14041001, -0.76289656, -0.94860219, 4.7121046, -0.84653818]
  ]
}
