{
  "iteration": 726,
  "label": "pre_pick",
  "planning_time_ms": 69.93487,
  "scene": {
    "block_x": 0.23781044,
    "block_y": 0.41216077,
    "bin_x": 0.13973782,
    "bin_y": 0.31566597
  },
  "joint_names": ["shoulder_pan_joint", "shoulder_lift_joint", "elbow_joint", "wrist_1_joint", "wrist_2_joint", "wrist_3_joint"],
  "start_joints": [-0.45139933, -1.7007131, -0.92054558, 0.86852836, -3.1921886e-05, -0.00029884816],
  "goal_joints": [0.77466192, 0.10381312, -0.99179307, 5.5999046, -1.5714324, -0.79516877],
  "num_waypoints": 52,
  "trajectory": [
    [-0.45139933, -1.7007131, -0.92054558, 0.86852836, -3.1921886e-05, -0.00029884816],
    [-0.45010366, -1.6988061, -0.92062088, 0.87352836, -0.0016925386, -0.0011388468],
    [-0.44621664, -1.6930851, -0.92084675, 0.88852836, -0.0066743886, -0.0036588427],
    [-0.43973829, -1.6835503, -0.92122322, 0.91352836, -0.014977472, -0.0078588359],
    [-0.43066859, -1.6702014, -0.92175026, 0.94852836, -0.026601789, -0.013738826],
    [-0.41900756, -1.6530386, -0.9224279, 0.99352836, -0.041547339, -0.021298814],
    [-0.40475518, -1.6320618, -0.92325612, 1.0485284, -0.059814122, -0.030538799],
    [-0.38791146, -1.6072711, -0.92423492, 1.1135284, -0.081402139, -0.041458781],
    [-0.36847639, -1.5786665, -0.92536431, 1.1885284, -0.10631139, -0.05405876],
    [-0.34644999, -1.5462478, -0.92664428, 1.2735284, -0.13454187, -0.068338736],
    [-0.32183225, -1.5100153, -0.92807484, 1.3685283, -0.16609359, -0.084298709],
    [-0.29462316, -1.4699687, -0.92965598, 1.4735283, -0.20096653, -0.10193868],
    [-0.26482273, -1.4261082, -0.93138771, 1.5885283, -0.23916072, -0.12125865],
    [-0.23267463, -1.3787924, -0.93325587, 1.712588, -0.28036384, -0.14210064],
    [-0.20011087, -1.3308648, -0.93514817, 1.8382517, -0.32209969, -0.16321211],
    [-0.16754711, -1.2829372, -0.93704048, 1.9639154, -0.36383553, -0.18432358],
    [-0.13498335, -1.2350096, -0.93893279, 2.0895792, -0.40557138, -0.20543505],
    [-0.10241959, -1.1870821, -0.9408251, 2.2152429, -0.44730723, -0.22654652],
    [-0.069855827, -1.1391545, -0.94271741, 2.3409066, -0.48904308, -0.24765798],
    [-0.037292067, -1.0912269, -0.94460972, 2.4665703, -0.53077893, -0.26876945],
    [-0.0047283074, -1.0432993, -0.94650202, 2.592234, -0.57251478, -0.28988092],
    [0.027835452, -0.9953717, -0.94839433, 2.7178977, -0.61425063, -0.31099239],
    [0.060399212, -0.94744412, -0.95028664, 2.8435614, -0.65598648, -0.33210386],
    [0.092962972, -0.89951653, -0.95217895, 2.9692251, -0.69772233, -0.35321533],
    [0.12552673, -0.85158894, -0.95407126, 3.0948888, -0.73945818, -0.37432679],
    [0.15809049, -0.80366136, -0.95596356, 3.2205525, -0.78119403, -0.39543826],
    [0.19065425, -0.75573377, -0.95785587, 3.3462162, -0.82292988, -0.41654973],
    [0.22321801, -0.70780618, -0.95974818, 3.4718799, -0.86466572, -0.4376612],
    [0.25578177, -0.6598786, -0.96164049, 3.5975436, -0.90640157, -0.45877267],
    [0.28834553, -0.61195101, -0.9635328, 3.7232073, -0.94813742, -0.47988414],
    [0.32090929, -0.56402342, -0.96542511, 3.848871, -0.98987327, -0.5009956],
    [0.35347305, -0.51609584, -0.96731741, 3.9745347, -1.0316091, -0.52210707],
    [0.38603681, -0.46816825, -0.96920972, 4.1001985, -1.073345, -0.54321854],
    [0.41860057, -0.42024066, -0.97110203, 4.2258622, -1.1150808, -0.56433001],
    [0.45116433, -0.37231307, -0.97299434, 4.3515259, -1.1568167, -0.58544148],
    [0.48372809, -0.32438549, -0.97488665, 4.4771896, -1.1985525, -0.60655294],
    [0.51629185, -0.2764579, -0.97677896, 4.6028533, -1.2402884, -0.62766441],
    [0.54885561, -0.22853031, -0.97867126, 4.728517, -1.2820242, -0.64877588],
    [0.58126164, -0.18083487, -0.98055441, 4.853572, -1.3235579, -0.66978509],
    [0.61162561, -0.13614496, -0.98231888, 4.9707467, -1.3624744, -0.68947041],
    [0.63939823, -0.095269007, -0.98393277, 5.0779214, -1.3980696, -0.70747573],
    [0.66457951, -0.05820701, -0.98539608, 5.1750961, -1.4303435, -0.72380104],
    [0.68716945, -0.024958969, -0.9867088, 5.2622707, -1.4592963, -0.73844637],
    [0.70716804, 0.0044751153, -0.98787094, 5.3394454, -1.4849278, -0.75141169],
    [0.7245753, 0.030095244, -0.98888249, 5.4066201, -1.5072381, -0.76269702],
    [0.73939121, 0.051901416, -0.98974345, 5.4637948, -1.5262271, -0.77230235],
    [0.75161578, 0.069893632, -0.99045383, 5.5109695, -1.5418949, -0.78022768],
    [0.76124901, 0.084071892, -0.99101363, 5.5481441, -1.5542415, -0.78647302],
    [0.7682909, 0.094436196, -0.99142284, 5.5753188, -1.5632669, -0.79103836],
    [0.77274144, 0.10098654, -0.99168146, 5.5924935, -1.568971, -0.7939237],
    [0.77460065, 0.10372293, -0.9917895, 5.5996682, -1.5713539, -0.79512904],
    [0.77466192, 0.10381312, -0.99179307, 5.5999046, -1.5714324, -0.79516877]
  ]
}
