{
  "iteration": 11,
  "label": "place_retreat",
  "planning_time_ms": 5512.1772,
  "scene": {
    "block_x": 0.21162038,
    "block_y": 0.4195575,
    "bin_x": 0.37331142,
    "bin_y": 0.25150857
  },
  "joint_names": ["shoulder_pan_joint", "shoulder_lift_joint", "elbow_joint", "wrist_1_joint", "wrist_2_joint", "wrist_3_joint"],
  "start_joints": [-2.2551175, -2.2253118, -1.2659573, -1.2205414, -4.7129511, -0.68382349],
  "goal_joints": [-2.2552496, -3.3190886, 1.2117801, -2.6052422, 1.5706944, -0.68360666],
  "num_waypoints": 64,
  "trajectory": [
    [-2.2551175, -2.2253118, -1.2659573, -1.2205414, -4.7129511, -0.68382349],
    [-2.2551176, -2.2261821, -1.2639857, -1.2216433, -4.7079511, -0.68382332],
    [-2.2551179, -2.2287931, -1.258071, -1.2249487, -4.6929511, -0.6838228],
    [-2.2551184, -2.2331448, -1.2482131, -1.2304579, -4.6679511, -0.68382194],
    [-2.2551192, -2.2392372, -1.2344121, -1.2381707, -4.6329511, -0.68382073],
    [-2.2551201, -2.2470702, -1.2166679, -1.2480872, -4.5879511, -0.68381918],
    [-2.2551213, -2.2566439, -1.1949806, -1.2602073, -4.5329511, -0.68381728],
    [-2.2551226, -2.2679583, -1.1693501, -1.2745311, -4.4679511, -0.68381503],
    [-2.2551242, -2.2810133, -1.1397764, -1.2910585, -4.3929511, -0.68381245],
    [-2.255126, -2.295809, -1.1062596, -1.3097896, -4.3079511, -0.68380951],
    [-2.255128, -2.3123454, -1.0687997, -1.3307243, -4.2129511, -0.68380624],
    [-2.2551302, -2.3306225, -1.0273966, -1.3538627, -4.1079511, -0.68380261],
    [-2.2551326, -2.3506402, -0.98205033, -1.3792048, -3.9929511, -0.68379864],
    [-2.2551352, -2.3722349, -0.93313165, -1.4065434, -3.8688913, -0.68379436],
    [-2.2551379, -2.3941089, -0.88358053, -1.4342353, -3.7432276, -0.68379003],
    [-2.2551405, -2.4159828, -0.83402942, -1.4619273, -3.6175639, -0.68378569],
    [-2.2551432, -2.4378568, -0.7844783, -1.4896193, -3.4919002, -0.68378135],
    [-2.2551458, -2.4597307, -0.73492718, -1.5173113, -3.3662365, -0.68377702],
    [-2.2551484, -2.4816046, -0.68537606, -1.5450033, -3.2405728, -0.68377268],
    [-2.2551511, -2.5034786, -0.63582494, -1.5726953, -3.1149091, -0.68376835],
    [-2.2551537, -2.5253525, -0.58627382, -1.6003873, -2.9892454, -0.68376401],
    [-2.2551564, -2.5472264, -0.5367227, -1.6280792, -2.8635817, -0.68375967],
    [-2.255159, -2.5691004, -0.48717159, -1.6557712, -2.737918, -0.68375534],
    [-2.2551616, -2.5909743, -0.43762047, -1.6834632, -2.6122542, -0.683751],
    [-2.2551643, -2.6128482, -0.38806935, -1.7111552, -2.4865905, -0.68374666],
    [-2.2551669, -2.6347222, -0.33851823, -1.7388472, -2.3609268, -0.68374233],
    [-2.2551696, -2.6565961, -0.28896711, -1.7665392, -2.2352631, -0.68373799],
    [-2.2551722, -2.67847, -0.23941599, -1.7942312, -2.1095994, -0.68373366],
    [-2.2551748, -2.700344, -0.18986487, -1.8219232, -1.9839357, -0.68372932],
    [-2.2551775, -2.7222179, -0.14031376, -1.8496151, -1.858272, -0.68372498],
    [-2.2551801, -2.7440918, -0.090762638, -1.8773071, -1.7326083, -0.68372065],
    [-2.2551828, -2.7659658, -0.041211519, -1.9049991, -1.6069446, -0.68371631],
    [-2.2551854, -2.7878397, 0.0083395994, -1.9326911, -1.4812809, -0.68371198],
    [-2.2551881, -2.8097136, 0.057890718, -1.9603831, -1.3556172, -0.68370764],
    [-2.2551907, -2.8315876, 0.10744184, -1.9880751, -1.2299535, -0.6837033],
    [-2.2551933, -2.8534615, 0.15699295, -2.0157671, -1.1042898, -0.68369897],
    [-2.255196, -2.8753355, 0.20654407, -2.0434591, -0.97862607, -0.68369463],
    [-2.2551986, -2.8972094, 0.25609519, -2.071151, -0.85296236, -0.68369029],
    [-2.2552013, -2.9190833, 0.30564631, -2.098843, -0.72729865, -0.68368596],
    [-2.2552039, -2.9409573, 0.35519743, -2.126535, -0.60163495, -0.68368162],
    [-2.2552065, -2.9628312, 0.40474855, -2.154227, -0.47597124, -0.68367729],
    [-2.2552092, -2.9847051, 0.45429967, -2.181919, -0.35030754, -0.68367295],
    [-2.2552118, -3.0065791, 0.50385078, -2.209611, -0.22464383, -0.68366861],
    [-2.2552145, -3.028453, 0.5534019, -2.237303, -0.098980124, -0.68366428],
    [-2.2552171, -3.0503269, 0.60295302, -2.264995, 0.026683582, -0.68365994],
    [-2.2552197, -3.0722009, 0.65250414, -2.2926869, 0.15234729, -0.6836556],
    [-2.2552224, -3.0940748, 0.70205526, -2.3203789, 0.27801099, -0.68365127],
    [-2.255225, -3.1159487, 0.75160638, -2.3480709, 0.4036747, -0.68364693],
    [-2.2552277, -3.1378227, 0.8011575, -2.3757629, 0.52933841, -0.6836426],
    [-2.2552303, -3.1596966, 0.85070861, -2.4034549, 0.65500211, -0.68363826],
    [-2.2552329, -3.1815705, 0.90025973, -2.4311469, 0.78066582, -0.68363392],
    [-2.2552355, -3.2025805, 0.94785369, -2.4577451, 0.90136608, -0.68362976],
    [-2.2552378, -3.2218498, 0.99150452, -2.4821397, 1.0120664, -0.68362594],
    [-2.2552399, -3.2393784, 1.0312122, -2.5043306, 1.1127667, -0.68362246],
    [-2.2552418, -3.2551664, 1.0669767, -2.5243178, 1.2034671, -0.68361933],
    [-2.2552435, -3.2692137, 1.0987981, -2.5421014, 1.2841674, -0.68361655],
    [-2.255245, -3.2815203, 1.1266763, -2.5576814, 1.3548677, -0.68361411],
    [-2.2552463, -3.2920862, 1.1506114, -2.5710576, 1.4155681, -0.68361202],
    [-2.2552474, -3.3009115, 1.1706033, -2.5822303, 1.4662684, -0.68361027],
    [-2.2552482, -3.3079961, 1.1866521, -2.5911992, 1.5069687, -0.68360886],
    [-2.2552489, -3.31334, 1.1987577, -2.5979645, 1.537669, -0.6836078],
    [-2.2552493, -3.3169433, 1.2069201, -2.6025262, 1.5583694, -0.68360709],
    [-2.2552495, -3.3188058, 1.2111394, -2.6048841, 1.5690697, -0.68360672],
    [-2.2552496, -3.3190886, 1.2117801, -2.6052422, 1.5706944, -0.68360666]
  ]
}
