{
  "iteration": 311,
  "label": "pre_pick",
  "planning_time_ms": 77.487989,
  "scene": {
    "block_x": 0.21032041,
    "block_y": 0.40221371,
    "bin_x": 0.30284708,
    "bin_y": 0.29621826
  },
  "joint_names": ["shoulder_pan_joint", "shoulder_lift_joint", "elbow_joint", "wrist_1_joint", "wrist_2_joint", "wrist_3_joint"],
  "start_joints": [-0.45140909, -1.7007584, -0.92019732, 0.86816896, 1.532007e-05, -0.00016849236],
  "goal_joints": [-5.4799819, -0.92304736, 1.1786711, -1.8260842, 4.7129775, -0.7679602],
  "num_waypoints": 88,
  "trajectory": [
    [-0.45140909, -1.7007584, -0.92019732, 0.86816896, 1.532007e-05, -0.00016849236],
    [-0.45640909, -1.6999851, -0.91811038, 0.86549002, 0.0047015028, -0.00093192141],
    [-0.47140909, -1.6976652, -0.91184955, 0.85745318, 0.018760051, -0.0032222086],
    [-0.49640909, -1.6937987, -0.90141484, 0.84405846, 0.042190964, -0.0070393538],
    [-0.53140909, -1.6883857, -0.88680624, 0.82530585, 0.074994243, -0.012383357],
    [-0.57640909, -1.6814261, -0.86802376, 0.80119536, 0.11716989, -0.019254219],
    [-0.63140909, -1.6729198, -0.84506739, 0.77172697, 0.1687179, -0.027651938],
    [-0.69383985, -1.6632644, -0.81900951, 0.73827726, 0.22723029, -0.03718423],
    [-0.7566717, -1.6535469, -0.79278422, 0.70461266, 0.2861186, -0.046777763],
    [-0.81950356, -1.6438295, -0.76655893, 0.67094805, 0.34500691, -0.056371295],
    [-0.88233541, -1.634112, -0.74033364, 0.63728345, 0.40389522, -0.065964827],
    [-0.94516726, -1.6243945, -0.71410834, 0.60361884, 0.46278353, -0.07555836],
    [-1.0079991, -1.614677, -0.68788305, 0.56995423, 0.52167184, -0.085151892],
    [-1.070831, -1.6049596, -0.66165776, 0.53628963, 0.58056014, -0.094745424],
    [-1.1336628, -1.5952421, -0.63543247, 0.50262502, 0.63944845, -0.10433896],
    [-1.1964947, -1.5855246, -0.60920718, 0.46896042, 0.69833676, -0.11393249],
    [-1.2593265, -1.5758071, -0.58298188, 0.43529581, 0.75722507, -0.12352602],
    [-1.3221584, -1.5660897, -0.55675659, 0.40163121, 0.81611338, -0.13311955],
    [-1.3849902, -1.5563722, -0.5305313, 0.3679666, 0.87500169, -0.14271309],
    [-1.4478221, -1.5466547, -0.50430601, 0.334302, 0.93389, -0.15230662],
    [-1.5106539, -1.5369372, -0.47808072, 0.30063739, 0.99277831, -0.16190015],
    [-1.5734858, -1.5272198, -0.45185542, 0.26697278, 1.0516666, -0.17149368],
    [-1.6363176, -1.5175023, -0.42563013, 0.23330818, 1.1105549, -0.18108722],
    [-1.6991495, -1.5077848, -0.39940484, 0.19964357, 1.1694432, -0.19068075],
    [-1.7619814, -1.4980674, -0.37317955, 0.16597897, 1.2283315, -0.20027428],
    [-1.8248132, -1.4883499, -0.34695426, 0.13231436, 1.2872198, -0.20986781],
    [-1.8876451, -1.4786324, -0.32072897, 0.098649757, 1.3461082, -0.21946135],
    [-1.9504769, -1.4689149, -0.29450367, 0.064985152, 1.4049965, -0.22905488],
    [-2.0133088, -1.4591975, -0.26827838, 0.031320546, 1.4638848, -0.23864841],
    [-2.0761406, -1.44948, -0.24205309, -0.0023440596, 1.5227731, -0.24824194],
    [-2.1389725, -1.4397625, -0.2158278, -0.036008665, 1.5816614, -0.25783547],
    [-2.2018043, -1.430045, -0.18960251, -0.069673271, 1.6405497, -0.26742901],
    [-2.2646362, -1.4203276, -0.16337721, -0.10333788, 1.699438, -0.27702254],
    [-2.327468, -1.4106101, -0.13715192, -0.13700248, 1.7583263, -0.28661607],
    [-2.3902999, -1.4008926, -0.11092663, -0.17066709, 1.8172146, -0.2962096],
    [-2.4531317, -1.3911751, -0.084701339, -0.20433169, 1.8761029, -0.30580314],
    [-2.5159636, -1.3814577, -0.058476047, -0.2379963, 1.9349912, -0.31539667],
    [-2.5787954, -1.3717402, -0.032250755, -0.2716609, 1.9938796, -0.3249902],
    [-2.6416273, -1.3620227, -0.006025463, -0.30532551, 2.0527679, -0.33458373],
    [-2.7044591, -1.3523053, 0.020199829, -0.33899012, 2.1116562, -0.34417727],
    [-2.767291, -1.3425878, 0.046425121, -0.37265472, 2.1705445, -0.3537708],
    [-2.8301229, -1.3328703, 0.072650413, -0.40631933, 2.2294328, -0.36336433],
    [-2.8929547, -1.3231528, 0.098875705, -0.43998393, 2.2883211, -0.37295786],
    [-2.9557866, -1.3134354, 0.125101, -0.47364854, 2.3472094, -0.3825514],
    [-3.0186184, -1.3037179, 0.15132629, -0.50731314, 2.4060977, -0.39214493],
    [-3.0814503, -1.2940004, 0.17755158, -0.54097775, 2.464986, -0.40173846],
    [-3.1442821, -1.2842829, 0.20377687, -0.57464235, 2.5238743, -0.41133199],
    [-3.207114, -1.2745655, 0.23000216, -0.60830696, 2.5827626, -0.42092553],
    [-3.2699458, -1.264848, 0.25622746, -0.64197157, 2.6416509, -0.43051906],
    [-3.3327777, -1.2551305, 0.28245275, -0.67563617, 2.7005393, -0.44011259],
    [-3.3956095, -1.245413, 0.30867804, -0.70930078, 2.7594276, -0.44970612],
    [-3.4584414, -1.2356956, 0.33490333, -0.74296538, 2.8183159, -0.45929965],
    [-3.5212732, -1.2259781, 0.36112862, -0.77662999, 2.8772042, -0.46889319],
    [-3.5841051, -1.2162606, 0.38735392, -0.81029459, 2.9360925, -0.47848672],
    [-3.6469369, -1.2065431, 0.41357921, -0.8439592, 2.9949808, -0.48808025],
    [-3.7097688, -1.1968257, 0.4398045, -0.8776238, 3.0538691, -0.49767378],
    [-3.7726007, -1.1871082, 0.46602979, -0.91128841, 3.1127574, -0.50726732],
    [-3.8354325, -1.1773907, 0.49225508, -0.94495301, 3.1716457, -0.51686085],
    [-3.8982644, -1.1676733, 0.51848037, -0.97861762, 3.230534, -0.52645438],
    [-3.9610962, -1.1579558, 0.54470567, -1.0122822, 3.2894223, -0.53604791],
    [-4.0239281, -1.1482383, 0.57093096, -1.0459468, 3.3483107, -0.54564145],
    [-4.0867599, -1.1385208, 0.59715625, -1.0796114, 3.407199, -0.55523498],
    [-4.1495918, -1.1288034, 0.62338154, -1.113276, 3.4660873, -0.56482851],
    [-4.2124236, -1.1190859, 0.64960683, -1.1469406, 3.5249756, -0.57442204],
    [-4.2752555, -1.1093684, 0.67583213, -1.1806053, 3.5838639, -0.58401558],
    [-4.3380873, -1.0996509, 0.70205742, -1.2142699, 3.6427522, -0.59360911],
    [-4.4009192, -1.0899335, 0.72828271, -1.2479345, 3.7016405, -0.60320264],
    [-4.463751, -1.080216, 0.754508, -1.2815991, 3.7605288, -0.61279617],
    [-4.5265829, -1.0704985, 0.78073329, -1.3152637, 3.8194171, -0.6223897],
    [-4.5894147, -1.060781, 0.80695859, -1.3489283, 3.8783054, -0.63198324],
    [-4.6522466, -1.0510636, 0.83318388, -1.3825929, 3.9371937, -0.64157677],
    [-4.7150784, -1.0413461, 0.85940917, -1.4162575, 3.996082, -0.6511703],
    [-4.7779103, -1.0316286, 0.88563446, -1.4499221, 4.0549704, -0.66076383],
    [-4.8407422, -1.0219112, 0.91185975, -1.4835867, 4.1138587, -0.67035737],
    [-4.903574, -1.0121937, 0.93808504, -1.5172513, 4.172747, -0.6799509],
    [-4.9664059, -1.0024762, 0.96431034, -1.5509159, 4.2316353, -0.68954443],
    [-5.0292377, -0.99275873, 0.99053563, -1.5845805, 4.2905236, -0.69913796],
    [-5.0920696, -0.98304126, 1.0167609, -1.6182451, 4.3494119, -0.7087315],
    [-5.1549014, -0.97332378, 1.0429862, -1.6519097, 4.4083002, -0.71832503],
    [-5.2177333, -0.96360631, 1.0692115, -1.6855743, 4.4671885, -0.72791856],
    [-5.2805651, -0.95388884, 1.0954368, -1.7192389, 4.5260768, -0.73751209],
    [-5.338714, -0.94489562, 1.1197075, -1.7503945, 4.5805761, -0.74639061],
    [-5.3868681, -0.93744819, 1.1398064, -1.7761949, 4.6257079, -0.75374305],
    [-5.4250222, -0.93154734, 1.1557315, -1.7966374, 4.6614673, -0.75956864],
    [-5.4531763, -0.92719307, 1.1674827, -1.8117221, 4.6878543, -0.76386737],
    [-5.4713304, -0.92438539, 1.17506, -1.8214488, 4.704869, -0.76663924],
    [-5.4794845, -0.92312429, 1.1784634, -1.8258177, 4.7125113, -0.76788426],
    [-5.4799819, -0.92304736, 1.1786711, -1.8260842, 4.7129775, -0.7679602]
  ]
}
