{
  "iteration": 189,
  "label": "pre_pick",
  "planning_time_ms": 41.334655,
  "scene": {
    "block_x": 0.14298157,
    "block_y": 0.45183256,
    "bin_x": 0.32305744,
    "bin_y": 0.28812607
  },
  "joint_names": ["shoulder_pan_joint", "shoulder_lift_joint", "elbow_joint", "wrist_1_joint", "wrist_2_joint", "wrist_3_joint"],
  "start_joints": [-0.45140878, -1.7007098, -0.92062127, 0.86865539, -5.7020839e-05, -0.00029430975],
  "goal_joints": [-1.5976808, -2.3113876, -1.0163211, 4.8977613, 1.5716352, -0.027743096],
  "num_waypoints": 46,
  "trajectory": [
    [-0.45140878, -1.7007098, -0.92062127, 0.86865539, -5.7020839e-05, -0.00029430975],
    [-0.45283127, -1.7014676, -0.92074003, 0.87365539, 0.0018934022, -0.00032837287],
    [-0.45709874, -1.7037411, -0.92109631, 0.88865539, 0.0077446715, -0.00043056224],
    [-0.46421119, -1.7075303, -0.92169012, 0.91365539, 0.017496787, -0.00060087785],
    [-0.47416861, -1.7128351, -0.92252144, 0.94865539, 0.031149748, -0.00083931971],
    [-0.48697101, -1.7196556, -0.92359029, 0.99365539, 0.048703556, -0.0011458878],
    [-0.5026184, -1.7279918, -0.92489665, 1.0486554, 0.07015821, -0.0015205822],
    [-0.52111076, -1.7378436, -0.92644054, 1.1136554, 0.09551371, -0.0019634028],
    [-0.5424481, -1.7492111, -0.92822195, 1.1886554, 0.12477006, -0.0024743496],
    [-0.56663041, -1.7620943, -0.93024088, 1.2736554, 0.15792724, -0.0030534226],
    [-0.59365771, -1.7764931, -0.93249733, 1.3686554, 0.19498528, -0.0037006219],
    [-0.62352998, -1.7924076, -0.9349913, 1.4736553, 0.23594416, -0.0044159473],
    [-0.65624723, -1.8098377, -0.9377228, 1.5886553, 0.28080388, -0.005199399],
    [-0.69154195, -1.828641, -0.94066948, 1.712715, 0.32919767, -0.0060445713],
    [-0.72729301, -1.8476875, -0.94365426, 1.8383787, 0.37821714, -0.006900671],
    [-0.76304407, -1.8667339, -0.94663904, 1.9640425, 0.42723662, -0.0077567706],
    [-0.79879512, -1.8857803, -0.94962382, 2.0897062, 0.4762561, -0.0086128703],
    [-0.83454618, -1.9048267, -0.9526086, 2.2153699, 0.52527558, -0.0094689699],
    [-0.87029724, -1.9238731, -0.95559338, 2.3410336, 0.57429506, -0.01032507],
    [-0.90604829, -1.9429196, -0.95857816, 2.4666973, 0.62331454, -0.011181169],
    [-0.94179935, -1.961966, -0.96156294, 2.592361, 0.67233402, -0.012037269],
    [-0.97755041, -1.9810124, -0.96454772, 2.7180247, 0.72135349, -0.012893369],
    [-1.0133015, -2.0000588, -0.96753249, 2.8436884, 0.77037297, -0.013749468],
    [-1.0490525, -2.0191052, -0.97051727, 2.9693521, 0.81939245, -0.014605568],
    [-1.0848036, -2.0381516, -0.97350205, 3.0950158, 0.86841193, -0.015461668],
    [-1.1205546, -2.0571981, -0.97648683, 3.2206795, 0.91743141, -0.016317767],
    [-1.1563057, -2.0762445, -0.97947161, 3.3463432, 0.96645089, -0.017173867],
    [-1.1920567, -2.0952909, -0.98245639, 3.4720069, 1.0154704, -0.018029966],
    [-1.2278078, -2.1143373, -0.98544117, 3.5976706, 1.0644898, -0.018886066],
    [-1.2635589, -2.1333837, -0.98842595, 3.7233343, 1.1135093, -0.019742166],
    [-1.2993099, -2.1524302, -0.99141073, 3.848998, 1.1625288, -0.020598265],
    [-1.335061, -2.1714766, -0.99439551, 3.9746618, 1.2115483, -0.021454365],
    [-1.370812, -2.190523, -0.99738029, 4.1003255, 1.2605678, -0.022310465],
    [-1.4053131, -2.2089035, -1.0002607, 4.2215956, 1.3078734, -0.023136633],
    [-1.4369748, -2.2257713, -1.0029041, 4.3328854, 1.3512858, -0.023894809],
    [-1.4657916, -2.2411235, -1.0053099, 4.4341752, 1.3907974, -0.024584858],
    [-1.4917633, -2.2549599, -1.0074783, 4.525465, 1.4264082, -0.025206781],
    [-1.5148901, -2.2672808, -1.0094091, 4.6067548, 1.458118, -0.025760578],
    [-1.5351719, -2.2780859, -1.0111023, 4.6780446, 1.4859271, -0.026246248],
    [-1.5526087, -2.2873754, -1.0125581, 4.7393344, 1.5098353, -0.026663792],
    [-1.5672005, -2.2951492, -1.0137763, 4.7906241, 1.5298427, -0.027013211],
    [-1.5789474, -2.3014074, -1.0147571, 4.8319139, 1.5459492, -0.027294502],
    [-1.5878493, -2.3061498, -1.0155003, 4.8632037, 1.5581548, -0.027507668],
    [-1.5939062, -2.3093767, -1.0160059, 4.8844935, 1.5664596, -0.027652707],
    [-1.5971181, -2.3110878, -1.0162741, 4.8957833, 1.5708636, -0.02772962],
    [-1.5976808, -2.3113876, -1.0163211, 4.8977613, 1.5716352, -0.027743096]
  ]
}
