{
  "iteration": 579,
  "label": "pre_pick",
  "planning_time_ms": 50.994961,
  "scene": {
    "block_x": 0.36120531,
    "block_y": 0.38404719,
    "bin_x": 0.17884748,
    "bin_y": 0.31215156
  },
  "joint_names": ["shoulder_pan_joint", "shoulder_lift_joint", "elbow_joint", "wrist_1_joint", "wrist_2_joint", "wrist_3_joint"],
  "start_joints": [-0.45121144, -1.7009501, -0.91998919, 0.86798697, -9.4880844e-05, -9.3156419e-05],
  "goal_joints": [-5.7133776, -0.44243007, 0.27283047, 4.8829116, -1.5705742, -0.9999967],
  "num_waypoints": 92,
  "trajectory": [
    [-0.45121144, -1.7009501, -0.91998919, 0.86798697, -9.4880844e-05, -9.3156419e-05],
    [-0.45621144, -1.6997543, -0.9188558, 0.87180187, -0.0015871173, -0.0010432438],
    [-0.47121144, -1.6961668, -0.91545562, 0.88324656, -0.0060638268, -0.003893506],
    [-0.49621144, -1.6901877, -0.90978866, 0.90232105, -0.013525009, -0.0086439429],
    [-0.53121144, -1.681817, -0.90185491, 0.92902533, -0.023970665, -0.015294555],
    [-0.57621144, -1.6710546, -0.89165438, 0.9633594, -0.037400793, -0.023845341],
    [-0.63121144, -1.6579006, -0.87918707, 1.0053233, -0.053815395, -0.034296302],
    [-0.69364222, -1.6429694, -0.86503536, 1.0529567, -0.072447691, -0.046159241],
    [-0.75647407, -1.6279423, -0.85079273, 1.1008961, -0.091199688, -0.058098391],
    [-0.81930592, -1.6129152, -0.8365501, 1.1488355, -0.10995168, -0.070037541],
    [-0.88213778, -1.5978881, -0.82230748, 1.1967749, -0.12870368, -0.081976691],
    [-0.94496963, -1.582861, -0.80806485, 1.2447143, -0.14745568, -0.093915842],
    [-1.0078015, -1.5678339, -0.79382222, 1.2926537, -0.16620768, -0.10585499],
    [-1.0706333, -1.5528068, -0.7795796, 1.3405931, -0.18495967, -0.11779414],
    [-1.1334652, -1.5377797, -0.76533697, 1.3885325, -0.20371167, -0.12973329],
    [-1.196297, -1.5227525, -0.75109434, 1.436472, -0.22246367, -0.14167244],
    [-1.2591289, -1.5077254, -0.73685172, 1.4844114, -0.24121566, -0.15361159],
    [-1.3219607, -1.4926983, -0.72260909, 1.5323508, -0.25996766, -0.16555074],
    [-1.3847926, -1.4776712, -0.70836646, 1.5802902, -0.27871966, -0.17748989],
    [-1.4476245, -1.4626441, -0.69412383, 1.6282296, -0.29747165, -0.18942904],
    [-1.5104563, -1.447617, -0.67988121, 1.676169, -0.31622365, -0.20136819],
    [-1.5732882, -1.4325899, -0.66563858, 1.7241084, -0.33497565, -0.21330734],
    [-1.63612, -1.4175628, -0.65139595, 1.7720478, -0.35372764, -0.22524649],
    [-1.6989519, -1.4025357, -0.63715333, 1.8199873, -0.37247964, -0.23718564],
    [-1.7617837, -1.3875086, -0.6229107, 1.8679267, -0.39123164, -0.24912479],
    [-1.8246156, -1.3724815, -0.60866807, 1.9158661, -0.40998363, -0.26106394],
    [-1.8874474, -1.3574543, -0.59442545, 1.9638055, -0.42873563, -0.27300309],
    [-1.9502793, -1.3424272, -0.58018282, 2.0117449, -0.44748763, -0.28494225],
    [-2.0131111, -1.3274001, -0.56594019, 2.0596843, -0.46623962, -0.2968814],
    [-2.075943, -1.312373, -0.55169757, 2.1076237, -0.48499162, -0.30882055],
    [-2.1387748, -1.2973459, -0.53745494, 2.1555631, -0.50374362, -0.3207597],
    [-2.2016067, -1.2823188, -0.52321231, 2.2035025, -0.52249562, -0.33269885],
    [-2.2644385, -1.2672917, -0.50896969, 2.251442, -0.54124761, -0.344638],
    [-2.3272704, -1.2522646, -0.49472706, 2.2993814, -0.55999961, -0.35657715],
    [-2.3901023, -1.2372375, -0.48048443, 2.3473208, -0.57875161, -0.3685163],
    [-2.4529341, -1.2222104, -0.4662418, 2.3952602, -0.5975036, -0.38045545],
    [-2.515766, -1.2071833, -0.45199918, 2.4431996, -0.6162556, -0.3923946],
    [-2.5785978, -1.1921561, -0.43775655, 2.491139, -0.6350076, -0.40433375],
    [-2.6414297, -1.177129, -0.42351392, 2.5390784, -0.65375959, -0.4162729],
    [-2.7042615, -1.1621019, -0.4092713, 2.5870178, -0.67251159, -0.42821205],
    [-2.7670934, -1.1470748, -0.39502867, 2.6349573, -0.69126359, -0.4401512],
    [-2.8299252, -1.1320477, -0.38078604, 2.6828967, -0.71001558, -0.45209035],
    [-2.8927571, -1.1170206, -0.36654342, 2.7308361, -0.72876758, -0.4640295],
    [-2.9555889, -1.1019935, -0.35230079, 2.7787755, -0.74751958, -0.47596865],
    [-3.0184208, -1.0869664, -0.33805816, 2.8267149, -0.76627157, -0.4879078],
    [-3.0812526, -1.0719393, -0.32381554, 2.8746543, -0.78502357, -0.49984695],
    [-3.1440845, -1.0569122, -0.30957291, 2.9225937, -0.80377557, -0.5117861],
    [-3.2069163, -1.041885, -0.29533028, 2.9705331, -0.82252757, -0.52372525],
    [-3.2697482, -1.0268579, -0.28108766, 3.0184725, -0.84127956, -0.5356644],
    [-3.33258, -1.0118308, -0.26684503, 3.066412, -0.86003156, -0.54760355],
    [-3.3954119, -0.99680372, -0.2526024, 3.1143514, -0.87878356, -0.5595427],
    [-3.4582438, -0.98177661, -0.23835977, 3.1622908, -0.89753555, -0.57148185],
    [-3.5210756, -0.9667495, -0.22411715, 3.2102302, -0.91628755, -0.583421],
    [-3.5839075, -0.95172239, -0.20987452, 3.2581696, -0.93503955, -0.59536015],
    [-3.6467393, -0.93669528, -0.19563189, 3.306109, -0.95379154, -0.6072993],
    [-3.7095712, -0.92166818, -0.18138927, 3.3540484, -0.97254354, -0.61923845],
    [-3.772403, -0.90664107, -0.16714664, 3.4019878, -0.99129554, -0.6311776],
    [-3.8352349, -0.89161396, -0.15290401, 3.4499273, -1.0100475, -0.64311675],
    [-3.8980667, -0.87658685, -0.13866139, 3.4978667, -1.0287995, -0.6550559],
    [-3.9608986, -0.86155974, -0.12441876, 3.5458061, -1.0475515, -0.66699505],
    [-4.0237304, -0.84653263, -0.11017613, 3.5937455, -1.0663035, -0.6789342],
    [-4.0865623, -0.83150552, -0.095933506, 3.6416849, -1.0850555, -0.69087335],
    [-4.1493941, -0.81647841, -0.081690879, 3.6896243, -1.1038075, -0.7028125],
    [-4.212226, -0.8014513, -0.067448252, 3.7375637, -1.1225595, -0.71475165],
    [-4.2750578, -0.78642419, -0.053205625, 3.7855031, -1.1413115, -0.7266908],
    [-4.3378897, -0.77139708, -0.038962998, 3.8334425, -1.1600635, -0.73862995],
    [-4.4007215, -0.75636997, -0.024720371, 3.881382, -1.1788155, -0.7505691],
    [-4.4635534, -0.74134287, -0.010477744, 3.9293214, -1.1975675, -0.76250825],
    [-4.5263853, -0.72631576, 0.0037648827, 3.9772608, -1.2163195, -0.7744474],
    [-4.5892171, -0.71128865, 0.01800751, 4.0252002, -1.2350715, -0.78638655],
    [-4.652049, -0.69626154, 0.032250137, 4.0731396, -1.2538235, -0.7983257],
    [-4.7148808, -0.68123443, 0.046492763, 4.121079, -1.2725755, -0.81026485],
    [-4.7777127, -0.66620732, 0.06073539, 4.1690184, -1.2913275, -0.822204],
    [-4.8405445, -0.65118021, 0.074978017, 4.2169578, -1.3100795, -0.83414315],
    [-4.9033764, -0.6361531, 0.089220644, 4.2648973, -1.3288315, -0.84608231],
    [-4.9662082, -0.62112599, 0.10346327, 4.3128367, -1.3475835, -0.85802146],
    [-5.0290401, -0.60609888, 0.1177059, 4.3607761, -1.3663355, -0.86996061],
    [-5.0918719, -0.59107177, 0.13194852, 4.4087155, -1.3850875, -0.88189976],
    [-5.1547038, -0.57604466, 0.14619115, 4.4566549, -1.4038395, -0.89383891],
    [-5.2175356, -0.56101756, 0.16043378, 4.5045943, -1.4225915, -0.90577806],
    [-5.2803675, -0.54599045, 0.17467641, 4.5525337, -1.4413435, -0.91771721],
    [-5.3431993, -0.53096334, 0.18891903, 4.6004731, -1.4600955, -0.92965636],
    [-5.4060312, -0.51593623, 0.20316166, 4.6484125, -1.4788475, -0.94159551],
    [-5.4688631, -0.50090912, 0.21740429, 4.696352, -1.4975995, -0.95353466],
    [-5.5313823, -0.48595676, 0.23157606, 4.7440529, -1.5162582, -0.96541442],
    [-5.586714, -0.47272343, 0.24411855, 4.7862698, -1.5327717, -0.97592839],
    [-5.6320456, -0.46188175, 0.25439425, 4.8208569, -1.5463008, -0.98454219],
    [-5.6673772, -0.4534317, 0.26240317, 4.8478142, -1.5568455, -0.99125582],
    [-5.6927089, -0.44737329, 0.26814531, 4.8671417, -1.5644056, -0.99606927],
    [-5.7080405, -0.44370651, 0.27162066, 4.8788394, -1.5689813, -0.99898255],
    [-5.7133721, -0.44243138, 0.27282922, 4.8829074, -1.5705725, -0.99999565],
    [-5.7133776, -0.44243007, 0.27283047, 4.8829116, -1.5705742, -0.9999967]
  ]
}
