{
  "iteration": 556,
  "label": "pre_pick",
  "planning_time_ms": 5014.5918,
  "scene": {
    "block_x": 0.2771966,
    "block_y": 0.41762676,
    "bin_x": 0.31490252,
    "bin_y": 0.30075795
  },
  "joint_names": ["shoulder_pan_joint", "shoulder_lift_joint", "elbow_joint", "wrist_1_joint", "wrist_2_joint", "wrist_3_joint"],
  "start_joints": [-0.45130665, -1.7008047, -0.91999725, 0.86781809, -5.5224251e-05, 5.9750204e-05],
  "goal_joints": [-5.5603168, -0.68510202, 0.75043463, -1.6362924, 4.7114722, -0.84715078],
  "num_waypoints": 89,
  "trajectory": [
    [-0.45130665, -1.7008047, -0.91999725, 0.86781809, -5.5224251e-05, 5.9750204e-05],
    [-0.45630665, -1.6998107, -0.91836246, 0.86536741, 0.004555774, -0.00076938353],
    [-0.47130665, -1.6968286, -0.91345809, 0.85801537, 0.018388769, -0.0032567847],
    [-0.49630665, -1.6918585, -0.90528414, 0.84576197, 0.04144376, -0.0074024534],
    [-0.53130665, -1.6849002, -0.8938406, 0.8286072, 0.073720748, -0.01320639],
    [-0.57630665, -1.675954, -0.87912749, 0.80655108, 0.11521973, -0.020668593],
    [-0.63130665, -1.6650196, -0.8611448, 0.77959359, 0.16594071, -0.029789064],
    [-0.69373741, -1.652608, -0.84073256, 0.74899402, 0.22351434, -0.040141754],
    [-0.75656926, -1.6401166, -0.82018918, 0.71819786, 0.28145785, -0.050560956],
    [-0.81940111, -1.6276253, -0.79964581, 0.68740169, 0.33940137, -0.060980158],
    [-0.88223297, -1.6151339, -0.77910243, 0.65660553, 0.39734488, -0.071399359],
    [-0.94506482, -1.6026426, -0.75855905, 0.62580937, 0.45528839, -0.081818561],
    [-1.0078967, -1.5901512, -0.73801567, 0.59501321, 0.51323191, -0.092237763],
    [-1.0707285, -1.5776599, -0.71747229, 0.56421705, 0.57117542, -0.10265696],
    [-1.1335604, -1.5651685, -0.69692891, 0.53342089, 0.62911893, -0.11307617],
    [-1.1963922, -1.5526771, -0.67638553, 0.50262472, 0.68706245, -0.12349537],
    [-1.2592241, -1.5401858, -0.65584216, 0.47182856, 0.74500596, -0.13391457],
    [-1.3220559, -1.5276944, -0.63529878, 0.4410324, 0.80294947, -0.14433377],
    [-1.3848878, -1.5152031, -0.6147554, 0.41023624, 0.86089299, -0.15475297],
    [-1.4477196, -1.5027117, -0.59421202, 0.37944008, 0.9188365, -0.16517218],
    [-1.5105515, -1.4902203, -0.57366864, 0.34864392, 0.97678001, -0.17559138],
    [-1.5733833, -1.477729, -0.55312526, 0.31784775, 1.0347235, -0.18601058],
    [-1.6362152, -1.4652376, -0.53258188, 0.28705159, 1.092667, -0.19642978],
    [-1.6990471, -1.4527463, -0.5120385, 0.25625543, 1.1506106, -0.20684898],
    [-1.7618789, -1.4402549, -0.49149513, 0.22545927, 1.2085541, -0.21726818],
    [-1.8247108, -1.4277635, -0.47095175, 0.19466311, 1.2664976, -0.22768739],
    [-1.8875426, -1.4152722, -0.45040837, 0.16386695, 1.3244411, -0.23810659],
    [-1.9503745, -1.4027808, -0.42986499, 0.13307079, 1.3823846, -0.24852579],
    [-2.0132063, -1.3902895, -0.40932161, 0.10227462, 1.4403281, -0.25894499],
    [-2.0760382, -1.3777981, -0.38877823, 0.071478462, 1.4982716, -0.26936419],
    [-2.13887, -1.3653067, -0.36823485, 0.040682301, 1.5562151, -0.27978339],
    [-2.2017019, -1.3528154, -0.34769148, 0.0098861391, 1.6141587, -0.2902026],
    [-2.2645337, -1.340324, -0.3271481, -0.020910023, 1.6721022, -0.3006218],
    [-2.3273656, -1.3278327, -0.30660472, -0.051706184, 1.7300457, -0.311041],
    [-2.3901974, -1.3153413, -0.28606134, -0.082502346, 1.7879892, -0.3214602],
    [-2.4530293, -1.3028499, -0.26551796, -0.11329851, 1.8459327, -0.3318794],
    [-2.5158611, -1.2903586, -0.24497458, -0.14409467, 1.9038762, -0.34229861],
    [-2.578693, -1.2778672, -0.2244312, -0.17489083, 1.9618197, -0.35271781],
    [-2.6415249, -1.2653759, -0.20388782, -0.20568699, 2.0197633, -0.36313701],
    [-2.7043567, -1.2528845, -0.18334445, -0.23648315, 2.0777068, -0.37355621],
    [-2.7671886, -1.2403931, -0.16280107, -0.26727932, 2.1356503, -0.38397541],
    [-2.8300204, -1.2279018, -0.14225769, -0.29807548, 2.1935938, -0.39439461],
    [-2.8928523, -1.2154104, -0.12171431, -0.32887164, 2.2515373, -0.40481382],
    [-2.9556841, -1.2029191, -0.10117093, -0.3596678, 2.3094808, -0.41523302],
    [-3.018516, -1.1904277, -0.080627553, -0.39046396, 2.3674243, -0.42565222],
    [-3.0813478, -1.1779363, -0.060084174, -0.42126012, 2.4253678, -0.43607142],
    [-3.1441797, -1.165445, -0.039540796, -0.45205628, 2.4833114, -0.44649062],
    [-3.2070115, -1.1529536, -0.018997417, -0.48285245, 2.5412549, -0.45690982],
    [-3.2698434, -1.1404623, 0.0015459616, -0.51364861, 2.5991984, -0.46732903],
    [-3.3326752, -1.1279709, 0.02208934, -0.54444477, 2.6571419, -0.47774823],
    [-3.3955071, -1.1154795, 0.042632719, -0.57524093, 2.7150854, -0.48816743],
    [-3.4583389, -1.1029882, 0.063176098, -0.60603709, 2.7730289, -0.49858663],
    [-3.5211708, -1.0904968, 0.083719476, -0.63683325, 2.8309724, -0.50900583],
    [-3.5840026, -1.0780055, 0.10426285, -0.66762942, 2.888916, -0.51942504],
    [-3.6468345, -1.0655141, 0.12480623, -0.69842558, 2.9468595, -0.52984424],
    [-3.7096664, -1.0530227, 0.14534961, -0.72922174, 3.004803, -0.54026344],
    [-3.7724982, -1.0405314, 0.16589299, -0.7600179, 3.0627465, -0.55068264],
    [-3.8353301, -1.02804, 0.18643637, -0.79081406, 3.12069, -0.56110184],
    [-3.8981619, -1.0155487, 0.20697975, -0.82161022, 3.1786335, -0.57152104],
    [-3.9609938, -1.0030573, 0.22752313, -0.85240639, 3.236577, -0.58194025],
    [-4.0238256, -0.99056594, 0.24806651, -0.88320255, 3.2945205, -0.59235945],
    [-4.0866575, -0.97807458, 0.26860988, -0.91399871, 3.3524641, -0.60277865],
    [-4.1494893, -0.96558322, 0.28915326, -0.94479487, 3.4104076, -0.61319785],
    [-4.2123212, -0.95309186, 0.30969664, -0.97559103, 3.4683511, -0.62361705],
    [-4.275153, -0.9406005, 0.33024002, -1.0063872, 3.5262946, -0.63403625],
    [-4.3379849, -0.92810914, 0.3507834, -1.0371834, 3.5842381, -0.64445546],
    [-4.4008167, -0.91561778, 0.37132678, -1.0679795, 3.6421816, -0.65487466],
    [-4.4636486, -0.90312642, 0.39187016, -1.0987757, 3.7001251, -0.66529386],
    [-4.5264804, -0.89063506, 0.41241353, -1.1295718, 3.7580687, -0.67571306],
    [-4.5893123, -0.8781437, 0.43295691, -1.160368, 3.8160122, -0.68613226],
    [-4.6521442, -0.86565234, 0.45350029, -1.1911642, 3.8739557, -0.69655146],
    [-4.714976, -0.85316098, 0.47404367, -1.2219603, 3.9318992, -0.70697067],
    [-4.7778079, -0.84066962, 0.49458705, -1.2527565, 3.9898427, -0.71738987],
    [-4.8406397, -0.82817826, 0.51513043, -1.2835526, 4.0477862, -0.72780907],
    [-4.9034716, -0.8156869, 0.53567381, -1.3143488, 4.1057297, -0.73822827],
    [-4.9663034, -0.80319554, 0.55621719, -1.345145, 4.1636732, -0.74864747],
    [-5.0291353, -0.79070418, 0.57676056, -1.3759411, 4.2216168, -0.75906668],
    [-5.0919671, -0.77821282, 0.59730394, -1.4067373, 4.2795603, -0.76948588],
    [-5.154799, -0.76572146, 0.61784732, -1.4375335, 4.3375038, -0.77990508],
    [-5.2176308, -0.7532301, 0.6383907, -1.4683296, 4.3954473, -0.79032428],
    [-5.2804627, -0.74073874, 0.65893408, -1.4991258, 4.4533908, -0.80074348],
    [-5.3432945, -0.72824738, 0.67947746, -1.5299219, 4.5113343, -0.81116268],
    [-5.4037626, -0.71622596, 0.69924797, -1.5595595, 4.5670979, -0.8211899],
    [-5.4547187, -0.70609558, 0.71590848, -1.5845349, 4.6140896, -0.82963979],
    [-5.4956748, -0.69795325, 0.7292994, -1.604609, 4.6518593, -0.8364314],
    [-5.5266309, -0.69179899, 0.73942074, -1.6197817, 4.680407, -0.84156475],
    [-5.547587, -0.68763279, 0.74627251, -1.630053, 4.6997327, -0.84503983],
    [-5.5585431, -0.68545465, 0.74985469, -1.635423, 4.7098364, -0.84685665],
    [-5.5603168, -0.68510202, 0.75043463, -1.6362924, 4.7114722, -0.84715078]
  ]
}
