{
  "iteration": 705,
  "label": "pre_pick",
  "planning_time_ms": 72.926398,
  "scene": {
    "block_x": 0.13541391,
    "block_y": 0.4420015,
    "bin_x": 0.41246862,
    "bin_y": 0.29963663
  },
  "joint_names": ["shoulder_pan_joint", "shoulder_lift_joint", "elbow_joint", "wrist_1_joint", "wrist_2_joint", "wrist_3_joint"],
  "start_joints": [-0.45127047, -1.7007752, -0.92027851, 0.86839939, 9.0339965e-05, -0.00017447532],
  "goal_joints": [-1.5778439, -3.2876873, 1.1141037, 3.7449458, 1.5708065, -0.0069050236],
  "num_waypoints": 43,
  "trajectory": [
    [-0.45127047, -1.7007752, -0.92027851, 0.86839939, 9.0339965e-05, -0.00017447532],
    [-0.45322868, -1.7035336, -0.91674235, 0.87339939, 0.0028205517, -0.00018617433],
    [-0.45910329, -1.7118086, -0.90613389, 0.88839939, 0.011011187, -0.00022127135],
    [-0.46889431, -1.7256005, -0.88845312, 0.91339939, 0.024662245, -0.0002797664],
    [-0.48260175, -1.744909, -0.86370004, 0.94839939, 0.043773727, -0.00036165946],
    [-0.50022559, -1.7697343, -0.83187466, 0.99339939, 0.068345632, -0.00046695053],
    [-0.52176584, -1.8000763, -0.79297696, 1.0483994, 0.098377961, -0.00059563963],
    [-0.5472225, -1.835935, -0.74700697, 1.1133994, 0.13387071, -0.00074772671],
    [-0.57659557, -1.8773104, -0.69396467, 1.1883994, 0.17482387, -0.0009232118],
    [-0.60985874, -1.9241655, -0.63389756, 1.2733322, 0.22120079, -0.0011219378],
    [-0.64465294, -1.9731773, -0.57106571, 1.3621743, 0.26971232, -0.0013298106],
    [-0.67944713, -2.022189, -0.50823386, 1.4510163, 0.31822386, -0.0015376834],
    [-0.71424133, -2.0712008, -0.44540201, 1.5398584, 0.3667354, -0.0017455563],
    [-0.74903553, -2.1202125, -0.38257015, 1.6287005, 0.41524693, -0.0019534291],
    [-0.78382972, -2.1692243, -0.3197383, 1.7175426, 0.46375847, -0.002161302],
    [-0.81862392, -2.218236, -0.25690645, 1.8063846, 0.51227, -0.0023691748],
    [-0.85341812, -2.2672478, -0.19407459, 1.8952267, 0.56078154, -0.0025770477],
    [-0.88821231, -2.3162595, -0.13124274, 1.9840688, 0.60929307, -0.0027849205],
    [-0.92300651, -2.3652713, -0.068410887, 2.0729109, 0.65780461, -0.0029927934],
    [-0.95780071, -2.414283, -0.0055790335, 2.161753, 0.70631614, -0.0032006662],
    [-0.9925949, -2.4632948, 0.05725282, 2.250595, 0.75482768, -0.003408539],
    [-1.0273891, -2.5123065, 0.12008467, 2.3394371, 0.80333921, -0.0036164119],
    [-1.0621833, -2.5613182, 0.18291653, 2.4282792, 0.85185075, -0.0038242847],
    [-1.0969775, -2.61033, 0.24574838, 2.5171213, 0.90036229, -0.0040321576],
    [-1.1317717, -2.6593417, 0.30858023, 2.6059633, 0.94887382, -0.0042400304],
    [-1.1665659, -2.7083535, 0.37141208, 2.6948054, 0.99738536, -0.0044479033],
    [-1.2013601, -2.7573652, 0.43424394, 2.7836475, 1.0458969, -0.0046557761],
    [-1.2361543, -2.806377, 0.49707579, 2.8724896, 1.0944084, -0.0048636489],
    [-1.2709485, -2.8553887, 0.55990764, 2.9613316, 1.14292, -0.0050715218],
    [-1.3057427, -2.9044005, 0.6227395, 3.0501737, 1.1914315, -0.0052793946],
    [-1.3405369, -2.9534122, 0.68557135, 3.1390158, 1.239943, -0.0054872675],
    [-1.3753311, -3.002424, 0.7484032, 3.2278579, 1.2884546, -0.0056951403],
    [-1.4101253, -3.0514357, 0.81123506, 3.3167, 1.3369661, -0.0059030132],
    [-1.4441624, -3.099381, 0.87269971, 3.4036089, 1.384422, -0.0061063628],
    [-1.4745631, -3.1422041, 0.92759786, 3.4812329, 1.4268081, -0.0062879877],
    [-1.5010475, -3.1795104, 0.97542369, 3.548857, 1.4637337, -0.0064462147],
    [-1.5236154, -3.2113001, 1.0161772, 3.6064811, 1.4951989, -0.0065810436],
    [-1.542267, -3.237573, 1.0498584, 3.6541052, 1.5212037, -0.0066924745],
    [-1.5570021, -3.2583291, 1.0764674, 3.6917293, 1.541748, -0.0067805074],
    [-1.5678208, -3.2735686, 1.096004, 3.7193534, 1.5568319, -0.0068451423],
    [-1.5747232, -3.2832913, 1.1084683, 3.7369775, 1.5664554, -0.0068863792],
    [-1.5777091, -3.2874973, 1.1138602, 3.7446015, 1.5706185, -0.006904218],
    [-1.5778439, -3.2876873, 1.1141037, 3.7449458, 1.5708065, -0.0069050236]
  ]
}
