{
  "iteration": 111,
  "label": "pre_pick",
  "planning_time_ms": 46.779288,
  "scene": {
    "block_x": 0.16454908,
    "block_y": 0.48980745,
    "bin_x": 0.37375072,
    "bin_y": 0.3057474
  },
  "joint_names": ["shoulder_pan_joint", "shoulder_lift_joint", "elbow_joint", "wrist_1_joint", "wrist_2_joint", "wrist_3_joint"],
  "start_joints": [-0.45126946, -1.7008849, -0.92045846, 0.86847669, -9.6468005e-05, -0.00035336321],
  "goal_joints": [-5.2858241, -0.087451121, -0.50535375, 5.3059597, -1.5704095, -0.57428739],
  "num_waypoints": 85,
  "trajectory": [
    [-0.45126946, -1.7008849, -0.92045846, 0.86847669, -9.6468005e-05, -0.00035336321],
    [-0.45626946, -1.6992163, -0.92002915, 0.87306603, -0.0017205194, -0.00094693807],
    [-0.47126946, -1.6942103, -0.91874122, 0.88683405, -0.0065926737, -0.0027276627],
    [-0.49626946, -1.6858671, -0.91659467, 0.90978075, -0.014712931, -0.005695537],
    [-0.53126946, -1.6741866, -0.9135895, 0.94190613, -0.026081291, -0.009850561],
    [-0.57626946, -1.6591687, -0.90972571, 0.98321019, -0.040697754, -0.015192735],
    [-0.63126946, -1.6408136, -0.90500329, 1.0336929, -0.058562319, -0.021722058],
    [-0.69370023, -1.6199786, -0.89964286, 1.0909961, -0.078840477, -0.029133526],
    [-0.75653208, -1.5990098, -0.89424799, 1.1486675, -0.099248909, -0.036592608],
    [-0.81936394, -1.5780409, -0.88885312, 1.2063388, -0.11965734, -0.044051689],
    [-0.88219579, -1.5570721, -0.88345825, 1.2640102, -0.14006577, -0.051510771],
    [-0.94502764, -1.5361032, -0.87806338, 1.3216815, -0.16047421, -0.058969853],
    [-1.0078595, -1.5151344, -0.87266851, 1.3793529, -0.18088264, -0.066428935],
    [-1.0706914, -1.4941655, -0.86727364, 1.4370242, -0.20129107, -0.073888016],
    [-1.1335232, -1.4731967, -0.86187876, 1.4946956, -0.2216995, -0.081347098],
    [-1.1963551, -1.4522278, -0.85648389, 1.5523669, -0.24210793, -0.08880618],
    [-1.2591869, -1.431259, -0.85108902, 1.6100383, -0.26251637, -0.096265262],
    [-1.3220188, -1.4102901, -0.84569415, 1.6677096, -0.2829248, -0.10372434],
    [-1.3848506, -1.3893213, -0.84029928, 1.725381, -0.30333323, -0.11118343],
    [-1.4476825, -1.3683525, -0.83490441, 1.7830523, -0.32374166, -0.11864251],
    [-1.5105143, -1.3473836, -0.82950954, 1.8407237, -0.34415009, -0.12610159],
    [-1.5733462, -1.3264148, -0.82411467, 1.898395, -0.36455853, -0.13356067],
    [-1.636178, -1.3054459, -0.8187198, 1.9560664, -0.38496696, -0.14101975],
    [-1.6990099, -1.2844771, -0.81332493, 2.0137377, -0.40537539, -0.14847883],
    [-1.7618417, -1.2635082, -0.80793006, 2.0714091, -0.42578382, -0.15593792],
    [-1.8246736, -1.2425394, -0.80253518, 2.1290804, -0.44619225, -0.163397],
    [-1.8875054, -1.2215705, -0.79714031, 2.1867518, -0.46660069, -0.17085608],
    [-1.9503373, -1.2006017, -0.79174544, 2.2444231, -0.48700912, -0.17831516],
    [-2.0131691, -1.1796328, -0.78635057, 2.3020944, -0.50741755, -0.18577424],
    [-2.076001, -1.158664, -0.7809557, 2.3597658, -0.52782598, -0.19323332],
    [-2.1388329, -1.1376951, -0.77556083, 2.4174371, -0.54823441, -0.20069241],
    [-2.2016647, -1.1167263, -0.77016596, 2.4751085, -0.56864285, -0.20815149],
    [-2.2644966, -1.0957574, -0.76477109, 2.5327798, -0.58905128, -0.21561057],
    [-2.3273284, -1.0747886, -0.75937622, 2.5904512, -0.60945971, -0.22306965],
    [-2.3901603, -1.0538197, -0.75398135, 2.6481225, -0.62986814, -0.23052873],
    [-2.4529921, -1.0328509, -0.74858648, 2.7057939, -0.65027657, -0.23798781],
    [-2.515824, -1.0118821, -0.7431916, 2.7634652, -0.67068501, -0.2454469],
    [-2.5786558, -0.99091321, -0.73779673, 2.8211366, -0.69109344, -0.25290598],
    [-2.6414877, -0.96994436, -0.73240186, 2.8788079, -0.71150187, -0.26036506],
    [-2.7043195, -0.94897551, -0.72700699, 2.9364793, -0.7319103, -0.26782414],
    [-2.7671514, -0.92800667, -0.72161212, 2.9941506, -0.75231874, -0.27528322],
    [-2.8299832, -0.90703782, -0.71621725, 3.051822, -0.77272717, -0.2827423],
    [-2.8928151, -0.88606897, -0.71082238, 3.1094933, -0.7931356, -0.29020139],
    [-2.9556469, -0.86510013, -0.70542751, 3.1671647, -0.81354403, -0.29766047],
    [-3.0184788, -0.84413128, -0.70003264, 3.224836, -0.83395246, -0.30511955],
    [-3.0813106, -0.82316243, -0.69463777, 3.2825074, -0.8543609, -0.31257863],
    [-3.1441425, -0.80219359, -0.6892429, 3.3401787, -0.87476933, -0.32003771],
    [-3.2069744, -0.78122474, -0.68384802, 3.3978501, -0.89517776, -0.3274968],
    [-3.2698062, -0.76025589, -0.67845315, 3.4555214, -0.91558619, -0.33495588],
    [-3.3326381, -0.73928705, -0.67305828, 3.5131928, -0.93599462, -0.34241496],
    [-3.3954699, -0.7183182, -0.66766341, 3.5708641, -0.95640306, -0.34987404],
    [-3.4583018, -0.69734935, -0.66226854, 3.6285354, -0.97681149, -0.35733312],
    [-3.5211336, -0.6763805, -0.65687367, 3.6862068, -0.99721992, -0.3647922],
    [-3.5839655, -0.65541166, -0.6514788, 3.7438781, -1.0176284, -0.37225129],
    [-3.6467973, -0.63444281, -0.64608393, 3.8015495, -1.0380368, -0.37971037],
    [-3.7096292, -0.61347396, -0.64068906, 3.8592208, -1.0584452, -0.38716945],
    [-3.772461, -0.59250512, -0.63529419, 3.9168922, -1.0788536, -0.39462853],
    [-3.8352929, -0.57153627, -0.62989931, 3.9745635, -1.0992621, -0.40208761],
    [-3.8981247, -0.55056742, -0.62450444, 4.0322349, -1.1196705, -0.40954669],
    [-3.9609566, -0.52959858, -0.61910957, 4.0899062, -1.1400789, -0.41700578],
    [-4.0237884, -0.50862973, -0.6137147, 4.1475776, -1.1604874, -0.42446486],
    [-4.0866203, -0.48766088, -0.60831983, 4.2052489, -1.1808958, -0.43192394],
    [-4.1494522, -0.46669204, -0.60292496, 4.2629203, -1.2013042, -0.43938302],
    [-4.212284, -0.44572319, -0.59753009, 4.3205916, -1.2217127, -0.4468421],
    [-4.2751159, -0.42475434, -0.59213522, 4.378263, -1.2421211, -0.45430118],
    [-4.3379477, -0.4037855, -0.58674035, 4.4359343, -1.2625295, -0.46176027],
    [-4.4007796, -0.38281665, -0.58134548, 4.4936057, -1.282938, -0.46921935],
    [-4.4636114, -0.3618478, -0.57595061, 4.551277, -1.3033464, -0.47667843],
    [-4.5264433, -0.34087895, -0.57055573, 4.6089484, -1.3237548, -0.48413751],
    [-4.5892751, -0.31991011, -0.56516086, 4.6666197, -1.3441633, -0.49159659],
    [-4.652107, -0.29894126, -0.55976599, 4.7242911, -1.3645717, -0.49905567],
    [-4.7149388, -0.27797241, -0.55437112, 4.7819624, -1.3849801, -0.50651476],
    [-4.7777707, -0.25700357, -0.54897625, 4.8396338, -1.4053886, -0.51397384],
    [-4.8406025, -0.23603472, -0.54358138, 4.8973051, -1.425797, -0.52143292],
    [-4.9034344, -0.21506587, -0.53818651, 4.9549765, -1.4462054, -0.528892],
    [-4.9662662, -0.19409703, -0.53279164, 5.0126478, -1.4666139, -0.53635108],
    [-5.0290981, -0.17312818, -0.52739677, 5.0703191, -1.4870223, -0.54381017],
    [-5.0919145, -0.1521645, -0.52200323, 5.1279763, -1.5074257, -0.55126741],
    [-5.1491896, -0.1330501, -0.51708547, 5.1805473, -1.5260292, -0.55806682],
    [-5.1964647, -0.11727299, -0.51302633, 5.2239396, -1.5413847, -0.56367909],
    [-5.2337399, -0.10483317, -0.50982581, 5.2581533, -1.553492, -0.56810421],
    [-5.261015, -0.095730649, -0.50748391, 5.2831883, -1.5623513, -0.57134218],
    [-5.2782902, -0.089965424, -0.50600063, 5.2990446, -1.5679624, -0.57339299],
    [-5.2855653, -0.087537494, -0.50537597, 5.3057222, -1.5703255, -0.57425666],
    [-5.2858241, -0.087451121, -0.50535375, 5.3059597, -1.5704095, -0.57428739]
  ]
}
