{
  "iteration": 853,
  "label": "pre_pick",
  "planning_time_ms": 5017.6348,
  "scene": {
    "block_x": 0.14585058,
    "block_y": 0.46983327,
    "bin_x": 0.38013119,
    "bin_y": 0.354487
  },
  "joint_names": ["shoulder_pan_joint", "shoulder_lift_joint", "elbow_joint", "wrist_1_joint", "wrist_2_joint", "wrist_3_joint"],
  "start_joints": [-0.45128188, -1.7007325, -0.92041533, 0.86850327, -9.2231341e-05, -0.00033896894],
  "goal_joints": [1.0050221, -0.73574731, 0.84429458, -1.6788808, 4.7116456, -0.56546681],
  "num_waypoints": 52,
  "trajectory": [
    [-0.45128188, -1.7007325, -0.92041533, 0.86850327, -9.2231341e-05, -0.00033896894],
    [-0.44973648, -1.6997085, -0.91854266, 0.86580004, 0.0049077687, -0.00093867106],
    [-0.44510028, -1.6966365, -0.91292463, 0.85769034, 0.019907769, -0.0027377774],
    [-0.43737327, -1.6915163, -0.90356126, 0.84417418, 0.044907769, -0.005736288],
    [-0.42655547, -1.6843482, -0.89045255, 0.82525156, 0.079907769, -0.0099342029],
    [-0.41264687, -1.675132, -0.87359848, 0.80092247, 0.12490777, -0.015331522],
    [-0.39564747, -1.6638677, -0.85299906, 0.77118692, 0.17990777, -0.021928245],
    [-0.37555727, -1.6505554, -0.8286543, 0.7360449, 0.24490777, -0.029724373],
    [-0.35237628, -1.6351951, -0.80056419, 0.69549643, 0.31990775, -0.038719902],
    [-0.32610448, -1.6177867, -0.76872874, 0.6495415, 0.40490773, -0.048914836],
    [-0.29674189, -1.5983303, -0.73314794, 0.5981801, 0.49990771, -0.060309174],
    [-0.26428849, -1.5768258, -0.6938218, 0.54141225, 0.60490768, -0.072902915],
    [-0.2287443, -1.5532733, -0.6507503, 0.47923793, 0.71990765, -0.08669606],
    [-0.19039993, -1.5278653, -0.60428562, 0.41216549, 0.84396736, -0.10157583],
    [-0.15155979, -1.5021288, -0.55722019, 0.34422586, 0.96963106, -0.11664799],
    [-0.11271965, -1.4763923, -0.51015475, 0.27628623, 1.0952948, -0.13172015],
    [-0.073879507, -1.4506558, -0.46308932, 0.2083466, 1.2209585, -0.14679231],
    [-0.035039367, -1.4249193, -0.41602388, 0.14040697, 1.3466222, -0.16186447],
    [0.0038007728, -1.3991828, -0.36895845, 0.072467344, 1.4722859, -0.17693663],
    [0.042640913, -1.3734463, -0.32189302, 0.0045277137, 1.5979496, -0.19200878],
    [0.081481053, -1.3477098, -0.27482758, -0.063411916, 1.7236133, -0.20708094],
    [0.12032119, -1.3219734, -0.22776215, -0.13135155, 1.849277, -0.2221531],
    [0.15916133, -1.2962369, -0.18069671, -0.19929118, 1.9749407, -0.23722526],
    [0.19800147, -1.2705004, -0.13363128, -0.26723081, 2.1006044, -0.25229742],
    [0.23684161, -1.2447639, -0.086565845, -0.33517044, 2.2262681, -0.26736957],
    [0.27568175, -1.2190274, -0.039500411, -0.40311007, 2.3519318, -0.28244173],
    [0.31452189, -1.1932909, 0.0075650234, -0.4710497, 2.4775955, -0.29751389],
    [0.35336203, -1.1675544, 0.054630458, -0.53898933, 2.6032592, -0.31258605],
    [0.39220217, -1.1418179, 0.10169589, -0.60692896, 2.728923, -0.32765821],
    [0.43104231, -1.1160814, 0.14876133, -0.67486859, 2.8545867, -0.34273037],
    [0.46988245, -1.0903449, 0.19582676, -0.74280822, 2.9802504, -0.35780252],
    [0.50872259, -1.0646084, 0.24289219, -0.81074785, 3.1059141, -0.37287468],
    [0.54756273, -1.0388719, 0.28995763, -0.87868747, 3.2315778, -0.38794684],
    [0.58640287, -1.0131354, 0.33702306, -0.9466271, 3.3572415, -0.403019],
    [0.62524301, -0.98739891, 0.3840885, -1.0145667, 3.4829052, -0.41809116],
    [0.66408315, -0.96166241, 0.43115393, -1.0825064, 3.6085689, -0.43316331],
    [0.70292329, -0.93592592, 0.47821937, -1.150446, 3.7342326, -0.44823547],
    [0.74176343, -0.91018942, 0.5252848, -1.2183856, 3.8598963, -0.46330763],
    [0.78020917, -0.88471426, 0.57187231, -1.2856354, 3.984284, -0.47822674],
    [0.81594251, -0.86103642, 0.615173, -1.3481405, 4.0998959, -0.49209328],
    [0.84858504, -0.83940662, 0.65472834, -1.4052392, 4.2055078, -0.50476042],
    [0.87813677, -0.81982487, 0.69053833, -1.4569315, 4.3011197, -0.51622815],
    [0.9045977, -0.80229117, 0.72260297, -1.5032172, 4.3867316, -0.52649648],
    [0.92796783, -0.7868055, 0.75092226, -1.5440965, 4.4623435, -0.53556541],
    [0.94824716, -0.77336789, 0.77549621, -1.5795694, 4.5279554, -0.54343493],
    [0.96543569, -0.76197832, 0.79632481, -1.6096358, 4.5835673, -0.55010504],
    [0.97953342, -0.75263679, 0.81340806, -1.6342957, 4.6291793, -0.55557575],
    [0.99054035, -0.74534331, 0.82674596, -1.6535491, 4.6647912, -0.55984706],
    [0.99845648, -0.74009788, 0.83633851, -1.6673961, 4.6904031, -0.56291897],
    [1.0032818, -0.73690049, 0.84218571, -1.6758366, 4.706015, -0.56479146],
    [1.0050163, -0.73575114, 0.84428757, -1.6788707, 4.7116269, -0.56546456],
    [1.0050221, -0.73574731, 0.84429458, -1.6788808, 4.7116456, -0.56546681]
  ]
}
