{
  "iteration": 16,
  "label": "place_above_bin",
  "planning_time_ms": 64.541079,
  "scene": {
    "block_x": 0.14197811,
    "block_y": 0.47949463,
    "bin_x": 0.28795078,
    "bin_y": 0.34875076
  },
  "joint_names": ["shoulder_pan_joint", "shoulder_lift_joint", "elbow_joint", "wrist_1_joint", "wrist_2_joint", "wrist_3_joint"],
  "start_joints": [1.0254364, 0.19380425, -0.89217918, 5.4094524, 4.7117271, -0.54468631],
  "goal_joints": [4.3179648, -3.3886085, 1.2510421, 3.7083494, 1.5714761, -0.39360437],
  "num_waypoints": 65,
  "trajectory": [
    [1.0254364, 0.19380425, -0.89217918, 5.4094524, 4.7117271, -0.54468631],
    [1.0300318, 0.18880425, -0.88918788, 5.4070782, 4.7073443, -0.54447545],
    [1.043818, 0.17380425, -0.88021395, 5.3999555, 4.6941957, -0.54384285],
    [1.066795, 0.14880425, -0.8652574, 5.3880843, 4.6722813, -0.54278852],
    [1.0989629, 0.11380425, -0.84431823, 5.3714646, 4.6416012, -0.54131245],
    [1.1403215, 0.068804251, -0.81739644, 5.3500964, 4.6021554, -0.53941466],
    [1.190871, 0.013804256, -0.78449204, 5.3239797, 4.5539438, -0.53709513],
    [1.24825, -0.04862655, -0.74714206, 5.2943346, 4.4992185, -0.53446222],
    [1.3059975, -0.1114584, -0.70955215, 5.2644989, 4.4441417, -0.5318124],
    [1.3637451, -0.17429026, -0.67196225, 5.2346633, 4.3890649, -0.52916258],
    [1.4214927, -0.23712211, -0.63437234, 5.2048277, 4.3339882, -0.52651275],
    [1.4792403, -0.29995396, -0.59678243, 5.1749921, 4.2789114, -0.52386293],
    [1.5369879, -0.36278582, -0.55919253, 5.1451565, 4.2238346, -0.52121311],
    [1.5947354, -0.42561767, -0.52160262, 5.1153209, 4.1687578, -0.51856329],
    [1.652483, -0.48844952, -0.48401271, 5.0854853, 4.113681, -0.51591346],
    [1.7102306, -0.55128137, -0.4464228, 5.0556497, 4.0586042, -0.51326364],
    [1.7679782, -0.61411323, -0.4088329, 5.0258141, 4.0035274, -0.51061382],
    [1.8257257, -0.67694508, -0.37124299, 4.9959785, 3.9484506, -0.507964],
    [1.8834733, -0.73977693, -0.33365308, 4.9661429, 3.8933738, -0.50531417],
    [1.9412209, -0.80260879, -0.29606318, 4.9363073, 3.8382971, -0.50266435],
    [1.9989685, -0.86544064, -0.25847327, 4.9064717, 3.7832203, -0.50001453],
    [2.0567161, -0.92827249, -0.22088336, 4.8766361, 3.7281435, -0.49736471],
    [2.1144636, -0.99110435, -0.18329346, 4.8468005, 3.6730667, -0.49471488],
    [2.1722112, -1.0539362, -0.14570355, 4.8169649, 3.6179899, -0.49206506],
    [2.2299588, -1.1167681, -0.10811364, 4.7871292, 3.5629131, -0.48941524],
    [2.2877064, -1.1795999, -0.070523734, 4.7572936, 3.5078363, -0.48676542],
    [2.3454539, -1.2424318, -0.032933827, 4.727458, 3.4527595, -0.48411559],
    [2.4032015, -1.3052636, 0.0046560796, 4.6976224, 3.3976827, -0.48146577],
    [2.4609491, -1.3680955, 0.042245987, 4.6677868, 3.342606, -0.47881595],
    [2.5186967, -1.4309273, 0.079835894, 4.6379512, 3.2875292, -0.47616612],
    [2.5764443, -1.4937592, 0.1174258, 4.6081156, 3.2324524, -0.4735163],
    [2.6341918, -1.556591, 0.15501571, 4.57828, 3.1773756, -0.47086648],
    [2.6919394, -1.6194229, 0.19260561, 4.5484444, 3.1222988, -0.46821666],
    [2.749687, -1.6822547, 0.23019552, 4.5186088, 3.067222, -0.46556683],
    [2.8074346, -1.7450866, 0.26778543, 4.4887732, 3.0121452, -0.46291701],
    [2.8651821, -1.8079184, 0.30537534, 4.4589376, 2.9570684, -0.46026719],
    [2.9229297, -1.8707503, 0.34296524, 4.429102, 2.9019916, -0.45761737],
    [2.9806773, -1.9335821, 0.38055515, 4.3992664, 2.8469149, -0.45496754],
    [3.0384249, -1.996414, 0.41814506, 4.3694308, 2.7918381, -0.45231772],
    [3.0961725, -2.0592458, 0.45573496, 4.3395952, 2.7367613, -0.4496679],
    [3.15392, -2.1220777, 0.49332487, 4.3097595, 2.6816845, -0.44701808],
    [3.2116676, -2.1849096, 0.53091478, 4.2799239, 2.6266077, -0.44436825],
    [3.2694152, -2.2477414, 0.56850468, 4.2500883, 2.5715309, -0.44171843],
    [3.3271628, -2.3105733, 0.60609459, 4.2202527, 2.5164541, -0.43906861],
    [3.3849103, -2.3734051, 0.6436845, 4.1904171, 2.4613773, -0.43641879],
    [3.4426579, -2.436237, 0.68127441, 4.1605815, 2.4063005, -0.43376896],
    [3.5004055, -2.4990688, 0.71886431, 4.1307459, 2.3512238, -0.43111914],
    [3.5581531, -2.5619007, 0.75645422, 4.1009103, 2.296147, -0.42846932],
    [3.6159007, -2.6247325, 0.79404413, 4.0710747, 2.2410702, -0.4258195],
    [3.6736482, -2.6875644, 0.83163403, 4.0412391, 2.1859934, -0.42316967],
    [3.7313958, -2.7503962, 0.86922394, 4.0114035, 2.1309166, -0.42051985],
    [3.7891434, -2.8132281, 0.90681385, 3.9815679, 2.0758398, -0.41787003],
    [3.846891, -2.8760599, 0.94440376, 3.9517323, 2.020763, -0.4152202],
    [3.9046385, -2.9388918, 0.98199366, 3.9218967, 1.9656862, -0.41257038],
    [3.9623861, -3.0017236, 1.0195836, 3.8920611, 1.9106094, -0.40992056],
    [4.0201337, -3.0645555, 1.0571735, 3.8622255, 1.8555327, -0.40727074],
    [4.0778813, -3.1273874, 1.0947634, 3.8323898, 1.8004559, -0.40462091],
    [4.1356289, -3.1902192, 1.1323533, 3.8025542, 1.7453791, -0.40197109],
    [4.1889257, -3.2482085, 1.1670461, 3.7750181, 1.6945471, -0.39952549],
    [4.233033, -3.2961991, 1.195757, 3.7522299, 1.6524798, -0.39750158],
    [4.2679494, -3.3341897, 1.2184853, 3.7341901, 1.6191783, -0.39589939],
    [4.293675, -3.3621802, 1.235231, 3.7208988, 1.5946425, -0.39471894],
    [4.3102098, -3.3801708, 1.2459941, 3.712356, 1.5788724, -0.39396022],
    [4.3175538, -3.3881614, 1.2507746, 3.7085617, 1.5718681, -0.39362323],
    [4.3179648, -3.3886085, 1.2510421, 3.7083494, 1.5714761, -0.39360437]
  ]
}
