{
  "iteration": 378,
  "label": "pre_pick",
  "planning_time_ms": 40.387993,
  "scene": {
    "block_x": 0.22761472,
    "block_y": 0.47469513,
    "bin_x": 0.25902653,
    "bin_y": 0.34111455
  },
  "joint_names": ["shoulder_pan_joint", "shoulder_lift_joint", "elbow_joint", "wrist_1_joint", "wrist_2_joint", "wrist_3_joint"],
  "start_joints": [-0.45139881, -1.7008478, -0.92068068, 0.86894334, -9.1015296e-05, -0.00043020955],
  "goal_joints": [-1.7634691, -2.9615027, 0.29060798, 4.2415755, 1.5707488, -0.1927595],
  "num_waypoints": 41,
  "trajectory": [
    [-0.45139881, -1.7008478, -0.92068068, 0.86894334, -9.1015296e-05, -0.00043020955],
    [-0.45334398, -1.7027168, -0.91888492, 0.87394334, 0.0022377887, -0.00071534189],
    [-0.4591795, -1.7083236, -0.91349763, 0.88894334, 0.0092242008, -0.0015707389],
    [-0.46890536, -1.7176684, -0.90451882, 0.91394334, 0.020868221, -0.0029964006],
    [-0.48252157, -1.730751, -0.89194849, 0.94894334, 0.037169849, -0.0049923269],
    [-0.50002812, -1.7475715, -0.87578664, 0.99394334, 0.058129085, -0.007558518],
    [-0.52142502, -1.76813, -0.85603326, 1.0489433, 0.08374593, -0.010694974],
    [-0.54671226, -1.7924263, -0.83268836, 1.1139433, 0.11402038, -0.014401694],
    [-0.57588984, -1.8204605, -0.80575194, 1.1889433, 0.14895243, -0.018678678],
    [-0.60895777, -1.8522326, -0.775224, 1.2739433, 0.18854209, -0.023525926],
    [-0.64591604, -1.8877426, -0.74110454, 1.3689433, 0.23278936, -0.028943439],
    [-0.68676465, -1.9269905, -0.70339356, 1.4739432, 0.28169423, -0.034931217],
    [-0.73150361, -1.9699763, -0.66209105, 1.5889432, 0.33525671, -0.041489259],
    [-0.77976713, -2.0163486, -0.6175347, 1.713003, 0.39303887, -0.048563948],
    [-0.82865465, -2.0633203, -0.57240229, 1.8386667, 0.4515681, -0.055730105],
    [-0.87754216, -2.1102921, -0.52726988, 1.9643304, 0.51009733, -0.062896263],
    [-0.92642968, -2.1572639, -0.48213747, 2.0899941, 0.56862656, -0.07006242],
    [-0.9753172, -2.2042357, -0.43700506, 2.2156578, 0.62715579, -0.077228577],
    [-1.0242047, -2.2512075, -0.39187265, 2.3413215, 0.68568502, -0.084394734],
    [-1.0730922, -2.2981793, -0.34674023, 2.4669852, 0.74421425, -0.091560891],
    [-1.1219798, -2.3451511, -0.30160782, 2.5926489, 0.80274348, -0.098727049],
    [-1.1708673, -2.3921229, -0.25647541, 2.7183126, 0.86127271, -0.10589321],
    [-1.2197548, -2.4390947, -0.211343, 2.8439763, 0.91980194, -0.11305936],
    [-1.2686423, -2.4860664, -0.16621059, 2.96964, 0.97833116, -0.12022552],
    [-1.3175298, -2.5330382, -0.12107817, 3.0953037, 1.0368604, -0.12739168],
    [-1.3664173, -2.58001, -0.075945762, 3.2209674, 1.0953896, -0.13455783],
    [-1.4153049, -2.6269818, -0.03081335, 3.3466311, 1.1539189, -0.14172399],
    [-1.4641417, -2.6739049, 0.014272256, 3.4721645, 1.2123874, -0.14888272],
    [-1.510456, -2.7184043, 0.057029074, 3.5912138, 1.2678359, -0.15567168],
    [-1.5528799, -2.7591657, 0.096194368, 3.700263, 1.3186267, -0.16189037],
    [-1.5914135, -2.7961893, 0.13176814, 3.7993123, 1.36476, -0.1675388],
    [-1.6260567, -2.829475, 0.16375039, 3.8883616, 1.4062356, -0.17261696],
    [-1.6568096, -2.8590228, 0.19214111, 3.9674108, 1.4430537, -0.17712486],
    [-1.6836721, -2.8848327, 0.21694031, 4.0364601, 1.4752141, -0.1810625],
    [-1.7066443, -2.9069047, 0.23814799, 4.0955093, 1.502717, -0.18442987],
    [-1.7257262, -2.9252388, 0.25576415, 4.1445586, 1.5255622, -0.18722698],
    [-1.7409177, -2.939835, 0.26978878, 4.1836079, 1.5437498, -0.18945382],
    [-1.7522189, -2.9506933, 0.28022189, 4.2126571, 1.5572798, -0.19111039],
    [-1.7596297, -2.9578137, 0.28706347, 4.2317064, 1.5661522, -0.19219671],
    [-1.7631502, -2.9611963, 0.29031354, 4.2407556, 1.570367, -0.19271275],
    [-1.7634691, -2.9615027, 0.29060798, 4.2415755, 1.5707488, -0.1927595]
  ]
}
